docs/_generated/rc-alert.ts(5,42): error TS6142: Module '../site/componentDemos.js' was resolved to 'C:/Users/zhang/Desktop/crab-dev/.website/docs/site/componentDemos.tsx', but '--jsx' is not set.
docs/_generated/rc-app-main-layout.ts(5,42): error TS6142: Module '../site/componentDemos.js' was resolved to 'C:/Users/zhang/Desktop/crab-dev/.website/docs/site/componentDemos.tsx', but '--jsx' is not set.
docs/_generated/rc-auto-sizer.ts(5,42): error TS6142: Module '../site/componentDemos.js' was resolved to 'C:/Users/zhang/Desktop/crab-dev/.website/docs/site/componentDemos.tsx', but '--jsx' is not set.
docs/_generated/rc-avatar.ts(5,42): error TS6142: Module '../site/componentDemos.js' was resolved to 'C:/Users/zhang/Desktop/crab-dev/.website/docs/site/componentDemos.tsx', but '--jsx' is not set.
docs/_generated/rc-badge.ts(5,42): error TS6142: Module '../site/componentDemos.js' was resolved to 'C:/Users/zhang/Desktop/crab-dev/.website/docs/site/componentDemos.tsx', but '--jsx' is not set.
docs/_generated/rc-bar-chart.ts(5,42): error TS6142: Module '../site/componentDemos.js' was resolved to 'C:/Users/zhang/Desktop/crab-dev/.website/docs/site/componentDemos.tsx', but '--jsx' is not set.
docs/_generated/rc-breadcrumbs.ts(5,42): error TS6142: Module '../site/componentDemos.js' was resolved to 'C:/Users/zhang/Desktop/crab-dev/.website/docs/site/componentDemos.tsx', but '--jsx' is not set.
docs/_generated/rc-button.ts(5,42): error TS6142: Module '../site/componentDemos.js' was resolved to 'C:/Users/zhang/Desktop/crab-dev/.website/docs/site/componentDemos.tsx', but '--jsx' is not set.
docs/_generated/rc-canvas.ts(5,42): error TS6142: Module '../site/componentDemos.js' was resolved to 'C:/Users/zhang/Desktop/crab-dev/.website/docs/site/componentDemos.tsx', but '--jsx' is not set.
docs/_generated/rc-card.ts(5,42): error TS6142: Module '../site/componentDemos.js' was resolved to 'C:/Users/zhang/Desktop/crab-dev/.website/docs/site/componentDemos.tsx', but '--jsx' is not set.
docs/_generated/rc-checkbox.ts(5,42): error TS6142: Module '../site/componentDemos.js' was resolved to 'C:/Users/zhang/Desktop/crab-dev/.website/docs/site/componentDemos.tsx', but '--jsx' is not set.
docs/_generated/rc-color-picker.ts(5,42): error TS6142: Module '../site/componentDemos.js' was resolved to 'C:/Users/zhang/Desktop/crab-dev/.website/docs/site/componentDemos.tsx', but '--jsx' is not set.
docs/_generated/rc-component-preview.ts(5,42): error TS6142: Module '../site/componentDemos.js' was resolved to 'C:/Users/zhang/Desktop/crab-dev/.website/docs/site/componentDemos.tsx', but '--jsx' is not set.
docs/_generated/rc-cron-picker.ts(5,42): error TS6142: Module '../site/componentDemos.js' was resolved to 'C:/Users/zhang/Desktop/crab-dev/.website/docs/site/componentDemos.tsx', but '--jsx' is not set.
docs/_generated/rc-date-picker.ts(5,42): error TS6142: Module '../site/componentDemos.js' was resolved to 'C:/Users/zhang/Desktop/crab-dev/.website/docs/site/componentDemos.tsx', but '--jsx' is not set.
docs/_generated/rc-dialog.ts(5,42): error TS6142: Module '../site/componentDemos.js' was resolved to 'C:/Users/zhang/Desktop/crab-dev/.website/docs/site/componentDemos.tsx', but '--jsx' is not set.
docs/_generated/rc-divider.ts(5,42): error TS6142: Module '../site/componentDemos.js' was resolved to 'C:/Users/zhang/Desktop/crab-dev/.website/docs/site/componentDemos.tsx', but '--jsx' is not set.
docs/_generated/rc-drawer.ts(5,42): error TS6142: Module '../site/componentDemos.js' was resolved to 'C:/Users/zhang/Desktop/crab-dev/.website/docs/site/componentDemos.tsx', but '--jsx' is not set.
docs/_generated/rc-dropdown-container.ts(5,42): error TS6142: Module '../site/componentDemos.js' was resolved to 'C:/Users/zhang/Desktop/crab-dev/.website/docs/site/componentDemos.tsx', but '--jsx' is not set.
docs/_generated/rc-empty.ts(5,42): error TS6142: Module '../site/componentDemos.js' was resolved to 'C:/Users/zhang/Desktop/crab-dev/.website/docs/site/componentDemos.tsx', but '--jsx' is not set.
docs/_generated/rc-flow-diagram.ts(5,42): error TS6142: Module '../site/componentDemos.js' was resolved to 'C:/Users/zhang/Desktop/crab-dev/.website/docs/site/componentDemos.tsx', but '--jsx' is not set.
docs/_generated/rc-form.ts(5,42): error TS6142: Module '../site/componentDemos.js' was resolved to 'C:/Users/zhang/Desktop/crab-dev/.website/docs/site/componentDemos.tsx', but '--jsx' is not set.
docs/_generated/rc-hooks.ts(5,42): error TS6142: Module '../site/componentDemos.js' was resolved to 'C:/Users/zhang/Desktop/crab-dev/.website/docs/site/componentDemos.tsx', but '--jsx' is not set.
docs/_generated/rc-line-edit.ts(5,42): error TS6142: Module '../site/componentDemos.js' was resolved to 'C:/Users/zhang/Desktop/crab-dev/.website/docs/site/componentDemos.tsx', but '--jsx' is not set.
docs/_generated/rc-masonry.ts(5,42): error TS6142: Module '../site/componentDemos.js' was resolved to 'C:/Users/zhang/Desktop/crab-dev/.website/docs/site/componentDemos.tsx', but '--jsx' is not set.
docs/_generated/rc-menu.ts(5,42): error TS6142: Module '../site/componentDemos.js' was resolved to 'C:/Users/zhang/Desktop/crab-dev/.website/docs/site/componentDemos.tsx', but '--jsx' is not set.
docs/_generated/rc-message.ts(5,42): error TS6142: Module '../site/componentDemos.js' was resolved to 'C:/Users/zhang/Desktop/crab-dev/.website/docs/site/componentDemos.tsx', but '--jsx' is not set.
docs/_generated/rc-notification.ts(5,42): error TS6142: Module '../site/componentDemos.js' was resolved to 'C:/Users/zhang/Desktop/crab-dev/.website/docs/site/componentDemos.tsx', but '--jsx' is not set.
docs/_generated/rc-number-edit.ts(5,42): error TS6142: Module '../site/componentDemos.js' was resolved to 'C:/Users/zhang/Desktop/crab-dev/.website/docs/site/componentDemos.tsx', but '--jsx' is not set.
docs/_generated/rc-pagination.ts(5,42): error TS6142: Module '../site/componentDemos.js' was resolved to 'C:/Users/zhang/Desktop/crab-dev/.website/docs/site/componentDemos.tsx', but '--jsx' is not set.
docs/_generated/rc-prose.ts(5,42): error TS6142: Module '../site/componentDemos.js' was resolved to 'C:/Users/zhang/Desktop/crab-dev/.website/docs/site/componentDemos.tsx', but '--jsx' is not set.
docs/_generated/rc-radio.ts(5,42): error TS6142: Module '../site/componentDemos.js' was resolved to 'C:/Users/zhang/Desktop/crab-dev/.website/docs/site/componentDemos.tsx', but '--jsx' is not set.
docs/_generated/rc-realm.ts(5,42): error TS6142: Module '../site/componentDemos.js' was resolved to 'C:/Users/zhang/Desktop/crab-dev/.website/docs/site/componentDemos.tsx', but '--jsx' is not set.
docs/_generated/rc-router.ts(5,42): error TS6142: Module '../site/componentDemos.js' was resolved to 'C:/Users/zhang/Desktop/crab-dev/.website/docs/site/componentDemos.tsx', but '--jsx' is not set.
docs/_generated/rc-segmented.ts(5,42): error TS6142: Module '../site/componentDemos.js' was resolved to 'C:/Users/zhang/Desktop/crab-dev/.website/docs/site/componentDemos.tsx', but '--jsx' is not set.
docs/_generated/rc-select.ts(5,42): error TS6142: Module '../site/componentDemos.js' was resolved to 'C:/Users/zhang/Desktop/crab-dev/.website/docs/site/componentDemos.tsx', but '--jsx' is not set.
docs/_generated/rc-skeleton.ts(5,42): error TS6142: Module '../site/componentDemos.js' was resolved to 'C:/Users/zhang/Desktop/crab-dev/.website/docs/site/componentDemos.tsx', but '--jsx' is not set.
docs/_generated/rc-slider.ts(5,42): error TS6142: Module '../site/componentDemos.js' was resolved to 'C:/Users/zhang/Desktop/crab-dev/.website/docs/site/componentDemos.tsx', but '--jsx' is not set.
docs/_generated/rc-spin.ts(5,42): error TS6142: Module '../site/componentDemos.js' was resolved to 'C:/Users/zhang/Desktop/crab-dev/.website/docs/site/componentDemos.tsx', but '--jsx' is not set.
docs/_generated/rc-split-pane.ts(5,42): error TS6142: Module '../site/componentDemos.js' was resolved to 'C:/Users/zhang/Desktop/crab-dev/.website/docs/site/componentDemos.tsx', but '--jsx' is not set.
docs/_generated/rc-switch.ts(5,42): error TS6142: Module '../site/componentDemos.js' was resolved to 'C:/Users/zhang/Desktop/crab-dev/.website/docs/site/componentDemos.tsx', but '--jsx' is not set.
docs/_generated/rc-table-pro.ts(5,42): error TS6142: Module '../site/componentDemos.js' was resolved to 'C:/Users/zhang/Desktop/crab-dev/.website/docs/site/componentDemos.tsx', but '--jsx' is not set.
docs/_generated/rc-table.ts(5,42): error TS6142: Module '../site/componentDemos.js' was resolved to 'C:/Users/zhang/Desktop/crab-dev/.website/docs/site/componentDemos.tsx', but '--jsx' is not set.
docs/_generated/rc-tabs.ts(5,42): error TS6142: Module '../site/componentDemos.js' was resolved to 'C:/Users/zhang/Desktop/crab-dev/.website/docs/site/componentDemos.tsx', but '--jsx' is not set.
docs/_generated/rc-tag.ts(5,42): error TS6142: Module '../site/componentDemos.js' was resolved to 'C:/Users/zhang/Desktop/crab-dev/.website/docs/site/componentDemos.tsx', but '--jsx' is not set.
docs/_generated/rc-text-edit.ts(5,42): error TS6142: Module '../site/componentDemos.js' was resolved to 'C:/Users/zhang/Desktop/crab-dev/.website/docs/site/componentDemos.tsx', but '--jsx' is not set.
docs/_generated/rc-theme.ts(5,42): error TS6142: Module '../site/componentDemos.js' was resolved to 'C:/Users/zhang/Desktop/crab-dev/.website/docs/site/componentDemos.tsx', but '--jsx' is not set.
docs/_generated/rc-token-global.ts(5,42): error TS6142: Module '../site/componentDemos.js' was resolved to 'C:/Users/zhang/Desktop/crab-dev/.website/docs/site/componentDemos.tsx', but '--jsx' is not set.
docs/_generated/rc-token-semantic.ts(5,42): error TS6142: Module '../site/componentDemos.js' was resolved to 'C:/Users/zhang/Desktop/crab-dev/.website/docs/site/componentDemos.tsx', but '--jsx' is not set.
docs/_generated/rc-tooltip.ts(5,42): error TS6142: Module '../site/componentDemos.js' was resolved to 'C:/Users/zhang/Desktop/crab-dev/.website/docs/site/componentDemos.tsx', but '--jsx' is not set.
docs/_generated/rc-tree.ts(5,42): error TS6142: Module '../site/componentDemos.js' was resolved to 'C:/Users/zhang/Desktop/crab-dev/.website/docs/site/componentDemos.tsx', but '--jsx' is not set.
docs/_generated/rc-virtual.ts(5,42): error TS6142: Module '../site/componentDemos.js' was resolved to 'C:/Users/zhang/Desktop/crab-dev/.website/docs/site/componentDemos.tsx', but '--jsx' is not set.
docs/_generated_tutorials/practice-admin.ts(2,37): error TS6142: Module '../site/tutorial.js' was resolved to 'C:/Users/zhang/Desktop/crab-dev/.website/docs/site/tutorial.tsx', but '--jsx' is not set.
docs/_generated_tutorials/practice-admin.ts(4,1847): error TS6142: Module '../examples/practice-admin/step-1.js' was resolved to 'C:/Users/zhang/Desktop/crab-dev/.website/docs/examples/practice-admin/step-1.tsx', but '--jsx' is not set.
docs/_generated_tutorials/practice-admin.ts(5,4094): error TS6142: Module '../examples/practice-admin/step-2.js' was resolved to 'C:/Users/zhang/Desktop/crab-dev/.website/docs/examples/practice-admin/step-2.tsx', but '--jsx' is not set.
docs/_generated_tutorials/practice-admin.ts(6,7279): error TS6142: Module '../examples/practice-admin/step-3.js' was resolved to 'C:/Users/zhang/Desktop/crab-dev/.website/docs/examples/practice-admin/step-3.tsx', but '--jsx' is not set.
docs/_generated_tutorials/practice-admin.ts(7,7594): error TS6142: Module '../examples/practice-admin/step-4.js' was resolved to 'C:/Users/zhang/Desktop/crab-dev/.website/docs/examples/practice-admin/step-4.tsx', but '--jsx' is not set.
docs/_generated_tutorials/practice-data.ts(2,37): error TS6142: Module '../site/tutorial.js' was resolved to 'C:/Users/zhang/Desktop/crab-dev/.website/docs/site/tutorial.tsx', but '--jsx' is not set.
docs/_generated_tutorials/practice-data.ts(4,2342): error TS6142: Module '../examples/practice-data/step-1.js' was resolved to 'C:/Users/zhang/Desktop/crab-dev/.website/docs/examples/practice-data/step-1.tsx', but '--jsx' is not set.
docs/_generated_tutorials/practice-data.ts(5,3968): error TS6142: Module '../examples/practice-data/step-2.js' was resolved to 'C:/Users/zhang/Desktop/crab-dev/.website/docs/examples/practice-data/step-2.tsx', but '--jsx' is not set.
docs/_generated_tutorials/practice-data.ts(6,4317): error TS6142: Module '../examples/practice-data/step-3.js' was resolved to 'C:/Users/zhang/Desktop/crab-dev/.website/docs/examples/practice-data/step-3.tsx', but '--jsx' is not set.
docs/_generated_tutorials/practice-data.ts(7,7407): error TS6142: Module '../examples/practice-data/step-4.js' was resolved to 'C:/Users/zhang/Desktop/crab-dev/.website/docs/examples/practice-data/step-4.tsx', but '--jsx' is not set.
docs/_generated_tutorials/practice-profile.ts(2,37): error TS6142: Module '../site/tutorial.js' was resolved to 'C:/Users/zhang/Desktop/crab-dev/.website/docs/site/tutorial.tsx', but '--jsx' is not set.
docs/_generated_tutorials/practice-profile.ts(4,1280): error TS6142: Module '../examples/practice-profile/step-1.js' was resolved to 'C:/Users/zhang/Desktop/crab-dev/.website/docs/examples/practice-profile/step-1.tsx', but '--jsx' is not set.
docs/_generated_tutorials/practice-profile.ts(5,1833): error TS6142: Module '../examples/practice-profile/step-2.js' was resolved to 'C:/Users/zhang/Desktop/crab-dev/.website/docs/examples/practice-profile/step-2.tsx', but '--jsx' is not set.
docs/_generated_tutorials/practice-profile.ts(6,3823): error TS6142: Module '../examples/practice-profile/step-3.js' was resolved to 'C:/Users/zhang/Desktop/crab-dev/.website/docs/examples/practice-profile/step-3.tsx', but '--jsx' is not set.
docs/_generated_tutorials/practice-profile.ts(7,5440): error TS6142: Module '../examples/practice-profile/step-4.js' was resolved to 'C:/Users/zhang/Desktop/crab-dev/.website/docs/examples/practice-profile/step-4.tsx', but '--jsx' is not set.
docs/_generated_tutorials/rc-alert.ts(2,37): error TS6142: Module '../site/tutorial.js' was resolved to 'C:/Users/zhang/Desktop/crab-dev/.website/docs/site/tutorial.tsx', but '--jsx' is not set.
docs/_generated_tutorials/rc-alert.ts(4,531): error TS6142: Module '../examples/rc-alert/step-1.js' was resolved to 'C:/Users/zhang/Desktop/crab-dev/.website/docs/examples/rc-alert/step-1.tsx', but '--jsx' is not set.
docs/_generated_tutorials/rc-alert.ts(5,973): error TS6142: Module '../examples/rc-alert/step-2.js' was resolved to 'C:/Users/zhang/Desktop/crab-dev/.website/docs/examples/rc-alert/step-2.tsx', but '--jsx' is not set.
docs/_generated_tutorials/rc-app-main-layout.ts(2,37): error TS6142: Module '../site/tutorial.js' was resolved to 'C:/Users/zhang/Desktop/crab-dev/.website/docs/site/tutorial.tsx', but '--jsx' is not set.
docs/_generated_tutorials/rc-app-main-layout.ts(4,1236): error TS6142: Module '../examples/rc-app-main-layout/step-1.js' was resolved to 'C:/Users/zhang/Desktop/crab-dev/.website/docs/examples/rc-app-main-layout/step-1.tsx', but '--jsx' is not set.
docs/_generated_tutorials/rc-app-main-layout.ts(5,1961): error TS6142: Module '../examples/rc-app-main-layout/step-2.js' was resolved to 'C:/Users/zhang/Desktop/crab-dev/.website/docs/examples/rc-app-main-layout/step-2.tsx', but '--jsx' is not set.
docs/_generated_tutorials/rc-auto-sizer.ts(2,37): error TS6142: Module '../site/tutorial.js' was resolved to 'C:/Users/zhang/Desktop/crab-dev/.website/docs/site/tutorial.tsx', but '--jsx' is not set.
docs/_generated_tutorials/rc-auto-sizer.ts(4,897): error TS6142: Module '../examples/rc-auto-sizer/step-1.js' was resolved to 'C:/Users/zhang/Desktop/crab-dev/.website/docs/examples/rc-auto-sizer/step-1.tsx', but '--jsx' is not set.
docs/_generated_tutorials/rc-auto-sizer.ts(5,1449): error TS6142: Module '../examples/rc-auto-sizer/step-2.js' was resolved to 'C:/Users/zhang/Desktop/crab-dev/.website/docs/examples/rc-auto-sizer/step-2.tsx', but '--jsx' is not set.
docs/_generated_tutorials/rc-avatar.ts(2,37): error TS6142: Module '../site/tutorial.js' was resolved to 'C:/Users/zhang/Desktop/crab-dev/.website/docs/site/tutorial.tsx', but '--jsx' is not set.
docs/_generated_tutorials/rc-avatar.ts(4,708): error TS6142: Module '../examples/rc-avatar/step-1.js' was resolved to 'C:/Users/zhang/Desktop/crab-dev/.website/docs/examples/rc-avatar/step-1.tsx', but '--jsx' is not set.
docs/_generated_tutorials/rc-avatar.ts(5,1035): error TS6142: Module '../examples/rc-avatar/step-2.js' was resolved to 'C:/Users/zhang/Desktop/crab-dev/.website/docs/examples/rc-avatar/step-2.tsx', but '--jsx' is not set.
docs/_generated_tutorials/rc-badge.ts(2,37): error TS6142: Module '../site/tutorial.js' was resolved to 'C:/Users/zhang/Desktop/crab-dev/.website/docs/site/tutorial.tsx', but '--jsx' is not set.
docs/_generated_tutorials/rc-badge.ts(4,487): error TS6142: Module '../examples/rc-badge/step-1.js' was resolved to 'C:/Users/zhang/Desktop/crab-dev/.website/docs/examples/rc-badge/step-1.tsx', but '--jsx' is not set.
docs/_generated_tutorials/rc-badge.ts(5,1177): error TS6142: Module '../examples/rc-badge/step-2.js' was resolved to 'C:/Users/zhang/Desktop/crab-dev/.website/docs/examples/rc-badge/step-2.tsx', but '--jsx' is not set.
docs/_generated_tutorials/rc-bar-chart.ts(2,37): error TS6142: Module '../site/tutorial.js' was resolved to 'C:/Users/zhang/Desktop/crab-dev/.website/docs/site/tutorial.tsx', but '--jsx' is not set.
docs/_generated_tutorials/rc-bar-chart.ts(4,1072): error TS6142: Module '../examples/rc-bar-chart/step-1.js' was resolved to 'C:/Users/zhang/Desktop/crab-dev/.website/docs/examples/rc-bar-chart/step-1.tsx', but '--jsx' is not set.
docs/_generated_tutorials/rc-bar-chart.ts(5,1590): error TS6142: Module '../examples/rc-bar-chart/step-2.js' was resolved to 'C:/Users/zhang/Desktop/crab-dev/.website/docs/examples/rc-bar-chart/step-2.tsx', but '--jsx' is not set.
docs/_generated_tutorials/rc-breadcrumbs.ts(2,37): error TS6142: Module '../site/tutorial.js' was resolved to 'C:/Users/zhang/Desktop/crab-dev/.website/docs/site/tutorial.tsx', but '--jsx' is not set.
docs/_generated_tutorials/rc-breadcrumbs.ts(4,844): error TS6142: Module '../examples/rc-breadcrumbs/step-1.js' was resolved to 'C:/Users/zhang/Desktop/crab-dev/.website/docs/examples/rc-breadcrumbs/step-1.tsx', but '--jsx' is not set.
docs/_generated_tutorials/rc-breadcrumbs.ts(5,1408): error TS6142: Module '../examples/rc-breadcrumbs/step-2.js' was resolved to 'C:/Users/zhang/Desktop/crab-dev/.website/docs/examples/rc-breadcrumbs/step-2.tsx', but '--jsx' is not set.
docs/_generated_tutorials/rc-button.ts(2,37): error TS6142: Module '../site/tutorial.js' was resolved to 'C:/Users/zhang/Desktop/crab-dev/.website/docs/site/tutorial.tsx', but '--jsx' is not set.
docs/_generated_tutorials/rc-button.ts(4,492): error TS6142: Module '../examples/rc-button/step-1.js' was resolved to 'C:/Users/zhang/Desktop/crab-dev/.website/docs/examples/rc-button/step-1.tsx', but '--jsx' is not set.
docs/_generated_tutorials/rc-button.ts(5,1023): error TS6142: Module '../examples/rc-button/step-2.js' was resolved to 'C:/Users/zhang/Desktop/crab-dev/.website/docs/examples/rc-button/step-2.tsx', but '--jsx' is not set.
docs/_generated_tutorials/rc-canvas.ts(2,37): error TS6142: Module '../site/tutorial.js' was resolved to 'C:/Users/zhang/Desktop/crab-dev/.website/docs/site/tutorial.tsx', but '--jsx' is not set.
docs/_generated_tutorials/rc-canvas.ts(4,1058): error TS6142: Module '../examples/rc-canvas/step-1.js' was resolved to 'C:/Users/zhang/Desktop/crab-dev/.website/docs/examples/rc-canvas/step-1.tsx', but '--jsx' is not set.
docs/_generated_tutorials/rc-canvas.ts(5,1230): error TS6142: Module '../examples/rc-canvas/step-2.js' was resolved to 'C:/Users/zhang/Desktop/crab-dev/.website/docs/examples/rc-canvas/step-2.tsx', but '--jsx' is not set.
docs/_generated_tutorials/rc-card.ts(2,37): error TS6142: Module '../site/tutorial.js' was resolved to 'C:/Users/zhang/Desktop/crab-dev/.website/docs/site/tutorial.tsx', but '--jsx' is not set.
docs/_generated_tutorials/rc-card.ts(4,463): error TS6142: Module '../examples/rc-card/step-1.js' was resolved to 'C:/Users/zhang/Desktop/crab-dev/.website/docs/examples/rc-card/step-1.tsx', but '--jsx' is not set.
docs/_generated_tutorials/rc-card.ts(5,937): error TS6142: Module '../examples/rc-card/step-2.js' was resolved to 'C:/Users/zhang/Desktop/crab-dev/.website/docs/examples/rc-card/step-2.tsx', but '--jsx' is not set.
docs/_generated_tutorials/rc-checkbox.ts(2,37): error TS6142: Module '../site/tutorial.js' was resolved to 'C:/Users/zhang/Desktop/crab-dev/.website/docs/site/tutorial.tsx', but '--jsx' is not set.
docs/_generated_tutorials/rc-checkbox.ts(4,471): error TS6142: Module '../examples/rc-checkbox/step-1.js' was resolved to 'C:/Users/zhang/Desktop/crab-dev/.website/docs/examples/rc-checkbox/step-1.tsx', but '--jsx' is not set.
docs/_generated_tutorials/rc-checkbox.ts(5,960): error TS6142: Module '../examples/rc-checkbox/step-2.js' was resolved to 'C:/Users/zhang/Desktop/crab-dev/.website/docs/examples/rc-checkbox/step-2.tsx', but '--jsx' is not set.
docs/_generated_tutorials/rc-color-picker.ts(2,37): error TS6142: Module '../site/tutorial.js' was resolved to 'C:/Users/zhang/Desktop/crab-dev/.website/docs/site/tutorial.tsx', but '--jsx' is not set.
docs/_generated_tutorials/rc-color-picker.ts(4,616): error TS6142: Module '../examples/rc-color-picker/step-1.js' was resolved to 'C:/Users/zhang/Desktop/crab-dev/.website/docs/examples/rc-color-picker/step-1.tsx', but '--jsx' is not set.
docs/_generated_tutorials/rc-color-picker.ts(5,1514): error TS6142: Module '../examples/rc-color-picker/step-2.js' was resolved to 'C:/Users/zhang/Desktop/crab-dev/.website/docs/examples/rc-color-picker/step-2.tsx', but '--jsx' is not set.
docs/_generated_tutorials/rc-component-preview.ts(2,37): error TS6142: Module '../site/tutorial.js' was resolved to 'C:/Users/zhang/Desktop/crab-dev/.website/docs/site/tutorial.tsx', but '--jsx' is not set.
docs/_generated_tutorials/rc-component-preview.ts(4,650): error TS6142: Module '../examples/rc-component-preview/step-1.js' was resolved to 'C:/Users/zhang/Desktop/crab-dev/.website/docs/examples/rc-component-preview/step-1.tsx', but '--jsx' is not set.
docs/_generated_tutorials/rc-component-preview.ts(5,1075): error TS6142: Module '../examples/rc-component-preview/step-2.js' was resolved to 'C:/Users/zhang/Desktop/crab-dev/.website/docs/examples/rc-component-preview/step-2.tsx', but '--jsx' is not set.
docs/_generated_tutorials/rc-cron-picker.ts(2,37): error TS6142: Module '../site/tutorial.js' was resolved to 'C:/Users/zhang/Desktop/crab-dev/.website/docs/site/tutorial.tsx', but '--jsx' is not set.
docs/_generated_tutorials/rc-cron-picker.ts(4,501): error TS6142: Module '../examples/rc-cron-picker/step-1.js' was resolved to 'C:/Users/zhang/Desktop/crab-dev/.website/docs/examples/rc-cron-picker/step-1.tsx', but '--jsx' is not set.
docs/_generated_tutorials/rc-cron-picker.ts(5,1185): error TS6142: Module '../examples/rc-cron-picker/step-2.js' was resolved to 'C:/Users/zhang/Desktop/crab-dev/.website/docs/examples/rc-cron-picker/step-2.tsx', but '--jsx' is not set.
docs/_generated_tutorials/rc-date-picker.ts(2,37): error TS6142: Module '../site/tutorial.js' was resolved to 'C:/Users/zhang/Desktop/crab-dev/.website/docs/site/tutorial.tsx', but '--jsx' is not set.
docs/_generated_tutorials/rc-date-picker.ts(4,662): error TS6142: Module '../examples/rc-date-picker/step-1.js' was resolved to 'C:/Users/zhang/Desktop/crab-dev/.website/docs/examples/rc-date-picker/step-1.tsx', but '--jsx' is not set.
docs/_generated_tutorials/rc-date-picker.ts(5,1140): error TS6142: Module '../examples/rc-date-picker/step-2.js' was resolved to 'C:/Users/zhang/Desktop/crab-dev/.website/docs/examples/rc-date-picker/step-2.tsx', but '--jsx' is not set.
docs/_generated_tutorials/rc-dialog.ts(2,37): error TS6142: Module '../site/tutorial.js' was resolved to 'C:/Users/zhang/Desktop/crab-dev/.website/docs/site/tutorial.tsx', but '--jsx' is not set.
docs/_generated_tutorials/rc-dialog.ts(4,1039): error TS6142: Module '../examples/rc-dialog/step-1.js' was resolved to 'C:/Users/zhang/Desktop/crab-dev/.website/docs/examples/rc-dialog/step-1.tsx', but '--jsx' is not set.
docs/_generated_tutorials/rc-dialog.ts(5,1482): error TS6142: Module '../examples/rc-dialog/step-2.js' was resolved to 'C:/Users/zhang/Desktop/crab-dev/.website/docs/examples/rc-dialog/step-2.tsx', but '--jsx' is not set.
docs/_generated_tutorials/rc-divider.ts(2,37): error TS6142: Module '../site/tutorial.js' was resolved to 'C:/Users/zhang/Desktop/crab-dev/.website/docs/site/tutorial.tsx', but '--jsx' is not set.
docs/_generated_tutorials/rc-divider.ts(4,714): error TS6142: Module '../examples/rc-divider/step-1.js' was resolved to 'C:/Users/zhang/Desktop/crab-dev/.website/docs/examples/rc-divider/step-1.tsx', but '--jsx' is not set.
docs/_generated_tutorials/rc-divider.ts(5,777): error TS6142: Module '../examples/rc-divider/step-2.js' was resolved to 'C:/Users/zhang/Desktop/crab-dev/.website/docs/examples/rc-divider/step-2.tsx', but '--jsx' is not set.
docs/_generated_tutorials/rc-drawer.ts(2,37): error TS6142: Module '../site/tutorial.js' was resolved to 'C:/Users/zhang/Desktop/crab-dev/.website/docs/site/tutorial.tsx', but '--jsx' is not set.
docs/_generated_tutorials/rc-drawer.ts(4,1029): error TS6142: Module '../examples/rc-drawer/step-1.js' was resolved to 'C:/Users/zhang/Desktop/crab-dev/.website/docs/examples/rc-drawer/step-1.tsx', but '--jsx' is not set.
docs/_generated_tutorials/rc-drawer.ts(5,1373): error TS6142: Module '../examples/rc-drawer/step-2.js' was resolved to 'C:/Users/zhang/Desktop/crab-dev/.website/docs/examples/rc-drawer/step-2.tsx', but '--jsx' is not set.
docs/_generated_tutorials/rc-dropdown-container.ts(2,37): error TS6142: Module '../site/tutorial.js' was resolved to 'C:/Users/zhang/Desktop/crab-dev/.website/docs/site/tutorial.tsx', but '--jsx' is not set.
docs/_generated_tutorials/rc-dropdown-container.ts(4,687): error TS6142: Module '../examples/rc-dropdown-container/step-1.js' was resolved to 'C:/Users/zhang/Desktop/crab-dev/.website/docs/examples/rc-dropdown-container/step-1.tsx', but '--jsx' is not set.
docs/_generated_tutorials/rc-dropdown-container.ts(5,1247): error TS6142: Module '../examples/rc-dropdown-container/step-2.js' was resolved to 'C:/Users/zhang/Desktop/crab-dev/.website/docs/examples/rc-dropdown-container/step-2.tsx', but '--jsx' is not set.
docs/_generated_tutorials/rc-empty.ts(2,37): error TS6142: Module '../site/tutorial.js' was resolved to 'C:/Users/zhang/Desktop/crab-dev/.website/docs/site/tutorial.tsx', but '--jsx' is not set.
docs/_generated_tutorials/rc-empty.ts(4,454): error TS6142: Module '../examples/rc-empty/step-1.js' was resolved to 'C:/Users/zhang/Desktop/crab-dev/.website/docs/examples/rc-empty/step-1.tsx', but '--jsx' is not set.
docs/_generated_tutorials/rc-empty.ts(5,934): error TS6142: Module '../examples/rc-empty/step-2.js' was resolved to 'C:/Users/zhang/Desktop/crab-dev/.website/docs/examples/rc-empty/step-2.tsx', but '--jsx' is not set.
docs/_generated_tutorials/rc-flow-diagram.ts(2,37): error TS6142: Module '../site/tutorial.js' was resolved to 'C:/Users/zhang/Desktop/crab-dev/.website/docs/site/tutorial.tsx', but '--jsx' is not set.
docs/_generated_tutorials/rc-flow-diagram.ts(4,2641): error TS6142: Module '../examples/rc-flow-diagram/step-1.js' was resolved to 'C:/Users/zhang/Desktop/crab-dev/.website/docs/examples/rc-flow-diagram/step-1.tsx', but '--jsx' is not set.
docs/_generated_tutorials/rc-flow-diagram.ts(5,2944): error TS6142: Module '../examples/rc-flow-diagram/step-2.js' was resolved to 'C:/Users/zhang/Desktop/crab-dev/.website/docs/examples/rc-flow-diagram/step-2.tsx', but '--jsx' is not set.
docs/_generated_tutorials/rc-form.ts(2,37): error TS6142: Module '../site/tutorial.js' was resolved to 'C:/Users/zhang/Desktop/crab-dev/.website/docs/site/tutorial.tsx', but '--jsx' is not set.
docs/_generated_tutorials/rc-form.ts(4,1893): error TS6142: Module '../examples/rc-form/step-1.js' was resolved to 'C:/Users/zhang/Desktop/crab-dev/.website/docs/examples/rc-form/step-1.tsx', but '--jsx' is not set.
docs/_generated_tutorials/rc-form.ts(5,2361): error TS6142: Module '../examples/rc-form/step-2.js' was resolved to 'C:/Users/zhang/Desktop/crab-dev/.website/docs/examples/rc-form/step-2.tsx', but '--jsx' is not set.
docs/_generated_tutorials/rc-hooks.ts(2,37): error TS6142: Module '../site/tutorial.js' was resolved to 'C:/Users/zhang/Desktop/crab-dev/.website/docs/site/tutorial.tsx', but '--jsx' is not set.
docs/_generated_tutorials/rc-hooks.ts(4,932): error TS6142: Module '../examples/rc-hooks/step-1.js' was resolved to 'C:/Users/zhang/Desktop/crab-dev/.website/docs/examples/rc-hooks/step-1.tsx', but '--jsx' is not set.
docs/_generated_tutorials/rc-hooks.ts(5,1125): error TS6142: Module '../examples/rc-hooks/step-2.js' was resolved to 'C:/Users/zhang/Desktop/crab-dev/.website/docs/examples/rc-hooks/step-2.tsx', but '--jsx' is not set.
docs/_generated_tutorials/rc-line-edit.ts(2,37): error TS6142: Module '../site/tutorial.js' was resolved to 'C:/Users/zhang/Desktop/crab-dev/.website/docs/site/tutorial.tsx', but '--jsx' is not set.
docs/_generated_tutorials/rc-line-edit.ts(4,560): error TS6142: Module '../examples/rc-line-edit/step-1.js' was resolved to 'C:/Users/zhang/Desktop/crab-dev/.website/docs/examples/rc-line-edit/step-1.tsx', but '--jsx' is not set.
docs/_generated_tutorials/rc-line-edit.ts(5,1207): error TS6142: Module '../examples/rc-line-edit/step-2.js' was resolved to 'C:/Users/zhang/Desktop/crab-dev/.website/docs/examples/rc-line-edit/step-2.tsx', but '--jsx' is not set.
docs/_generated_tutorials/rc-masonry.ts(2,37): error TS6142: Module '../site/tutorial.js' was resolved to 'C:/Users/zhang/Desktop/crab-dev/.website/docs/site/tutorial.tsx', but '--jsx' is not set.
docs/_generated_tutorials/rc-masonry.ts(4,830): error TS6142: Module '../examples/rc-masonry/step-1.js' was resolved to 'C:/Users/zhang/Desktop/crab-dev/.website/docs/examples/rc-masonry/step-1.tsx', but '--jsx' is not set.
docs/_generated_tutorials/rc-masonry.ts(5,1379): error TS6142: Module '../examples/rc-masonry/step-2.js' was resolved to 'C:/Users/zhang/Desktop/crab-dev/.website/docs/examples/rc-masonry/step-2.tsx', but '--jsx' is not set.
docs/_generated_tutorials/rc-menu.ts(2,37): error TS6142: Module '../site/tutorial.js' was resolved to 'C:/Users/zhang/Desktop/crab-dev/.website/docs/site/tutorial.tsx', but '--jsx' is not set.
docs/_generated_tutorials/rc-menu.ts(4,709): error TS6142: Module '../examples/rc-menu/step-1.js' was resolved to 'C:/Users/zhang/Desktop/crab-dev/.website/docs/examples/rc-menu/step-1.tsx', but '--jsx' is not set.
docs/_generated_tutorials/rc-menu.ts(5,1317): error TS6142: Module '../examples/rc-menu/step-2.js' was resolved to 'C:/Users/zhang/Desktop/crab-dev/.website/docs/examples/rc-menu/step-2.tsx', but '--jsx' is not set.
docs/_generated_tutorials/rc-message.ts(2,37): error TS6142: Module '../site/tutorial.js' was resolved to 'C:/Users/zhang/Desktop/crab-dev/.website/docs/site/tutorial.tsx', but '--jsx' is not set.
docs/_generated_tutorials/rc-message.ts(4,909): error TS6142: Module '../examples/rc-message/step-1.js' was resolved to 'C:/Users/zhang/Desktop/crab-dev/.website/docs/examples/rc-message/step-1.tsx', but '--jsx' is not set.
docs/_generated_tutorials/rc-message.ts(5,984): error TS6142: Module '../examples/rc-message/step-2.js' was resolved to 'C:/Users/zhang/Desktop/crab-dev/.website/docs/examples/rc-message/step-2.tsx', but '--jsx' is not set.
docs/_generated_tutorials/rc-notification.ts(2,37): error TS6142: Module '../site/tutorial.js' was resolved to 'C:/Users/zhang/Desktop/crab-dev/.website/docs/site/tutorial.tsx', but '--jsx' is not set.
docs/_generated_tutorials/rc-notification.ts(4,1176): error TS6142: Module '../examples/rc-notification/step-1.js' was resolved to 'C:/Users/zhang/Desktop/crab-dev/.website/docs/examples/rc-notification/step-1.tsx', but '--jsx' is not set.
docs/_generated_tutorials/rc-notification.ts(5,1456): error TS6142: Module '../examples/rc-notification/step-2.js' was resolved to 'C:/Users/zhang/Desktop/crab-dev/.website/docs/examples/rc-notification/step-2.tsx', but '--jsx' is not set.
docs/_generated_tutorials/rc-number-edit.ts(2,37): error TS6142: Module '../site/tutorial.js' was resolved to 'C:/Users/zhang/Desktop/crab-dev/.website/docs/site/tutorial.tsx', but '--jsx' is not set.
docs/_generated_tutorials/rc-number-edit.ts(4,563): error TS6142: Module '../examples/rc-number-edit/step-1.js' was resolved to 'C:/Users/zhang/Desktop/crab-dev/.website/docs/examples/rc-number-edit/step-1.tsx', but '--jsx' is not set.
docs/_generated_tutorials/rc-number-edit.ts(5,982): error TS6142: Module '../examples/rc-number-edit/step-2.js' was resolved to 'C:/Users/zhang/Desktop/crab-dev/.website/docs/examples/rc-number-edit/step-2.tsx', but '--jsx' is not set.
docs/_generated_tutorials/rc-pagination.ts(2,37): error TS6142: Module '../site/tutorial.js' was resolved to 'C:/Users/zhang/Desktop/crab-dev/.website/docs/site/tutorial.tsx', but '--jsx' is not set.
docs/_generated_tutorials/rc-pagination.ts(4,448): error TS6142: Module '../examples/rc-pagination/step-1.js' was resolved to 'C:/Users/zhang/Desktop/crab-dev/.website/docs/examples/rc-pagination/step-1.tsx', but '--jsx' is not set.
docs/_generated_tutorials/rc-pagination.ts(5,1250): error TS6142: Module '../examples/rc-pagination/step-2.js' was resolved to 'C:/Users/zhang/Desktop/crab-dev/.website/docs/examples/rc-pagination/step-2.tsx', but '--jsx' is not set.
docs/_generated_tutorials/rc-prose.ts(2,37): error TS6142: Module '../site/tutorial.js' was resolved to 'C:/Users/zhang/Desktop/crab-dev/.website/docs/site/tutorial.tsx', but '--jsx' is not set.
docs/_generated_tutorials/rc-prose.ts(4,639): error TS6142: Module '../examples/rc-prose/step-1.js' was resolved to 'C:/Users/zhang/Desktop/crab-dev/.website/docs/examples/rc-prose/step-1.tsx', but '--jsx' is not set.
docs/_generated_tutorials/rc-prose.ts(5,1049): error TS6142: Module '../examples/rc-prose/step-2.js' was resolved to 'C:/Users/zhang/Desktop/crab-dev/.website/docs/examples/rc-prose/step-2.tsx', but '--jsx' is not set.
docs/_generated_tutorials/rc-radio.ts(2,37): error TS6142: Module '../site/tutorial.js' was resolved to 'C:/Users/zhang/Desktop/crab-dev/.website/docs/site/tutorial.tsx', but '--jsx' is not set.
docs/_generated_tutorials/rc-radio.ts(4,611): error TS6142: Module '../examples/rc-radio/step-1.js' was resolved to 'C:/Users/zhang/Desktop/crab-dev/.website/docs/examples/rc-radio/step-1.tsx', but '--jsx' is not set.
docs/_generated_tutorials/rc-radio.ts(5,1007): error TS6142: Module '../examples/rc-radio/step-2.js' was resolved to 'C:/Users/zhang/Desktop/crab-dev/.website/docs/examples/rc-radio/step-2.tsx', but '--jsx' is not set.
docs/_generated_tutorials/rc-realm.ts(2,37): error TS6142: Module '../site/tutorial.js' was resolved to 'C:/Users/zhang/Desktop/crab-dev/.website/docs/site/tutorial.tsx', but '--jsx' is not set.
docs/_generated_tutorials/rc-realm.ts(4,1367): error TS6142: Module '../examples/rc-realm/step-1.js' was resolved to 'C:/Users/zhang/Desktop/crab-dev/.website/docs/examples/rc-realm/step-1.tsx', but '--jsx' is not set.
docs/_generated_tutorials/rc-realm.ts(5,2047): error TS6142: Module '../examples/rc-realm/step-2.js' was resolved to 'C:/Users/zhang/Desktop/crab-dev/.website/docs/examples/rc-realm/step-2.tsx', but '--jsx' is not set.
docs/_generated_tutorials/rc-router.ts(2,37): error TS6142: Module '../site/tutorial.js' was resolved to 'C:/Users/zhang/Desktop/crab-dev/.website/docs/site/tutorial.tsx', but '--jsx' is not set.
docs/_generated_tutorials/rc-router.ts(4,3750): error TS6142: Module '../examples/rc-router/step-1.js' was resolved to 'C:/Users/zhang/Desktop/crab-dev/.website/docs/examples/rc-router/step-1.tsx', but '--jsx' is not set.
docs/_generated_tutorials/rc-router.ts(5,3942): error TS6142: Module '../examples/rc-router/step-2.js' was resolved to 'C:/Users/zhang/Desktop/crab-dev/.website/docs/examples/rc-router/step-2.tsx', but '--jsx' is not set.
docs/_generated_tutorials/rc-segmented.ts(2,37): error TS6142: Module '../site/tutorial.js' was resolved to 'C:/Users/zhang/Desktop/crab-dev/.website/docs/site/tutorial.tsx', but '--jsx' is not set.
docs/_generated_tutorials/rc-segmented.ts(4,468): error TS6142: Module '../examples/rc-segmented/step-1.js' was resolved to 'C:/Users/zhang/Desktop/crab-dev/.website/docs/examples/rc-segmented/step-1.tsx', but '--jsx' is not set.
docs/_generated_tutorials/rc-segmented.ts(5,893): error TS6142: Module '../examples/rc-segmented/step-2.js' was resolved to 'C:/Users/zhang/Desktop/crab-dev/.website/docs/examples/rc-segmented/step-2.tsx', but '--jsx' is not set.
docs/_generated_tutorials/rc-select.ts(2,37): error TS6142: Module '../site/tutorial.js' was resolved to 'C:/Users/zhang/Desktop/crab-dev/.website/docs/site/tutorial.tsx', but '--jsx' is not set.
docs/_generated_tutorials/rc-select.ts(4,714): error TS6142: Module '../examples/rc-select/step-1.js' was resolved to 'C:/Users/zhang/Desktop/crab-dev/.website/docs/examples/rc-select/step-1.tsx', but '--jsx' is not set.
docs/_generated_tutorials/rc-select.ts(5,1319): error TS6142: Module '../examples/rc-select/step-2.js' was resolved to 'C:/Users/zhang/Desktop/crab-dev/.website/docs/examples/rc-select/step-2.tsx', but '--jsx' is not set.
docs/_generated_tutorials/rc-skeleton.ts(2,37): error TS6142: Module '../site/tutorial.js' was resolved to 'C:/Users/zhang/Desktop/crab-dev/.website/docs/site/tutorial.tsx', but '--jsx' is not set.
docs/_generated_tutorials/rc-skeleton.ts(4,427): error TS6142: Module '../examples/rc-skeleton/step-1.js' was resolved to 'C:/Users/zhang/Desktop/crab-dev/.website/docs/examples/rc-skeleton/step-1.tsx', but '--jsx' is not set.
docs/_generated_tutorials/rc-skeleton.ts(5,1109): error TS6142: Module '../examples/rc-skeleton/step-2.js' was resolved to 'C:/Users/zhang/Desktop/crab-dev/.website/docs/examples/rc-skeleton/step-2.tsx', but '--jsx' is not set.
docs/_generated_tutorials/rc-slider.ts(2,37): error TS6142: Module '../site/tutorial.js' was resolved to 'C:/Users/zhang/Desktop/crab-dev/.website/docs/site/tutorial.tsx', but '--jsx' is not set.
docs/_generated_tutorials/rc-slider.ts(4,861): error TS6142: Module '../examples/rc-slider/step-1.js' was resolved to 'C:/Users/zhang/Desktop/crab-dev/.website/docs/examples/rc-slider/step-1.tsx', but '--jsx' is not set.
docs/_generated_tutorials/rc-slider.ts(5,1030): error TS6142: Module '../examples/rc-slider/step-2.js' was resolved to 'C:/Users/zhang/Desktop/crab-dev/.website/docs/examples/rc-slider/step-2.tsx', but '--jsx' is not set.
docs/_generated_tutorials/rc-spin.ts(2,37): error TS6142: Module '../site/tutorial.js' was resolved to 'C:/Users/zhang/Desktop/crab-dev/.website/docs/site/tutorial.tsx', but '--jsx' is not set.
docs/_generated_tutorials/rc-spin.ts(4,420): error TS6142: Module '../examples/rc-spin/step-1.js' was resolved to 'C:/Users/zhang/Desktop/crab-dev/.website/docs/examples/rc-spin/step-1.tsx', but '--jsx' is not set.
docs/_generated_tutorials/rc-spin.ts(5,1434): error TS6142: Module '../examples/rc-spin/step-2.js' was resolved to 'C:/Users/zhang/Desktop/crab-dev/.website/docs/examples/rc-spin/step-2.tsx', but '--jsx' is not set.
docs/_generated_tutorials/rc-split-pane.ts(2,37): error TS6142: Module '../site/tutorial.js' was resolved to 'C:/Users/zhang/Desktop/crab-dev/.website/docs/site/tutorial.tsx', but '--jsx' is not set.
docs/_generated_tutorials/rc-split-pane.ts(4,858): error TS6142: Module '../examples/rc-split-pane/step-1.js' was resolved to 'C:/Users/zhang/Desktop/crab-dev/.website/docs/examples/rc-split-pane/step-1.tsx', but '--jsx' is not set.
docs/_generated_tutorials/rc-split-pane.ts(5,1320): error TS6142: Module '../examples/rc-split-pane/step-2.js' was resolved to 'C:/Users/zhang/Desktop/crab-dev/.website/docs/examples/rc-split-pane/step-2.tsx', but '--jsx' is not set.
docs/_generated_tutorials/rc-switch.ts(2,37): error TS6142: Module '../site/tutorial.js' was resolved to 'C:/Users/zhang/Desktop/crab-dev/.website/docs/site/tutorial.tsx', but '--jsx' is not set.
docs/_generated_tutorials/rc-switch.ts(4,461): error TS6142: Module '../examples/rc-switch/step-1.js' was resolved to 'C:/Users/zhang/Desktop/crab-dev/.website/docs/examples/rc-switch/step-1.tsx', but '--jsx' is not set.
docs/_generated_tutorials/rc-switch.ts(5,950): error TS6142: Module '../examples/rc-switch/step-2.js' was resolved to 'C:/Users/zhang/Desktop/crab-dev/.website/docs/examples/rc-switch/step-2.tsx', but '--jsx' is not set.
docs/_generated_tutorials/rc-table-pro.ts(2,37): error TS6142: Module '../site/tutorial.js' was resolved to 'C:/Users/zhang/Desktop/crab-dev/.website/docs/site/tutorial.tsx', but '--jsx' is not set.
docs/_generated_tutorials/rc-table-pro.ts(4,1565): error TS6142: Module '../examples/rc-table-pro/step-1.js' was resolved to 'C:/Users/zhang/Desktop/crab-dev/.website/docs/examples/rc-table-pro/step-1.tsx', but '--jsx' is not set.
docs/_generated_tutorials/rc-table-pro.ts(5,1833): error TS6142: Module '../examples/rc-table-pro/step-2.js' was resolved to 'C:/Users/zhang/Desktop/crab-dev/.website/docs/examples/rc-table-pro/step-2.tsx', but '--jsx' is not set.
docs/_generated_tutorials/rc-table.ts(2,37): error TS6142: Module '../site/tutorial.js' was resolved to 'C:/Users/zhang/Desktop/crab-dev/.website/docs/site/tutorial.tsx', but '--jsx' is not set.
docs/_generated_tutorials/rc-table.ts(4,1891): error TS6142: Module '../examples/rc-table/step-1.js' was resolved to 'C:/Users/zhang/Desktop/crab-dev/.website/docs/examples/rc-table/step-1.tsx', but '--jsx' is not set.
docs/_generated_tutorials/rc-table.ts(5,2551): error TS6142: Module '../examples/rc-table/step-2.js' was resolved to 'C:/Users/zhang/Desktop/crab-dev/.website/docs/examples/rc-table/step-2.tsx', but '--jsx' is not set.
docs/_generated_tutorials/rc-tabs.ts(2,37): error TS6142: Module '../site/tutorial.js' was resolved to 'C:/Users/zhang/Desktop/crab-dev/.website/docs/site/tutorial.tsx', but '--jsx' is not set.
docs/_generated_tutorials/rc-tabs.ts(4,666): error TS6142: Module '../examples/rc-tabs/step-1.js' was resolved to 'C:/Users/zhang/Desktop/crab-dev/.website/docs/examples/rc-tabs/step-1.tsx', but '--jsx' is not set.
docs/_generated_tutorials/rc-tabs.ts(5,1263): error TS6142: Module '../examples/rc-tabs/step-2.js' was resolved to 'C:/Users/zhang/Desktop/crab-dev/.website/docs/examples/rc-tabs/step-2.tsx', but '--jsx' is not set.
docs/_generated_tutorials/rc-tag.ts(2,37): error TS6142: Module '../site/tutorial.js' was resolved to 'C:/Users/zhang/Desktop/crab-dev/.website/docs/site/tutorial.tsx', but '--jsx' is not set.
docs/_generated_tutorials/rc-tag.ts(4,690): error TS6142: Module '../examples/rc-tag/step-1.js' was resolved to 'C:/Users/zhang/Desktop/crab-dev/.website/docs/examples/rc-tag/step-1.tsx', but '--jsx' is not set.
docs/_generated_tutorials/rc-tag.ts(5,965): error TS6142: Module '../examples/rc-tag/step-2.js' was resolved to 'C:/Users/zhang/Desktop/crab-dev/.website/docs/examples/rc-tag/step-2.tsx', but '--jsx' is not set.
docs/_generated_tutorials/rc-text-edit.ts(2,37): error TS6142: Module '../site/tutorial.js' was resolved to 'C:/Users/zhang/Desktop/crab-dev/.website/docs/site/tutorial.tsx', but '--jsx' is not set.
docs/_generated_tutorials/rc-text-edit.ts(4,551): error TS6142: Module '../examples/rc-text-edit/step-1.js' was resolved to 'C:/Users/zhang/Desktop/crab-dev/.website/docs/examples/rc-text-edit/step-1.tsx', but '--jsx' is not set.
docs/_generated_tutorials/rc-text-edit.ts(5,1092): error TS6142: Module '../examples/rc-text-edit/step-2.js' was resolved to 'C:/Users/zhang/Desktop/crab-dev/.website/docs/examples/rc-text-edit/step-2.tsx', but '--jsx' is not set.
docs/_generated_tutorials/rc-theme.ts(2,37): error TS6142: Module '../site/tutorial.js' was resolved to 'C:/Users/zhang/Desktop/crab-dev/.website/docs/site/tutorial.tsx', but '--jsx' is not set.
docs/_generated_tutorials/rc-theme.ts(4,583): error TS6142: Module '../examples/rc-theme/step-1.js' was resolved to 'C:/Users/zhang/Desktop/crab-dev/.website/docs/examples/rc-theme/step-1.tsx', but '--jsx' is not set.
docs/_generated_tutorials/rc-theme.ts(5,1149): error TS6142: Module '../examples/rc-theme/step-2.js' was resolved to 'C:/Users/zhang/Desktop/crab-dev/.website/docs/examples/rc-theme/step-2.tsx', but '--jsx' is not set.
docs/_generated_tutorials/rc-token-global.ts(2,37): error TS6142: Module '../site/tutorial.js' was resolved to 'C:/Users/zhang/Desktop/crab-dev/.website/docs/site/tutorial.tsx', but '--jsx' is not set.
docs/_generated_tutorials/rc-token-global.ts(4,498): error TS6142: Module '../examples/rc-token-global/step-1.js' was resolved to 'C:/Users/zhang/Desktop/crab-dev/.website/docs/examples/rc-token-global/step-1.tsx', but '--jsx' is not set.
docs/_generated_tutorials/rc-token-global.ts(5,813): error TS6142: Module '../examples/rc-token-global/step-2.js' was resolved to 'C:/Users/zhang/Desktop/crab-dev/.website/docs/examples/rc-token-global/step-2.tsx', but '--jsx' is not set.
docs/_generated_tutorials/rc-token-semantic.ts(2,37): error TS6142: Module '../site/tutorial.js' was resolved to 'C:/Users/zhang/Desktop/crab-dev/.website/docs/site/tutorial.tsx', but '--jsx' is not set.
docs/_generated_tutorials/rc-token-semantic.ts(4,480): error TS6142: Module '../examples/rc-token-semantic/step-1.js' was resolved to 'C:/Users/zhang/Desktop/crab-dev/.website/docs/examples/rc-token-semantic/step-1.tsx', but '--jsx' is not set.
docs/_generated_tutorials/rc-token-semantic.ts(5,802): error TS6142: Module '../examples/rc-token-semantic/step-2.js' was resolved to 'C:/Users/zhang/Desktop/crab-dev/.website/docs/examples/rc-token-semantic/step-2.tsx', but '--jsx' is not set.
docs/_generated_tutorials/rc-tooltip.ts(2,37): error TS6142: Module '../site/tutorial.js' was resolved to 'C:/Users/zhang/Desktop/crab-dev/.website/docs/site/tutorial.tsx', but '--jsx' is not set.
docs/_generated_tutorials/rc-tooltip.ts(4,602): error TS6142: Module '../examples/rc-tooltip/step-1.js' was resolved to 'C:/Users/zhang/Desktop/crab-dev/.website/docs/examples/rc-tooltip/step-1.tsx', but '--jsx' is not set.
docs/_generated_tutorials/rc-tooltip.ts(5,1058): error TS6142: Module '../examples/rc-tooltip/step-2.js' was resolved to 'C:/Users/zhang/Desktop/crab-dev/.website/docs/examples/rc-tooltip/step-2.tsx', but '--jsx' is not set.
docs/_generated_tutorials/rc-tree.ts(2,37): error TS6142: Module '../site/tutorial.js' was resolved to 'C:/Users/zhang/Desktop/crab-dev/.website/docs/site/tutorial.tsx', but '--jsx' is not set.
docs/_generated_tutorials/rc-tree.ts(4,3020): error TS6142: Module '../examples/rc-tree/step-1.js' was resolved to 'C:/Users/zhang/Desktop/crab-dev/.website/docs/examples/rc-tree/step-1.tsx', but '--jsx' is not set.
docs/_generated_tutorials/rc-tree.ts(5,3415): error TS6142: Module '../examples/rc-tree/step-2.js' was resolved to 'C:/Users/zhang/Desktop/crab-dev/.website/docs/examples/rc-tree/step-2.tsx', but '--jsx' is not set.
docs/_generated_tutorials/rc-virtual.ts(2,37): error TS6142: Module '../site/tutorial.js' was resolved to 'C:/Users/zhang/Desktop/crab-dev/.website/docs/site/tutorial.tsx', but '--jsx' is not set.
docs/_generated_tutorials/rc-virtual.ts(4,1634): error TS6142: Module '../examples/rc-virtual/step-1.js' was resolved to 'C:/Users/zhang/Desktop/crab-dev/.website/docs/examples/rc-virtual/step-1.tsx', but '--jsx' is not set.
docs/_generated_tutorials/rc-virtual.ts(5,2209): error TS6142: Module '../examples/rc-virtual/step-2.js' was resolved to 'C:/Users/zhang/Desktop/crab-dev/.website/docs/examples/rc-virtual/step-2.tsx', but '--jsx' is not set.
docs/examples/home/profile.tsx(1,48): error TS2307: Cannot find module 'react' or its corresponding type declarations.
docs/examples/home/profile.tsx(2,21): error TS2307: Cannot find module '@crab-dev/css' or its corresponding type declarations.
docs/examples/home/profile.tsx(3,19): error TS2307: Cannot find module '@crab-dev/rc-token-semantic' or its corresponding type declarations.
docs/examples/home/profile.tsx(4,20): error TS2307: Cannot find module '@crab-dev/rc-button' or its corresponding type declarations.
docs/examples/home/profile.tsx(5,18): error TS2307: Cannot find module '@crab-dev/rc-card' or its corresponding type declarations.
docs/examples/home/profile.tsx(6,37): error TS2307: Cannot find module '@crab-dev/rc-avatar' or its corresponding type declarations.
docs/examples/home/profile.tsx(7,22): error TS2307: Cannot find module '@crab-dev/rc-checkbox' or its corresponding type declarations.
docs/examples/home/profile.tsx(8,20): error TS2307: Cannot find module '@crab-dev/rc-switch' or its corresponding type declarations.
docs/examples/home/profile.tsx(9,23): error TS2307: Cannot find module '@crab-dev/rc-segmented' or its corresponding type declarations.
docs/examples/home/profile.tsx(10,17): error TS2307: Cannot find module '@crab-dev/rc-tag' or its corresponding type declarations.
docs/examples/home/profile.tsx(11,22): error TS2307: Cannot find module '@crab-dev/rc-bar-chart' or its corresponding type declarations.
docs/examples/home/profile.tsx(12,18): error TS2307: Cannot find module '@crab-dev/rc-form' or its corresponding type declarations.
docs/examples/home/profile.tsx(13,22): error TS2307: Cannot find module '@crab-dev/rc-line-edit' or its corresponding type declarations.
docs/examples/home/profile.tsx(213,32): error TS7006: Parameter 'task' implicitly has an 'any' type.
docs/examples/home/profile.tsx(234,9): error TS7026: JSX element implicitly has type 'any' because no interface 'JSX.IntrinsicElements' exists.
docs/examples/home/profile.tsx(234,9): error TS17004: Cannot use JSX unless the '--jsx' flag is provided.
docs/examples/home/profile.tsx(235,13): error TS7026: JSX element implicitly has type 'any' because no interface 'JSX.IntrinsicElements' exists.
docs/examples/home/profile.tsx(235,13): error TS17004: Cannot use JSX unless the '--jsx' flag is provided.
docs/examples/home/profile.tsx(236,17): error TS17004: Cannot use JSX unless the '--jsx' flag is provided.
docs/examples/home/profile.tsx(237,21): error TS17004: Cannot use JSX unless the '--jsx' flag is provided.
docs/examples/home/profile.tsx(238,25): error TS7026: JSX element implicitly has type 'any' because no interface 'JSX.IntrinsicElements' exists.
docs/examples/home/profile.tsx(238,25): error TS17004: Cannot use JSX unless the '--jsx' flag is provided.
docs/examples/home/profile.tsx(239,29): error TS7026: JSX element implicitly has type 'any' because no interface 'JSX.IntrinsicElements' exists.
docs/examples/home/profile.tsx(239,29): error TS17004: Cannot use JSX unless the '--jsx' flag is provided.
docs/examples/home/profile.tsx(239,75): error TS7026: JSX element implicitly has type 'any' because no interface 'JSX.IntrinsicElements' exists.
docs/examples/home/profile.tsx(240,29): error TS17004: Cannot use JSX unless the '--jsx' flag is provided.
docs/examples/home/profile.tsx(243,25): error TS7026: JSX element implicitly has type 'any' because no interface 'JSX.IntrinsicElements' exists.
docs/examples/home/profile.tsx(244,25): error TS7026: JSX element implicitly has type 'any' because no interface 'JSX.IntrinsicElements' exists.
docs/examples/home/profile.tsx(244,25): error TS17004: Cannot use JSX unless the '--jsx' flag is provided.
docs/examples/home/profile.tsx(245,29): error TS7026: JSX element implicitly has type 'any' because no interface 'JSX.IntrinsicElements' exists.
docs/examples/home/profile.tsx(245,29): error TS17004: Cannot use JSX unless the '--jsx' flag is provided.
docs/examples/home/profile.tsx(245,46): error TS7026: JSX element implicitly has type 'any' because no interface 'JSX.IntrinsicElements' exists.
docs/examples/home/profile.tsx(246,29): error TS7026: JSX element implicitly has type 'any' because no interface 'JSX.IntrinsicElements' exists.
docs/examples/home/profile.tsx(246,29): error TS17004: Cannot use JSX unless the '--jsx' flag is provided.
docs/examples/home/profile.tsx(246,70): error TS7026: JSX element implicitly has type 'any' because no interface 'JSX.IntrinsicElements' exists.
docs/examples/home/profile.tsx(247,25): error TS7026: JSX element implicitly has type 'any' because no interface 'JSX.IntrinsicElements' exists.
docs/examples/home/profile.tsx(248,25): error TS7026: JSX element implicitly has type 'any' because no interface 'JSX.IntrinsicElements' exists.
docs/examples/home/profile.tsx(248,25): error TS17004: Cannot use JSX unless the '--jsx' flag is provided.
docs/examples/home/profile.tsx(249,29): error TS7026: JSX element implicitly has type 'any' because no interface 'JSX.IntrinsicElements' exists.
docs/examples/home/profile.tsx(249,29): error TS17004: Cannot use JSX unless the '--jsx' flag is provided.
docs/examples/home/profile.tsx(251,33): error TS7026: JSX element implicitly has type 'any' because no interface 'JSX.IntrinsicElements' exists.
docs/examples/home/profile.tsx(251,33): error TS17004: Cannot use JSX unless the '--jsx' flag is provided.
docs/examples/home/profile.tsx(251,70): error TS7026: JSX element implicitly has type 'any' because no interface 'JSX.IntrinsicElements' exists.
docs/examples/home/profile.tsx(252,29): error TS7026: JSX element implicitly has type 'any' because no interface 'JSX.IntrinsicElements' exists.
docs/examples/home/profile.tsx(253,29): error TS7026: JSX element implicitly has type 'any' because no interface 'JSX.IntrinsicElements' exists.
docs/examples/home/profile.tsx(253,29): error TS17004: Cannot use JSX unless the '--jsx' flag is provided.
docs/examples/home/profile.tsx(253,68): error TS7026: JSX element implicitly has type 'any' because no interface 'JSX.IntrinsicElements' exists.
docs/examples/home/profile.tsx(254,25): error TS7026: JSX element implicitly has type 'any' because no interface 'JSX.IntrinsicElements' exists.
docs/examples/home/profile.tsx(255,25): error TS7026: JSX element implicitly has type 'any' because no interface 'JSX.IntrinsicElements' exists.
docs/examples/home/profile.tsx(255,25): error TS17004: Cannot use JSX unless the '--jsx' flag is provided.
docs/examples/home/profile.tsx(261,25): error TS7026: JSX element implicitly has type 'any' because no interface 'JSX.IntrinsicElements' exists.
docs/examples/home/profile.tsx(261,25): error TS17004: Cannot use JSX unless the '--jsx' flag is provided.
docs/examples/home/profile.tsx(262,41): error TS7006: Parameter 'task' implicitly has an 'any' type.
docs/examples/home/profile.tsx(262,47): error TS7006: Parameter 'index' implicitly has an 'any' type.
docs/examples/home/profile.tsx(263,33): error TS7026: JSX element implicitly has type 'any' because no interface 'JSX.IntrinsicElements' exists.
docs/examples/home/profile.tsx(263,33): error TS17004: Cannot use JSX unless the '--jsx' flag is provided.
docs/examples/home/profile.tsx(265,37): error TS17004: Cannot use JSX unless the '--jsx' flag is provided.
docs/examples/home/profile.tsx(268,52): error TS7006: Parameter 'checked' implicitly has an 'any' type.
docs/examples/home/profile.tsx(270,60): error TS7006: Parameter 'item' implicitly has an 'any' type.
docs/examples/home/profile.tsx(270,66): error TS7006: Parameter 'itemIndex' implicitly has an 'any' type.
docs/examples/home/profile.tsx(279,37): error TS7026: JSX element implicitly has type 'any' because no interface 'JSX.IntrinsicElements' exists.
docs/examples/home/profile.tsx(279,37): error TS17004: Cannot use JSX unless the '--jsx' flag is provided.
docs/examples/home/profile.tsx(280,41): error TS7026: JSX element implicitly has type 'any' because no interface 'JSX.IntrinsicElements' exists.
docs/examples/home/profile.tsx(280,41): error TS17004: Cannot use JSX unless the '--jsx' flag is provided.
docs/examples/home/profile.tsx(280,87): error TS7026: JSX element implicitly has type 'any' because no interface 'JSX.IntrinsicElements' exists.
docs/examples/home/profile.tsx(281,41): error TS7026: JSX element implicitly has type 'any' because no interface 'JSX.IntrinsicElements' exists.
docs/examples/home/profile.tsx(281,41): error TS17004: Cannot use JSX unless the '--jsx' flag is provided.
docs/examples/home/profile.tsx(281,84): error TS7026: JSX element implicitly has type 'any' because no interface 'JSX.IntrinsicElements' exists.
docs/examples/home/profile.tsx(282,37): error TS7026: JSX element implicitly has type 'any' because no interface 'JSX.IntrinsicElements' exists.
docs/examples/home/profile.tsx(283,33): error TS7026: JSX element implicitly has type 'any' because no interface 'JSX.IntrinsicElements' exists.
docs/examples/home/profile.tsx(285,25): error TS7026: JSX element implicitly has type 'any' because no interface 'JSX.IntrinsicElements' exists.
docs/examples/home/profile.tsx(286,25): error TS7026: JSX element implicitly has type 'any' because no interface 'JSX.IntrinsicElements' exists.
docs/examples/home/profile.tsx(286,25): error TS17004: Cannot use JSX unless the '--jsx' flag is provided.
docs/examples/home/profile.tsx(287,29): error TS17004: Cannot use JSX unless the '--jsx' flag is provided.
docs/examples/home/profile.tsx(288,33): error TS17004: Cannot use JSX unless the '--jsx' flag is provided.
docs/examples/home/profile.tsx(289,33): error TS17004: Cannot use JSX unless the '--jsx' flag is provided.
docs/examples/home/profile.tsx(290,33): error TS17004: Cannot use JSX unless the '--jsx' flag is provided.
docs/examples/home/profile.tsx(292,29): error TS7026: JSX element implicitly has type 'any' because no interface 'JSX.IntrinsicElements' exists.
docs/examples/home/profile.tsx(292,29): error TS17004: Cannot use JSX unless the '--jsx' flag is provided.
docs/examples/home/profile.tsx(292,69): error TS7026: JSX element implicitly has type 'any' because no interface 'JSX.IntrinsicElements' exists.
docs/examples/home/profile.tsx(293,25): error TS7026: JSX element implicitly has type 'any' because no interface 'JSX.IntrinsicElements' exists.
docs/examples/home/profile.tsx(296,17): error TS17004: Cannot use JSX unless the '--jsx' flag is provided.
docs/examples/home/profile.tsx(297,21): error TS17004: Cannot use JSX unless the '--jsx' flag is provided.
docs/examples/home/profile.tsx(298,25): error TS7026: JSX element implicitly has type 'any' because no interface 'JSX.IntrinsicElements' exists.
docs/examples/home/profile.tsx(298,25): error TS17004: Cannot use JSX unless the '--jsx' flag is provided.
docs/examples/home/profile.tsx(299,29): error TS7026: JSX element implicitly has type 'any' because no interface 'JSX.IntrinsicElements' exists.
docs/examples/home/profile.tsx(299,29): error TS17004: Cannot use JSX unless the '--jsx' flag is provided.
docs/examples/home/profile.tsx(299,42): error TS7026: JSX element implicitly has type 'any' because no interface 'JSX.IntrinsicElements' exists.
docs/examples/home/profile.tsx(300,29): error TS7026: JSX element implicitly has type 'any' because no interface 'JSX.IntrinsicElements' exists.
docs/examples/home/profile.tsx(300,29): error TS17004: Cannot use JSX unless the '--jsx' flag is provided.
docs/examples/home/profile.tsx(300,65): error TS7026: JSX element implicitly has type 'any' because no interface 'JSX.IntrinsicElements' exists.
docs/examples/home/profile.tsx(301,25): error TS7026: JSX element implicitly has type 'any' because no interface 'JSX.IntrinsicElements' exists.
docs/examples/home/profile.tsx(302,25): error TS7026: JSX element implicitly has type 'any' because no interface 'JSX.IntrinsicElements' exists.
docs/examples/home/profile.tsx(302,25): error TS17004: Cannot use JSX unless the '--jsx' flag is provided.
docs/examples/home/profile.tsx(303,29): error TS17004: Cannot use JSX unless the '--jsx' flag is provided.
docs/examples/home/profile.tsx(304,29): error TS17004: Cannot use JSX unless the '--jsx' flag is provided.
docs/examples/home/profile.tsx(305,29): error TS17004: Cannot use JSX unless the '--jsx' flag is provided.
docs/examples/home/profile.tsx(306,29): error TS17004: Cannot use JSX unless the '--jsx' flag is provided.
docs/examples/home/profile.tsx(307,25): error TS7026: JSX element implicitly has type 'any' because no interface 'JSX.IntrinsicElements' exists.
docs/examples/home/profile.tsx(310,13): error TS7026: JSX element implicitly has type 'any' because no interface 'JSX.IntrinsicElements' exists.
docs/examples/home/profile.tsx(311,13): error TS7026: JSX element implicitly has type 'any' because no interface 'JSX.IntrinsicElements' exists.
docs/examples/home/profile.tsx(311,13): error TS17004: Cannot use JSX unless the '--jsx' flag is provided.
docs/examples/home/profile.tsx(312,17): error TS17004: Cannot use JSX unless the '--jsx' flag is provided.
docs/examples/home/profile.tsx(313,21): error TS17004: Cannot use JSX unless the '--jsx' flag is provided.
docs/examples/home/profile.tsx(314,25): error TS7026: JSX element implicitly has type 'any' because no interface 'JSX.IntrinsicElements' exists.
docs/examples/home/profile.tsx(314,25): error TS17004: Cannot use JSX unless the '--jsx' flag is provided.
docs/examples/home/profile.tsx(315,29): error TS7026: JSX element implicitly has type 'any' because no interface 'JSX.IntrinsicElements' exists.
docs/examples/home/profile.tsx(315,29): error TS17004: Cannot use JSX unless the '--jsx' flag is provided.
docs/examples/home/profile.tsx(315,37): error TS7026: JSX element implicitly has type 'any' because no interface 'JSX.IntrinsicElements' exists.
docs/examples/home/profile.tsx(316,29): error TS7026: JSX element implicitly has type 'any' because no interface 'JSX.IntrinsicElements' exists.
docs/examples/home/profile.tsx(316,29): error TS17004: Cannot use JSX unless the '--jsx' flag is provided.
docs/examples/home/profile.tsx(316,66): error TS7026: JSX element implicitly has type 'any' because no interface 'JSX.IntrinsicElements' exists.
docs/examples/home/profile.tsx(317,25): error TS7026: JSX element implicitly has type 'any' because no interface 'JSX.IntrinsicElements' exists.
docs/examples/home/profile.tsx(318,25): error TS17004: Cannot use JSX unless the '--jsx' flag is provided.
docs/examples/home/profile.tsx(326,40): error TS7006: Parameter 'value' implicitly has an 'any' type.
docs/examples/home/profile.tsx(328,25): error TS7026: JSX element implicitly has type 'any' because no interface 'JSX.IntrinsicElements' exists.
docs/examples/home/profile.tsx(328,25): error TS17004: Cannot use JSX unless the '--jsx' flag is provided.
docs/examples/home/profile.tsx(329,29): error TS7026: JSX element implicitly has type 'any' because no interface 'JSX.IntrinsicElements' exists.
docs/examples/home/profile.tsx(329,29): error TS17004: Cannot use JSX unless the '--jsx' flag is provided.
docs/examples/home/profile.tsx(333,29): error TS7026: JSX element implicitly has type 'any' because no interface 'JSX.IntrinsicElements' exists.
docs/examples/home/profile.tsx(334,29): error TS17004: Cannot use JSX unless the '--jsx' flag is provided.
docs/examples/home/profile.tsx(337,25): error TS7026: JSX element implicitly has type 'any' because no interface 'JSX.IntrinsicElements' exists.
docs/examples/home/profile.tsx(338,25): error TS7026: JSX element implicitly has type 'any' because no interface 'JSX.IntrinsicElements' exists.
docs/examples/home/profile.tsx(338,25): error TS17004: Cannot use JSX unless the '--jsx' flag is provided.
docs/examples/home/profile.tsx(339,29): error TS17004: Cannot use JSX unless the '--jsx' flag is provided.
docs/examples/home/profile.tsx(353,25): error TS7026: JSX element implicitly has type 'any' because no interface 'JSX.IntrinsicElements' exists.
docs/examples/home/profile.tsx(354,25): error TS7026: JSX element implicitly has type 'any' because no interface 'JSX.IntrinsicElements' exists.
docs/examples/home/profile.tsx(354,25): error TS17004: Cannot use JSX unless the '--jsx' flag is provided.
docs/examples/home/profile.tsx(354,80): error TS7026: JSX element implicitly has type 'any' because no interface 'JSX.IntrinsicElements' exists.
docs/examples/home/profile.tsx(357,17): error TS17004: Cannot use JSX unless the '--jsx' flag is provided.
docs/examples/home/profile.tsx(358,21): error TS17004: Cannot use JSX unless the '--jsx' flag is provided.
docs/examples/home/profile.tsx(359,25): error TS7026: JSX element implicitly has type 'any' because no interface 'JSX.IntrinsicElements' exists.
docs/examples/home/profile.tsx(359,25): error TS17004: Cannot use JSX unless the '--jsx' flag is provided.
docs/examples/home/profile.tsx(360,29): error TS7026: JSX element implicitly has type 'any' because no interface 'JSX.IntrinsicElements' exists.
docs/examples/home/profile.tsx(360,29): error TS17004: Cannot use JSX unless the '--jsx' flag is provided.
docs/examples/home/profile.tsx(360,40): error TS7026: JSX element implicitly has type 'any' because no interface 'JSX.IntrinsicElements' exists.
docs/examples/home/profile.tsx(361,29): error TS7026: JSX element implicitly has type 'any' because no interface 'JSX.IntrinsicElements' exists.
docs/examples/home/profile.tsx(361,29): error TS17004: Cannot use JSX unless the '--jsx' flag is provided.
docs/examples/home/profile.tsx(361,68): error TS7026: JSX element implicitly has type 'any' because no interface 'JSX.IntrinsicElements' exists.
docs/examples/home/profile.tsx(362,25): error TS7026: JSX element implicitly has type 'any' because no interface 'JSX.IntrinsicElements' exists.
docs/examples/home/profile.tsx(363,25): error TS7026: JSX element implicitly has type 'any' because no interface 'JSX.IntrinsicElements' exists.
docs/examples/home/profile.tsx(363,25): error TS17004: Cannot use JSX unless the '--jsx' flag is provided.
docs/examples/home/profile.tsx(364,29): error TS7026: JSX element implicitly has type 'any' because no interface 'JSX.IntrinsicElements' exists.
docs/examples/home/profile.tsx(364,29): error TS17004: Cannot use JSX unless the '--jsx' flag is provided.
docs/examples/home/profile.tsx(365,33): error TS7026: JSX element implicitly has type 'any' because no interface 'JSX.IntrinsicElements' exists.
docs/examples/home/profile.tsx(365,33): error TS17004: Cannot use JSX unless the '--jsx' flag is provided.
docs/examples/home/profile.tsx(366,37): error TS7026: JSX element implicitly has type 'any' because no interface 'JSX.IntrinsicElements' exists.
docs/examples/home/profile.tsx(366,37): error TS17004: Cannot use JSX unless the '--jsx' flag is provided.
docs/examples/home/profile.tsx(366,47): error TS7026: JSX element implicitly has type 'any' because no interface 'JSX.IntrinsicElements' exists.
docs/examples/home/profile.tsx(367,37): error TS7026: JSX element implicitly has type 'any' because no interface 'JSX.IntrinsicElements' exists.
docs/examples/home/profile.tsx(367,37): error TS17004: Cannot use JSX unless the '--jsx' flag is provided.
docs/examples/home/profile.tsx(367,80): error TS7026: JSX element implicitly has type 'any' because no interface 'JSX.IntrinsicElements' exists.
docs/examples/home/profile.tsx(368,33): error TS7026: JSX element implicitly has type 'any' because no interface 'JSX.IntrinsicElements' exists.
docs/examples/home/profile.tsx(369,33): error TS17004: Cannot use JSX unless the '--jsx' flag is provided.
docs/examples/home/profile.tsx(374,29): error TS7026: JSX element implicitly has type 'any' because no interface 'JSX.IntrinsicElements' exists.
docs/examples/home/profile.tsx(375,29): error TS7026: JSX element implicitly has type 'any' because no interface 'JSX.IntrinsicElements' exists.
docs/examples/home/profile.tsx(375,29): error TS17004: Cannot use JSX unless the '--jsx' flag is provided.
docs/examples/home/profile.tsx(376,33): error TS7026: JSX element implicitly has type 'any' because no interface 'JSX.IntrinsicElements' exists.
docs/examples/home/profile.tsx(376,33): error TS17004: Cannot use JSX unless the '--jsx' flag is provided.
docs/examples/home/profile.tsx(377,37): error TS7026: JSX element implicitly has type 'any' because no interface 'JSX.IntrinsicElements' exists.
docs/examples/home/profile.tsx(377,37): error TS17004: Cannot use JSX unless the '--jsx' flag is provided.
docs/examples/home/profile.tsx(377,47): error TS7026: JSX element implicitly has type 'any' because no interface 'JSX.IntrinsicElements' exists.
docs/examples/home/profile.tsx(378,37): error TS7026: JSX element implicitly has type 'any' because no interface 'JSX.IntrinsicElements' exists.
docs/examples/home/profile.tsx(378,37): error TS17004: Cannot use JSX unless the '--jsx' flag is provided.
docs/examples/home/profile.tsx(378,80): error TS7026: JSX element implicitly has type 'any' because no interface 'JSX.IntrinsicElements' exists.
docs/examples/home/profile.tsx(379,33): error TS7026: JSX element implicitly has type 'any' because no interface 'JSX.IntrinsicElements' exists.
docs/examples/home/profile.tsx(380,33): error TS17004: Cannot use JSX unless the '--jsx' flag is provided.
docs/examples/home/profile.tsx(385,29): error TS7026: JSX element implicitly has type 'any' because no interface 'JSX.IntrinsicElements' exists.
docs/examples/home/profile.tsx(386,25): error TS7026: JSX element implicitly has type 'any' because no interface 'JSX.IntrinsicElements' exists.
docs/examples/home/profile.tsx(389,13): error TS7026: JSX element implicitly has type 'any' because no interface 'JSX.IntrinsicElements' exists.
docs/examples/home/profile.tsx(390,13): error TS7026: JSX element implicitly has type 'any' because no interface 'JSX.IntrinsicElements' exists.
docs/examples/home/profile.tsx(390,13): error TS17004: Cannot use JSX unless the '--jsx' flag is provided.
docs/examples/home/profile.tsx(391,17): error TS17004: Cannot use JSX unless the '--jsx' flag is provided.
docs/examples/home/profile.tsx(392,21): error TS17004: Cannot use JSX unless the '--jsx' flag is provided.
docs/examples/home/profile.tsx(393,25): error TS7026: JSX element implicitly has type 'any' because no interface 'JSX.IntrinsicElements' exists.
docs/examples/home/profile.tsx(393,25): error TS17004: Cannot use JSX unless the '--jsx' flag is provided.
docs/examples/home/profile.tsx(394,29): error TS7026: JSX element implicitly has type 'any' because no interface 'JSX.IntrinsicElements' exists.
docs/examples/home/profile.tsx(394,29): error TS17004: Cannot use JSX unless the '--jsx' flag is provided.
docs/examples/home/profile.tsx(394,44): error TS7026: JSX element implicitly has type 'any' because no interface 'JSX.IntrinsicElements' exists.
docs/examples/home/profile.tsx(395,29): error TS7026: JSX element implicitly has type 'any' because no interface 'JSX.IntrinsicElements' exists.
docs/examples/home/profile.tsx(395,29): error TS17004: Cannot use JSX unless the '--jsx' flag is provided.
docs/examples/home/profile.tsx(395,74): error TS7026: JSX element implicitly has type 'any' because no interface 'JSX.IntrinsicElements' exists.
docs/examples/home/profile.tsx(396,25): error TS7026: JSX element implicitly has type 'any' because no interface 'JSX.IntrinsicElements' exists.
docs/examples/home/profile.tsx(397,25): error TS7026: JSX element implicitly has type 'any' because no interface 'JSX.IntrinsicElements' exists.
docs/examples/home/profile.tsx(397,25): error TS17004: Cannot use JSX unless the '--jsx' flag is provided.
docs/examples/home/profile.tsx(398,29): error TS17004: Cannot use JSX unless the '--jsx' flag is provided.
docs/examples/home/profile.tsx(401,29): error TS7026: JSX element implicitly has type 'any' because no interface 'JSX.IntrinsicElements' exists.
docs/examples/home/profile.tsx(401,29): error TS17004: Cannot use JSX unless the '--jsx' flag is provided.
docs/examples/home/profile.tsx(402,33): error TS7026: JSX element implicitly has type 'any' because no interface 'JSX.IntrinsicElements' exists.
docs/examples/home/profile.tsx(402,33): error TS17004: Cannot use JSX unless the '--jsx' flag is provided.
docs/examples/home/profile.tsx(402,43): error TS7026: JSX element implicitly has type 'any' because no interface 'JSX.IntrinsicElements' exists.
docs/examples/home/profile.tsx(403,33): error TS7026: JSX element implicitly has type 'any' because no interface 'JSX.IntrinsicElements' exists.
docs/examples/home/profile.tsx(403,33): error TS17004: Cannot use JSX unless the '--jsx' flag is provided.
docs/examples/home/profile.tsx(403,78): error TS7026: JSX element implicitly has type 'any' because no interface 'JSX.IntrinsicElements' exists.
docs/examples/home/profile.tsx(404,29): error TS7026: JSX element implicitly has type 'any' because no interface 'JSX.IntrinsicElements' exists.
docs/examples/home/profile.tsx(405,29): error TS17004: Cannot use JSX unless the '--jsx' flag is provided.
docs/examples/home/profile.tsx(406,25): error TS7026: JSX element implicitly has type 'any' because no interface 'JSX.IntrinsicElements' exists.
docs/examples/home/profile.tsx(407,25): error TS7026: JSX element implicitly has type 'any' because no interface 'JSX.IntrinsicElements' exists.
docs/examples/home/profile.tsx(407,25): error TS17004: Cannot use JSX unless the '--jsx' flag is provided.
docs/examples/home/profile.tsx(408,29): error TS17004: Cannot use JSX unless the '--jsx' flag is provided.
docs/examples/home/profile.tsx(411,29): error TS7026: JSX element implicitly has type 'any' because no interface 'JSX.IntrinsicElements' exists.
docs/examples/home/profile.tsx(411,29): error TS17004: Cannot use JSX unless the '--jsx' flag is provided.
docs/examples/home/profile.tsx(412,33): error TS7026: JSX element implicitly has type 'any' because no interface 'JSX.IntrinsicElements' exists.
docs/examples/home/profile.tsx(412,33): error TS17004: Cannot use JSX unless the '--jsx' flag is provided.
docs/examples/home/profile.tsx(412,43): error TS7026: JSX element implicitly has type 'any' because no interface 'JSX.IntrinsicElements' exists.
docs/examples/home/profile.tsx(413,33): error TS7026: JSX element implicitly has type 'any' because no interface 'JSX.IntrinsicElements' exists.
docs/examples/home/profile.tsx(413,33): error TS17004: Cannot use JSX unless the '--jsx' flag is provided.
docs/examples/home/profile.tsx(413,79): error TS7026: JSX element implicitly has type 'any' because no interface 'JSX.IntrinsicElements' exists.
docs/examples/home/profile.tsx(414,29): error TS7026: JSX element implicitly has type 'any' because no interface 'JSX.IntrinsicElements' exists.
docs/examples/home/profile.tsx(415,29): error TS17004: Cannot use JSX unless the '--jsx' flag is provided.
docs/examples/home/profile.tsx(416,25): error TS7026: JSX element implicitly has type 'any' because no interface 'JSX.IntrinsicElements' exists.
docs/examples/home/profile.tsx(417,25): error TS17004: Cannot use JSX unless the '--jsx' flag is provided.
docs/examples/home/profile.tsx(422,29): error TS7026: JSX element implicitly has type 'any' because no interface 'JSX.IntrinsicElements' exists.
docs/examples/home/profile.tsx(422,29): error TS17004: Cannot use JSX unless the '--jsx' flag is provided.
docs/examples/home/profile.tsx(422,65): error TS7026: JSX element implicitly has type 'any' because no interface 'JSX.IntrinsicElements' exists.
docs/examples/home/profile.tsx(423,29): error TS17004: Cannot use JSX unless the '--jsx' flag is provided.
docs/examples/home/profile.tsx(427,44): error TS7006: Parameter 'event' implicitly has an 'any' type.
docs/examples/home/profile.tsx(438,29): error TS17004: Cannot use JSX unless the '--jsx' flag is provided.
docs/examples/home/profile.tsx(441,29): error TS7026: JSX element implicitly has type 'any' because no interface 'JSX.IntrinsicElements' exists.
docs/examples/home/profile.tsx(441,29): error TS17004: Cannot use JSX unless the '--jsx' flag is provided.
docs/examples/home/profile.tsx(443,29): error TS7026: JSX element implicitly has type 'any' because no interface 'JSX.IntrinsicElements' exists.
docs/examples/home/profile.tsx(447,17): error TS17004: Cannot use JSX unless the '--jsx' flag is provided.
docs/examples/home/profile.tsx(448,21): error TS17004: Cannot use JSX unless the '--jsx' flag is provided.
docs/examples/home/profile.tsx(449,25): error TS7026: JSX element implicitly has type 'any' because no interface 'JSX.IntrinsicElements' exists.
docs/examples/home/profile.tsx(449,25): error TS17004: Cannot use JSX unless the '--jsx' flag is provided.
docs/examples/home/profile.tsx(450,29): error TS7026: JSX element implicitly has type 'any' because no interface 'JSX.IntrinsicElements' exists.
docs/examples/home/profile.tsx(450,29): error TS17004: Cannot use JSX unless the '--jsx' flag is provided.
docs/examples/home/profile.tsx(450,39): error TS7026: JSX element implicitly has type 'any' because no interface 'JSX.IntrinsicElements' exists.
docs/examples/home/profile.tsx(451,29): error TS7026: JSX element implicitly has type 'any' because no interface 'JSX.IntrinsicElements' exists.
docs/examples/home/profile.tsx(451,29): error TS17004: Cannot use JSX unless the '--jsx' flag is provided.
docs/examples/home/profile.tsx(451,65): error TS7026: JSX element implicitly has type 'any' because no interface 'JSX.IntrinsicElements' exists.
docs/examples/home/profile.tsx(452,25): error TS7026: JSX element implicitly has type 'any' because no interface 'JSX.IntrinsicElements' exists.
docs/examples/home/profile.tsx(453,25): error TS7026: JSX element implicitly has type 'any' because no interface 'JSX.IntrinsicElements' exists.
docs/examples/home/profile.tsx(453,25): error TS17004: Cannot use JSX unless the '--jsx' flag is provided.
docs/examples/home/profile.tsx(455,25): error TS7026: JSX element implicitly has type 'any' because no interface 'JSX.IntrinsicElements' exists.
docs/examples/home/profile.tsx(456,25): error TS17004: Cannot use JSX unless the '--jsx' flag is provided.
docs/examples/home/profile.tsx(460,37): error TS7026: JSX element implicitly has type 'any' because no interface 'JSX.IntrinsicElements' exists.
docs/examples/home/profile.tsx(460,37): error TS17004: Cannot use JSX unless the '--jsx' flag is provided.
docs/examples/home/profile.tsx(460,63): error TS7026: JSX element implicitly has type 'any' because no interface 'JSX.IntrinsicElements' exists.
docs/examples/home/profile.tsx(464,13): error TS7026: JSX element implicitly has type 'any' because no interface 'JSX.IntrinsicElements' exists.
docs/examples/home/profile.tsx(465,9): error TS7026: JSX element implicitly has type 'any' because no interface 'JSX.IntrinsicElements' exists.
docs/examples/practice-admin/step-1.tsx(1,21): error TS2307: Cannot find module '@crab-dev/css' or its corresponding type declarations.
docs/examples/practice-admin/step-1.tsx(2,19): error TS2307: Cannot find module '@crab-dev/rc-token-semantic' or its corresponding type declarations.
docs/examples/practice-admin/step-1.tsx(3,54): error TS2307: Cannot find module '@crab-dev/rc-app-main-layout' or its corresponding type declarations.
docs/examples/practice-admin/step-1.tsx(4,18): error TS2307: Cannot find module '@crab-dev/rc-card' or its corresponding type declarations.
docs/examples/practice-admin/step-1.tsx(20,5): error TS17004: Cannot use JSX unless the '--jsx' flag is provided.
docs/examples/practice-admin/step-1.tsx(21,9): error TS7026: JSX element implicitly has type 'any' because no interface 'JSX.IntrinsicElements' exists.
docs/examples/practice-admin/step-1.tsx(21,9): error TS17004: Cannot use JSX unless the '--jsx' flag is provided.
docs/examples/practice-admin/step-1.tsx(21,27): error TS7026: JSX element implicitly has type 'any' because no interface 'JSX.IntrinsicElements' exists.
docs/examples/practice-admin/step-1.tsx(22,9): error TS7026: JSX element implicitly has type 'any' because no interface 'JSX.IntrinsicElements' exists.
docs/examples/practice-admin/step-1.tsx(22,9): error TS17004: Cannot use JSX unless the '--jsx' flag is provided.
docs/examples/practice-admin/step-1.tsx(22,32): error TS7026: JSX element implicitly has type 'any' because no interface 'JSX.IntrinsicElements' exists.
docs/examples/practice-admin/step-1.tsx(27,9): error TS7026: JSX element implicitly has type 'any' because no interface 'JSX.IntrinsicElements' exists.
docs/examples/practice-admin/step-1.tsx(27,9): error TS17004: Cannot use JSX unless the '--jsx' flag is provided.
docs/examples/practice-admin/step-1.tsx(28,13): error TS7026: JSX element implicitly has type 'any' because no interface 'JSX.IntrinsicElements' exists.
docs/examples/practice-admin/step-1.tsx(28,13): error TS17004: Cannot use JSX unless the '--jsx' flag is provided.
docs/examples/practice-admin/step-1.tsx(28,34): error TS7026: JSX element implicitly has type 'any' because no interface 'JSX.IntrinsicElements' exists.
docs/examples/practice-admin/step-1.tsx(29,13): error TS7026: JSX element implicitly has type 'any' because no interface 'JSX.IntrinsicElements' exists.
docs/examples/practice-admin/step-1.tsx(29,13): error TS17004: Cannot use JSX unless the '--jsx' flag is provided.
docs/examples/practice-admin/step-1.tsx(30,17): error TS17004: Cannot use JSX unless the '--jsx' flag is provided.
docs/examples/practice-admin/step-1.tsx(41,21): error TS17004: Cannot use JSX unless the '--jsx' flag is provided.
docs/examples/practice-admin/step-1.tsx(43,13): error TS7026: JSX element implicitly has type 'any' because no interface 'JSX.IntrinsicElements' exists.
docs/examples/practice-admin/step-1.tsx(44,9): error TS7026: JSX element implicitly has type 'any' because no interface 'JSX.IntrinsicElements' exists.
docs/examples/practice-admin/step-2.tsx(1,20): error TS2307: Cannot find module '@crab-dev/rc-button' or its corresponding type declarations.
docs/examples/practice-admin/step-2.tsx(3,21): error TS2307: Cannot find module '@crab-dev/css' or its corresponding type declarations.
docs/examples/practice-admin/step-2.tsx(4,19): error TS2307: Cannot find module '@crab-dev/rc-token-semantic' or its corresponding type declarations.
docs/examples/practice-admin/step-2.tsx(8,8): error TS2307: Cannot find module '@crab-dev/rc-app-main-layout' or its corresponding type declarations.
docs/examples/practice-admin/step-2.tsx(9,30): error TS2307: Cannot find module '@crab-dev/rc-menu' or its corresponding type declarations.
docs/examples/practice-admin/step-2.tsx(10,18): error TS2307: Cannot find module '@crab-dev/rc-card' or its corresponding type declarations.
docs/examples/practice-admin/step-2.tsx(28,9): error TS17004: Cannot use JSX unless the '--jsx' flag is provided.
docs/examples/practice-admin/step-2.tsx(29,13): error TS7026: JSX element implicitly has type 'any' because no interface 'JSX.IntrinsicElements' exists.
docs/examples/practice-admin/step-2.tsx(29,13): error TS17004: Cannot use JSX unless the '--jsx' flag is provided.
docs/examples/practice-admin/step-2.tsx(29,31): error TS7026: JSX element implicitly has type 'any' because no interface 'JSX.IntrinsicElements' exists.
docs/examples/practice-admin/step-2.tsx(30,13): error TS7026: JSX element implicitly has type 'any' because no interface 'JSX.IntrinsicElements' exists.
docs/examples/practice-admin/step-2.tsx(30,13): error TS17004: Cannot use JSX unless the '--jsx' flag is provided.
docs/examples/practice-admin/step-2.tsx(30,32): error TS7026: JSX element implicitly has type 'any' because no interface 'JSX.IntrinsicElements' exists.
docs/examples/practice-admin/step-2.tsx(31,13): error TS17004: Cannot use JSX unless the '--jsx' flag is provided.
docs/examples/practice-admin/step-2.tsx(37,35): error TS17004: Cannot use JSX unless the '--jsx' flag is provided.
docs/examples/practice-admin/step-2.tsx(47,18): error TS17004: Cannot use JSX unless the '--jsx' flag is provided.
docs/examples/practice-admin/step-2.tsx(58,9): error TS17004: Cannot use JSX unless the '--jsx' flag is provided.
docs/examples/practice-admin/step-2.tsx(72,31): error TS17004: Cannot use JSX unless the '--jsx' flag is provided.
docs/examples/practice-admin/step-2.tsx(80,31): error TS17004: Cannot use JSX unless the '--jsx' flag is provided.
docs/examples/practice-admin/step-2.tsx(90,31): error TS17004: Cannot use JSX unless the '--jsx' flag is provided.
docs/examples/practice-admin/step-2.tsx(98,12): error TS17004: Cannot use JSX unless the '--jsx' flag is provided.
docs/examples/practice-admin/step-2.tsx(102,9): error TS7026: JSX element implicitly has type 'any' because no interface 'JSX.IntrinsicElements' exists.
docs/examples/practice-admin/step-2.tsx(102,9): error TS17004: Cannot use JSX unless the '--jsx' flag is provided.
docs/examples/practice-admin/step-2.tsx(103,13): error TS7026: JSX element implicitly has type 'any' because no interface 'JSX.IntrinsicElements' exists.
docs/examples/practice-admin/step-2.tsx(103,13): error TS17004: Cannot use JSX unless the '--jsx' flag is provided.
docs/examples/practice-admin/step-2.tsx(103,34): error TS7026: JSX element implicitly has type 'any' because no interface 'JSX.IntrinsicElements' exists.
docs/examples/practice-admin/step-2.tsx(104,13): error TS7026: JSX element implicitly has type 'any' because no interface 'JSX.IntrinsicElements' exists.
docs/examples/practice-admin/step-2.tsx(104,13): error TS17004: Cannot use JSX unless the '--jsx' flag is provided.
docs/examples/practice-admin/step-2.tsx(105,17): error TS17004: Cannot use JSX unless the '--jsx' flag is provided.
docs/examples/practice-admin/step-2.tsx(116,21): error TS17004: Cannot use JSX unless the '--jsx' flag is provided.
docs/examples/practice-admin/step-2.tsx(118,13): error TS7026: JSX element implicitly has type 'any' because no interface 'JSX.IntrinsicElements' exists.
docs/examples/practice-admin/step-2.tsx(119,9): error TS7026: JSX element implicitly has type 'any' because no interface 'JSX.IntrinsicElements' exists.
docs/examples/practice-admin/step-3.tsx(1,33): error TS2307: Cannot find module 'react' or its corresponding type declarations.
docs/examples/practice-admin/step-3.tsx(2,21): error TS2307: Cannot find module '@crab-dev/css' or its corresponding type declarations.
docs/examples/practice-admin/step-3.tsx(3,19): error TS2307: Cannot find module '@crab-dev/rc-token-semantic' or its corresponding type declarations.
docs/examples/practice-admin/step-3.tsx(7,8): error TS2307: Cannot find module '@crab-dev/rc-app-main-layout' or its corresponding type declarations.
docs/examples/practice-admin/step-3.tsx(8,30): error TS2307: Cannot find module '@crab-dev/rc-menu' or its corresponding type declarations.
docs/examples/practice-admin/step-3.tsx(9,18): error TS2307: Cannot find module '@crab-dev/rc-card' or its corresponding type declarations.
docs/examples/practice-admin/step-3.tsx(10,20): error TS2307: Cannot find module '@crab-dev/rc-button' or its corresponding type declarations.
docs/examples/practice-admin/step-3.tsx(11,20): error TS2307: Cannot find module '@crab-dev/rc-drawer' or its corresponding type declarations.
docs/examples/practice-admin/step-3.tsx(12,22): error TS2307: Cannot find module '@crab-dev/rc-line-edit' or its corresponding type declarations.
docs/examples/practice-admin/step-3.tsx(33,9): error TS17004: Cannot use JSX unless the '--jsx' flag is provided.
docs/examples/practice-admin/step-3.tsx(34,13): error TS7026: JSX element implicitly has type 'any' because no interface 'JSX.IntrinsicElements' exists.
docs/examples/practice-admin/step-3.tsx(34,13): error TS17004: Cannot use JSX unless the '--jsx' flag is provided.
docs/examples/practice-admin/step-3.tsx(34,31): error TS7026: JSX element implicitly has type 'any' because no interface 'JSX.IntrinsicElements' exists.
docs/examples/practice-admin/step-3.tsx(35,13): error TS7026: JSX element implicitly has type 'any' because no interface 'JSX.IntrinsicElements' exists.
docs/examples/practice-admin/step-3.tsx(35,13): error TS17004: Cannot use JSX unless the '--jsx' flag is provided.
docs/examples/practice-admin/step-3.tsx(35,32): error TS7026: JSX element implicitly has type 'any' because no interface 'JSX.IntrinsicElements' exists.
docs/examples/practice-admin/step-3.tsx(36,13): error TS17004: Cannot use JSX unless the '--jsx' flag is provided.
docs/examples/practice-admin/step-3.tsx(42,35): error TS17004: Cannot use JSX unless the '--jsx' flag is provided.
docs/examples/practice-admin/step-3.tsx(52,18): error TS17004: Cannot use JSX unless the '--jsx' flag is provided.
docs/examples/practice-admin/step-3.tsx(63,9): error TS17004: Cannot use JSX unless the '--jsx' flag is provided.
docs/examples/practice-admin/step-3.tsx(77,31): error TS17004: Cannot use JSX unless the '--jsx' flag is provided.
docs/examples/practice-admin/step-3.tsx(85,31): error TS17004: Cannot use JSX unless the '--jsx' flag is provided.
docs/examples/practice-admin/step-3.tsx(95,31): error TS17004: Cannot use JSX unless the '--jsx' flag is provided.
docs/examples/practice-admin/step-3.tsx(120,9): error TS7026: JSX element implicitly has type 'any' because no interface 'JSX.IntrinsicElements' exists.
docs/examples/practice-admin/step-3.tsx(120,9): error TS17004: Cannot use JSX unless the '--jsx' flag is provided.
docs/examples/practice-admin/step-3.tsx(121,26): error TS7006: Parameter 'person' implicitly has an 'any' type.
docs/examples/practice-admin/step-3.tsx(122,17): error TS17004: Cannot use JSX unless the '--jsx' flag is provided.
docs/examples/practice-admin/step-3.tsx(126,25): error TS17004: Cannot use JSX unless the '--jsx' flag is provided.
docs/examples/practice-admin/step-3.tsx(139,13): error TS7026: JSX element implicitly has type 'any' because no interface 'JSX.IntrinsicElements' exists.
docs/examples/practice-admin/step-3.tsx(139,13): error TS17004: Cannot use JSX unless the '--jsx' flag is provided.
docs/examples/practice-admin/step-3.tsx(139,47): error TS7026: JSX element implicitly has type 'any' because no interface 'JSX.IntrinsicElements' exists.
docs/examples/practice-admin/step-3.tsx(140,13): error TS17004: Cannot use JSX unless the '--jsx' flag is provided.
docs/examples/practice-admin/step-3.tsx(143,32): error TS7006: Parameter 'open' implicitly has an 'any' type.
docs/examples/practice-admin/step-3.tsx(147,17): error TS7026: JSX element implicitly has type 'any' because no interface 'JSX.IntrinsicElements' exists.
docs/examples/practice-admin/step-3.tsx(147,17): error TS17004: Cannot use JSX unless the '--jsx' flag is provided.
docs/examples/practice-admin/step-3.tsx(148,21): error TS7026: JSX element implicitly has type 'any' because no interface 'JSX.IntrinsicElements' exists.
docs/examples/practice-admin/step-3.tsx(148,21): error TS17004: Cannot use JSX unless the '--jsx' flag is provided.
docs/examples/practice-admin/step-3.tsx(150,25): error TS17004: Cannot use JSX unless the '--jsx' flag is provided.
docs/examples/practice-admin/step-3.tsx(153,40): error TS7006: Parameter 'event' implicitly has an 'any' type.
docs/examples/practice-admin/step-3.tsx(156,21): error TS7026: JSX element implicitly has type 'any' because no interface 'JSX.IntrinsicElements' exists.
docs/examples/practice-admin/step-3.tsx(157,21): error TS7026: JSX element implicitly has type 'any' because no interface 'JSX.IntrinsicElements' exists.
docs/examples/practice-admin/step-3.tsx(157,21): error TS17004: Cannot use JSX unless the '--jsx' flag is provided.
docs/examples/practice-admin/step-3.tsx(161,21): error TS7026: JSX element implicitly has type 'any' because no interface 'JSX.IntrinsicElements' exists.
docs/examples/practice-admin/step-3.tsx(162,21): error TS17004: Cannot use JSX unless the '--jsx' flag is provided.
docs/examples/practice-admin/step-3.tsx(167,40): error TS7006: Parameter 'current' implicitly has an 'any' type.
docs/examples/practice-admin/step-3.tsx(168,46): error TS7006: Parameter 'person' implicitly has an 'any' type.
docs/examples/practice-admin/step-3.tsx(183,17): error TS7026: JSX element implicitly has type 'any' because no interface 'JSX.IntrinsicElements' exists.
docs/examples/practice-admin/step-3.tsx(185,9): error TS7026: JSX element implicitly has type 'any' because no interface 'JSX.IntrinsicElements' exists.
docs/examples/practice-admin/step-3.tsx(190,9): error TS7026: JSX element implicitly has type 'any' because no interface 'JSX.IntrinsicElements' exists.
docs/examples/practice-admin/step-3.tsx(190,9): error TS17004: Cannot use JSX unless the '--jsx' flag is provided.
docs/examples/practice-admin/step-3.tsx(191,13): error TS7026: JSX element implicitly has type 'any' because no interface 'JSX.IntrinsicElements' exists.
docs/examples/practice-admin/step-3.tsx(191,13): error TS17004: Cannot use JSX unless the '--jsx' flag is provided.
docs/examples/practice-admin/step-3.tsx(191,34): error TS7026: JSX element implicitly has type 'any' because no interface 'JSX.IntrinsicElements' exists.
docs/examples/practice-admin/step-3.tsx(192,13): error TS7026: JSX element implicitly has type 'any' because no interface 'JSX.IntrinsicElements' exists.
docs/examples/practice-admin/step-3.tsx(192,13): error TS17004: Cannot use JSX unless the '--jsx' flag is provided.
docs/examples/practice-admin/step-3.tsx(193,17): error TS17004: Cannot use JSX unless the '--jsx' flag is provided.
docs/examples/practice-admin/step-3.tsx(204,21): error TS17004: Cannot use JSX unless the '--jsx' flag is provided.
docs/examples/practice-admin/step-3.tsx(206,13): error TS7026: JSX element implicitly has type 'any' because no interface 'JSX.IntrinsicElements' exists.
docs/examples/practice-admin/step-3.tsx(207,9): error TS7026: JSX element implicitly has type 'any' because no interface 'JSX.IntrinsicElements' exists.
docs/examples/practice-admin/step-4.tsx(1,33): error TS2307: Cannot find module 'react' or its corresponding type declarations.
docs/examples/practice-admin/step-4.tsx(2,21): error TS2307: Cannot find module '@crab-dev/css' or its corresponding type declarations.
docs/examples/practice-admin/step-4.tsx(3,19): error TS2307: Cannot find module '@crab-dev/rc-token-semantic' or its corresponding type declarations.
docs/examples/practice-admin/step-4.tsx(7,8): error TS2307: Cannot find module '@crab-dev/rc-app-main-layout' or its corresponding type declarations.
docs/examples/practice-admin/step-4.tsx(8,30): error TS2307: Cannot find module '@crab-dev/rc-menu' or its corresponding type declarations.
docs/examples/practice-admin/step-4.tsx(9,18): error TS2307: Cannot find module '@crab-dev/rc-card' or its corresponding type declarations.
docs/examples/practice-admin/step-4.tsx(10,20): error TS2307: Cannot find module '@crab-dev/rc-button' or its corresponding type declarations.
docs/examples/practice-admin/step-4.tsx(11,20): error TS2307: Cannot find module '@crab-dev/rc-drawer' or its corresponding type declarations.
docs/examples/practice-admin/step-4.tsx(12,22): error TS2307: Cannot find module '@crab-dev/rc-line-edit' or its corresponding type declarations.
docs/examples/practice-admin/step-4.tsx(43,9): error TS17004: Cannot use JSX unless the '--jsx' flag is provided.
docs/examples/practice-admin/step-4.tsx(44,13): error TS7026: JSX element implicitly has type 'any' because no interface 'JSX.IntrinsicElements' exists.
docs/examples/practice-admin/step-4.tsx(44,13): error TS17004: Cannot use JSX unless the '--jsx' flag is provided.
docs/examples/practice-admin/step-4.tsx(44,31): error TS7026: JSX element implicitly has type 'any' because no interface 'JSX.IntrinsicElements' exists.
docs/examples/practice-admin/step-4.tsx(45,13): error TS7026: JSX element implicitly has type 'any' because no interface 'JSX.IntrinsicElements' exists.
docs/examples/practice-admin/step-4.tsx(45,13): error TS17004: Cannot use JSX unless the '--jsx' flag is provided.
docs/examples/practice-admin/step-4.tsx(45,32): error TS7026: JSX element implicitly has type 'any' because no interface 'JSX.IntrinsicElements' exists.
docs/examples/practice-admin/step-4.tsx(46,13): error TS17004: Cannot use JSX unless the '--jsx' flag is provided.
docs/examples/practice-admin/step-4.tsx(52,35): error TS17004: Cannot use JSX unless the '--jsx' flag is provided.
docs/examples/practice-admin/step-4.tsx(62,18): error TS17004: Cannot use JSX unless the '--jsx' flag is provided.
docs/examples/practice-admin/step-4.tsx(73,9): error TS17004: Cannot use JSX unless the '--jsx' flag is provided.
docs/examples/practice-admin/step-4.tsx(87,31): error TS17004: Cannot use JSX unless the '--jsx' flag is provided.
docs/examples/practice-admin/step-4.tsx(95,31): error TS17004: Cannot use JSX unless the '--jsx' flag is provided.
docs/examples/practice-admin/step-4.tsx(105,31): error TS17004: Cannot use JSX unless the '--jsx' flag is provided.
docs/examples/practice-admin/step-4.tsx(130,9): error TS7026: JSX element implicitly has type 'any' because no interface 'JSX.IntrinsicElements' exists.
docs/examples/practice-admin/step-4.tsx(130,9): error TS17004: Cannot use JSX unless the '--jsx' flag is provided.
docs/examples/practice-admin/step-4.tsx(131,26): error TS7006: Parameter 'person' implicitly has an 'any' type.
docs/examples/practice-admin/step-4.tsx(132,17): error TS17004: Cannot use JSX unless the '--jsx' flag is provided.
docs/examples/practice-admin/step-4.tsx(136,25): error TS17004: Cannot use JSX unless the '--jsx' flag is provided.
docs/examples/practice-admin/step-4.tsx(149,13): error TS7026: JSX element implicitly has type 'any' because no interface 'JSX.IntrinsicElements' exists.
docs/examples/practice-admin/step-4.tsx(149,13): error TS17004: Cannot use JSX unless the '--jsx' flag is provided.
docs/examples/practice-admin/step-4.tsx(149,47): error TS7026: JSX element implicitly has type 'any' because no interface 'JSX.IntrinsicElements' exists.
docs/examples/practice-admin/step-4.tsx(150,13): error TS17004: Cannot use JSX unless the '--jsx' flag is provided.
docs/examples/practice-admin/step-4.tsx(153,32): error TS7006: Parameter 'open' implicitly has an 'any' type.
docs/examples/practice-admin/step-4.tsx(157,17): error TS7026: JSX element implicitly has type 'any' because no interface 'JSX.IntrinsicElements' exists.
docs/examples/practice-admin/step-4.tsx(157,17): error TS17004: Cannot use JSX unless the '--jsx' flag is provided.
docs/examples/practice-admin/step-4.tsx(158,21): error TS7026: JSX element implicitly has type 'any' because no interface 'JSX.IntrinsicElements' exists.
docs/examples/practice-admin/step-4.tsx(158,21): error TS17004: Cannot use JSX unless the '--jsx' flag is provided.
docs/examples/practice-admin/step-4.tsx(160,25): error TS17004: Cannot use JSX unless the '--jsx' flag is provided.
docs/examples/practice-admin/step-4.tsx(163,40): error TS7006: Parameter 'event' implicitly has an 'any' type.
docs/examples/practice-admin/step-4.tsx(166,21): error TS7026: JSX element implicitly has type 'any' because no interface 'JSX.IntrinsicElements' exists.
docs/examples/practice-admin/step-4.tsx(167,21): error TS7026: JSX element implicitly has type 'any' because no interface 'JSX.IntrinsicElements' exists.
docs/examples/practice-admin/step-4.tsx(167,21): error TS17004: Cannot use JSX unless the '--jsx' flag is provided.
docs/examples/practice-admin/step-4.tsx(171,21): error TS7026: JSX element implicitly has type 'any' because no interface 'JSX.IntrinsicElements' exists.
docs/examples/practice-admin/step-4.tsx(172,21): error TS17004: Cannot use JSX unless the '--jsx' flag is provided.
docs/examples/practice-admin/step-4.tsx(177,40): error TS7006: Parameter 'current' implicitly has an 'any' type.
docs/examples/practice-admin/step-4.tsx(178,46): error TS7006: Parameter 'person' implicitly has an 'any' type.
docs/examples/practice-admin/step-4.tsx(193,17): error TS7026: JSX element implicitly has type 'any' because no interface 'JSX.IntrinsicElements' exists.
docs/examples/practice-admin/step-4.tsx(195,9): error TS7026: JSX element implicitly has type 'any' because no interface 'JSX.IntrinsicElements' exists.
docs/examples/practice-admin/step-4.tsx(200,9): error TS7026: JSX element implicitly has type 'any' because no interface 'JSX.IntrinsicElements' exists.
docs/examples/practice-admin/step-4.tsx(200,9): error TS17004: Cannot use JSX unless the '--jsx' flag is provided.
docs/examples/practice-admin/step-4.tsx(201,13): error TS7026: JSX element implicitly has type 'any' because no interface 'JSX.IntrinsicElements' exists.
docs/examples/practice-admin/step-4.tsx(201,13): error TS17004: Cannot use JSX unless the '--jsx' flag is provided.
docs/examples/practice-admin/step-4.tsx(201,34): error TS7026: JSX element implicitly has type 'any' because no interface 'JSX.IntrinsicElements' exists.
docs/examples/practice-admin/step-4.tsx(202,13): error TS7026: JSX element implicitly has type 'any' because no interface 'JSX.IntrinsicElements' exists.
docs/examples/practice-admin/step-4.tsx(202,13): error TS17004: Cannot use JSX unless the '--jsx' flag is provided.
docs/examples/practice-admin/step-4.tsx(203,17): error TS17004: Cannot use JSX unless the '--jsx' flag is provided.
docs/examples/practice-admin/step-4.tsx(214,21): error TS17004: Cannot use JSX unless the '--jsx' flag is provided.
docs/examples/practice-admin/step-4.tsx(216,13): error TS7026: JSX element implicitly has type 'any' because no interface 'JSX.IntrinsicElements' exists.
docs/examples/practice-admin/step-4.tsx(217,9): error TS7026: JSX element implicitly has type 'any' because no interface 'JSX.IntrinsicElements' exists.
docs/examples/practice-data/step-1.tsx(1,21): error TS2307: Cannot find module '@crab-dev/css' or its corresponding type declarations.
docs/examples/practice-data/step-1.tsx(2,19): error TS2307: Cannot find module '@crab-dev/rc-token-semantic' or its corresponding type declarations.
docs/examples/practice-data/step-1.tsx(3,50): error TS2307: Cannot find module '@crab-dev/rc-table' or its corresponding type declarations.
docs/examples/practice-data/step-1.tsx(4,23): error TS2307: Cannot find module '@crab-dev/rc-auto-sizer' or its corresponding type declarations.
docs/examples/practice-data/step-1.tsx(46,20): error TS7031: Binding element 'row' implicitly has an 'any' type.
docs/examples/practice-data/step-1.tsx(57,9): error TS7026: JSX element implicitly has type 'any' because no interface 'JSX.IntrinsicElements' exists.
docs/examples/practice-data/step-1.tsx(57,9): error TS17004: Cannot use JSX unless the '--jsx' flag is provided.
docs/examples/practice-data/step-1.tsx(58,13): error TS7026: JSX element implicitly has type 'any' because no interface 'JSX.IntrinsicElements' exists.
docs/examples/practice-data/step-1.tsx(58,13): error TS17004: Cannot use JSX unless the '--jsx' flag is provided.
docs/examples/practice-data/step-1.tsx(58,44): error TS7026: JSX element implicitly has type 'any' because no interface 'JSX.IntrinsicElements' exists.
docs/examples/practice-data/step-1.tsx(59,13): error TS7026: JSX element implicitly has type 'any' because no interface 'JSX.IntrinsicElements' exists.
docs/examples/practice-data/step-1.tsx(59,13): error TS17004: Cannot use JSX unless the '--jsx' flag is provided.
docs/examples/practice-data/step-1.tsx(60,17): error TS17004: Cannot use JSX unless the '--jsx' flag is provided.
docs/examples/practice-data/step-1.tsx(61,25): error TS7031: Binding element 'width' implicitly has an 'any' type.
docs/examples/practice-data/step-1.tsx(61,32): error TS7031: Binding element 'height' implicitly has an 'any' type.
docs/examples/practice-data/step-1.tsx(62,25): error TS17004: Cannot use JSX unless the '--jsx' flag is provided.
docs/examples/practice-data/step-1.tsx(71,13): error TS7026: JSX element implicitly has type 'any' because no interface 'JSX.IntrinsicElements' exists.
docs/examples/practice-data/step-1.tsx(72,9): error TS7026: JSX element implicitly has type 'any' because no interface 'JSX.IntrinsicElements' exists.
docs/examples/practice-data/step-2.tsx(1,26): error TS2307: Cannot find module 'react' or its corresponding type declarations.
docs/examples/practice-data/step-2.tsx(2,21): error TS2307: Cannot find module '@crab-dev/css' or its corresponding type declarations.
docs/examples/practice-data/step-2.tsx(3,19): error TS2307: Cannot find module '@crab-dev/rc-token-semantic' or its corresponding type declarations.
docs/examples/practice-data/step-2.tsx(4,50): error TS2307: Cannot find module '@crab-dev/rc-table' or its corresponding type declarations.
docs/examples/practice-data/step-2.tsx(5,23): error TS2307: Cannot find module '@crab-dev/rc-auto-sizer' or its corresponding type declarations.
docs/examples/practice-data/step-2.tsx(6,22): error TS2307: Cannot find module '@crab-dev/rc-line-edit' or its corresponding type declarations.
docs/examples/practice-data/step-2.tsx(7,20): error TS2307: Cannot find module '@crab-dev/rc-select' or its corresponding type declarations.
docs/examples/practice-data/step-2.tsx(51,20): error TS7031: Binding element 'row' implicitly has an 'any' type.
docs/examples/practice-data/step-2.tsx(68,9): error TS7026: JSX element implicitly has type 'any' because no interface 'JSX.IntrinsicElements' exists.
docs/examples/practice-data/step-2.tsx(68,9): error TS17004: Cannot use JSX unless the '--jsx' flag is provided.
docs/examples/practice-data/step-2.tsx(69,13): error TS7026: JSX element implicitly has type 'any' because no interface 'JSX.IntrinsicElements' exists.
docs/examples/practice-data/step-2.tsx(69,13): error TS17004: Cannot use JSX unless the '--jsx' flag is provided.
docs/examples/practice-data/step-2.tsx(71,17): error TS17004: Cannot use JSX unless the '--jsx' flag is provided.
docs/examples/practice-data/step-2.tsx(73,32): error TS7006: Parameter 'event' implicitly has an 'any' type.
docs/examples/practice-data/step-2.tsx(79,13): error TS7026: JSX element implicitly has type 'any' because no interface 'JSX.IntrinsicElements' exists.
docs/examples/practice-data/step-2.tsx(80,13): error TS7026: JSX element implicitly has type 'any' because no interface 'JSX.IntrinsicElements' exists.
docs/examples/practice-data/step-2.tsx(80,13): error TS17004: Cannot use JSX unless the '--jsx' flag is provided.
docs/examples/practice-data/step-2.tsx(82,17): error TS17004: Cannot use JSX unless the '--jsx' flag is provided.
docs/examples/practice-data/step-2.tsx(84,32): error TS7006: Parameter 'value' implicitly has an 'any' type.
docs/examples/practice-data/step-2.tsx(102,13): error TS7026: JSX element implicitly has type 'any' because no interface 'JSX.IntrinsicElements' exists.
docs/examples/practice-data/step-2.tsx(104,13): error TS7026: JSX element implicitly has type 'any' because no interface 'JSX.IntrinsicElements' exists.
docs/examples/practice-data/step-2.tsx(104,13): error TS17004: Cannot use JSX unless the '--jsx' flag is provided.
docs/examples/practice-data/step-2.tsx(104,44): error TS7026: JSX element implicitly has type 'any' because no interface 'JSX.IntrinsicElements' exists.
docs/examples/practice-data/step-2.tsx(105,13): error TS7026: JSX element implicitly has type 'any' because no interface 'JSX.IntrinsicElements' exists.
docs/examples/practice-data/step-2.tsx(105,13): error TS17004: Cannot use JSX unless the '--jsx' flag is provided.
docs/examples/practice-data/step-2.tsx(106,17): error TS17004: Cannot use JSX unless the '--jsx' flag is provided.
docs/examples/practice-data/step-2.tsx(107,25): error TS7031: Binding element 'width' implicitly has an 'any' type.
docs/examples/practice-data/step-2.tsx(107,32): error TS7031: Binding element 'height' implicitly has an 'any' type.
docs/examples/practice-data/step-2.tsx(108,25): error TS17004: Cannot use JSX unless the '--jsx' flag is provided.
docs/examples/practice-data/step-2.tsx(117,13): error TS7026: JSX element implicitly has type 'any' because no interface 'JSX.IntrinsicElements' exists.
docs/examples/practice-data/step-2.tsx(118,9): error TS7026: JSX element implicitly has type 'any' because no interface 'JSX.IntrinsicElements' exists.
docs/examples/practice-data/step-3.tsx(1,26): error TS2307: Cannot find module 'react' or its corresponding type declarations.
docs/examples/practice-data/step-3.tsx(2,21): error TS2307: Cannot find module '@crab-dev/css' or its corresponding type declarations.
docs/examples/practice-data/step-3.tsx(3,19): error TS2307: Cannot find module '@crab-dev/rc-token-semantic' or its corresponding type declarations.
docs/examples/practice-data/step-3.tsx(4,50): error TS2307: Cannot find module '@crab-dev/rc-table' or its corresponding type declarations.
docs/examples/practice-data/step-3.tsx(5,23): error TS2307: Cannot find module '@crab-dev/rc-auto-sizer' or its corresponding type declarations.
docs/examples/practice-data/step-3.tsx(6,22): error TS2307: Cannot find module '@crab-dev/rc-line-edit' or its corresponding type declarations.
docs/examples/practice-data/step-3.tsx(7,20): error TS2307: Cannot find module '@crab-dev/rc-select' or its corresponding type declarations.
docs/examples/practice-data/step-3.tsx(8,24): error TS2307: Cannot find module '@crab-dev/rc-pagination' or its corresponding type declarations.
docs/examples/practice-data/step-3.tsx(53,20): error TS7031: Binding element 'row' implicitly has an 'any' type.
docs/examples/practice-data/step-3.tsx(71,9): error TS7026: JSX element implicitly has type 'any' because no interface 'JSX.IntrinsicElements' exists.
docs/examples/practice-data/step-3.tsx(71,9): error TS17004: Cannot use JSX unless the '--jsx' flag is provided.
docs/examples/practice-data/step-3.tsx(72,13): error TS7026: JSX element implicitly has type 'any' because no interface 'JSX.IntrinsicElements' exists.
docs/examples/practice-data/step-3.tsx(72,13): error TS17004: Cannot use JSX unless the '--jsx' flag is provided.
docs/examples/practice-data/step-3.tsx(74,17): error TS17004: Cannot use JSX unless the '--jsx' flag is provided.
docs/examples/practice-data/step-3.tsx(76,32): error TS7006: Parameter 'event' implicitly has an 'any' type.
docs/examples/practice-data/step-3.tsx(83,13): error TS7026: JSX element implicitly has type 'any' because no interface 'JSX.IntrinsicElements' exists.
docs/examples/practice-data/step-3.tsx(84,13): error TS7026: JSX element implicitly has type 'any' because no interface 'JSX.IntrinsicElements' exists.
docs/examples/practice-data/step-3.tsx(84,13): error TS17004: Cannot use JSX unless the '--jsx' flag is provided.
docs/examples/practice-data/step-3.tsx(86,17): error TS17004: Cannot use JSX unless the '--jsx' flag is provided.
docs/examples/practice-data/step-3.tsx(88,32): error TS7006: Parameter 'value' implicitly has an 'any' type.
docs/examples/practice-data/step-3.tsx(107,13): error TS7026: JSX element implicitly has type 'any' because no interface 'JSX.IntrinsicElements' exists.
docs/examples/practice-data/step-3.tsx(109,13): error TS7026: JSX element implicitly has type 'any' because no interface 'JSX.IntrinsicElements' exists.
docs/examples/practice-data/step-3.tsx(109,13): error TS17004: Cannot use JSX unless the '--jsx' flag is provided.
docs/examples/practice-data/step-3.tsx(109,44): error TS7026: JSX element implicitly has type 'any' because no interface 'JSX.IntrinsicElements' exists.
docs/examples/practice-data/step-3.tsx(110,13): error TS7026: JSX element implicitly has type 'any' because no interface 'JSX.IntrinsicElements' exists.
docs/examples/practice-data/step-3.tsx(110,13): error TS17004: Cannot use JSX unless the '--jsx' flag is provided.
docs/examples/practice-data/step-3.tsx(111,17): error TS17004: Cannot use JSX unless the '--jsx' flag is provided.
docs/examples/practice-data/step-3.tsx(112,25): error TS7031: Binding element 'width' implicitly has an 'any' type.
docs/examples/practice-data/step-3.tsx(112,32): error TS7031: Binding element 'height' implicitly has an 'any' type.
docs/examples/practice-data/step-3.tsx(113,25): error TS17004: Cannot use JSX unless the '--jsx' flag is provided.
docs/examples/practice-data/step-3.tsx(122,13): error TS7026: JSX element implicitly has type 'any' because no interface 'JSX.IntrinsicElements' exists.
docs/examples/practice-data/step-3.tsx(123,13): error TS17004: Cannot use JSX unless the '--jsx' flag is provided.
docs/examples/practice-data/step-3.tsx(124,9): error TS7026: JSX element implicitly has type 'any' because no interface 'JSX.IntrinsicElements' exists.
docs/examples/practice-data/step-4.tsx(1,41): error TS2307: Cannot find module 'react' or its corresponding type declarations.
docs/examples/practice-data/step-4.tsx(2,21): error TS2307: Cannot find module '@crab-dev/css' or its corresponding type declarations.
docs/examples/practice-data/step-4.tsx(3,19): error TS2307: Cannot find module '@crab-dev/rc-token-semantic' or its corresponding type declarations.
docs/examples/practice-data/step-4.tsx(4,50): error TS2307: Cannot find module '@crab-dev/rc-table' or its corresponding type declarations.
docs/examples/practice-data/step-4.tsx(5,23): error TS2307: Cannot find module '@crab-dev/rc-auto-sizer' or its corresponding type declarations.
docs/examples/practice-data/step-4.tsx(6,22): error TS2307: Cannot find module '@crab-dev/rc-line-edit' or its corresponding type declarations.
docs/examples/practice-data/step-4.tsx(7,20): error TS2307: Cannot find module '@crab-dev/rc-select' or its corresponding type declarations.
docs/examples/practice-data/step-4.tsx(8,24): error TS2307: Cannot find module '@crab-dev/rc-pagination' or its corresponding type declarations.
docs/examples/practice-data/step-4.tsx(9,20): error TS2307: Cannot find module '@crab-dev/rc-button' or its corresponding type declarations.
docs/examples/practice-data/step-4.tsx(10,19): error TS2307: Cannot find module '@crab-dev/rc-empty' or its corresponding type declarations.
docs/examples/practice-data/step-4.tsx(11,19): error TS2307: Cannot find module '@crab-dev/rc-alert' or its corresponding type declarations.
docs/examples/practice-data/step-4.tsx(12,18): error TS2307: Cannot find module '@crab-dev/rc-spin' or its corresponding type declarations.
docs/examples/practice-data/step-4.tsx(61,20): error TS7031: Binding element 'row' implicitly has an 'any' type.
docs/examples/practice-data/step-4.tsx(82,10): error TS7006: Parameter 'row' implicitly has an 'any' type.
docs/examples/practice-data/step-4.tsx(99,9): error TS7026: JSX element implicitly has type 'any' because no interface 'JSX.IntrinsicElements' exists.
docs/examples/practice-data/step-4.tsx(99,9): error TS17004: Cannot use JSX unless the '--jsx' flag is provided.
docs/examples/practice-data/step-4.tsx(100,13): error TS7026: JSX element implicitly has type 'any' because no interface 'JSX.IntrinsicElements' exists.
docs/examples/practice-data/step-4.tsx(100,13): error TS17004: Cannot use JSX unless the '--jsx' flag is provided.
docs/examples/practice-data/step-4.tsx(102,17): error TS17004: Cannot use JSX unless the '--jsx' flag is provided.
docs/examples/practice-data/step-4.tsx(104,32): error TS7006: Parameter 'event' implicitly has an 'any' type.
docs/examples/practice-data/step-4.tsx(112,13): error TS7026: JSX element implicitly has type 'any' because no interface 'JSX.IntrinsicElements' exists.
docs/examples/practice-data/step-4.tsx(113,13): error TS7026: JSX element implicitly has type 'any' because no interface 'JSX.IntrinsicElements' exists.
docs/examples/practice-data/step-4.tsx(113,13): error TS17004: Cannot use JSX unless the '--jsx' flag is provided.
docs/examples/practice-data/step-4.tsx(115,17): error TS17004: Cannot use JSX unless the '--jsx' flag is provided.
docs/examples/practice-data/step-4.tsx(117,32): error TS7006: Parameter 'value' implicitly has an 'any' type.
docs/examples/practice-data/step-4.tsx(137,13): error TS7026: JSX element implicitly has type 'any' because no interface 'JSX.IntrinsicElements' exists.
docs/examples/practice-data/step-4.tsx(138,13): error TS7026: JSX element implicitly has type 'any' because no interface 'JSX.IntrinsicElements' exists.
docs/examples/practice-data/step-4.tsx(138,13): error TS17004: Cannot use JSX unless the '--jsx' flag is provided.
docs/examples/practice-data/step-4.tsx(138,44): error TS7026: JSX element implicitly has type 'any' because no interface 'JSX.IntrinsicElements' exists.
docs/examples/practice-data/step-4.tsx(139,13): error TS7026: JSX element implicitly has type 'any' because no interface 'JSX.IntrinsicElements' exists.
docs/examples/practice-data/step-4.tsx(139,13): error TS17004: Cannot use JSX unless the '--jsx' flag is provided.
docs/examples/practice-data/step-4.tsx(140,17): error TS17004: Cannot use JSX unless the '--jsx' flag is provided.
docs/examples/practice-data/step-4.tsx(143,17): error TS17004: Cannot use JSX unless the '--jsx' flag is provided.
docs/examples/practice-data/step-4.tsx(146,17): error TS17004: Cannot use JSX unless the '--jsx' flag is provided.
docs/examples/practice-data/step-4.tsx(149,13): error TS7026: JSX element implicitly has type 'any' because no interface 'JSX.IntrinsicElements' exists.
docs/examples/practice-data/step-4.tsx(150,13): error TS7026: JSX element implicitly has type 'any' because no interface 'JSX.IntrinsicElements' exists.
docs/examples/practice-data/step-4.tsx(150,13): error TS17004: Cannot use JSX unless the '--jsx' flag is provided.
docs/examples/practice-data/step-4.tsx(151,17): error TS7026: JSX element implicitly has type 'any' because no interface 'JSX.IntrinsicElements' exists.
docs/examples/practice-data/step-4.tsx(151,17): error TS17004: Cannot use JSX unless the '--jsx' flag is provided.
docs/examples/practice-data/step-4.tsx(153,25): error TS17004: Cannot use JSX unless the '--jsx' flag is provided.
docs/examples/practice-data/step-4.tsx(155,25): error TS17004: Cannot use JSX unless the '--jsx' flag is provided.
docs/examples/practice-data/step-4.tsx(158,37): error TS17004: Cannot use JSX unless the '--jsx' flag is provided.
docs/examples/practice-data/step-4.tsx(163,25): error TS17004: Cannot use JSX unless the '--jsx' flag is provided.
docs/examples/practice-data/step-4.tsx(168,17): error TS7026: JSX element implicitly has type 'any' because no interface 'JSX.IntrinsicElements' exists.
docs/examples/practice-data/step-4.tsx(170,21): error TS17004: Cannot use JSX unless the '--jsx' flag is provided.
docs/examples/practice-data/step-4.tsx(171,25): error TS7026: JSX element implicitly has type 'any' because no interface 'JSX.IntrinsicElements' exists.
docs/examples/practice-data/step-4.tsx(171,25): error TS17004: Cannot use JSX unless the '--jsx' flag is provided.
docs/examples/practice-data/step-4.tsx(171,56): error TS7026: JSX element implicitly has type 'any' because no interface 'JSX.IntrinsicElements' exists.
docs/examples/practice-data/step-4.tsx(172,25): error TS7026: JSX element implicitly has type 'any' because no interface 'JSX.IntrinsicElements' exists.
docs/examples/practice-data/step-4.tsx(172,25): error TS17004: Cannot use JSX unless the '--jsx' flag is provided.
docs/examples/practice-data/step-4.tsx(173,29): error TS17004: Cannot use JSX unless the '--jsx' flag is provided.
docs/examples/practice-data/step-4.tsx(174,37): error TS7031: Binding element 'width' implicitly has an 'any' type.
docs/examples/practice-data/step-4.tsx(174,44): error TS7031: Binding element 'height' implicitly has an 'any' type.
docs/examples/practice-data/step-4.tsx(175,37): error TS17004: Cannot use JSX unless the '--jsx' flag is provided.
docs/examples/practice-data/step-4.tsx(184,25): error TS7026: JSX element implicitly has type 'any' because no interface 'JSX.IntrinsicElements' exists.
docs/examples/practice-data/step-4.tsx(185,25): error TS17004: Cannot use JSX unless the '--jsx' flag is provided.
docs/examples/practice-data/step-4.tsx(193,13): error TS7026: JSX element implicitly has type 'any' because no interface 'JSX.IntrinsicElements' exists.
docs/examples/practice-data/step-4.tsx(194,9): error TS7026: JSX element implicitly has type 'any' because no interface 'JSX.IntrinsicElements' exists.
docs/examples/practice-profile/step-1.tsx(1,21): error TS2307: Cannot find module '@crab-dev/css' or its corresponding type declarations.
docs/examples/practice-profile/step-1.tsx(2,19): error TS2307: Cannot find module '@crab-dev/rc-token-semantic' or its corresponding type declarations.
docs/examples/practice-profile/step-1.tsx(3,18): error TS2307: Cannot find module '@crab-dev/rc-card' or its corresponding type declarations.
docs/examples/practice-profile/step-1.tsx(4,18): error TS2307: Cannot find module '@crab-dev/rc-form' or its corresponding type declarations.
docs/examples/practice-profile/step-1.tsx(5,22): error TS2307: Cannot find module '@crab-dev/rc-line-edit' or its corresponding type declarations.
docs/examples/practice-profile/step-1.tsx(16,9): error TS17004: Cannot use JSX unless the '--jsx' flag is provided.
docs/examples/practice-profile/step-1.tsx(17,13): error TS17004: Cannot use JSX unless the '--jsx' flag is provided.
docs/examples/practice-profile/step-1.tsx(18,17): error TS7026: JSX element implicitly has type 'any' because no interface 'JSX.IntrinsicElements' exists.
docs/examples/practice-profile/step-1.tsx(18,17): error TS17004: Cannot use JSX unless the '--jsx' flag is provided.
docs/examples/practice-profile/step-1.tsx(20,21): error TS17004: Cannot use JSX unless the '--jsx' flag is provided.
docs/examples/practice-profile/step-1.tsx(21,17): error TS7026: JSX element implicitly has type 'any' because no interface 'JSX.IntrinsicElements' exists.
docs/examples/practice-profile/step-1.tsx(23,17): error TS7026: JSX element implicitly has type 'any' because no interface 'JSX.IntrinsicElements' exists.
docs/examples/practice-profile/step-1.tsx(23,17): error TS17004: Cannot use JSX unless the '--jsx' flag is provided.
docs/examples/practice-profile/step-1.tsx(25,21): error TS17004: Cannot use JSX unless the '--jsx' flag is provided.
docs/examples/practice-profile/step-1.tsx(26,17): error TS7026: JSX element implicitly has type 'any' because no interface 'JSX.IntrinsicElements' exists.
docs/examples/practice-profile/step-2.tsx(1,26): error TS2307: Cannot find module 'react' or its corresponding type declarations.
docs/examples/practice-profile/step-2.tsx(2,21): error TS2307: Cannot find module '@crab-dev/css' or its corresponding type declarations.
docs/examples/practice-profile/step-2.tsx(3,19): error TS2307: Cannot find module '@crab-dev/rc-token-semantic' or its corresponding type declarations.
docs/examples/practice-profile/step-2.tsx(4,18): error TS2307: Cannot find module '@crab-dev/rc-card' or its corresponding type declarations.
docs/examples/practice-profile/step-2.tsx(5,18): error TS2307: Cannot find module '@crab-dev/rc-form' or its corresponding type declarations.
docs/examples/practice-profile/step-2.tsx(6,22): error TS2307: Cannot find module '@crab-dev/rc-line-edit' or its corresponding type declarations.
docs/examples/practice-profile/step-2.tsx(19,9): error TS17004: Cannot use JSX unless the '--jsx' flag is provided.
docs/examples/practice-profile/step-2.tsx(20,13): error TS17004: Cannot use JSX unless the '--jsx' flag is provided.
docs/examples/practice-profile/step-2.tsx(21,17): error TS7026: JSX element implicitly has type 'any' because no interface 'JSX.IntrinsicElements' exists.
docs/examples/practice-profile/step-2.tsx(21,17): error TS17004: Cannot use JSX unless the '--jsx' flag is provided.
docs/examples/practice-profile/step-2.tsx(23,21): error TS17004: Cannot use JSX unless the '--jsx' flag is provided.
docs/examples/practice-profile/step-2.tsx(25,36): error TS7006: Parameter 'event' implicitly has an 'any' type.
docs/examples/practice-profile/step-2.tsx(28,17): error TS7026: JSX element implicitly has type 'any' because no interface 'JSX.IntrinsicElements' exists.
docs/examples/practice-profile/step-2.tsx(30,17): error TS7026: JSX element implicitly has type 'any' because no interface 'JSX.IntrinsicElements' exists.
docs/examples/practice-profile/step-2.tsx(30,17): error TS17004: Cannot use JSX unless the '--jsx' flag is provided.
docs/examples/practice-profile/step-2.tsx(32,21): error TS17004: Cannot use JSX unless the '--jsx' flag is provided.
docs/examples/practice-profile/step-2.tsx(34,36): error TS7006: Parameter 'event' implicitly has an 'any' type.
docs/examples/practice-profile/step-2.tsx(37,17): error TS7026: JSX element implicitly has type 'any' because no interface 'JSX.IntrinsicElements' exists.
docs/examples/practice-profile/step-2.tsx(39,17): error TS7026: JSX element implicitly has type 'any' because no interface 'JSX.IntrinsicElements' exists.
docs/examples/practice-profile/step-2.tsx(39,17): error TS17004: Cannot use JSX unless the '--jsx' flag is provided.
docs/examples/practice-profile/step-2.tsx(41,17): error TS7026: JSX element implicitly has type 'any' because no interface 'JSX.IntrinsicElements' exists.
docs/examples/practice-profile/step-3.tsx(1,33): error TS2307: Cannot find module 'react' or its corresponding type declarations.
docs/examples/practice-profile/step-3.tsx(2,21): error TS2307: Cannot find module '@crab-dev/css' or its corresponding type declarations.
docs/examples/practice-profile/step-3.tsx(3,19): error TS2307: Cannot find module '@crab-dev/rc-token-semantic' or its corresponding type declarations.
docs/examples/practice-profile/step-3.tsx(4,18): error TS2307: Cannot find module '@crab-dev/rc-card' or its corresponding type declarations.
docs/examples/practice-profile/step-3.tsx(5,18): error TS2307: Cannot find module '@crab-dev/rc-form' or its corresponding type declarations.
docs/examples/practice-profile/step-3.tsx(6,22): error TS2307: Cannot find module '@crab-dev/rc-line-edit' or its corresponding type declarations.
docs/examples/practice-profile/step-3.tsx(7,20): error TS2307: Cannot find module '@crab-dev/rc-button' or its corresponding type declarations.
docs/examples/practice-profile/step-3.tsx(8,19): error TS2307: Cannot find module '@crab-dev/rc-alert' or its corresponding type declarations.
docs/examples/practice-profile/step-3.tsx(36,9): error TS17004: Cannot use JSX unless the '--jsx' flag is provided.
docs/examples/practice-profile/step-3.tsx(37,13): error TS17004: Cannot use JSX unless the '--jsx' flag is provided.
docs/examples/practice-profile/step-3.tsx(47,17): error TS7026: JSX element implicitly has type 'any' because no interface 'JSX.IntrinsicElements' exists.
docs/examples/practice-profile/step-3.tsx(47,17): error TS17004: Cannot use JSX unless the '--jsx' flag is provided.
docs/examples/practice-profile/step-3.tsx(49,21): error TS17004: Cannot use JSX unless the '--jsx' flag is provided.
docs/examples/practice-profile/step-3.tsx(51,36): error TS7006: Parameter 'event' implicitly has an 'any' type.
docs/examples/practice-profile/step-3.tsx(57,17): error TS7026: JSX element implicitly has type 'any' because no interface 'JSX.IntrinsicElements' exists.
docs/examples/practice-profile/step-3.tsx(58,17): error TS7026: JSX element implicitly has type 'any' because no interface 'JSX.IntrinsicElements' exists.
docs/examples/practice-profile/step-3.tsx(58,17): error TS17004: Cannot use JSX unless the '--jsx' flag is provided.
docs/examples/practice-profile/step-3.tsx(60,17): error TS7026: JSX element implicitly has type 'any' because no interface 'JSX.IntrinsicElements' exists.
docs/examples/practice-profile/step-3.tsx(61,17): error TS7026: JSX element implicitly has type 'any' because no interface 'JSX.IntrinsicElements' exists.
docs/examples/practice-profile/step-3.tsx(61,17): error TS17004: Cannot use JSX unless the '--jsx' flag is provided.
docs/examples/practice-profile/step-3.tsx(63,21): error TS17004: Cannot use JSX unless the '--jsx' flag is provided.
docs/examples/practice-profile/step-3.tsx(65,36): error TS7006: Parameter 'event' implicitly has an 'any' type.
docs/examples/practice-profile/step-3.tsx(71,17): error TS7026: JSX element implicitly has type 'any' because no interface 'JSX.IntrinsicElements' exists.
docs/examples/practice-profile/step-3.tsx(72,17): error TS7026: JSX element implicitly has type 'any' because no interface 'JSX.IntrinsicElements' exists.
docs/examples/practice-profile/step-3.tsx(72,17): error TS17004: Cannot use JSX unless the '--jsx' flag is provided.
docs/examples/practice-profile/step-3.tsx(74,17): error TS7026: JSX element implicitly has type 'any' because no interface 'JSX.IntrinsicElements' exists.
docs/examples/practice-profile/step-3.tsx(75,17): error TS7026: JSX element implicitly has type 'any' because no interface 'JSX.IntrinsicElements' exists.
docs/examples/practice-profile/step-3.tsx(75,17): error TS17004: Cannot use JSX unless the '--jsx' flag is provided.
docs/examples/practice-profile/step-3.tsx(77,17): error TS7026: JSX element implicitly has type 'any' because no interface 'JSX.IntrinsicElements' exists.
docs/examples/practice-profile/step-3.tsx(79,17): error TS17004: Cannot use JSX unless the '--jsx' flag is provided.
docs/examples/practice-profile/step-3.tsx(83,13): error TS7026: JSX element implicitly has type 'any' because no interface 'JSX.IntrinsicElements' exists.
docs/examples/practice-profile/step-3.tsx(83,13): error TS17004: Cannot use JSX unless the '--jsx' flag is provided.
docs/examples/practice-profile/step-3.tsx(85,21): error TS17004: Cannot use JSX unless the '--jsx' flag is provided.
docs/examples/practice-profile/step-3.tsx(89,13): error TS7026: JSX element implicitly has type 'any' because no interface 'JSX.IntrinsicElements' exists.
docs/examples/practice-profile/step-4.tsx(1,48): error TS2307: Cannot find module 'react' or its corresponding type declarations.
docs/examples/practice-profile/step-4.tsx(2,21): error TS2307: Cannot find module '@crab-dev/css' or its corresponding type declarations.
docs/examples/practice-profile/step-4.tsx(3,19): error TS2307: Cannot find module '@crab-dev/rc-token-semantic' or its corresponding type declarations.
docs/examples/practice-profile/step-4.tsx(4,18): error TS2307: Cannot find module '@crab-dev/rc-card' or its corresponding type declarations.
docs/examples/practice-profile/step-4.tsx(5,18): error TS2307: Cannot find module '@crab-dev/rc-form' or its corresponding type declarations.
docs/examples/practice-profile/step-4.tsx(6,22): error TS2307: Cannot find module '@crab-dev/rc-line-edit' or its corresponding type declarations.
docs/examples/practice-profile/step-4.tsx(7,20): error TS2307: Cannot find module '@crab-dev/rc-button' or its corresponding type declarations.
docs/examples/practice-profile/step-4.tsx(8,19): error TS2307: Cannot find module '@crab-dev/rc-alert' or its corresponding type declarations.
docs/examples/practice-profile/step-4.tsx(9,20): error TS2307: Cannot find module '@crab-dev/rc-switch' or its corresponding type declarations.
docs/examples/practice-profile/step-4.tsx(53,9): error TS17004: Cannot use JSX unless the '--jsx' flag is provided.
docs/examples/practice-profile/step-4.tsx(54,13): error TS17004: Cannot use JSX unless the '--jsx' flag is provided.
docs/examples/practice-profile/step-4.tsx(80,17): error TS7026: JSX element implicitly has type 'any' because no interface 'JSX.IntrinsicElements' exists.
docs/examples/practice-profile/step-4.tsx(80,17): error TS17004: Cannot use JSX unless the '--jsx' flag is provided.
docs/examples/practice-profile/step-4.tsx(82,21): error TS17004: Cannot use JSX unless the '--jsx' flag is provided.
docs/examples/practice-profile/step-4.tsx(84,36): error TS7006: Parameter 'event' implicitly has an 'any' type.
docs/examples/practice-profile/step-4.tsx(91,17): error TS7026: JSX element implicitly has type 'any' because no interface 'JSX.IntrinsicElements' exists.
docs/examples/practice-profile/step-4.tsx(92,17): error TS7026: JSX element implicitly has type 'any' because no interface 'JSX.IntrinsicElements' exists.
docs/examples/practice-profile/step-4.tsx(92,17): error TS17004: Cannot use JSX unless the '--jsx' flag is provided.
docs/examples/practice-profile/step-4.tsx(94,17): error TS7026: JSX element implicitly has type 'any' because no interface 'JSX.IntrinsicElements' exists.
docs/examples/practice-profile/step-4.tsx(95,17): error TS7026: JSX element implicitly has type 'any' because no interface 'JSX.IntrinsicElements' exists.
docs/examples/practice-profile/step-4.tsx(95,17): error TS17004: Cannot use JSX unless the '--jsx' flag is provided.
docs/examples/practice-profile/step-4.tsx(97,21): error TS17004: Cannot use JSX unless the '--jsx' flag is provided.
docs/examples/practice-profile/step-4.tsx(99,36): error TS7006: Parameter 'event' implicitly has an 'any' type.
docs/examples/practice-profile/step-4.tsx(106,17): error TS7026: JSX element implicitly has type 'any' because no interface 'JSX.IntrinsicElements' exists.
docs/examples/practice-profile/step-4.tsx(107,17): error TS7026: JSX element implicitly has type 'any' because no interface 'JSX.IntrinsicElements' exists.
docs/examples/practice-profile/step-4.tsx(107,17): error TS17004: Cannot use JSX unless the '--jsx' flag is provided.
docs/examples/practice-profile/step-4.tsx(109,17): error TS7026: JSX element implicitly has type 'any' because no interface 'JSX.IntrinsicElements' exists.
docs/examples/practice-profile/step-4.tsx(110,17): error TS7026: JSX element implicitly has type 'any' because no interface 'JSX.IntrinsicElements' exists.
docs/examples/practice-profile/step-4.tsx(110,17): error TS17004: Cannot use JSX unless the '--jsx' flag is provided.
docs/examples/practice-profile/step-4.tsx(112,17): error TS7026: JSX element implicitly has type 'any' because no interface 'JSX.IntrinsicElements' exists.
docs/examples/practice-profile/step-4.tsx(113,17): error TS17004: Cannot use JSX unless the '--jsx' flag is provided.
docs/examples/practice-profile/step-4.tsx(116,17): error TS7026: JSX element implicitly has type 'any' because no interface 'JSX.IntrinsicElements' exists.
docs/examples/practice-profile/step-4.tsx(116,17): error TS17004: Cannot use JSX unless the '--jsx' flag is provided.
docs/examples/practice-profile/step-4.tsx(116,45): error TS7026: JSX element implicitly has type 'any' because no interface 'JSX.IntrinsicElements' exists.
docs/examples/practice-profile/step-4.tsx(117,17): error TS17004: Cannot use JSX unless the '--jsx' flag is provided.
docs/examples/practice-profile/step-4.tsx(121,13): error TS7026: JSX element implicitly has type 'any' because no interface 'JSX.IntrinsicElements' exists.
docs/examples/practice-profile/step-4.tsx(121,13): error TS17004: Cannot use JSX unless the '--jsx' flag is provided.
docs/examples/practice-profile/step-4.tsx(123,21): error TS17004: Cannot use JSX unless the '--jsx' flag is provided.
docs/examples/practice-profile/step-4.tsx(127,13): error TS7026: JSX element implicitly has type 'any' because no interface 'JSX.IntrinsicElements' exists.
docs/examples/rc-alert/step-1.tsx(1,19): error TS2307: Cannot find module '@crab-dev/rc-alert' or its corresponding type declarations.
docs/examples/rc-alert/step-1.tsx(5,9): error TS17004: Cannot use JSX unless the '--jsx' flag is provided.
docs/examples/rc-alert/step-2.tsx(1,26): error TS2307: Cannot find module 'react' or its corresponding type declarations.
docs/examples/rc-alert/step-2.tsx(2,21): error TS2307: Cannot find module '@crab-dev/css' or its corresponding type declarations.
docs/examples/rc-alert/step-2.tsx(3,19): error TS2307: Cannot find module '@crab-dev/rc-token-semantic' or its corresponding type declarations.
docs/examples/rc-alert/step-2.tsx(4,19): error TS2307: Cannot find module '@crab-dev/rc-alert' or its corresponding type declarations.
docs/examples/rc-alert/step-2.tsx(13,9): error TS7026: JSX element implicitly has type 'any' because no interface 'JSX.IntrinsicElements' exists.
docs/examples/rc-alert/step-2.tsx(13,9): error TS17004: Cannot use JSX unless the '--jsx' flag is provided.
docs/examples/rc-alert/step-2.tsx(14,13): error TS17004: Cannot use JSX unless the '--jsx' flag is provided.
docs/examples/rc-alert/step-2.tsx(17,13): error TS7026: JSX element implicitly has type 'any' because no interface 'JSX.IntrinsicElements' exists.
docs/examples/rc-alert/step-2.tsx(17,13): error TS17004: Cannot use JSX unless the '--jsx' flag is provided.
docs/examples/rc-alert/step-2.tsx(17,69): error TS7026: JSX element implicitly has type 'any' because no interface 'JSX.IntrinsicElements' exists.
docs/examples/rc-alert/step-2.tsx(18,9): error TS7026: JSX element implicitly has type 'any' because no interface 'JSX.IntrinsicElements' exists.
docs/examples/rc-app-main-layout/step-1.tsx(1,21): error TS2307: Cannot find module '@crab-dev/css' or its corresponding type declarations.
docs/examples/rc-app-main-layout/step-1.tsx(2,19): error TS2307: Cannot find module '@crab-dev/rc-token-semantic' or its corresponding type declarations.
docs/examples/rc-app-main-layout/step-1.tsx(3,54): error TS2307: Cannot find module '@crab-dev/rc-app-main-layout' or its corresponding type declarations.
docs/examples/rc-app-main-layout/step-1.tsx(13,9): error TS7026: JSX element implicitly has type 'any' because no interface 'JSX.IntrinsicElements' exists.
docs/examples/rc-app-main-layout/step-1.tsx(13,9): error TS17004: Cannot use JSX unless the '--jsx' flag is provided.
docs/examples/rc-app-main-layout/step-1.tsx(14,13): error TS17004: Cannot use JSX unless the '--jsx' flag is provided.
docs/examples/rc-app-main-layout/step-1.tsx(19,35): error TS7026: JSX element implicitly has type 'any' because no interface 'JSX.IntrinsicElements' exists.
docs/examples/rc-app-main-layout/step-1.tsx(19,35): error TS17004: Cannot use JSX unless the '--jsx' flag is provided.
docs/examples/rc-app-main-layout/step-1.tsx(19,48): error TS7026: JSX element implicitly has type 'any' because no interface 'JSX.IntrinsicElements' exists.
docs/examples/rc-app-main-layout/step-1.tsx(24,17): error TS17004: Cannot use JSX unless the '--jsx' flag is provided.
docs/examples/rc-app-main-layout/step-1.tsx(26,9): error TS7026: JSX element implicitly has type 'any' because no interface 'JSX.IntrinsicElements' exists.
docs/examples/rc-app-main-layout/step-2.tsx(1,21): error TS2307: Cannot find module '@crab-dev/css' or its corresponding type declarations.
docs/examples/rc-app-main-layout/step-2.tsx(2,19): error TS2307: Cannot find module '@crab-dev/rc-token-semantic' or its corresponding type declarations.
docs/examples/rc-app-main-layout/step-2.tsx(6,8): error TS2307: Cannot find module '@crab-dev/rc-app-main-layout' or its corresponding type declarations.
docs/examples/rc-app-main-layout/step-2.tsx(7,30): error TS2307: Cannot find module '@crab-dev/rc-menu' or its corresponding type declarations.
docs/examples/rc-app-main-layout/step-2.tsx(25,9): error TS17004: Cannot use JSX unless the '--jsx' flag is provided.
docs/examples/rc-app-main-layout/step-2.tsx(33,31): error TS7026: JSX element implicitly has type 'any' because no interface 'JSX.IntrinsicElements' exists.
docs/examples/rc-app-main-layout/step-2.tsx(33,31): error TS17004: Cannot use JSX unless the '--jsx' flag is provided.
docs/examples/rc-app-main-layout/step-2.tsx(33,41): error TS7026: JSX element implicitly has type 'any' because no interface 'JSX.IntrinsicElements' exists.
docs/examples/rc-app-main-layout/step-2.tsx(42,9): error TS7026: JSX element implicitly has type 'any' because no interface 'JSX.IntrinsicElements' exists.
docs/examples/rc-app-main-layout/step-2.tsx(42,9): error TS17004: Cannot use JSX unless the '--jsx' flag is provided.
docs/examples/rc-app-main-layout/step-2.tsx(43,13): error TS17004: Cannot use JSX unless the '--jsx' flag is provided.
docs/examples/rc-app-main-layout/step-2.tsx(48,35): error TS7026: JSX element implicitly has type 'any' because no interface 'JSX.IntrinsicElements' exists.
docs/examples/rc-app-main-layout/step-2.tsx(48,35): error TS17004: Cannot use JSX unless the '--jsx' flag is provided.
docs/examples/rc-app-main-layout/step-2.tsx(48,48): error TS7026: JSX element implicitly has type 'any' because no interface 'JSX.IntrinsicElements' exists.
docs/examples/rc-app-main-layout/step-2.tsx(53,17): error TS17004: Cannot use JSX unless the '--jsx' flag is provided.
docs/examples/rc-app-main-layout/step-2.tsx(55,9): error TS7026: JSX element implicitly has type 'any' because no interface 'JSX.IntrinsicElements' exists.
docs/examples/rc-auto-sizer/step-1.tsx(1,21): error TS2307: Cannot find module '@crab-dev/css' or its corresponding type declarations.
docs/examples/rc-auto-sizer/step-1.tsx(2,19): error TS2307: Cannot find module '@crab-dev/rc-token-semantic' or its corresponding type declarations.
docs/examples/rc-auto-sizer/step-1.tsx(3,23): error TS2307: Cannot find module '@crab-dev/rc-auto-sizer' or its corresponding type declarations.
docs/examples/rc-auto-sizer/step-1.tsx(10,9): error TS7026: JSX element implicitly has type 'any' because no interface 'JSX.IntrinsicElements' exists.
docs/examples/rc-auto-sizer/step-1.tsx(10,9): error TS17004: Cannot use JSX unless the '--jsx' flag is provided.
docs/examples/rc-auto-sizer/step-1.tsx(11,13): error TS17004: Cannot use JSX unless the '--jsx' flag is provided.
docs/examples/rc-auto-sizer/step-1.tsx(12,21): error TS7031: Binding element 'width' implicitly has an 'any' type.
docs/examples/rc-auto-sizer/step-1.tsx(12,28): error TS7031: Binding element 'height' implicitly has an 'any' type.
docs/examples/rc-auto-sizer/step-1.tsx(13,21): error TS7026: JSX element implicitly has type 'any' because no interface 'JSX.IntrinsicElements' exists.
docs/examples/rc-auto-sizer/step-1.tsx(13,21): error TS17004: Cannot use JSX unless the '--jsx' flag is provided.
docs/examples/rc-auto-sizer/step-1.tsx(15,21): error TS7026: JSX element implicitly has type 'any' because no interface 'JSX.IntrinsicElements' exists.
docs/examples/rc-auto-sizer/step-1.tsx(18,9): error TS7026: JSX element implicitly has type 'any' because no interface 'JSX.IntrinsicElements' exists.
docs/examples/rc-auto-sizer/step-2.tsx(1,26): error TS2307: Cannot find module 'react' or its corresponding type declarations.
docs/examples/rc-auto-sizer/step-2.tsx(2,21): error TS2307: Cannot find module '@crab-dev/css' or its corresponding type declarations.
docs/examples/rc-auto-sizer/step-2.tsx(3,19): error TS2307: Cannot find module '@crab-dev/rc-token-semantic' or its corresponding type declarations.
docs/examples/rc-auto-sizer/step-2.tsx(4,23): error TS2307: Cannot find module '@crab-dev/rc-auto-sizer' or its corresponding type declarations.
docs/examples/rc-auto-sizer/step-2.tsx(5,20): error TS2307: Cannot find module '@crab-dev/rc-button' or its corresponding type declarations.
docs/examples/rc-auto-sizer/step-2.tsx(22,9): error TS7026: JSX element implicitly has type 'any' because no interface 'JSX.IntrinsicElements' exists.
docs/examples/rc-auto-sizer/step-2.tsx(22,9): error TS17004: Cannot use JSX unless the '--jsx' flag is provided.
docs/examples/rc-auto-sizer/step-2.tsx(23,13): error TS17004: Cannot use JSX unless the '--jsx' flag is provided.
docs/examples/rc-auto-sizer/step-2.tsx(23,47): error TS7006: Parameter 'value' implicitly has an 'any' type.
docs/examples/rc-auto-sizer/step-2.tsx(24,13): error TS7026: JSX element implicitly has type 'any' because no interface 'JSX.IntrinsicElements' exists.
docs/examples/rc-auto-sizer/step-2.tsx(24,13): error TS17004: Cannot use JSX unless the '--jsx' flag is provided.
docs/examples/rc-auto-sizer/step-2.tsx(25,17): error TS17004: Cannot use JSX unless the '--jsx' flag is provided.
docs/examples/rc-auto-sizer/step-2.tsx(26,25): error TS7031: Binding element 'width' implicitly has an 'any' type.
docs/examples/rc-auto-sizer/step-2.tsx(26,32): error TS7031: Binding element 'height' implicitly has an 'any' type.
docs/examples/rc-auto-sizer/step-2.tsx(27,25): error TS7026: JSX element implicitly has type 'any' because no interface 'JSX.IntrinsicElements' exists.
docs/examples/rc-auto-sizer/step-2.tsx(27,25): error TS17004: Cannot use JSX unless the '--jsx' flag is provided.
docs/examples/rc-auto-sizer/step-2.tsx(29,25): error TS7026: JSX element implicitly has type 'any' because no interface 'JSX.IntrinsicElements' exists.
docs/examples/rc-auto-sizer/step-2.tsx(32,13): error TS7026: JSX element implicitly has type 'any' because no interface 'JSX.IntrinsicElements' exists.
docs/examples/rc-auto-sizer/step-2.tsx(33,9): error TS7026: JSX element implicitly has type 'any' because no interface 'JSX.IntrinsicElements' exists.
docs/examples/rc-avatar/step-1.tsx(1,21): error TS2307: Cannot find module '@crab-dev/css' or its corresponding type declarations.
docs/examples/rc-avatar/step-1.tsx(2,19): error TS2307: Cannot find module '@crab-dev/rc-token-semantic' or its corresponding type declarations.
docs/examples/rc-avatar/step-1.tsx(3,20): error TS2307: Cannot find module '@crab-dev/rc-avatar' or its corresponding type declarations.
docs/examples/rc-avatar/step-1.tsx(11,9): error TS7026: JSX element implicitly has type 'any' because no interface 'JSX.IntrinsicElements' exists.
docs/examples/rc-avatar/step-1.tsx(11,9): error TS17004: Cannot use JSX unless the '--jsx' flag is provided.
docs/examples/rc-avatar/step-1.tsx(12,13): error TS17004: Cannot use JSX unless the '--jsx' flag is provided.
docs/examples/rc-avatar/step-1.tsx(13,13): error TS7026: JSX element implicitly has type 'any' because no interface 'JSX.IntrinsicElements' exists.
docs/examples/rc-avatar/step-1.tsx(13,13): error TS17004: Cannot use JSX unless the '--jsx' flag is provided.
docs/examples/rc-avatar/step-1.tsx(13,25): error TS7026: JSX element implicitly has type 'any' because no interface 'JSX.IntrinsicElements' exists.
docs/examples/rc-avatar/step-1.tsx(14,9): error TS7026: JSX element implicitly has type 'any' because no interface 'JSX.IntrinsicElements' exists.
docs/examples/rc-avatar/step-2.tsx(1,26): error TS2307: Cannot find module 'react' or its corresponding type declarations.
docs/examples/rc-avatar/step-2.tsx(2,21): error TS2307: Cannot find module '@crab-dev/css' or its corresponding type declarations.
docs/examples/rc-avatar/step-2.tsx(3,19): error TS2307: Cannot find module '@crab-dev/rc-token-semantic' or its corresponding type declarations.
docs/examples/rc-avatar/step-2.tsx(4,20): error TS2307: Cannot find module '@crab-dev/rc-avatar' or its corresponding type declarations.
docs/examples/rc-avatar/step-2.tsx(5,20): error TS2307: Cannot find module '@crab-dev/rc-button' or its corresponding type declarations.
docs/examples/rc-avatar/step-2.tsx(15,9): error TS7026: JSX element implicitly has type 'any' because no interface 'JSX.IntrinsicElements' exists.
docs/examples/rc-avatar/step-2.tsx(15,9): error TS17004: Cannot use JSX unless the '--jsx' flag is provided.
docs/examples/rc-avatar/step-2.tsx(16,13): error TS17004: Cannot use JSX unless the '--jsx' flag is provided.
docs/examples/rc-avatar/step-2.tsx(19,13): error TS17004: Cannot use JSX unless the '--jsx' flag is provided.
docs/examples/rc-avatar/step-2.tsx(19,47): error TS7006: Parameter 'value' implicitly has an 'any' type.
docs/examples/rc-avatar/step-2.tsx(20,9): error TS7026: JSX element implicitly has type 'any' because no interface 'JSX.IntrinsicElements' exists.
docs/examples/rc-badge/step-1.tsx(1,19): error TS2307: Cannot find module '@crab-dev/rc-badge' or its corresponding type declarations.
docs/examples/rc-badge/step-1.tsx(5,9): error TS17004: Cannot use JSX unless the '--jsx' flag is provided.
docs/examples/rc-badge/step-1.tsx(6,13): error TS7026: JSX element implicitly has type 'any' because no interface 'JSX.IntrinsicElements' exists.
docs/examples/rc-badge/step-1.tsx(6,13): error TS17004: Cannot use JSX unless the '--jsx' flag is provided.
docs/examples/rc-badge/step-1.tsx(6,23): error TS7026: JSX element implicitly has type 'any' because no interface 'JSX.IntrinsicElements' exists.
docs/examples/rc-badge/step-2.tsx(1,26): error TS2307: Cannot find module 'react' or its corresponding type declarations.
docs/examples/rc-badge/step-2.tsx(2,21): error TS2307: Cannot find module '@crab-dev/css' or its corresponding type declarations.
docs/examples/rc-badge/step-2.tsx(3,19): error TS2307: Cannot find module '@crab-dev/rc-token-semantic' or its corresponding type declarations.
docs/examples/rc-badge/step-2.tsx(4,19): error TS2307: Cannot find module '@crab-dev/rc-badge' or its corresponding type declarations.
docs/examples/rc-badge/step-2.tsx(5,20): error TS2307: Cannot find module '@crab-dev/rc-button' or its corresponding type declarations.
docs/examples/rc-badge/step-2.tsx(15,9): error TS7026: JSX element implicitly has type 'any' because no interface 'JSX.IntrinsicElements' exists.
docs/examples/rc-badge/step-2.tsx(15,9): error TS17004: Cannot use JSX unless the '--jsx' flag is provided.
docs/examples/rc-badge/step-2.tsx(16,13): error TS17004: Cannot use JSX unless the '--jsx' flag is provided.
docs/examples/rc-badge/step-2.tsx(17,17): error TS7026: JSX element implicitly has type 'any' because no interface 'JSX.IntrinsicElements' exists.
docs/examples/rc-badge/step-2.tsx(17,17): error TS17004: Cannot use JSX unless the '--jsx' flag is provided.
docs/examples/rc-badge/step-2.tsx(17,27): error TS7026: JSX element implicitly has type 'any' because no interface 'JSX.IntrinsicElements' exists.
docs/examples/rc-badge/step-2.tsx(19,13): error TS17004: Cannot use JSX unless the '--jsx' flag is provided.
docs/examples/rc-badge/step-2.tsx(21,42): error TS7006: Parameter 'value' implicitly has an 'any' type.
docs/examples/rc-badge/step-2.tsx(25,13): error TS7026: JSX element implicitly has type 'any' because no interface 'JSX.IntrinsicElements' exists.
docs/examples/rc-badge/step-2.tsx(25,13): error TS17004: Cannot use JSX unless the '--jsx' flag is provided.
docs/examples/rc-badge/step-2.tsx(25,54): error TS7026: JSX element implicitly has type 'any' because no interface 'JSX.IntrinsicElements' exists.
docs/examples/rc-badge/step-2.tsx(26,9): error TS7026: JSX element implicitly has type 'any' because no interface 'JSX.IntrinsicElements' exists.
docs/examples/rc-bar-chart/step-1.tsx(1,21): error TS2307: Cannot find module '@crab-dev/css' or its corresponding type declarations.
docs/examples/rc-bar-chart/step-1.tsx(2,19): error TS2307: Cannot find module '@crab-dev/rc-token-semantic' or its corresponding type declarations.
docs/examples/rc-bar-chart/step-1.tsx(3,22): error TS2307: Cannot find module '@crab-dev/rc-bar-chart' or its corresponding type declarations.
docs/examples/rc-bar-chart/step-1.tsx(11,9): error TS7026: JSX element implicitly has type 'any' because no interface 'JSX.IntrinsicElements' exists.
docs/examples/rc-bar-chart/step-1.tsx(11,9): error TS17004: Cannot use JSX unless the '--jsx' flag is provided.
docs/examples/rc-bar-chart/step-1.tsx(12,13): error TS17004: Cannot use JSX unless the '--jsx' flag is provided.
docs/examples/rc-bar-chart/step-1.tsx(24,13): error TS7026: JSX element implicitly has type 'any' because no interface 'JSX.IntrinsicElements' exists.
docs/examples/rc-bar-chart/step-1.tsx(24,13): error TS17004: Cannot use JSX unless the '--jsx' flag is provided.
docs/examples/rc-bar-chart/step-1.tsx(24,38): error TS7026: JSX element implicitly has type 'any' because no interface 'JSX.IntrinsicElements' exists.
docs/examples/rc-bar-chart/step-1.tsx(25,9): error TS7026: JSX element implicitly has type 'any' because no interface 'JSX.IntrinsicElements' exists.
docs/examples/rc-bar-chart/step-2.tsx(1,26): error TS2307: Cannot find module 'react' or its corresponding type declarations.
docs/examples/rc-bar-chart/step-2.tsx(2,21): error TS2307: Cannot find module '@crab-dev/css' or its corresponding type declarations.
docs/examples/rc-bar-chart/step-2.tsx(3,19): error TS2307: Cannot find module '@crab-dev/rc-token-semantic' or its corresponding type declarations.
docs/examples/rc-bar-chart/step-2.tsx(4,22): error TS2307: Cannot find module '@crab-dev/rc-bar-chart' or its corresponding type declarations.
docs/examples/rc-bar-chart/step-2.tsx(5,20): error TS2307: Cannot find module '@crab-dev/rc-button' or its corresponding type declarations.
docs/examples/rc-bar-chart/step-2.tsx(15,9): error TS7026: JSX element implicitly has type 'any' because no interface 'JSX.IntrinsicElements' exists.
docs/examples/rc-bar-chart/step-2.tsx(15,9): error TS17004: Cannot use JSX unless the '--jsx' flag is provided.
docs/examples/rc-bar-chart/step-2.tsx(16,13): error TS17004: Cannot use JSX unless the '--jsx' flag is provided.
docs/examples/rc-bar-chart/step-2.tsx(16,48): error TS7006: Parameter 'value' implicitly has an 'any' type.
docs/examples/rc-bar-chart/step-2.tsx(19,13): error TS17004: Cannot use JSX unless the '--jsx' flag is provided.
docs/examples/rc-bar-chart/step-2.tsx(36,13): error TS7026: JSX element implicitly has type 'any' because no interface 'JSX.IntrinsicElements' exists.
docs/examples/rc-bar-chart/step-2.tsx(36,13): error TS17004: Cannot use JSX unless the '--jsx' flag is provided.
docs/examples/rc-bar-chart/step-2.tsx(36,44): error TS7026: JSX element implicitly has type 'any' because no interface 'JSX.IntrinsicElements' exists.
docs/examples/rc-bar-chart/step-2.tsx(37,9): error TS7026: JSX element implicitly has type 'any' because no interface 'JSX.IntrinsicElements' exists.
docs/examples/rc-breadcrumbs/step-1.tsx(1,25): error TS2307: Cannot find module '@crab-dev/rc-breadcrumbs' or its corresponding type declarations.
docs/examples/rc-breadcrumbs/step-1.tsx(5,9): error TS17004: Cannot use JSX unless the '--jsx' flag is provided.
docs/examples/rc-breadcrumbs/step-2.tsx(1,26): error TS2307: Cannot find module 'react' or its corresponding type declarations.
docs/examples/rc-breadcrumbs/step-2.tsx(2,21): error TS2307: Cannot find module '@crab-dev/css' or its corresponding type declarations.
docs/examples/rc-breadcrumbs/step-2.tsx(3,19): error TS2307: Cannot find module '@crab-dev/rc-token-semantic' or its corresponding type declarations.
docs/examples/rc-breadcrumbs/step-2.tsx(4,25): error TS2307: Cannot find module '@crab-dev/rc-breadcrumbs' or its corresponding type declarations.
docs/examples/rc-breadcrumbs/step-2.tsx(13,9): error TS7026: JSX element implicitly has type 'any' because no interface 'JSX.IntrinsicElements' exists.
docs/examples/rc-breadcrumbs/step-2.tsx(13,9): error TS17004: Cannot use JSX unless the '--jsx' flag is provided.
docs/examples/rc-breadcrumbs/step-2.tsx(14,13): error TS17004: Cannot use JSX unless the '--jsx' flag is provided.
docs/examples/rc-breadcrumbs/step-2.tsx(32,13): error TS7026: JSX element implicitly has type 'any' because no interface 'JSX.IntrinsicElements' exists.
docs/examples/rc-breadcrumbs/step-2.tsx(32,13): error TS17004: Cannot use JSX unless the '--jsx' flag is provided.
docs/examples/rc-breadcrumbs/step-2.tsx(32,53): error TS7026: JSX element implicitly has type 'any' because no interface 'JSX.IntrinsicElements' exists.
docs/examples/rc-breadcrumbs/step-2.tsx(33,9): error TS7026: JSX element implicitly has type 'any' because no interface 'JSX.IntrinsicElements' exists.
docs/examples/rc-button/step-1.tsx(1,20): error TS2307: Cannot find module '@crab-dev/rc-button' or its corresponding type declarations.
docs/examples/rc-button/step-1.tsx(5,12): error TS17004: Cannot use JSX unless the '--jsx' flag is provided.
docs/examples/rc-button/step-2.tsx(1,26): error TS2307: Cannot find module 'react' or its corresponding type declarations.
docs/examples/rc-button/step-2.tsx(2,20): error TS2307: Cannot find module '@crab-dev/rc-button' or its corresponding type declarations.
docs/examples/rc-button/step-2.tsx(9,9): error TS17004: Cannot use JSX unless the '--jsx' flag is provided.
docs/examples/rc-button/step-2.tsx(10,13): error TS17004: Cannot use JSX unless the '--jsx' flag is provided.
docs/examples/rc-button/step-2.tsx(12,42): error TS7006: Parameter 'value' implicitly has an 'any' type.
docs/examples/rc-button/step-2.tsx(16,13): error TS7026: JSX element implicitly has type 'any' because no interface 'JSX.IntrinsicElements' exists.
docs/examples/rc-button/step-2.tsx(16,13): error TS17004: Cannot use JSX unless the '--jsx' flag is provided.
docs/examples/rc-button/step-2.tsx(17,17): error TS7026: JSX element implicitly has type 'any' because no interface 'JSX.IntrinsicElements' exists.
docs/examples/rc-button/step-2.tsx(17,17): error TS17004: Cannot use JSX unless the '--jsx' flag is provided.
docs/examples/rc-button/step-2.tsx(17,57): error TS7026: JSX element implicitly has type 'any' because no interface 'JSX.IntrinsicElements' exists.
docs/examples/rc-button/step-2.tsx(18,13): error TS7026: JSX element implicitly has type 'any' because no interface 'JSX.IntrinsicElements' exists.
docs/examples/rc-button/step-2.tsx(19,13): error TS17004: Cannot use JSX unless the '--jsx' flag is provided.
docs/examples/rc-button/step-2.tsx(19,48): error TS7006: Parameter 'value' implicitly has an 'any' type.
docs/examples/rc-canvas/step-1.tsx(1,21): error TS2307: Cannot find module '@crab-dev/css' or its corresponding type declarations.
docs/examples/rc-canvas/step-1.tsx(2,19): error TS2307: Cannot find module '@crab-dev/rc-token-semantic' or its corresponding type declarations.
docs/examples/rc-canvas/step-1.tsx(3,38): error TS2307: Cannot find module '@crab-dev/rc-canvas' or its corresponding type declarations.
docs/examples/rc-canvas/step-1.tsx(10,9): error TS7026: JSX element implicitly has type 'any' because no interface 'JSX.IntrinsicElements' exists.
docs/examples/rc-canvas/step-1.tsx(10,9): error TS17004: Cannot use JSX unless the '--jsx' flag is provided.
docs/examples/rc-canvas/step-1.tsx(11,13): error TS17004: Cannot use JSX unless the '--jsx' flag is provided.
docs/examples/rc-canvas/step-1.tsx(12,17): error TS17004: Cannot use JSX unless the '--jsx' flag is provided.
docs/examples/rc-canvas/step-1.tsx(19,17): error TS17004: Cannot use JSX unless the '--jsx' flag is provided.
docs/examples/rc-canvas/step-1.tsx(21,13): error TS7026: JSX element implicitly has type 'any' because no interface 'JSX.IntrinsicElements' exists.
docs/examples/rc-canvas/step-1.tsx(21,13): error TS17004: Cannot use JSX unless the '--jsx' flag is provided.
docs/examples/rc-canvas/step-1.tsx(21,26): error TS7026: JSX element implicitly has type 'any' because no interface 'JSX.IntrinsicElements' exists.
docs/examples/rc-canvas/step-1.tsx(22,9): error TS7026: JSX element implicitly has type 'any' because no interface 'JSX.IntrinsicElements' exists.
docs/examples/rc-canvas/step-2.tsx(1,26): error TS2307: Cannot find module 'react' or its corresponding type declarations.
docs/examples/rc-canvas/step-2.tsx(2,21): error TS2307: Cannot find module '@crab-dev/css' or its corresponding type declarations.
docs/examples/rc-canvas/step-2.tsx(3,19): error TS2307: Cannot find module '@crab-dev/rc-token-semantic' or its corresponding type declarations.
docs/examples/rc-canvas/step-2.tsx(4,30): error TS2307: Cannot find module '@crab-dev/rc-canvas' or its corresponding type declarations.
docs/examples/rc-canvas/step-2.tsx(5,20): error TS2307: Cannot find module '@crab-dev/rc-button' or its corresponding type declarations.
docs/examples/rc-canvas/step-2.tsx(14,9): error TS7026: JSX element implicitly has type 'any' because no interface 'JSX.IntrinsicElements' exists.
docs/examples/rc-canvas/step-2.tsx(14,9): error TS17004: Cannot use JSX unless the '--jsx' flag is provided.
docs/examples/rc-canvas/step-2.tsx(15,13): error TS17004: Cannot use JSX unless the '--jsx' flag is provided.
docs/examples/rc-canvas/step-2.tsx(15,46): error TS7006: Parameter 'value' implicitly has an 'any' type.
docs/examples/rc-canvas/step-2.tsx(16,13): error TS17004: Cannot use JSX unless the '--jsx' flag is provided.
docs/examples/rc-canvas/step-2.tsx(17,17): error TS17004: Cannot use JSX unless the '--jsx' flag is provided.
docs/examples/rc-canvas/step-2.tsx(25,13): error TS7026: JSX element implicitly has type 'any' because no interface 'JSX.IntrinsicElements' exists.
docs/examples/rc-canvas/step-2.tsx(25,13): error TS17004: Cannot use JSX unless the '--jsx' flag is provided.
docs/examples/rc-canvas/step-2.tsx(25,45): error TS7026: JSX element implicitly has type 'any' because no interface 'JSX.IntrinsicElements' exists.
docs/examples/rc-canvas/step-2.tsx(26,9): error TS7026: JSX element implicitly has type 'any' because no interface 'JSX.IntrinsicElements' exists.
docs/examples/rc-card/step-1.tsx(1,18): error TS2307: Cannot find module '@crab-dev/rc-card' or its corresponding type declarations.
docs/examples/rc-card/step-1.tsx(4,12): error TS17004: Cannot use JSX unless the '--jsx' flag is provided.
docs/examples/rc-card/step-2.tsx(1,26): error TS2307: Cannot find module 'react' or its corresponding type declarations.
docs/examples/rc-card/step-2.tsx(2,18): error TS2307: Cannot find module '@crab-dev/rc-card' or its corresponding type declarations.
docs/examples/rc-card/step-2.tsx(3,20): error TS2307: Cannot find module '@crab-dev/rc-button' or its corresponding type declarations.
docs/examples/rc-card/step-2.tsx(9,9): error TS17004: Cannot use JSX unless the '--jsx' flag is provided.
docs/examples/rc-card/step-2.tsx(12,17): error TS17004: Cannot use JSX unless the '--jsx' flag is provided.
docs/examples/rc-card/step-2.tsx(12,50): error TS7006: Parameter 'value' implicitly has an 'any' type.
docs/examples/rc-card/step-2.tsx(18,13): error TS7026: JSX element implicitly has type 'any' because no interface 'JSX.IntrinsicElements' exists.
docs/examples/rc-card/step-2.tsx(18,13): error TS17004: Cannot use JSX unless the '--jsx' flag is provided.
docs/examples/rc-card/step-2.tsx(18,59): error TS7026: JSX element implicitly has type 'any' because no interface 'JSX.IntrinsicElements' exists.
docs/examples/rc-checkbox/step-1.tsx(1,22): error TS2307: Cannot find module '@crab-dev/rc-checkbox' or its corresponding type declarations.
docs/examples/rc-checkbox/step-1.tsx(4,12): error TS17004: Cannot use JSX unless the '--jsx' flag is provided.
docs/examples/rc-checkbox/step-2.tsx(1,26): error TS2307: Cannot find module 'react' or its corresponding type declarations.
docs/examples/rc-checkbox/step-2.tsx(2,21): error TS2307: Cannot find module '@crab-dev/css' or its corresponding type declarations.
docs/examples/rc-checkbox/step-2.tsx(3,19): error TS2307: Cannot find module '@crab-dev/rc-token-semantic' or its corresponding type declarations.
docs/examples/rc-checkbox/step-2.tsx(4,22): error TS2307: Cannot find module '@crab-dev/rc-checkbox' or its corresponding type declarations.
docs/examples/rc-checkbox/step-2.tsx(13,9): error TS7026: JSX element implicitly has type 'any' because no interface 'JSX.IntrinsicElements' exists.
docs/examples/rc-checkbox/step-2.tsx(13,9): error TS17004: Cannot use JSX unless the '--jsx' flag is provided.
docs/examples/rc-checkbox/step-2.tsx(14,13): error TS17004: Cannot use JSX unless the '--jsx' flag is provided.
docs/examples/rc-checkbox/step-2.tsx(17,13): error TS7026: JSX element implicitly has type 'any' because no interface 'JSX.IntrinsicElements' exists.
docs/examples/rc-checkbox/step-2.tsx(17,13): error TS17004: Cannot use JSX unless the '--jsx' flag is provided.
docs/examples/rc-checkbox/step-2.tsx(17,67): error TS7026: JSX element implicitly has type 'any' because no interface 'JSX.IntrinsicElements' exists.
docs/examples/rc-checkbox/step-2.tsx(18,9): error TS7026: JSX element implicitly has type 'any' because no interface 'JSX.IntrinsicElements' exists.
docs/examples/rc-color-picker/step-1.tsx(1,25): error TS2307: Cannot find module '@crab-dev/rc-color-picker' or its corresponding type declarations.
docs/examples/rc-color-picker/step-1.tsx(5,9): error TS17004: Cannot use JSX unless the '--jsx' flag is provided.
docs/examples/rc-color-picker/step-2.tsx(1,26): error TS2307: Cannot find module 'react' or its corresponding type declarations.
docs/examples/rc-color-picker/step-2.tsx(2,21): error TS2307: Cannot find module '@crab-dev/css' or its corresponding type declarations.
docs/examples/rc-color-picker/step-2.tsx(3,19): error TS2307: Cannot find module '@crab-dev/rc-token-semantic' or its corresponding type declarations.
docs/examples/rc-color-picker/step-2.tsx(4,46): error TS2307: Cannot find module '@crab-dev/rc-color-picker' or its corresponding type declarations.
docs/examples/rc-color-picker/step-2.tsx(5,20): error TS2307: Cannot find module '@crab-dev/rc-button' or its corresponding type declarations.
docs/examples/rc-color-picker/step-2.tsx(19,9): error TS7026: JSX element implicitly has type 'any' because no interface 'JSX.IntrinsicElements' exists.
docs/examples/rc-color-picker/step-2.tsx(19,9): error TS17004: Cannot use JSX unless the '--jsx' flag is provided.
docs/examples/rc-color-picker/step-2.tsx(20,13): error TS17004: Cannot use JSX unless the '--jsx' flag is provided.
docs/examples/rc-color-picker/step-2.tsx(21,13): error TS7026: JSX element implicitly has type 'any' because no interface 'JSX.IntrinsicElements' exists.
docs/examples/rc-color-picker/step-2.tsx(21,13): error TS17004: Cannot use JSX unless the '--jsx' flag is provided.
docs/examples/rc-color-picker/step-2.tsx(24,13): error TS7026: JSX element implicitly has type 'any' because no interface 'JSX.IntrinsicElements' exists.
docs/examples/rc-color-picker/step-2.tsx(25,13): error TS17004: Cannot use JSX unless the '--jsx' flag is provided.
docs/examples/rc-color-picker/step-2.tsx(36,9): error TS7026: JSX element implicitly has type 'any' because no interface 'JSX.IntrinsicElements' exists.
docs/examples/rc-component-preview/step-1.tsx(1,21): error TS2307: Cannot find module '@crab-dev/rc-component-preview' or its corresponding type declarations.
docs/examples/rc-component-preview/step-1.tsx(6,9): error TS17004: Cannot use JSX unless the '--jsx' flag is provided.
docs/examples/rc-component-preview/step-1.tsx(7,13): error TS7026: JSX element implicitly has type 'any' because no interface 'JSX.IntrinsicElements' exists.
docs/examples/rc-component-preview/step-1.tsx(7,13): error TS17004: Cannot use JSX unless the '--jsx' flag is provided.
docs/examples/rc-component-preview/step-1.tsx(7,28): error TS7026: JSX element implicitly has type 'any' because no interface 'JSX.IntrinsicElements' exists.
docs/examples/rc-component-preview/step-2.tsx(1,26): error TS2307: Cannot find module 'react' or its corresponding type declarations.
docs/examples/rc-component-preview/step-2.tsx(2,21): error TS2307: Cannot find module '@crab-dev/rc-component-preview' or its corresponding type declarations.
docs/examples/rc-component-preview/step-2.tsx(3,20): error TS2307: Cannot find module '@crab-dev/rc-button' or its corresponding type declarations.
docs/examples/rc-component-preview/step-2.tsx(11,9): error TS17004: Cannot use JSX unless the '--jsx' flag is provided.
docs/examples/rc-component-preview/step-2.tsx(17,13): error TS17004: Cannot use JSX unless the '--jsx' flag is provided.
docs/examples/rc-component-preview/step-2.tsx(17,46): error TS7006: Parameter 'value' implicitly has an 'any' type.
docs/examples/rc-cron-picker/step-1.tsx(1,24): error TS2307: Cannot find module '@crab-dev/rc-cron-picker' or its corresponding type declarations.
docs/examples/rc-cron-picker/step-1.tsx(4,12): error TS17004: Cannot use JSX unless the '--jsx' flag is provided.
docs/examples/rc-cron-picker/step-2.tsx(1,26): error TS2307: Cannot find module 'react' or its corresponding type declarations.
docs/examples/rc-cron-picker/step-2.tsx(2,21): error TS2307: Cannot find module '@crab-dev/css' or its corresponding type declarations.
docs/examples/rc-cron-picker/step-2.tsx(3,19): error TS2307: Cannot find module '@crab-dev/rc-token-semantic' or its corresponding type declarations.
docs/examples/rc-cron-picker/step-2.tsx(4,24): error TS2307: Cannot find module '@crab-dev/rc-cron-picker' or its corresponding type declarations.
docs/examples/rc-cron-picker/step-2.tsx(5,20): error TS2307: Cannot find module '@crab-dev/rc-button' or its corresponding type declarations.
docs/examples/rc-cron-picker/step-2.tsx(15,9): error TS7026: JSX element implicitly has type 'any' because no interface 'JSX.IntrinsicElements' exists.
docs/examples/rc-cron-picker/step-2.tsx(15,9): error TS17004: Cannot use JSX unless the '--jsx' flag is provided.
docs/examples/rc-cron-picker/step-2.tsx(16,13): error TS17004: Cannot use JSX unless the '--jsx' flag is provided.
docs/examples/rc-cron-picker/step-2.tsx(22,13): error TS7026: JSX element implicitly has type 'any' because no interface 'JSX.IntrinsicElements' exists.
docs/examples/rc-cron-picker/step-2.tsx(22,13): error TS17004: Cannot use JSX unless the '--jsx' flag is provided.
docs/examples/rc-cron-picker/step-2.tsx(22,34): error TS7026: JSX element implicitly has type 'any' because no interface 'JSX.IntrinsicElements' exists.
docs/examples/rc-cron-picker/step-2.tsx(23,13): error TS17004: Cannot use JSX unless the '--jsx' flag is provided.
docs/examples/rc-cron-picker/step-2.tsx(24,9): error TS7026: JSX element implicitly has type 'any' because no interface 'JSX.IntrinsicElements' exists.
docs/examples/rc-date-picker/step-1.tsx(1,26): error TS2307: Cannot find module 'react' or its corresponding type declarations.
docs/examples/rc-date-picker/step-1.tsx(2,28): error TS2307: Cannot find module '@crab-dev/rc-date-picker' or its corresponding type declarations.
docs/examples/rc-date-picker/step-1.tsx(5,40): error TS2503: Cannot find namespace 'Temporal'.
docs/examples/rc-date-picker/step-1.tsx(6,12): error TS17004: Cannot use JSX unless the '--jsx' flag is provided.
docs/examples/rc-date-picker/step-2.tsx(1,26): error TS2307: Cannot find module 'react' or its corresponding type declarations.
docs/examples/rc-date-picker/step-2.tsx(2,21): error TS2307: Cannot find module '@crab-dev/css' or its corresponding type declarations.
docs/examples/rc-date-picker/step-2.tsx(3,19): error TS2307: Cannot find module '@crab-dev/rc-token-semantic' or its corresponding type declarations.
docs/examples/rc-date-picker/step-2.tsx(4,28): error TS2307: Cannot find module '@crab-dev/rc-date-picker' or its corresponding type declarations.
docs/examples/rc-date-picker/step-2.tsx(5,20): error TS2307: Cannot find module '@crab-dev/rc-button' or its corresponding type declarations.
docs/examples/rc-date-picker/step-2.tsx(13,40): error TS2503: Cannot find namespace 'Temporal'.
docs/examples/rc-date-picker/step-2.tsx(15,9): error TS7026: JSX element implicitly has type 'any' because no interface 'JSX.IntrinsicElements' exists.
docs/examples/rc-date-picker/step-2.tsx(15,9): error TS17004: Cannot use JSX unless the '--jsx' flag is provided.
docs/examples/rc-date-picker/step-2.tsx(16,13): error TS17004: Cannot use JSX unless the '--jsx' flag is provided.
docs/examples/rc-date-picker/step-2.tsx(17,13): error TS7026: JSX element implicitly has type 'any' because no interface 'JSX.IntrinsicElements' exists.
docs/examples/rc-date-picker/step-2.tsx(17,13): error TS17004: Cannot use JSX unless the '--jsx' flag is provided.
docs/examples/rc-date-picker/step-2.tsx(17,68): error TS7026: JSX element implicitly has type 'any' because no interface 'JSX.IntrinsicElements' exists.
docs/examples/rc-date-picker/step-2.tsx(18,13): error TS17004: Cannot use JSX unless the '--jsx' flag is provided.
docs/examples/rc-date-picker/step-2.tsx(19,9): error TS7026: JSX element implicitly has type 'any' because no interface 'JSX.IntrinsicElements' exists.
docs/examples/rc-dialog/step-1.tsx(1,26): error TS2307: Cannot find module 'react' or its corresponding type declarations.
docs/examples/rc-dialog/step-1.tsx(2,21): error TS2307: Cannot find module '@crab-dev/css' or its corresponding type declarations.
docs/examples/rc-dialog/step-1.tsx(3,19): error TS2307: Cannot find module '@crab-dev/rc-token-semantic' or its corresponding type declarations.
docs/examples/rc-dialog/step-1.tsx(4,20): error TS2307: Cannot find module '@crab-dev/rc-dialog' or its corresponding type declarations.
docs/examples/rc-dialog/step-1.tsx(5,20): error TS2307: Cannot find module '@crab-dev/rc-button' or its corresponding type declarations.
docs/examples/rc-dialog/step-1.tsx(15,9): error TS7026: JSX element implicitly has type 'any' because no interface 'JSX.IntrinsicElements' exists.
docs/examples/rc-dialog/step-1.tsx(15,9): error TS17004: Cannot use JSX unless the '--jsx' flag is provided.
docs/examples/rc-dialog/step-1.tsx(16,13): error TS17004: Cannot use JSX unless the '--jsx' flag is provided.
docs/examples/rc-dialog/step-1.tsx(17,13): error TS17004: Cannot use JSX unless the '--jsx' flag is provided.
docs/examples/rc-dialog/step-1.tsx(20,9): error TS7026: JSX element implicitly has type 'any' because no interface 'JSX.IntrinsicElements' exists.
docs/examples/rc-dialog/step-2.tsx(1,26): error TS2307: Cannot find module 'react' or its corresponding type declarations.
docs/examples/rc-dialog/step-2.tsx(2,21): error TS2307: Cannot find module '@crab-dev/css' or its corresponding type declarations.
docs/examples/rc-dialog/step-2.tsx(3,19): error TS2307: Cannot find module '@crab-dev/rc-token-semantic' or its corresponding type declarations.
docs/examples/rc-dialog/step-2.tsx(4,20): error TS2307: Cannot find module '@crab-dev/rc-dialog' or its corresponding type declarations.
docs/examples/rc-dialog/step-2.tsx(5,20): error TS2307: Cannot find module '@crab-dev/rc-button' or its corresponding type declarations.
docs/examples/rc-dialog/step-2.tsx(16,9): error TS7026: JSX element implicitly has type 'any' because no interface 'JSX.IntrinsicElements' exists.
docs/examples/rc-dialog/step-2.tsx(16,9): error TS17004: Cannot use JSX unless the '--jsx' flag is provided.
docs/examples/rc-dialog/step-2.tsx(17,13): error TS17004: Cannot use JSX unless the '--jsx' flag is provided.
docs/examples/rc-dialog/step-2.tsx(18,13): error TS17004: Cannot use JSX unless the '--jsx' flag is provided.
docs/examples/rc-dialog/step-2.tsx(19,17): error TS7026: JSX element implicitly has type 'any' because no interface 'JSX.IntrinsicElements' exists.
docs/examples/rc-dialog/step-2.tsx(19,17): error TS17004: Cannot use JSX unless the '--jsx' flag is provided.
docs/examples/rc-dialog/step-2.tsx(19,29): error TS7026: JSX element implicitly has type 'any' because no interface 'JSX.IntrinsicElements' exists.
docs/examples/rc-dialog/step-2.tsx(20,17): error TS17004: Cannot use JSX unless the '--jsx' flag is provided.
docs/examples/rc-dialog/step-2.tsx(30,13): error TS7026: JSX element implicitly has type 'any' because no interface 'JSX.IntrinsicElements' exists.
docs/examples/rc-dialog/step-2.tsx(30,13): error TS17004: Cannot use JSX unless the '--jsx' flag is provided.
docs/examples/rc-dialog/step-2.tsx(32,13): error TS7026: JSX element implicitly has type 'any' because no interface 'JSX.IntrinsicElements' exists.
docs/examples/rc-dialog/step-2.tsx(33,9): error TS7026: JSX element implicitly has type 'any' because no interface 'JSX.IntrinsicElements' exists.
docs/examples/rc-divider/step-1.tsx(1,21): error TS2307: Cannot find module '@crab-dev/css' or its corresponding type declarations.
docs/examples/rc-divider/step-1.tsx(2,19): error TS2307: Cannot find module '@crab-dev/rc-token-semantic' or its corresponding type declarations.
docs/examples/rc-divider/step-1.tsx(3,21): error TS2307: Cannot find module '@crab-dev/rc-divider' or its corresponding type declarations.
docs/examples/rc-divider/step-1.tsx(11,9): error TS7026: JSX element implicitly has type 'any' because no interface 'JSX.IntrinsicElements' exists.
docs/examples/rc-divider/step-1.tsx(11,9): error TS17004: Cannot use JSX unless the '--jsx' flag is provided.
docs/examples/rc-divider/step-1.tsx(12,13): error TS7026: JSX element implicitly has type 'any' because no interface 'JSX.IntrinsicElements' exists.
docs/examples/rc-divider/step-1.tsx(12,13): error TS17004: Cannot use JSX unless the '--jsx' flag is provided.
docs/examples/rc-divider/step-1.tsx(12,20): error TS7026: JSX element implicitly has type 'any' because no interface 'JSX.IntrinsicElements' exists.
docs/examples/rc-divider/step-1.tsx(13,13): error TS17004: Cannot use JSX unless the '--jsx' flag is provided.
docs/examples/rc-divider/step-1.tsx(14,13): error TS7026: JSX element implicitly has type 'any' because no interface 'JSX.IntrinsicElements' exists.
docs/examples/rc-divider/step-1.tsx(14,13): error TS17004: Cannot use JSX unless the '--jsx' flag is provided.
docs/examples/rc-divider/step-1.tsx(14,20): error TS7026: JSX element implicitly has type 'any' because no interface 'JSX.IntrinsicElements' exists.
docs/examples/rc-divider/step-1.tsx(15,9): error TS7026: JSX element implicitly has type 'any' because no interface 'JSX.IntrinsicElements' exists.
docs/examples/rc-divider/step-2.tsx(1,21): error TS2307: Cannot find module '@crab-dev/css' or its corresponding type declarations.
docs/examples/rc-divider/step-2.tsx(2,19): error TS2307: Cannot find module '@crab-dev/rc-token-semantic' or its corresponding type declarations.
docs/examples/rc-divider/step-2.tsx(3,21): error TS2307: Cannot find module '@crab-dev/rc-divider' or its corresponding type declarations.
docs/examples/rc-divider/step-2.tsx(11,9): error TS7026: JSX element implicitly has type 'any' because no interface 'JSX.IntrinsicElements' exists.
docs/examples/rc-divider/step-2.tsx(11,9): error TS17004: Cannot use JSX unless the '--jsx' flag is provided.
docs/examples/rc-divider/step-2.tsx(12,13): error TS17004: Cannot use JSX unless the '--jsx' flag is provided.
docs/examples/rc-divider/step-2.tsx(13,13): error TS7026: JSX element implicitly has type 'any' because no interface 'JSX.IntrinsicElements' exists.
docs/examples/rc-divider/step-2.tsx(13,13): error TS17004: Cannot use JSX unless the '--jsx' flag is provided.
docs/examples/rc-divider/step-2.tsx(13,28): error TS7026: JSX element implicitly has type 'any' because no interface 'JSX.IntrinsicElements' exists.
docs/examples/rc-divider/step-2.tsx(14,13): error TS17004: Cannot use JSX unless the '--jsx' flag is provided.
docs/examples/rc-divider/step-2.tsx(15,9): error TS7026: JSX element implicitly has type 'any' because no interface 'JSX.IntrinsicElements' exists.
docs/examples/rc-drawer/step-1.tsx(1,26): error TS2307: Cannot find module 'react' or its corresponding type declarations.
docs/examples/rc-drawer/step-1.tsx(2,21): error TS2307: Cannot find module '@crab-dev/css' or its corresponding type declarations.
docs/examples/rc-drawer/step-1.tsx(3,19): error TS2307: Cannot find module '@crab-dev/rc-token-semantic' or its corresponding type declarations.
docs/examples/rc-drawer/step-1.tsx(4,20): error TS2307: Cannot find module '@crab-dev/rc-drawer' or its corresponding type declarations.
docs/examples/rc-drawer/step-1.tsx(5,20): error TS2307: Cannot find module '@crab-dev/rc-button' or its corresponding type declarations.
docs/examples/rc-drawer/step-1.tsx(15,9): error TS7026: JSX element implicitly has type 'any' because no interface 'JSX.IntrinsicElements' exists.
docs/examples/rc-drawer/step-1.tsx(15,9): error TS17004: Cannot use JSX unless the '--jsx' flag is provided.
docs/examples/rc-drawer/step-1.tsx(16,13): error TS17004: Cannot use JSX unless the '--jsx' flag is provided.
docs/examples/rc-drawer/step-1.tsx(17,13): error TS17004: Cannot use JSX unless the '--jsx' flag is provided.
docs/examples/rc-drawer/step-1.tsx(18,17): error TS7026: JSX element implicitly has type 'any' because no interface 'JSX.IntrinsicElements' exists.
docs/examples/rc-drawer/step-1.tsx(18,17): error TS17004: Cannot use JSX unless the '--jsx' flag is provided.
docs/examples/rc-drawer/step-1.tsx(18,27): error TS7026: JSX element implicitly has type 'any' because no interface 'JSX.IntrinsicElements' exists.
docs/examples/rc-drawer/step-1.tsx(20,9): error TS7026: JSX element implicitly has type 'any' because no interface 'JSX.IntrinsicElements' exists.
docs/examples/rc-drawer/step-2.tsx(1,26): error TS2307: Cannot find module 'react' or its corresponding type declarations.
docs/examples/rc-drawer/step-2.tsx(2,21): error TS2307: Cannot find module '@crab-dev/css' or its corresponding type declarations.
docs/examples/rc-drawer/step-2.tsx(3,19): error TS2307: Cannot find module '@crab-dev/rc-token-semantic' or its corresponding type declarations.
docs/examples/rc-drawer/step-2.tsx(4,20): error TS2307: Cannot find module '@crab-dev/rc-drawer' or its corresponding type declarations.
docs/examples/rc-drawer/step-2.tsx(5,20): error TS2307: Cannot find module '@crab-dev/rc-button' or its corresponding type declarations.
docs/examples/rc-drawer/step-2.tsx(16,9): error TS7026: JSX element implicitly has type 'any' because no interface 'JSX.IntrinsicElements' exists.
docs/examples/rc-drawer/step-2.tsx(16,9): error TS17004: Cannot use JSX unless the '--jsx' flag is provided.
docs/examples/rc-drawer/step-2.tsx(17,13): error TS17004: Cannot use JSX unless the '--jsx' flag is provided.
docs/examples/rc-drawer/step-2.tsx(18,13): error TS17004: Cannot use JSX unless the '--jsx' flag is provided.
docs/examples/rc-drawer/step-2.tsx(19,17): error TS7026: JSX element implicitly has type 'any' because no interface 'JSX.IntrinsicElements' exists.
docs/examples/rc-drawer/step-2.tsx(19,17): error TS17004: Cannot use JSX unless the '--jsx' flag is provided.
docs/examples/rc-drawer/step-2.tsx(19,30): error TS7026: JSX element implicitly has type 'any' because no interface 'JSX.IntrinsicElements' exists.
docs/examples/rc-drawer/step-2.tsx(20,17): error TS17004: Cannot use JSX unless the '--jsx' flag is provided.
docs/examples/rc-drawer/step-2.tsx(29,13): error TS7026: JSX element implicitly has type 'any' because no interface 'JSX.IntrinsicElements' exists.
docs/examples/rc-drawer/step-2.tsx(29,13): error TS17004: Cannot use JSX unless the '--jsx' flag is provided.
docs/examples/rc-drawer/step-2.tsx(29,66): error TS7026: JSX element implicitly has type 'any' because no interface 'JSX.IntrinsicElements' exists.
docs/examples/rc-drawer/step-2.tsx(30,9): error TS7026: JSX element implicitly has type 'any' because no interface 'JSX.IntrinsicElements' exists.
docs/examples/rc-dropdown-container/step-1.tsx(1,31): error TS2307: Cannot find module '@crab-dev/rc-dropdown-container' or its corresponding type declarations.
docs/examples/rc-dropdown-container/step-1.tsx(2,20): error TS2307: Cannot find module '@crab-dev/rc-button' or its corresponding type declarations.
docs/examples/rc-dropdown-container/step-1.tsx(7,9): error TS17004: Cannot use JSX unless the '--jsx' flag is provided.
docs/examples/rc-dropdown-container/step-1.tsx(7,37): error TS7026: JSX element implicitly has type 'any' because no interface 'JSX.IntrinsicElements' exists.
docs/examples/rc-dropdown-container/step-1.tsx(7,37): error TS17004: Cannot use JSX unless the '--jsx' flag is provided.
docs/examples/rc-dropdown-container/step-1.tsx(7,48): error TS7026: JSX element implicitly has type 'any' because no interface 'JSX.IntrinsicElements' exists.
docs/examples/rc-dropdown-container/step-1.tsx(8,13): error TS17004: Cannot use JSX unless the '--jsx' flag is provided.
docs/examples/rc-dropdown-container/step-2.tsx(1,26): error TS2307: Cannot find module 'react' or its corresponding type declarations.
docs/examples/rc-dropdown-container/step-2.tsx(2,21): error TS2307: Cannot find module '@crab-dev/css' or its corresponding type declarations.
docs/examples/rc-dropdown-container/step-2.tsx(3,19): error TS2307: Cannot find module '@crab-dev/rc-token-semantic' or its corresponding type declarations.
docs/examples/rc-dropdown-container/step-2.tsx(4,31): error TS2307: Cannot find module '@crab-dev/rc-dropdown-container' or its corresponding type declarations.
docs/examples/rc-dropdown-container/step-2.tsx(5,20): error TS2307: Cannot find module '@crab-dev/rc-button' or its corresponding type declarations.
docs/examples/rc-dropdown-container/step-2.tsx(15,9): error TS7026: JSX element implicitly has type 'any' because no interface 'JSX.IntrinsicElements' exists.
docs/examples/rc-dropdown-container/step-2.tsx(15,9): error TS17004: Cannot use JSX unless the '--jsx' flag is provided.
docs/examples/rc-dropdown-container/step-2.tsx(16,13): error TS17004: Cannot use JSX unless the '--jsx' flag is provided.
docs/examples/rc-dropdown-container/step-2.tsx(18,21): error TS17004: Cannot use JSX unless the '--jsx' flag is provided.
docs/examples/rc-dropdown-container/step-2.tsx(18,54): error TS7006: Parameter 'value' implicitly has an 'any' type.
docs/examples/rc-dropdown-container/step-2.tsx(23,17): error TS17004: Cannot use JSX unless the '--jsx' flag is provided.
docs/examples/rc-dropdown-container/step-2.tsx(25,13): error TS7026: JSX element implicitly has type 'any' because no interface 'JSX.IntrinsicElements' exists.
docs/examples/rc-dropdown-container/step-2.tsx(25,13): error TS17004: Cannot use JSX unless the '--jsx' flag is provided.
docs/examples/rc-dropdown-container/step-2.tsx(25,44): error TS7026: JSX element implicitly has type 'any' because no interface 'JSX.IntrinsicElements' exists.
docs/examples/rc-dropdown-container/step-2.tsx(26,9): error TS7026: JSX element implicitly has type 'any' because no interface 'JSX.IntrinsicElements' exists.
docs/examples/rc-empty/step-1.tsx(1,19): error TS2307: Cannot find module '@crab-dev/rc-empty' or its corresponding type declarations.
docs/examples/rc-empty/step-1.tsx(4,12): error TS17004: Cannot use JSX unless the '--jsx' flag is provided.
docs/examples/rc-empty/step-2.tsx(1,26): error TS2307: Cannot find module 'react' or its corresponding type declarations.
docs/examples/rc-empty/step-2.tsx(2,19): error TS2307: Cannot find module '@crab-dev/rc-empty' or its corresponding type declarations.
docs/examples/rc-empty/step-2.tsx(3,20): error TS2307: Cannot find module '@crab-dev/rc-button' or its corresponding type declarations.
docs/examples/rc-empty/step-2.tsx(9,9): error TS7026: JSX element implicitly has type 'any' because no interface 'JSX.IntrinsicElements' exists.
docs/examples/rc-empty/step-2.tsx(9,9): error TS17004: Cannot use JSX unless the '--jsx' flag is provided.
docs/examples/rc-empty/step-2.tsx(9,38): error TS7026: JSX element implicitly has type 'any' because no interface 'JSX.IntrinsicElements' exists.
docs/examples/rc-empty/step-2.tsx(11,9): error TS17004: Cannot use JSX unless the '--jsx' flag is provided.
docs/examples/rc-empty/step-2.tsx(15,17): error TS17004: Cannot use JSX unless the '--jsx' flag is provided.
docs/examples/rc-flow-diagram/step-1.tsx(1,21): error TS2307: Cannot find module '@crab-dev/css' or its corresponding type declarations.
docs/examples/rc-flow-diagram/step-1.tsx(2,19): error TS2307: Cannot find module '@crab-dev/rc-token-semantic' or its corresponding type declarations.
docs/examples/rc-flow-diagram/step-1.tsx(3,49): error TS2307: Cannot find module '@crab-dev/rc-flow-diagram' or its corresponding type declarations.
docs/examples/rc-flow-diagram/step-1.tsx(29,9): error TS7026: JSX element implicitly has type 'any' because no interface 'JSX.IntrinsicElements' exists.
docs/examples/rc-flow-diagram/step-1.tsx(29,9): error TS17004: Cannot use JSX unless the '--jsx' flag is provided.
docs/examples/rc-flow-diagram/step-1.tsx(30,13): error TS17004: Cannot use JSX unless the '--jsx' flag is provided.
docs/examples/rc-flow-diagram/step-1.tsx(40,21): error TS7031: Binding element 'nodeRects' implicitly has an 'any' type.
docs/examples/rc-flow-diagram/step-1.tsx(40,32): error TS7031: Binding element 'routes' implicitly has an 'any' type.
docs/examples/rc-flow-diagram/step-1.tsx(40,40): error TS7031: Binding element 'crossings' implicitly has an 'any' type.
docs/examples/rc-flow-diagram/step-1.tsx(41,21): error TS17004: Cannot use JSX unless the '--jsx' flag is provided.
docs/examples/rc-flow-diagram/step-1.tsx(45,33): error TS17004: Cannot use JSX unless the '--jsx' flag is provided.
docs/examples/rc-flow-diagram/step-1.tsx(55,33): error TS17004: Cannot use JSX unless the '--jsx' flag is provided.
docs/examples/rc-flow-diagram/step-1.tsx(68,13): error TS7026: JSX element implicitly has type 'any' because no interface 'JSX.IntrinsicElements' exists.
docs/examples/rc-flow-diagram/step-1.tsx(68,13): error TS17004: Cannot use JSX unless the '--jsx' flag is provided.
docs/examples/rc-flow-diagram/step-1.tsx(68,27): error TS7026: JSX element implicitly has type 'any' because no interface 'JSX.IntrinsicElements' exists.
docs/examples/rc-flow-diagram/step-1.tsx(69,9): error TS7026: JSX element implicitly has type 'any' because no interface 'JSX.IntrinsicElements' exists.
docs/examples/rc-flow-diagram/step-2.tsx(1,26): error TS2307: Cannot find module 'react' or its corresponding type declarations.
docs/examples/rc-flow-diagram/step-2.tsx(2,21): error TS2307: Cannot find module '@crab-dev/css' or its corresponding type declarations.
docs/examples/rc-flow-diagram/step-2.tsx(3,19): error TS2307: Cannot find module '@crab-dev/rc-token-semantic' or its corresponding type declarations.
docs/examples/rc-flow-diagram/step-2.tsx(4,49): error TS2307: Cannot find module '@crab-dev/rc-flow-diagram' or its corresponding type declarations.
docs/examples/rc-flow-diagram/step-2.tsx(5,20): error TS2307: Cannot find module '@crab-dev/rc-button' or its corresponding type declarations.
docs/examples/rc-flow-diagram/step-2.tsx(33,9): error TS7026: JSX element implicitly has type 'any' because no interface 'JSX.IntrinsicElements' exists.
docs/examples/rc-flow-diagram/step-2.tsx(33,9): error TS17004: Cannot use JSX unless the '--jsx' flag is provided.
docs/examples/rc-flow-diagram/step-2.tsx(34,13): error TS17004: Cannot use JSX unless the '--jsx' flag is provided.
docs/examples/rc-flow-diagram/step-2.tsx(34,45): error TS7006: Parameter 'value' implicitly has an 'any' type.
docs/examples/rc-flow-diagram/step-2.tsx(37,13): error TS17004: Cannot use JSX unless the '--jsx' flag is provided.
docs/examples/rc-flow-diagram/step-2.tsx(47,21): error TS7031: Binding element 'nodeRects' implicitly has an 'any' type.
docs/examples/rc-flow-diagram/step-2.tsx(47,32): error TS7031: Binding element 'routes' implicitly has an 'any' type.
docs/examples/rc-flow-diagram/step-2.tsx(47,40): error TS7031: Binding element 'crossings' implicitly has an 'any' type.
docs/examples/rc-flow-diagram/step-2.tsx(48,21): error TS17004: Cannot use JSX unless the '--jsx' flag is provided.
docs/examples/rc-flow-diagram/step-2.tsx(52,33): error TS17004: Cannot use JSX unless the '--jsx' flag is provided.
docs/examples/rc-flow-diagram/step-2.tsx(62,33): error TS17004: Cannot use JSX unless the '--jsx' flag is provided.
docs/examples/rc-flow-diagram/step-2.tsx(75,13): error TS7026: JSX element implicitly has type 'any' because no interface 'JSX.IntrinsicElements' exists.
docs/examples/rc-flow-diagram/step-2.tsx(75,13): error TS17004: Cannot use JSX unless the '--jsx' flag is provided.
docs/examples/rc-flow-diagram/step-2.tsx(75,27): error TS7026: JSX element implicitly has type 'any' because no interface 'JSX.IntrinsicElements' exists.
docs/examples/rc-flow-diagram/step-2.tsx(76,9): error TS7026: JSX element implicitly has type 'any' because no interface 'JSX.IntrinsicElements' exists.
docs/examples/rc-form/step-1.tsx(1,26): error TS2307: Cannot find module 'react' or its corresponding type declarations.
docs/examples/rc-form/step-1.tsx(2,21): error TS2307: Cannot find module '@crab-dev/css' or its corresponding type declarations.
docs/examples/rc-form/step-1.tsx(3,19): error TS2307: Cannot find module '@crab-dev/rc-token-semantic' or its corresponding type declarations.
docs/examples/rc-form/step-1.tsx(4,58): error TS2307: Cannot find module '@crab-dev/rc-form' or its corresponding type declarations.
docs/examples/rc-form/step-1.tsx(5,22): error TS2307: Cannot find module '@crab-dev/rc-line-edit' or its corresponding type declarations.
docs/examples/rc-form/step-1.tsx(6,20): error TS2307: Cannot find module '@crab-dev/rc-button' or its corresponding type declarations.
docs/examples/rc-form/step-1.tsx(16,9): error TS17004: Cannot use JSX unless the '--jsx' flag is provided.
docs/examples/rc-form/step-1.tsx(21,24): error TS7006: Parameter 'event' implicitly has an 'any' type.
docs/examples/rc-form/step-1.tsx(31,9): error TS7026: JSX element implicitly has type 'any' because no interface 'JSX.IntrinsicElements' exists.
docs/examples/rc-form/step-1.tsx(31,9): error TS17004: Cannot use JSX unless the '--jsx' flag is provided.
docs/examples/rc-form/step-1.tsx(32,13): error TS17004: Cannot use JSX unless the '--jsx' flag is provided.
docs/examples/rc-form/step-1.tsx(37,41): error TS7006: Parameter 'record' implicitly has an 'any' type.
docs/examples/rc-form/step-1.tsx(41,17): error TS17004: Cannot use JSX unless the '--jsx' flag is provided.
docs/examples/rc-form/step-1.tsx(42,21): error TS17004: Cannot use JSX unless the '--jsx' flag is provided.
docs/examples/rc-form/step-1.tsx(44,17): error TS17004: Cannot use JSX unless the '--jsx' flag is provided.
docs/examples/rc-form/step-1.tsx(46,13): error TS7026: JSX element implicitly has type 'any' because no interface 'JSX.IntrinsicElements' exists.
docs/examples/rc-form/step-1.tsx(46,13): error TS17004: Cannot use JSX unless the '--jsx' flag is provided.
docs/examples/rc-form/step-1.tsx(46,44): error TS7026: JSX element implicitly has type 'any' because no interface 'JSX.IntrinsicElements' exists.
docs/examples/rc-form/step-1.tsx(47,9): error TS7026: JSX element implicitly has type 'any' because no interface 'JSX.IntrinsicElements' exists.
docs/examples/rc-form/step-2.tsx(1,26): error TS2307: Cannot find module 'react' or its corresponding type declarations.
docs/examples/rc-form/step-2.tsx(2,21): error TS2307: Cannot find module '@crab-dev/css' or its corresponding type declarations.
docs/examples/rc-form/step-2.tsx(3,19): error TS2307: Cannot find module '@crab-dev/rc-token-semantic' or its corresponding type declarations.
docs/examples/rc-form/step-2.tsx(4,68): error TS2307: Cannot find module '@crab-dev/rc-form' or its corresponding type declarations.
docs/examples/rc-form/step-2.tsx(5,22): error TS2307: Cannot find module '@crab-dev/rc-line-edit' or its corresponding type declarations.
docs/examples/rc-form/step-2.tsx(6,20): error TS2307: Cannot find module '@crab-dev/rc-button' or its corresponding type declarations.
docs/examples/rc-form/step-2.tsx(16,9): error TS17004: Cannot use JSX unless the '--jsx' flag is provided.
docs/examples/rc-form/step-2.tsx(21,24): error TS7006: Parameter 'event' implicitly has an 'any' type.
docs/examples/rc-form/step-2.tsx(31,9): error TS7026: JSX element implicitly has type 'any' because no interface 'JSX.IntrinsicElements' exists.
docs/examples/rc-form/step-2.tsx(31,9): error TS17004: Cannot use JSX unless the '--jsx' flag is provided.
docs/examples/rc-form/step-2.tsx(32,13): error TS17004: Cannot use JSX unless the '--jsx' flag is provided.
docs/examples/rc-form/step-2.tsx(37,41): error TS7006: Parameter 'record' implicitly has an 'any' type.
docs/examples/rc-form/step-2.tsx(41,17): error TS17004: Cannot use JSX unless the '--jsx' flag is provided.
docs/examples/rc-form/step-2.tsx(54,21): error TS17004: Cannot use JSX unless the '--jsx' flag is provided.
docs/examples/rc-form/step-2.tsx(56,17): error TS17004: Cannot use JSX unless the '--jsx' flag is provided.
docs/examples/rc-form/step-2.tsx(58,13): error TS7026: JSX element implicitly has type 'any' because no interface 'JSX.IntrinsicElements' exists.
docs/examples/rc-form/step-2.tsx(58,13): error TS17004: Cannot use JSX unless the '--jsx' flag is provided.
docs/examples/rc-form/step-2.tsx(58,46): error TS7026: JSX element implicitly has type 'any' because no interface 'JSX.IntrinsicElements' exists.
docs/examples/rc-form/step-2.tsx(59,9): error TS7026: JSX element implicitly has type 'any' because no interface 'JSX.IntrinsicElements' exists.
docs/examples/rc-hooks/step-1.tsx(1,21): error TS2307: Cannot find module '@crab-dev/css' or its corresponding type declarations.
docs/examples/rc-hooks/step-1.tsx(2,19): error TS2307: Cannot find module '@crab-dev/rc-token-semantic' or its corresponding type declarations.
docs/examples/rc-hooks/step-1.tsx(3,38): error TS2307: Cannot find module '@crab-dev/rc-hooks' or its corresponding type declarations.
docs/examples/rc-hooks/step-1.tsx(4,20): error TS2307: Cannot find module '@crab-dev/rc-button' or its corresponding type declarations.
docs/examples/rc-hooks/step-1.tsx(15,9): error TS7026: JSX element implicitly has type 'any' because no interface 'JSX.IntrinsicElements' exists.
docs/examples/rc-hooks/step-1.tsx(15,9): error TS17004: Cannot use JSX unless the '--jsx' flag is provided.
docs/examples/rc-hooks/step-1.tsx(16,13): error TS17004: Cannot use JSX unless the '--jsx' flag is provided.
docs/examples/rc-hooks/step-1.tsx(17,13): error TS7026: JSX element implicitly has type 'any' because no interface 'JSX.IntrinsicElements' exists.
docs/examples/rc-hooks/step-1.tsx(17,13): error TS17004: Cannot use JSX unless the '--jsx' flag is provided.
docs/examples/rc-hooks/step-1.tsx(17,31): error TS7026: JSX element implicitly has type 'any' because no interface 'JSX.IntrinsicElements' exists.
docs/examples/rc-hooks/step-1.tsx(18,9): error TS7026: JSX element implicitly has type 'any' because no interface 'JSX.IntrinsicElements' exists.
docs/examples/rc-hooks/step-2.tsx(1,26): error TS2307: Cannot find module 'react' or its corresponding type declarations.
docs/examples/rc-hooks/step-2.tsx(2,21): error TS2307: Cannot find module '@crab-dev/css' or its corresponding type declarations.
docs/examples/rc-hooks/step-2.tsx(3,19): error TS2307: Cannot find module '@crab-dev/rc-token-semantic' or its corresponding type declarations.
docs/examples/rc-hooks/step-2.tsx(4,38): error TS2307: Cannot find module '@crab-dev/rc-hooks' or its corresponding type declarations.
docs/examples/rc-hooks/step-2.tsx(5,20): error TS2307: Cannot find module '@crab-dev/rc-button' or its corresponding type declarations.
docs/examples/rc-hooks/step-2.tsx(18,9): error TS7026: JSX element implicitly has type 'any' because no interface 'JSX.IntrinsicElements' exists.
docs/examples/rc-hooks/step-2.tsx(18,9): error TS17004: Cannot use JSX unless the '--jsx' flag is provided.
docs/examples/rc-hooks/step-2.tsx(19,13): error TS17004: Cannot use JSX unless the '--jsx' flag is provided.
docs/examples/rc-hooks/step-2.tsx(20,13): error TS17004: Cannot use JSX unless the '--jsx' flag is provided.
docs/examples/rc-hooks/step-2.tsx(21,13): error TS7026: JSX element implicitly has type 'any' because no interface 'JSX.IntrinsicElements' exists.
docs/examples/rc-hooks/step-2.tsx(21,13): error TS17004: Cannot use JSX unless the '--jsx' flag is provided.
docs/examples/rc-hooks/step-2.tsx(21,33): error TS7026: JSX element implicitly has type 'any' because no interface 'JSX.IntrinsicElements' exists.
docs/examples/rc-hooks/step-2.tsx(22,9): error TS7026: JSX element implicitly has type 'any' because no interface 'JSX.IntrinsicElements' exists.
docs/examples/rc-line-edit/step-1.tsx(1,22): error TS2307: Cannot find module '@crab-dev/rc-line-edit' or its corresponding type declarations.
docs/examples/rc-line-edit/step-1.tsx(5,9): error TS7026: JSX element implicitly has type 'any' because no interface 'JSX.IntrinsicElements' exists.
docs/examples/rc-line-edit/step-1.tsx(5,9): error TS17004: Cannot use JSX unless the '--jsx' flag is provided.
docs/examples/rc-line-edit/step-1.tsx(7,13): error TS17004: Cannot use JSX unless the '--jsx' flag is provided.
docs/examples/rc-line-edit/step-1.tsx(8,9): error TS7026: JSX element implicitly has type 'any' because no interface 'JSX.IntrinsicElements' exists.
docs/examples/rc-line-edit/step-2.tsx(1,26): error TS2307: Cannot find module 'react' or its corresponding type declarations.
docs/examples/rc-line-edit/step-2.tsx(2,21): error TS2307: Cannot find module '@crab-dev/css' or its corresponding type declarations.
docs/examples/rc-line-edit/step-2.tsx(3,19): error TS2307: Cannot find module '@crab-dev/rc-token-semantic' or its corresponding type declarations.
docs/examples/rc-line-edit/step-2.tsx(4,22): error TS2307: Cannot find module '@crab-dev/rc-line-edit' or its corresponding type declarations.
docs/examples/rc-line-edit/step-2.tsx(13,9): error TS7026: JSX element implicitly has type 'any' because no interface 'JSX.IntrinsicElements' exists.
docs/examples/rc-line-edit/step-2.tsx(13,9): error TS17004: Cannot use JSX unless the '--jsx' flag is provided.
docs/examples/rc-line-edit/step-2.tsx(14,13): error TS7026: JSX element implicitly has type 'any' because no interface 'JSX.IntrinsicElements' exists.
docs/examples/rc-line-edit/step-2.tsx(14,13): error TS17004: Cannot use JSX unless the '--jsx' flag is provided.
docs/examples/rc-line-edit/step-2.tsx(16,17): error TS17004: Cannot use JSX unless the '--jsx' flag is provided.
docs/examples/rc-line-edit/step-2.tsx(18,32): error TS7006: Parameter 'event' implicitly has an 'any' type.
docs/examples/rc-line-edit/step-2.tsx(24,13): error TS7026: JSX element implicitly has type 'any' because no interface 'JSX.IntrinsicElements' exists.
docs/examples/rc-line-edit/step-2.tsx(25,13): error TS7026: JSX element implicitly has type 'any' because no interface 'JSX.IntrinsicElements' exists.
docs/examples/rc-line-edit/step-2.tsx(25,13): error TS17004: Cannot use JSX unless the '--jsx' flag is provided.
docs/examples/rc-line-edit/step-2.tsx(25,40): error TS7026: JSX element implicitly has type 'any' because no interface 'JSX.IntrinsicElements' exists.
docs/examples/rc-line-edit/step-2.tsx(26,9): error TS7026: JSX element implicitly has type 'any' because no interface 'JSX.IntrinsicElements' exists.
docs/examples/rc-masonry/step-1.tsx(1,21): error TS2307: Cannot find module '@crab-dev/rc-masonry' or its corresponding type declarations.
docs/examples/rc-masonry/step-1.tsx(2,18): error TS2307: Cannot find module '@crab-dev/rc-card' or its corresponding type declarations.
docs/examples/rc-masonry/step-1.tsx(11,5): error TS17004: Cannot use JSX unless the '--jsx' flag is provided.
docs/examples/rc-masonry/step-1.tsx(17,9): error TS17004: Cannot use JSX unless the '--jsx' flag is provided.
docs/examples/rc-masonry/step-2.tsx(1,26): error TS2307: Cannot find module 'react' or its corresponding type declarations.
docs/examples/rc-masonry/step-2.tsx(2,21): error TS2307: Cannot find module '@crab-dev/css' or its corresponding type declarations.
docs/examples/rc-masonry/step-2.tsx(3,19): error TS2307: Cannot find module '@crab-dev/rc-token-semantic' or its corresponding type declarations.
docs/examples/rc-masonry/step-2.tsx(4,21): error TS2307: Cannot find module '@crab-dev/rc-masonry' or its corresponding type declarations.
docs/examples/rc-masonry/step-2.tsx(5,18): error TS2307: Cannot find module '@crab-dev/rc-card' or its corresponding type declarations.
docs/examples/rc-masonry/step-2.tsx(6,20): error TS2307: Cannot find module '@crab-dev/rc-button' or its corresponding type declarations.
docs/examples/rc-masonry/step-2.tsx(20,5): error TS17004: Cannot use JSX unless the '--jsx' flag is provided.
docs/examples/rc-masonry/step-2.tsx(27,9): error TS7026: JSX element implicitly has type 'any' because no interface 'JSX.IntrinsicElements' exists.
docs/examples/rc-masonry/step-2.tsx(27,9): error TS17004: Cannot use JSX unless the '--jsx' flag is provided.
docs/examples/rc-masonry/step-2.tsx(28,13): error TS17004: Cannot use JSX unless the '--jsx' flag is provided.
docs/examples/rc-masonry/step-2.tsx(28,48): error TS7006: Parameter 'value' implicitly has an 'any' type.
docs/examples/rc-masonry/step-2.tsx(31,13): error TS17004: Cannot use JSX unless the '--jsx' flag is provided.
docs/examples/rc-masonry/step-2.tsx(34,9): error TS7026: JSX element implicitly has type 'any' because no interface 'JSX.IntrinsicElements' exists.
docs/examples/rc-menu/step-1.tsx(1,36): error TS2307: Cannot find module '@crab-dev/rc-menu' or its corresponding type declarations.
docs/examples/rc-menu/step-1.tsx(16,12): error TS17004: Cannot use JSX unless the '--jsx' flag is provided.
docs/examples/rc-menu/step-2.tsx(1,26): error TS2307: Cannot find module 'react' or its corresponding type declarations.
docs/examples/rc-menu/step-2.tsx(2,21): error TS2307: Cannot find module '@crab-dev/css' or its corresponding type declarations.
docs/examples/rc-menu/step-2.tsx(3,19): error TS2307: Cannot find module '@crab-dev/rc-token-semantic' or its corresponding type declarations.
docs/examples/rc-menu/step-2.tsx(4,36): error TS2307: Cannot find module '@crab-dev/rc-menu' or its corresponding type declarations.
docs/examples/rc-menu/step-2.tsx(25,9): error TS7026: JSX element implicitly has type 'any' because no interface 'JSX.IntrinsicElements' exists.
docs/examples/rc-menu/step-2.tsx(25,9): error TS17004: Cannot use JSX unless the '--jsx' flag is provided.
docs/examples/rc-menu/step-2.tsx(26,13): error TS17004: Cannot use JSX unless the '--jsx' flag is provided.
docs/examples/rc-menu/step-2.tsx(30,34): error TS7031: Binding element 'selectedKeys' implicitly has an 'any' type.
docs/examples/rc-menu/step-2.tsx(32,13): error TS7026: JSX element implicitly has type 'any' because no interface 'JSX.IntrinsicElements' exists.
docs/examples/rc-menu/step-2.tsx(32,13): error TS17004: Cannot use JSX unless the '--jsx' flag is provided.
docs/examples/rc-menu/step-2.tsx(32,71): error TS7026: JSX element implicitly has type 'any' because no interface 'JSX.IntrinsicElements' exists.
docs/examples/rc-menu/step-2.tsx(33,9): error TS7026: JSX element implicitly has type 'any' because no interface 'JSX.IntrinsicElements' exists.
docs/examples/rc-message/step-1.tsx(1,21): error TS2307: Cannot find module '@crab-dev/css' or its corresponding type declarations.
docs/examples/rc-message/step-1.tsx(2,19): error TS2307: Cannot find module '@crab-dev/rc-token-semantic' or its corresponding type declarations.
docs/examples/rc-message/step-1.tsx(3,28): error TS2307: Cannot find module '@crab-dev/rc-message' or its corresponding type declarations.
docs/examples/rc-message/step-1.tsx(4,20): error TS2307: Cannot find module '@crab-dev/rc-button' or its corresponding type declarations.
docs/examples/rc-message/step-1.tsx(14,9): error TS7026: JSX element implicitly has type 'any' because no interface 'JSX.IntrinsicElements' exists.
docs/examples/rc-message/step-1.tsx(14,9): error TS17004: Cannot use JSX unless the '--jsx' flag is provided.
docs/examples/rc-message/step-1.tsx(16,13): error TS17004: Cannot use JSX unless the '--jsx' flag is provided.
docs/examples/rc-message/step-1.tsx(17,9): error TS7026: JSX element implicitly has type 'any' because no interface 'JSX.IntrinsicElements' exists.
docs/examples/rc-message/step-2.tsx(1,21): error TS2307: Cannot find module '@crab-dev/css' or its corresponding type declarations.
docs/examples/rc-message/step-2.tsx(2,19): error TS2307: Cannot find module '@crab-dev/rc-token-semantic' or its corresponding type declarations.
docs/examples/rc-message/step-2.tsx(3,28): error TS2307: Cannot find module '@crab-dev/rc-message' or its corresponding type declarations.
docs/examples/rc-message/step-2.tsx(4,20): error TS2307: Cannot find module '@crab-dev/rc-button' or its corresponding type declarations.
docs/examples/rc-message/step-2.tsx(14,9): error TS7026: JSX element implicitly has type 'any' because no interface 'JSX.IntrinsicElements' exists.
docs/examples/rc-message/step-2.tsx(14,9): error TS17004: Cannot use JSX unless the '--jsx' flag is provided.
docs/examples/rc-message/step-2.tsx(16,13): error TS17004: Cannot use JSX unless the '--jsx' flag is provided.
docs/examples/rc-message/step-2.tsx(17,13): error TS17004: Cannot use JSX unless the '--jsx' flag is provided.
docs/examples/rc-message/step-2.tsx(18,9): error TS7026: JSX element implicitly has type 'any' because no interface 'JSX.IntrinsicElements' exists.
docs/examples/rc-notification/step-1.tsx(1,21): error TS2307: Cannot find module '@crab-dev/css' or its corresponding type declarations.
docs/examples/rc-notification/step-1.tsx(2,19): error TS2307: Cannot find module '@crab-dev/rc-token-semantic' or its corresponding type declarations.
docs/examples/rc-notification/step-1.tsx(3,33): error TS2307: Cannot find module '@crab-dev/rc-notification' or its corresponding type declarations.
docs/examples/rc-notification/step-1.tsx(4,20): error TS2307: Cannot find module '@crab-dev/rc-button' or its corresponding type declarations.
docs/examples/rc-notification/step-1.tsx(14,9): error TS7026: JSX element implicitly has type 'any' because no interface 'JSX.IntrinsicElements' exists.
docs/examples/rc-notification/step-1.tsx(14,9): error TS17004: Cannot use JSX unless the '--jsx' flag is provided.
docs/examples/rc-notification/step-1.tsx(16,13): error TS17004: Cannot use JSX unless the '--jsx' flag is provided.
docs/examples/rc-notification/step-1.tsx(27,9): error TS7026: JSX element implicitly has type 'any' because no interface 'JSX.IntrinsicElements' exists.
docs/examples/rc-notification/step-2.tsx(1,26): error TS2307: Cannot find module 'react' or its corresponding type declarations.
docs/examples/rc-notification/step-2.tsx(2,21): error TS2307: Cannot find module '@crab-dev/css' or its corresponding type declarations.
docs/examples/rc-notification/step-2.tsx(3,19): error TS2307: Cannot find module '@crab-dev/rc-token-semantic' or its corresponding type declarations.
docs/examples/rc-notification/step-2.tsx(4,33): error TS2307: Cannot find module '@crab-dev/rc-notification' or its corresponding type declarations.
docs/examples/rc-notification/step-2.tsx(5,20): error TS2307: Cannot find module '@crab-dev/rc-button' or its corresponding type declarations.
docs/examples/rc-notification/step-2.tsx(16,9): error TS7026: JSX element implicitly has type 'any' because no interface 'JSX.IntrinsicElements' exists.
docs/examples/rc-notification/step-2.tsx(16,9): error TS17004: Cannot use JSX unless the '--jsx' flag is provided.
docs/examples/rc-notification/step-2.tsx(18,13): error TS17004: Cannot use JSX unless the '--jsx' flag is provided.
docs/examples/rc-notification/step-2.tsx(18,45): error TS7006: Parameter 'value' implicitly has an 'any' type.
docs/examples/rc-notification/step-2.tsx(21,13): error TS17004: Cannot use JSX unless the '--jsx' flag is provided.
docs/examples/rc-notification/step-2.tsx(33,9): error TS7026: JSX element implicitly has type 'any' because no interface 'JSX.IntrinsicElements' exists.
docs/examples/rc-number-edit/step-1.tsx(1,24): error TS2307: Cannot find module '@crab-dev/rc-number-edit' or its corresponding type declarations.
docs/examples/rc-number-edit/step-1.tsx(5,9): error TS7026: JSX element implicitly has type 'any' because no interface 'JSX.IntrinsicElements' exists.
docs/examples/rc-number-edit/step-1.tsx(5,9): error TS17004: Cannot use JSX unless the '--jsx' flag is provided.
docs/examples/rc-number-edit/step-1.tsx(7,13): error TS17004: Cannot use JSX unless the '--jsx' flag is provided.
docs/examples/rc-number-edit/step-1.tsx(8,9): error TS7026: JSX element implicitly has type 'any' because no interface 'JSX.IntrinsicElements' exists.
docs/examples/rc-number-edit/step-2.tsx(1,26): error TS2307: Cannot find module 'react' or its corresponding type declarations.
docs/examples/rc-number-edit/step-2.tsx(2,21): error TS2307: Cannot find module '@crab-dev/css' or its corresponding type declarations.
docs/examples/rc-number-edit/step-2.tsx(3,19): error TS2307: Cannot find module '@crab-dev/rc-token-semantic' or its corresponding type declarations.
docs/examples/rc-number-edit/step-2.tsx(4,24): error TS2307: Cannot find module '@crab-dev/rc-number-edit' or its corresponding type declarations.
docs/examples/rc-number-edit/step-2.tsx(13,9): error TS7026: JSX element implicitly has type 'any' because no interface 'JSX.IntrinsicElements' exists.
docs/examples/rc-number-edit/step-2.tsx(13,9): error TS17004: Cannot use JSX unless the '--jsx' flag is provided.
docs/examples/rc-number-edit/step-2.tsx(14,13): error TS7026: JSX element implicitly has type 'any' because no interface 'JSX.IntrinsicElements' exists.
docs/examples/rc-number-edit/step-2.tsx(14,13): error TS17004: Cannot use JSX unless the '--jsx' flag is provided.
docs/examples/rc-number-edit/step-2.tsx(16,17): error TS17004: Cannot use JSX unless the '--jsx' flag is provided.
docs/examples/rc-number-edit/step-2.tsx(17,13): error TS7026: JSX element implicitly has type 'any' because no interface 'JSX.IntrinsicElements' exists.
docs/examples/rc-number-edit/step-2.tsx(18,13): error TS7026: JSX element implicitly has type 'any' because no interface 'JSX.IntrinsicElements' exists.
docs/examples/rc-number-edit/step-2.tsx(18,13): error TS17004: Cannot use JSX unless the '--jsx' flag is provided.
docs/examples/rc-number-edit/step-2.tsx(18,44): error TS7026: JSX element implicitly has type 'any' because no interface 'JSX.IntrinsicElements' exists.
docs/examples/rc-number-edit/step-2.tsx(19,9): error TS7026: JSX element implicitly has type 'any' because no interface 'JSX.IntrinsicElements' exists.
docs/examples/rc-pagination/step-1.tsx(1,24): error TS2307: Cannot find module '@crab-dev/rc-pagination' or its corresponding type declarations.
docs/examples/rc-pagination/step-1.tsx(4,12): error TS17004: Cannot use JSX unless the '--jsx' flag is provided.
docs/examples/rc-pagination/step-2.tsx(1,26): error TS2307: Cannot find module 'react' or its corresponding type declarations.
docs/examples/rc-pagination/step-2.tsx(2,21): error TS2307: Cannot find module '@crab-dev/css' or its corresponding type declarations.
docs/examples/rc-pagination/step-2.tsx(3,19): error TS2307: Cannot find module '@crab-dev/rc-token-semantic' or its corresponding type declarations.
docs/examples/rc-pagination/step-2.tsx(4,24): error TS2307: Cannot find module '@crab-dev/rc-pagination' or its corresponding type declarations.
docs/examples/rc-pagination/step-2.tsx(13,9): error TS7026: JSX element implicitly has type 'any' because no interface 'JSX.IntrinsicElements' exists.
docs/examples/rc-pagination/step-2.tsx(13,9): error TS17004: Cannot use JSX unless the '--jsx' flag is provided.
docs/examples/rc-pagination/step-2.tsx(14,13): error TS7026: JSX element implicitly has type 'any' because no interface 'JSX.IntrinsicElements' exists.
docs/examples/rc-pagination/step-2.tsx(14,13): error TS17004: Cannot use JSX unless the '--jsx' flag is provided.
docs/examples/rc-pagination/step-2.tsx(23,25): error TS7026: JSX element implicitly has type 'any' because no interface 'JSX.IntrinsicElements' exists.
docs/examples/rc-pagination/step-2.tsx(23,25): error TS17004: Cannot use JSX unless the '--jsx' flag is provided.
docs/examples/rc-pagination/step-2.tsx(23,46): error TS7026: JSX element implicitly has type 'any' because no interface 'JSX.IntrinsicElements' exists.
docs/examples/rc-pagination/step-2.tsx(25,13): error TS7026: JSX element implicitly has type 'any' because no interface 'JSX.IntrinsicElements' exists.
docs/examples/rc-pagination/step-2.tsx(26,13): error TS17004: Cannot use JSX unless the '--jsx' flag is provided.
docs/examples/rc-pagination/step-2.tsx(27,9): error TS7026: JSX element implicitly has type 'any' because no interface 'JSX.IntrinsicElements' exists.
docs/examples/rc-prose/step-1.tsx(1,19): error TS2307: Cannot find module '@crab-dev/rc-prose' or its corresponding type declarations.
docs/examples/rc-prose/step-1.tsx(5,9): error TS17004: Cannot use JSX unless the '--jsx' flag is provided.
docs/examples/rc-prose/step-1.tsx(6,13): error TS7026: JSX element implicitly has type 'any' because no interface 'JSX.IntrinsicElements' exists.
docs/examples/rc-prose/step-1.tsx(6,13): error TS17004: Cannot use JSX unless the '--jsx' flag is provided.
docs/examples/rc-prose/step-1.tsx(6,21): error TS7026: JSX element implicitly has type 'any' because no interface 'JSX.IntrinsicElements' exists.
docs/examples/rc-prose/step-1.tsx(7,13): error TS7026: JSX element implicitly has type 'any' because no interface 'JSX.IntrinsicElements' exists.
docs/examples/rc-prose/step-1.tsx(7,13): error TS17004: Cannot use JSX unless the '--jsx' flag is provided.
docs/examples/rc-prose/step-1.tsx(7,32): error TS7026: JSX element implicitly has type 'any' because no interface 'JSX.IntrinsicElements' exists.
docs/examples/rc-prose/step-1.tsx(8,13): error TS7026: JSX element implicitly has type 'any' because no interface 'JSX.IntrinsicElements' exists.
docs/examples/rc-prose/step-1.tsx(8,13): error TS17004: Cannot use JSX unless the '--jsx' flag is provided.
docs/examples/rc-prose/step-1.tsx(9,17): error TS7026: JSX element implicitly has type 'any' because no interface 'JSX.IntrinsicElements' exists.
docs/examples/rc-prose/step-1.tsx(9,17): error TS17004: Cannot use JSX unless the '--jsx' flag is provided.
docs/examples/rc-prose/step-1.tsx(9,28): error TS7026: JSX element implicitly has type 'any' because no interface 'JSX.IntrinsicElements' exists.
docs/examples/rc-prose/step-1.tsx(10,17): error TS7026: JSX element implicitly has type 'any' because no interface 'JSX.IntrinsicElements' exists.
docs/examples/rc-prose/step-1.tsx(10,17): error TS17004: Cannot use JSX unless the '--jsx' flag is provided.
docs/examples/rc-prose/step-1.tsx(10,28): error TS7026: JSX element implicitly has type 'any' because no interface 'JSX.IntrinsicElements' exists.
docs/examples/rc-prose/step-1.tsx(11,13): error TS7026: JSX element implicitly has type 'any' because no interface 'JSX.IntrinsicElements' exists.
docs/examples/rc-prose/step-2.tsx(1,26): error TS2307: Cannot find module 'react' or its corresponding type declarations.
docs/examples/rc-prose/step-2.tsx(2,21): error TS2307: Cannot find module '@crab-dev/css' or its corresponding type declarations.
docs/examples/rc-prose/step-2.tsx(3,19): error TS2307: Cannot find module '@crab-dev/rc-token-semantic' or its corresponding type declarations.
docs/examples/rc-prose/step-2.tsx(4,19): error TS2307: Cannot find module '@crab-dev/rc-prose' or its corresponding type declarations.
docs/examples/rc-prose/step-2.tsx(5,20): error TS2307: Cannot find module '@crab-dev/rc-button' or its corresponding type declarations.
docs/examples/rc-prose/step-2.tsx(15,9): error TS7026: JSX element implicitly has type 'any' because no interface 'JSX.IntrinsicElements' exists.
docs/examples/rc-prose/step-2.tsx(15,9): error TS17004: Cannot use JSX unless the '--jsx' flag is provided.
docs/examples/rc-prose/step-2.tsx(16,13): error TS17004: Cannot use JSX unless the '--jsx' flag is provided.
docs/examples/rc-prose/step-2.tsx(16,46): error TS7006: Parameter 'value' implicitly has an 'any' type.
docs/examples/rc-prose/step-2.tsx(17,13): error TS17004: Cannot use JSX unless the '--jsx' flag is provided.
docs/examples/rc-prose/step-2.tsx(18,17): error TS7026: JSX element implicitly has type 'any' because no interface 'JSX.IntrinsicElements' exists.
docs/examples/rc-prose/step-2.tsx(18,17): error TS17004: Cannot use JSX unless the '--jsx' flag is provided.
docs/examples/rc-prose/step-2.tsx(18,25): error TS7026: JSX element implicitly has type 'any' because no interface 'JSX.IntrinsicElements' exists.
docs/examples/rc-prose/step-2.tsx(19,17): error TS7026: JSX element implicitly has type 'any' because no interface 'JSX.IntrinsicElements' exists.
docs/examples/rc-prose/step-2.tsx(19,17): error TS17004: Cannot use JSX unless the '--jsx' flag is provided.
docs/examples/rc-prose/step-2.tsx(19,35): error TS7026: JSX element implicitly has type 'any' because no interface 'JSX.IntrinsicElements' exists.
docs/examples/rc-prose/step-2.tsx(21,9): error TS7026: JSX element implicitly has type 'any' because no interface 'JSX.IntrinsicElements' exists.
docs/examples/rc-radio/step-1.tsx(1,35): error TS2307: Cannot find module '@crab-dev/rc-radio' or its corresponding type declarations.
docs/examples/rc-radio/step-1.tsx(5,9): error TS17004: Cannot use JSX unless the '--jsx' flag is provided.
docs/examples/rc-radio/step-1.tsx(6,13): error TS17004: Cannot use JSX unless the '--jsx' flag is provided.
docs/examples/rc-radio/step-1.tsx(7,13): error TS17004: Cannot use JSX unless the '--jsx' flag is provided.
docs/examples/rc-radio/step-2.tsx(1,26): error TS2307: Cannot find module 'react' or its corresponding type declarations.
docs/examples/rc-radio/step-2.tsx(2,21): error TS2307: Cannot find module '@crab-dev/css' or its corresponding type declarations.
docs/examples/rc-radio/step-2.tsx(3,19): error TS2307: Cannot find module '@crab-dev/rc-token-semantic' or its corresponding type declarations.
docs/examples/rc-radio/step-2.tsx(4,35): error TS2307: Cannot find module '@crab-dev/rc-radio' or its corresponding type declarations.
docs/examples/rc-radio/step-2.tsx(13,9): error TS7026: JSX element implicitly has type 'any' because no interface 'JSX.IntrinsicElements' exists.
docs/examples/rc-radio/step-2.tsx(13,9): error TS17004: Cannot use JSX unless the '--jsx' flag is provided.
docs/examples/rc-radio/step-2.tsx(14,13): error TS17004: Cannot use JSX unless the '--jsx' flag is provided.
docs/examples/rc-radio/step-2.tsx(15,17): error TS17004: Cannot use JSX unless the '--jsx' flag is provided.
docs/examples/rc-radio/step-2.tsx(16,17): error TS17004: Cannot use JSX unless the '--jsx' flag is provided.
docs/examples/rc-radio/step-2.tsx(18,13): error TS7026: JSX element implicitly has type 'any' because no interface 'JSX.IntrinsicElements' exists.
docs/examples/rc-radio/step-2.tsx(18,13): error TS17004: Cannot use JSX unless the '--jsx' flag is provided.
docs/examples/rc-radio/step-2.tsx(18,32): error TS7026: JSX element implicitly has type 'any' because no interface 'JSX.IntrinsicElements' exists.
docs/examples/rc-radio/step-2.tsx(19,9): error TS7026: JSX element implicitly has type 'any' because no interface 'JSX.IntrinsicElements' exists.
docs/examples/rc-realm/step-1.tsx(1,44): error TS2307: Cannot find module 'react' or its corresponding type declarations.
docs/examples/rc-realm/step-1.tsx(2,45): error TS2307: Cannot find module '@crab-dev/rc-realm' or its corresponding type declarations.
docs/examples/rc-realm/step-1.tsx(5,12): error TS7026: JSX element implicitly has type 'any' because no interface 'JSX.IntrinsicElements' exists.
docs/examples/rc-realm/step-1.tsx(5,12): error TS17004: Cannot use JSX unless the '--jsx' flag is provided.
docs/examples/rc-realm/step-1.tsx(5,24): error TS7026: JSX element implicitly has type 'any' because no interface 'JSX.IntrinsicElements' exists.
docs/examples/rc-realm/step-1.tsx(26,9): error TS17004: Cannot use JSX unless the '--jsx' flag is provided.
docs/examples/rc-realm/step-1.tsx(35,9): error TS7026: JSX element implicitly has type 'any' because no interface 'JSX.IntrinsicElements' exists.
docs/examples/rc-realm/step-1.tsx(35,9): error TS17004: Cannot use JSX unless the '--jsx' flag is provided.
docs/examples/rc-realm/step-1.tsx(35,21): error TS7026: JSX element implicitly has type 'any' because no interface 'JSX.IntrinsicElements' exists.
docs/examples/rc-realm/step-2.tsx(1,44): error TS2307: Cannot find module 'react' or its corresponding type declarations.
docs/examples/rc-realm/step-2.tsx(2,21): error TS2307: Cannot find module '@crab-dev/css' or its corresponding type declarations.
docs/examples/rc-realm/step-2.tsx(3,19): error TS2307: Cannot find module '@crab-dev/rc-token-semantic' or its corresponding type declarations.
docs/examples/rc-realm/step-2.tsx(4,45): error TS2307: Cannot find module '@crab-dev/rc-realm' or its corresponding type declarations.
docs/examples/rc-realm/step-2.tsx(5,20): error TS2307: Cannot find module '@crab-dev/rc-button' or its corresponding type declarations.
docs/examples/rc-realm/step-2.tsx(13,12): error TS7026: JSX element implicitly has type 'any' because no interface 'JSX.IntrinsicElements' exists.
docs/examples/rc-realm/step-2.tsx(13,12): error TS17004: Cannot use JSX unless the '--jsx' flag is provided.
docs/examples/rc-realm/step-2.tsx(13,24): error TS7026: JSX element implicitly has type 'any' because no interface 'JSX.IntrinsicElements' exists.
docs/examples/rc-realm/step-2.tsx(35,9): error TS7026: JSX element implicitly has type 'any' because no interface 'JSX.IntrinsicElements' exists.
docs/examples/rc-realm/step-2.tsx(35,9): error TS17004: Cannot use JSX unless the '--jsx' flag is provided.
docs/examples/rc-realm/step-2.tsx(36,13): error TS17004: Cannot use JSX unless the '--jsx' flag is provided.
docs/examples/rc-realm/step-2.tsx(38,33): error TS7006: Parameter 'value' implicitly has an 'any' type.
docs/examples/rc-realm/step-2.tsx(44,17): error TS17004: Cannot use JSX unless the '--jsx' flag is provided.
docs/examples/rc-realm/step-2.tsx(53,17): error TS7026: JSX element implicitly has type 'any' because no interface 'JSX.IntrinsicElements' exists.
docs/examples/rc-realm/step-2.tsx(53,17): error TS17004: Cannot use JSX unless the '--jsx' flag is provided.
docs/examples/rc-realm/step-2.tsx(53,29): error TS7026: JSX element implicitly has type 'any' because no interface 'JSX.IntrinsicElements' exists.
docs/examples/rc-realm/step-2.tsx(55,9): error TS7026: JSX element implicitly has type 'any' because no interface 'JSX.IntrinsicElements' exists.
docs/examples/rc-router/step-1.tsx(1,37): error TS2307: Cannot find module 'react' or its corresponding type declarations.
docs/examples/rc-router/step-1.tsx(2,21): error TS2307: Cannot find module '@crab-dev/css' or its corresponding type declarations.
docs/examples/rc-router/step-1.tsx(3,19): error TS2307: Cannot find module '@crab-dev/rc-token-semantic' or its corresponding type declarations.
docs/examples/rc-router/step-1.tsx(4,51): error TS2307: Cannot find module '@crab-dev/rc-router' or its corresponding type declarations.
docs/examples/rc-router/step-1.tsx(13,13): error TS17004: Cannot use JSX unless the '--jsx' flag is provided.
docs/examples/rc-router/step-1.tsx(14,17): error TS7026: JSX element implicitly has type 'any' because no interface 'JSX.IntrinsicElements' exists.
docs/examples/rc-router/step-1.tsx(14,17): error TS17004: Cannot use JSX unless the '--jsx' flag is provided.
docs/examples/rc-router/step-1.tsx(14,24): error TS7026: JSX element implicitly has type 'any' because no interface 'JSX.IntrinsicElements' exists.
docs/examples/rc-router/step-1.tsx(15,17): error TS17004: Cannot use JSX unless the '--jsx' flag is provided.
docs/examples/rc-router/step-1.tsx(21,18): error TS7026: JSX element implicitly has type 'any' because no interface 'JSX.IntrinsicElements' exists.
docs/examples/rc-router/step-1.tsx(21,18): error TS17004: Cannot use JSX unless the '--jsx' flag is provided.
docs/examples/rc-router/step-1.tsx(21,29): error TS7026: JSX element implicitly has type 'any' because no interface 'JSX.IntrinsicElements' exists.
docs/examples/rc-router/step-1.tsx(86,9): error TS7026: JSX element implicitly has type 'any' because no interface 'JSX.IntrinsicElements' exists.
docs/examples/rc-router/step-1.tsx(86,9): error TS17004: Cannot use JSX unless the '--jsx' flag is provided.
docs/examples/rc-router/step-1.tsx(87,13): error TS7026: JSX element implicitly has type 'any' because no interface 'JSX.IntrinsicElements' exists.
docs/examples/rc-router/step-1.tsx(87,13): error TS17004: Cannot use JSX unless the '--jsx' flag is provided.
docs/examples/rc-router/step-1.tsx(88,30): error TS17004: Cannot use JSX unless the '--jsx' flag is provided.
docs/examples/rc-router/step-1.tsx(89,9): error TS7026: JSX element implicitly has type 'any' because no interface 'JSX.IntrinsicElements' exists.
docs/examples/rc-router/step-2.tsx(1,37): error TS2307: Cannot find module 'react' or its corresponding type declarations.
docs/examples/rc-router/step-2.tsx(2,21): error TS2307: Cannot find module '@crab-dev/css' or its corresponding type declarations.
docs/examples/rc-router/step-2.tsx(3,19): error TS2307: Cannot find module '@crab-dev/rc-token-semantic' or its corresponding type declarations.
docs/examples/rc-router/step-2.tsx(4,51): error TS2307: Cannot find module '@crab-dev/rc-router' or its corresponding type declarations.
docs/examples/rc-router/step-2.tsx(13,13): error TS17004: Cannot use JSX unless the '--jsx' flag is provided.
docs/examples/rc-router/step-2.tsx(14,17): error TS7026: JSX element implicitly has type 'any' because no interface 'JSX.IntrinsicElements' exists.
docs/examples/rc-router/step-2.tsx(14,17): error TS17004: Cannot use JSX unless the '--jsx' flag is provided.
docs/examples/rc-router/step-2.tsx(14,24): error TS7026: JSX element implicitly has type 'any' because no interface 'JSX.IntrinsicElements' exists.
docs/examples/rc-router/step-2.tsx(15,17): error TS17004: Cannot use JSX unless the '--jsx' flag is provided.
docs/examples/rc-router/step-2.tsx(21,18): error TS7026: JSX element implicitly has type 'any' because no interface 'JSX.IntrinsicElements' exists.
docs/examples/rc-router/step-2.tsx(21,18): error TS17004: Cannot use JSX unless the '--jsx' flag is provided.
docs/examples/rc-router/step-2.tsx(21,29): error TS7026: JSX element implicitly has type 'any' because no interface 'JSX.IntrinsicElements' exists.
docs/examples/rc-router/step-2.tsx(29,13): error TS17004: Cannot use JSX unless the '--jsx' flag is provided.
docs/examples/rc-router/step-2.tsx(30,17): error TS7026: JSX element implicitly has type 'any' because no interface 'JSX.IntrinsicElements' exists.
docs/examples/rc-router/step-2.tsx(30,17): error TS17004: Cannot use JSX unless the '--jsx' flag is provided.
docs/examples/rc-router/step-2.tsx(30,28): error TS7026: JSX element implicitly has type 'any' because no interface 'JSX.IntrinsicElements' exists.
docs/examples/rc-router/step-2.tsx(31,17): error TS17004: Cannot use JSX unless the '--jsx' flag is provided.
docs/examples/rc-router/step-2.tsx(99,9): error TS7026: JSX element implicitly has type 'any' because no interface 'JSX.IntrinsicElements' exists.
docs/examples/rc-router/step-2.tsx(99,9): error TS17004: Cannot use JSX unless the '--jsx' flag is provided.
docs/examples/rc-router/step-2.tsx(100,13): error TS7026: JSX element implicitly has type 'any' because no interface 'JSX.IntrinsicElements' exists.
docs/examples/rc-router/step-2.tsx(100,13): error TS17004: Cannot use JSX unless the '--jsx' flag is provided.
docs/examples/rc-router/step-2.tsx(101,30): error TS17004: Cannot use JSX unless the '--jsx' flag is provided.
docs/examples/rc-router/step-2.tsx(102,9): error TS7026: JSX element implicitly has type 'any' because no interface 'JSX.IntrinsicElements' exists.
docs/examples/rc-segmented/step-1.tsx(1,23): error TS2307: Cannot find module '@crab-dev/rc-segmented' or its corresponding type declarations.
docs/examples/rc-segmented/step-1.tsx(4,12): error TS17004: Cannot use JSX unless the '--jsx' flag is provided.
docs/examples/rc-segmented/step-2.tsx(1,26): error TS2307: Cannot find module 'react' or its corresponding type declarations.
docs/examples/rc-segmented/step-2.tsx(2,21): error TS2307: Cannot find module '@crab-dev/css' or its corresponding type declarations.
docs/examples/rc-segmented/step-2.tsx(3,19): error TS2307: Cannot find module '@crab-dev/rc-token-semantic' or its corresponding type declarations.
docs/examples/rc-segmented/step-2.tsx(4,23): error TS2307: Cannot find module '@crab-dev/rc-segmented' or its corresponding type declarations.
docs/examples/rc-segmented/step-2.tsx(13,9): error TS7026: JSX element implicitly has type 'any' because no interface 'JSX.IntrinsicElements' exists.
docs/examples/rc-segmented/step-2.tsx(13,9): error TS17004: Cannot use JSX unless the '--jsx' flag is provided.
docs/examples/rc-segmented/step-2.tsx(14,13): error TS17004: Cannot use JSX unless the '--jsx' flag is provided.
docs/examples/rc-segmented/step-2.tsx(15,13): error TS7026: JSX element implicitly has type 'any' because no interface 'JSX.IntrinsicElements' exists.
docs/examples/rc-segmented/step-2.tsx(15,13): error TS17004: Cannot use JSX unless the '--jsx' flag is provided.
docs/examples/rc-segmented/step-2.tsx(15,35): error TS7026: JSX element implicitly has type 'any' because no interface 'JSX.IntrinsicElements' exists.
docs/examples/rc-segmented/step-2.tsx(16,9): error TS7026: JSX element implicitly has type 'any' because no interface 'JSX.IntrinsicElements' exists.
docs/examples/rc-select/step-1.tsx(1,20): error TS2307: Cannot find module '@crab-dev/rc-select' or its corresponding type declarations.
docs/examples/rc-select/step-1.tsx(18,12): error TS17004: Cannot use JSX unless the '--jsx' flag is provided.
docs/examples/rc-select/step-2.tsx(1,26): error TS2307: Cannot find module 'react' or its corresponding type declarations.
docs/examples/rc-select/step-2.tsx(2,21): error TS2307: Cannot find module '@crab-dev/css' or its corresponding type declarations.
docs/examples/rc-select/step-2.tsx(3,19): error TS2307: Cannot find module '@crab-dev/rc-token-semantic' or its corresponding type declarations.
docs/examples/rc-select/step-2.tsx(4,20): error TS2307: Cannot find module '@crab-dev/rc-select' or its corresponding type declarations.
docs/examples/rc-select/step-2.tsx(27,9): error TS7026: JSX element implicitly has type 'any' because no interface 'JSX.IntrinsicElements' exists.
docs/examples/rc-select/step-2.tsx(27,9): error TS17004: Cannot use JSX unless the '--jsx' flag is provided.
docs/examples/rc-select/step-2.tsx(28,13): error TS17004: Cannot use JSX unless the '--jsx' flag is provided.
docs/examples/rc-select/step-2.tsx(37,13): error TS7026: JSX element implicitly has type 'any' because no interface 'JSX.IntrinsicElements' exists.
docs/examples/rc-select/step-2.tsx(37,13): error TS17004: Cannot use JSX unless the '--jsx' flag is provided.
docs/examples/rc-select/step-2.tsx(37,41): error TS7026: JSX element implicitly has type 'any' because no interface 'JSX.IntrinsicElements' exists.
docs/examples/rc-select/step-2.tsx(38,9): error TS7026: JSX element implicitly has type 'any' because no interface 'JSX.IntrinsicElements' exists.
docs/examples/rc-skeleton/step-1.tsx(1,22): error TS2307: Cannot find module '@crab-dev/rc-skeleton' or its corresponding type declarations.
docs/examples/rc-skeleton/step-1.tsx(4,12): error TS17004: Cannot use JSX unless the '--jsx' flag is provided.
docs/examples/rc-skeleton/step-2.tsx(1,26): error TS2307: Cannot find module 'react' or its corresponding type declarations.
docs/examples/rc-skeleton/step-2.tsx(2,21): error TS2307: Cannot find module '@crab-dev/css' or its corresponding type declarations.
docs/examples/rc-skeleton/step-2.tsx(3,19): error TS2307: Cannot find module '@crab-dev/rc-token-semantic' or its corresponding type declarations.
docs/examples/rc-skeleton/step-2.tsx(4,22): error TS2307: Cannot find module '@crab-dev/rc-skeleton' or its corresponding type declarations.
docs/examples/rc-skeleton/step-2.tsx(5,20): error TS2307: Cannot find module '@crab-dev/rc-button' or its corresponding type declarations.
docs/examples/rc-skeleton/step-2.tsx(15,9): error TS7026: JSX element implicitly has type 'any' because no interface 'JSX.IntrinsicElements' exists.
docs/examples/rc-skeleton/step-2.tsx(15,9): error TS17004: Cannot use JSX unless the '--jsx' flag is provided.
docs/examples/rc-skeleton/step-2.tsx(16,13): error TS17004: Cannot use JSX unless the '--jsx' flag is provided.
docs/examples/rc-skeleton/step-2.tsx(16,48): error TS7006: Parameter 'value' implicitly has an 'any' type.
docs/examples/rc-skeleton/step-2.tsx(19,13): error TS17004: Cannot use JSX unless the '--jsx' flag is provided.
docs/examples/rc-skeleton/step-2.tsx(20,17): error TS7026: JSX element implicitly has type 'any' because no interface 'JSX.IntrinsicElements' exists.
docs/examples/rc-skeleton/step-2.tsx(20,17): error TS17004: Cannot use JSX unless the '--jsx' flag is provided.
docs/examples/rc-skeleton/step-2.tsx(20,39): error TS7026: JSX element implicitly has type 'any' because no interface 'JSX.IntrinsicElements' exists.
docs/examples/rc-skeleton/step-2.tsx(22,9): error TS7026: JSX element implicitly has type 'any' because no interface 'JSX.IntrinsicElements' exists.
docs/examples/rc-slider/step-1.tsx(1,26): error TS2307: Cannot find module 'react' or its corresponding type declarations.
docs/examples/rc-slider/step-1.tsx(2,21): error TS2307: Cannot find module '@crab-dev/css' or its corresponding type declarations.
docs/examples/rc-slider/step-1.tsx(3,19): error TS2307: Cannot find module '@crab-dev/rc-token-semantic' or its corresponding type declarations.
docs/examples/rc-slider/step-1.tsx(4,20): error TS2307: Cannot find module '@crab-dev/rc-slider' or its corresponding type declarations.
docs/examples/rc-slider/step-1.tsx(13,9): error TS7026: JSX element implicitly has type 'any' because no interface 'JSX.IntrinsicElements' exists.
docs/examples/rc-slider/step-1.tsx(13,9): error TS17004: Cannot use JSX unless the '--jsx' flag is provided.
docs/examples/rc-slider/step-1.tsx(14,13): error TS17004: Cannot use JSX unless the '--jsx' flag is provided.
docs/examples/rc-slider/step-1.tsx(15,13): error TS7026: JSX element implicitly has type 'any' because no interface 'JSX.IntrinsicElements' exists.
docs/examples/rc-slider/step-1.tsx(15,13): error TS17004: Cannot use JSX unless the '--jsx' flag is provided.
docs/examples/rc-slider/step-1.tsx(15,32): error TS7026: JSX element implicitly has type 'any' because no interface 'JSX.IntrinsicElements' exists.
docs/examples/rc-slider/step-1.tsx(16,9): error TS7026: JSX element implicitly has type 'any' because no interface 'JSX.IntrinsicElements' exists.
docs/examples/rc-slider/step-2.tsx(1,26): error TS2307: Cannot find module 'react' or its corresponding type declarations.
docs/examples/rc-slider/step-2.tsx(2,21): error TS2307: Cannot find module '@crab-dev/css' or its corresponding type declarations.
docs/examples/rc-slider/step-2.tsx(3,19): error TS2307: Cannot find module '@crab-dev/rc-token-semantic' or its corresponding type declarations.
docs/examples/rc-slider/step-2.tsx(4,20): error TS2307: Cannot find module '@crab-dev/rc-slider' or its corresponding type declarations.
docs/examples/rc-slider/step-2.tsx(5,20): error TS2307: Cannot find module '@crab-dev/rc-button' or its corresponding type declarations.
docs/examples/rc-slider/step-2.tsx(15,9): error TS7026: JSX element implicitly has type 'any' because no interface 'JSX.IntrinsicElements' exists.
docs/examples/rc-slider/step-2.tsx(15,9): error TS17004: Cannot use JSX unless the '--jsx' flag is provided.
docs/examples/rc-slider/step-2.tsx(16,13): error TS17004: Cannot use JSX unless the '--jsx' flag is provided.
docs/examples/rc-slider/step-2.tsx(17,13): error TS17004: Cannot use JSX unless the '--jsx' flag is provided.
docs/examples/rc-slider/step-2.tsx(18,13): error TS7026: JSX element implicitly has type 'any' because no interface 'JSX.IntrinsicElements' exists.
docs/examples/rc-slider/step-2.tsx(18,13): error TS17004: Cannot use JSX unless the '--jsx' flag is provided.
docs/examples/rc-slider/step-2.tsx(18,32): error TS7026: JSX element implicitly has type 'any' because no interface 'JSX.IntrinsicElements' exists.
docs/examples/rc-slider/step-2.tsx(19,9): error TS7026: JSX element implicitly has type 'any' because no interface 'JSX.IntrinsicElements' exists.
docs/examples/rc-spin/step-1.tsx(1,18): error TS2307: Cannot find module '@crab-dev/rc-spin' or its corresponding type declarations.
docs/examples/rc-spin/step-1.tsx(4,12): error TS17004: Cannot use JSX unless the '--jsx' flag is provided.
docs/examples/rc-spin/step-2.tsx(1,41): error TS2307: Cannot find module 'react' or its corresponding type declarations.
docs/examples/rc-spin/step-2.tsx(2,21): error TS2307: Cannot find module '@crab-dev/css' or its corresponding type declarations.
docs/examples/rc-spin/step-2.tsx(3,19): error TS2307: Cannot find module '@crab-dev/rc-token-semantic' or its corresponding type declarations.
docs/examples/rc-spin/step-2.tsx(4,18): error TS2307: Cannot find module '@crab-dev/rc-spin' or its corresponding type declarations.
docs/examples/rc-spin/step-2.tsx(5,20): error TS2307: Cannot find module '@crab-dev/rc-button' or its corresponding type declarations.
docs/examples/rc-spin/step-2.tsx(16,9): error TS7026: JSX element implicitly has type 'any' because no interface 'JSX.IntrinsicElements' exists.
docs/examples/rc-spin/step-2.tsx(16,9): error TS17004: Cannot use JSX unless the '--jsx' flag is provided.
docs/examples/rc-spin/step-2.tsx(17,13): error TS17004: Cannot use JSX unless the '--jsx' flag is provided.
docs/examples/rc-spin/step-2.tsx(22,35): error TS7006: Parameter 'value' implicitly has an 'any' type.
docs/examples/rc-spin/step-2.tsx(28,13): error TS17004: Cannot use JSX unless the '--jsx' flag is provided.
docs/examples/rc-spin/step-2.tsx(29,17): error TS7026: JSX element implicitly has type 'any' because no interface 'JSX.IntrinsicElements' exists.
docs/examples/rc-spin/step-2.tsx(29,17): error TS17004: Cannot use JSX unless the '--jsx' flag is provided.
docs/examples/rc-spin/step-2.tsx(29,36): error TS7026: JSX element implicitly has type 'any' because no interface 'JSX.IntrinsicElements' exists.
docs/examples/rc-spin/step-2.tsx(31,9): error TS7026: JSX element implicitly has type 'any' because no interface 'JSX.IntrinsicElements' exists.
docs/examples/rc-split-pane/step-1.tsx(1,21): error TS2307: Cannot find module '@crab-dev/css' or its corresponding type declarations.
docs/examples/rc-split-pane/step-1.tsx(2,19): error TS2307: Cannot find module '@crab-dev/rc-token-semantic' or its corresponding type declarations.
docs/examples/rc-split-pane/step-1.tsx(3,23): error TS2307: Cannot find module '@crab-dev/rc-split-pane' or its corresponding type declarations.
docs/examples/rc-split-pane/step-1.tsx(11,9): error TS7026: JSX element implicitly has type 'any' because no interface 'JSX.IntrinsicElements' exists.
docs/examples/rc-split-pane/step-1.tsx(11,9): error TS17004: Cannot use JSX unless the '--jsx' flag is provided.
docs/examples/rc-split-pane/step-1.tsx(12,13): error TS17004: Cannot use JSX unless the '--jsx' flag is provided.
docs/examples/rc-split-pane/step-1.tsx(13,17): error TS7026: JSX element implicitly has type 'any' because no interface 'JSX.IntrinsicElements' exists.
docs/examples/rc-split-pane/step-1.tsx(13,17): error TS17004: Cannot use JSX unless the '--jsx' flag is provided.
docs/examples/rc-split-pane/step-1.tsx(13,24): error TS7026: JSX element implicitly has type 'any' because no interface 'JSX.IntrinsicElements' exists.
docs/examples/rc-split-pane/step-1.tsx(14,17): error TS7026: JSX element implicitly has type 'any' because no interface 'JSX.IntrinsicElements' exists.
docs/examples/rc-split-pane/step-1.tsx(14,17): error TS17004: Cannot use JSX unless the '--jsx' flag is provided.
docs/examples/rc-split-pane/step-1.tsx(14,35): error TS7026: JSX element implicitly has type 'any' because no interface 'JSX.IntrinsicElements' exists.
docs/examples/rc-split-pane/step-1.tsx(16,9): error TS7026: JSX element implicitly has type 'any' because no interface 'JSX.IntrinsicElements' exists.
docs/examples/rc-split-pane/step-2.tsx(1,26): error TS2307: Cannot find module 'react' or its corresponding type declarations.
docs/examples/rc-split-pane/step-2.tsx(2,21): error TS2307: Cannot find module '@crab-dev/css' or its corresponding type declarations.
docs/examples/rc-split-pane/step-2.tsx(3,19): error TS2307: Cannot find module '@crab-dev/rc-token-semantic' or its corresponding type declarations.
docs/examples/rc-split-pane/step-2.tsx(4,23): error TS2307: Cannot find module '@crab-dev/rc-split-pane' or its corresponding type declarations.
docs/examples/rc-split-pane/step-2.tsx(5,20): error TS2307: Cannot find module '@crab-dev/rc-button' or its corresponding type declarations.
docs/examples/rc-split-pane/step-2.tsx(19,9): error TS7026: JSX element implicitly has type 'any' because no interface 'JSX.IntrinsicElements' exists.
docs/examples/rc-split-pane/step-2.tsx(19,9): error TS17004: Cannot use JSX unless the '--jsx' flag is provided.
docs/examples/rc-split-pane/step-2.tsx(20,13): error TS7026: JSX element implicitly has type 'any' because no interface 'JSX.IntrinsicElements' exists.
docs/examples/rc-split-pane/step-2.tsx(20,13): error TS17004: Cannot use JSX unless the '--jsx' flag is provided.
docs/examples/rc-split-pane/step-2.tsx(20,34): error TS7026: JSX element implicitly has type 'any' because no interface 'JSX.IntrinsicElements' exists.
docs/examples/rc-split-pane/step-2.tsx(21,13): error TS7026: JSX element implicitly has type 'any' because no interface 'JSX.IntrinsicElements' exists.
docs/examples/rc-split-pane/step-2.tsx(21,13): error TS17004: Cannot use JSX unless the '--jsx' flag is provided.
docs/examples/rc-split-pane/step-2.tsx(22,17): error TS17004: Cannot use JSX unless the '--jsx' flag is provided.
docs/examples/rc-split-pane/step-2.tsx(23,21): error TS7026: JSX element implicitly has type 'any' because no interface 'JSX.IntrinsicElements' exists.
docs/examples/rc-split-pane/step-2.tsx(23,21): error TS17004: Cannot use JSX unless the '--jsx' flag is provided.
docs/examples/rc-split-pane/step-2.tsx(23,28): error TS7026: JSX element implicitly has type 'any' because no interface 'JSX.IntrinsicElements' exists.
docs/examples/rc-split-pane/step-2.tsx(24,21): error TS7026: JSX element implicitly has type 'any' because no interface 'JSX.IntrinsicElements' exists.
docs/examples/rc-split-pane/step-2.tsx(24,21): error TS17004: Cannot use JSX unless the '--jsx' flag is provided.
docs/examples/rc-split-pane/step-2.tsx(24,28): error TS7026: JSX element implicitly has type 'any' because no interface 'JSX.IntrinsicElements' exists.
docs/examples/rc-split-pane/step-2.tsx(26,13): error TS7026: JSX element implicitly has type 'any' because no interface 'JSX.IntrinsicElements' exists.
docs/examples/rc-split-pane/step-2.tsx(27,13): error TS17004: Cannot use JSX unless the '--jsx' flag is provided.
docs/examples/rc-split-pane/step-2.tsx(28,9): error TS7026: JSX element implicitly has type 'any' because no interface 'JSX.IntrinsicElements' exists.
docs/examples/rc-switch/step-1.tsx(1,20): error TS2307: Cannot find module '@crab-dev/rc-switch' or its corresponding type declarations.
docs/examples/rc-switch/step-1.tsx(4,12): error TS17004: Cannot use JSX unless the '--jsx' flag is provided.
docs/examples/rc-switch/step-2.tsx(1,26): error TS2307: Cannot find module 'react' or its corresponding type declarations.
docs/examples/rc-switch/step-2.tsx(2,21): error TS2307: Cannot find module '@crab-dev/css' or its corresponding type declarations.
docs/examples/rc-switch/step-2.tsx(3,19): error TS2307: Cannot find module '@crab-dev/rc-token-semantic' or its corresponding type declarations.
docs/examples/rc-switch/step-2.tsx(4,20): error TS2307: Cannot find module '@crab-dev/rc-switch' or its corresponding type declarations.
docs/examples/rc-switch/step-2.tsx(13,9): error TS7026: JSX element implicitly has type 'any' because no interface 'JSX.IntrinsicElements' exists.
docs/examples/rc-switch/step-2.tsx(13,9): error TS17004: Cannot use JSX unless the '--jsx' flag is provided.
docs/examples/rc-switch/step-2.tsx(14,13): error TS17004: Cannot use JSX unless the '--jsx' flag is provided.
docs/examples/rc-switch/step-2.tsx(17,13): error TS7026: JSX element implicitly has type 'any' because no interface 'JSX.IntrinsicElements' exists.
docs/examples/rc-switch/step-2.tsx(17,13): error TS17004: Cannot use JSX unless the '--jsx' flag is provided.
docs/examples/rc-switch/step-2.tsx(17,67): error TS7026: JSX element implicitly has type 'any' because no interface 'JSX.IntrinsicElements' exists.
docs/examples/rc-switch/step-2.tsx(18,9): error TS7026: JSX element implicitly has type 'any' because no interface 'JSX.IntrinsicElements' exists.
docs/examples/rc-table-pro/step-1.tsx(1,21): error TS2307: Cannot find module '@crab-dev/css' or its corresponding type declarations.
docs/examples/rc-table-pro/step-1.tsx(2,19): error TS2307: Cannot find module '@crab-dev/rc-token-semantic' or its corresponding type declarations.
docs/examples/rc-table-pro/step-1.tsx(3,51): error TS2307: Cannot find module '@crab-dev/rc-table-pro' or its corresponding type declarations.
docs/examples/rc-table-pro/step-1.tsx(50,9): error TS17004: Cannot use JSX unless the '--jsx' flag is provided.
docs/examples/rc-table-pro/step-2.tsx(1,21): error TS2307: Cannot find module '@crab-dev/css' or its corresponding type declarations.
docs/examples/rc-table-pro/step-2.tsx(2,19): error TS2307: Cannot find module '@crab-dev/rc-token-semantic' or its corresponding type declarations.
docs/examples/rc-table-pro/step-2.tsx(3,51): error TS2307: Cannot find module '@crab-dev/rc-table-pro' or its corresponding type declarations.
docs/examples/rc-table-pro/step-2.tsx(54,9): error TS17004: Cannot use JSX unless the '--jsx' flag is provided.
docs/examples/rc-table/step-1.tsx(1,21): error TS2307: Cannot find module '@crab-dev/css' or its corresponding type declarations.
docs/examples/rc-table/step-1.tsx(2,19): error TS2307: Cannot find module '@crab-dev/rc-token-semantic' or its corresponding type declarations.
docs/examples/rc-table/step-1.tsx(3,50): error TS2307: Cannot find module '@crab-dev/rc-table' or its corresponding type declarations.
docs/examples/rc-table/step-1.tsx(4,23): error TS2307: Cannot find module '@crab-dev/rc-auto-sizer' or its corresponding type declarations.
docs/examples/rc-table/step-1.tsx(15,9): error TS2353: Object literal may only specify known properties, and 'id' does not exist in type 'Member'.
docs/examples/rc-table/step-1.tsx(22,9): error TS2353: Object literal may only specify known properties, and 'id' does not exist in type 'Member'.
docs/examples/rc-table/step-1.tsx(29,9): error TS2353: Object literal may only specify known properties, and 'id' does not exist in type 'Member'.
docs/examples/rc-table/step-1.tsx(54,9): error TS7026: JSX element implicitly has type 'any' because no interface 'JSX.IntrinsicElements' exists.
docs/examples/rc-table/step-1.tsx(54,9): error TS17004: Cannot use JSX unless the '--jsx' flag is provided.
docs/examples/rc-table/step-1.tsx(55,13): error TS17004: Cannot use JSX unless the '--jsx' flag is provided.
docs/examples/rc-table/step-1.tsx(56,21): error TS7031: Binding element 'width' implicitly has an 'any' type.
docs/examples/rc-table/step-1.tsx(56,28): error TS7031: Binding element 'height' implicitly has an 'any' type.
docs/examples/rc-table/step-1.tsx(57,21): error TS17004: Cannot use JSX unless the '--jsx' flag is provided.
docs/examples/rc-table/step-1.tsx(66,9): error TS7026: JSX element implicitly has type 'any' because no interface 'JSX.IntrinsicElements' exists.
docs/examples/rc-table/step-2.tsx(1,26): error TS2307: Cannot find module 'react' or its corresponding type declarations.
docs/examples/rc-table/step-2.tsx(2,21): error TS2307: Cannot find module '@crab-dev/css' or its corresponding type declarations.
docs/examples/rc-table/step-2.tsx(3,19): error TS2307: Cannot find module '@crab-dev/rc-token-semantic' or its corresponding type declarations.
docs/examples/rc-table/step-2.tsx(4,50): error TS2307: Cannot find module '@crab-dev/rc-table' or its corresponding type declarations.
docs/examples/rc-table/step-2.tsx(5,23): error TS2307: Cannot find module '@crab-dev/rc-auto-sizer' or its corresponding type declarations.
docs/examples/rc-table/step-2.tsx(6,20): error TS2307: Cannot find module '@crab-dev/rc-button' or its corresponding type declarations.
docs/examples/rc-table/step-2.tsx(22,9): error TS2353: Object literal may only specify known properties, and 'id' does not exist in type 'Member'.
docs/examples/rc-table/step-2.tsx(29,9): error TS2353: Object literal may only specify known properties, and 'id' does not exist in type 'Member'.
docs/examples/rc-table/step-2.tsx(36,9): error TS2353: Object literal may only specify known properties, and 'id' does not exist in type 'Member'.
docs/examples/rc-table/step-2.tsx(63,9): error TS7026: JSX element implicitly has type 'any' because no interface 'JSX.IntrinsicElements' exists.
docs/examples/rc-table/step-2.tsx(63,9): error TS17004: Cannot use JSX unless the '--jsx' flag is provided.
docs/examples/rc-table/step-2.tsx(64,13): error TS17004: Cannot use JSX unless the '--jsx' flag is provided.
docs/examples/rc-table/step-2.tsx(64,47): error TS7006: Parameter 'value' implicitly has an 'any' type.
docs/examples/rc-table/step-2.tsx(67,13): error TS7026: JSX element implicitly has type 'any' because no interface 'JSX.IntrinsicElements' exists.
docs/examples/rc-table/step-2.tsx(67,13): error TS17004: Cannot use JSX unless the '--jsx' flag is provided.
docs/examples/rc-table/step-2.tsx(67,44): error TS7026: JSX element implicitly has type 'any' because no interface 'JSX.IntrinsicElements' exists.
docs/examples/rc-table/step-2.tsx(68,13): error TS7026: JSX element implicitly has type 'any' because no interface 'JSX.IntrinsicElements' exists.
docs/examples/rc-table/step-2.tsx(68,13): error TS17004: Cannot use JSX unless the '--jsx' flag is provided.
docs/examples/rc-table/step-2.tsx(69,17): error TS17004: Cannot use JSX unless the '--jsx' flag is provided.
docs/examples/rc-table/step-2.tsx(70,25): error TS7031: Binding element 'width' implicitly has an 'any' type.
docs/examples/rc-table/step-2.tsx(70,32): error TS7031: Binding element 'height' implicitly has an 'any' type.
docs/examples/rc-table/step-2.tsx(71,25): error TS17004: Cannot use JSX unless the '--jsx' flag is provided.
docs/examples/rc-table/step-2.tsx(80,13): error TS7026: JSX element implicitly has type 'any' because no interface 'JSX.IntrinsicElements' exists.
docs/examples/rc-table/step-2.tsx(81,9): error TS7026: JSX element implicitly has type 'any' because no interface 'JSX.IntrinsicElements' exists.
docs/examples/rc-tabs/step-1.tsx(1,18): error TS2307: Cannot find module '@crab-dev/rc-tabs' or its corresponding type declarations.
docs/examples/rc-tabs/step-1.tsx(7,19): error TS7026: JSX element implicitly has type 'any' because no interface 'JSX.IntrinsicElements' exists.
docs/examples/rc-tabs/step-1.tsx(7,19): error TS17004: Cannot use JSX unless the '--jsx' flag is provided.
docs/examples/rc-tabs/step-1.tsx(7,29): error TS7026: JSX element implicitly has type 'any' because no interface 'JSX.IntrinsicElements' exists.
docs/examples/rc-tabs/step-1.tsx(12,19): error TS7026: JSX element implicitly has type 'any' because no interface 'JSX.IntrinsicElements' exists.
docs/examples/rc-tabs/step-1.tsx(12,19): error TS17004: Cannot use JSX unless the '--jsx' flag is provided.
docs/examples/rc-tabs/step-1.tsx(12,30): error TS7026: JSX element implicitly has type 'any' because no interface 'JSX.IntrinsicElements' exists.
docs/examples/rc-tabs/step-1.tsx(16,12): error TS17004: Cannot use JSX unless the '--jsx' flag is provided.
docs/examples/rc-tabs/step-2.tsx(1,26): error TS2307: Cannot find module 'react' or its corresponding type declarations.
docs/examples/rc-tabs/step-2.tsx(2,21): error TS2307: Cannot find module '@crab-dev/css' or its corresponding type declarations.
docs/examples/rc-tabs/step-2.tsx(3,19): error TS2307: Cannot find module '@crab-dev/rc-token-semantic' or its corresponding type declarations.
docs/examples/rc-tabs/step-2.tsx(4,18): error TS2307: Cannot find module '@crab-dev/rc-tabs' or its corresponding type declarations.
docs/examples/rc-tabs/step-2.tsx(5,20): error TS2307: Cannot find module '@crab-dev/rc-button' or its corresponding type declarations.
docs/examples/rc-tabs/step-2.tsx(16,19): error TS7026: JSX element implicitly has type 'any' because no interface 'JSX.IntrinsicElements' exists.
docs/examples/rc-tabs/step-2.tsx(16,19): error TS17004: Cannot use JSX unless the '--jsx' flag is provided.
docs/examples/rc-tabs/step-2.tsx(16,29): error TS7026: JSX element implicitly has type 'any' because no interface 'JSX.IntrinsicElements' exists.
docs/examples/rc-tabs/step-2.tsx(21,19): error TS7026: JSX element implicitly has type 'any' because no interface 'JSX.IntrinsicElements' exists.
docs/examples/rc-tabs/step-2.tsx(21,19): error TS17004: Cannot use JSX unless the '--jsx' flag is provided.
docs/examples/rc-tabs/step-2.tsx(21,30): error TS7026: JSX element implicitly has type 'any' because no interface 'JSX.IntrinsicElements' exists.
docs/examples/rc-tabs/step-2.tsx(27,9): error TS7026: JSX element implicitly has type 'any' because no interface 'JSX.IntrinsicElements' exists.
docs/examples/rc-tabs/step-2.tsx(27,9): error TS17004: Cannot use JSX unless the '--jsx' flag is provided.
docs/examples/rc-tabs/step-2.tsx(28,13): error TS17004: Cannot use JSX unless the '--jsx' flag is provided.
docs/examples/rc-tabs/step-2.tsx(29,13): error TS17004: Cannot use JSX unless the '--jsx' flag is provided.
docs/examples/rc-tabs/step-2.tsx(30,13): error TS7026: JSX element implicitly has type 'any' because no interface 'JSX.IntrinsicElements' exists.
docs/examples/rc-tabs/step-2.tsx(30,13): error TS17004: Cannot use JSX unless the '--jsx' flag is provided.
docs/examples/rc-tabs/step-2.tsx(30,34): error TS7026: JSX element implicitly has type 'any' because no interface 'JSX.IntrinsicElements' exists.
docs/examples/rc-tabs/step-2.tsx(31,9): error TS7026: JSX element implicitly has type 'any' because no interface 'JSX.IntrinsicElements' exists.
docs/examples/rc-tag/step-1.tsx(1,21): error TS2307: Cannot find module '@crab-dev/css' or its corresponding type declarations.
docs/examples/rc-tag/step-1.tsx(2,19): error TS2307: Cannot find module '@crab-dev/rc-token-semantic' or its corresponding type declarations.
docs/examples/rc-tag/step-1.tsx(3,17): error TS2307: Cannot find module '@crab-dev/rc-tag' or its corresponding type declarations.
docs/examples/rc-tag/step-1.tsx(11,9): error TS7026: JSX element implicitly has type 'any' because no interface 'JSX.IntrinsicElements' exists.
docs/examples/rc-tag/step-1.tsx(11,9): error TS17004: Cannot use JSX unless the '--jsx' flag is provided.
docs/examples/rc-tag/step-1.tsx(12,13): error TS17004: Cannot use JSX unless the '--jsx' flag is provided.
docs/examples/rc-tag/step-1.tsx(13,13): error TS17004: Cannot use JSX unless the '--jsx' flag is provided.
docs/examples/rc-tag/step-1.tsx(14,9): error TS7026: JSX element implicitly has type 'any' because no interface 'JSX.IntrinsicElements' exists.
docs/examples/rc-tag/step-2.tsx(1,26): error TS2307: Cannot find module 'react' or its corresponding type declarations.
docs/examples/rc-tag/step-2.tsx(2,21): error TS2307: Cannot find module '@crab-dev/css' or its corresponding type declarations.
docs/examples/rc-tag/step-2.tsx(3,19): error TS2307: Cannot find module '@crab-dev/rc-token-semantic' or its corresponding type declarations.
docs/examples/rc-tag/step-2.tsx(4,30): error TS2307: Cannot find module '@crab-dev/rc-tag' or its corresponding type declarations.
docs/examples/rc-tag/step-2.tsx(13,9): error TS7026: JSX element implicitly has type 'any' because no interface 'JSX.IntrinsicElements' exists.
docs/examples/rc-tag/step-2.tsx(13,9): error TS17004: Cannot use JSX unless the '--jsx' flag is provided.
docs/examples/rc-tag/step-2.tsx(14,13): error TS17004: Cannot use JSX unless the '--jsx' flag is provided.
docs/examples/rc-tag/step-2.tsx(17,13): error TS7026: JSX element implicitly has type 'any' because no interface 'JSX.IntrinsicElements' exists.
docs/examples/rc-tag/step-2.tsx(17,13): error TS17004: Cannot use JSX unless the '--jsx' flag is provided.
docs/examples/rc-tag/step-2.tsx(17,55): error TS7026: JSX element implicitly has type 'any' because no interface 'JSX.IntrinsicElements' exists.
docs/examples/rc-tag/step-2.tsx(18,9): error TS7026: JSX element implicitly has type 'any' because no interface 'JSX.IntrinsicElements' exists.
docs/examples/rc-text-edit/step-1.tsx(1,22): error TS2307: Cannot find module '@crab-dev/rc-text-edit' or its corresponding type declarations.
docs/examples/rc-text-edit/step-1.tsx(5,9): error TS7026: JSX element implicitly has type 'any' because no interface 'JSX.IntrinsicElements' exists.
docs/examples/rc-text-edit/step-1.tsx(5,9): error TS17004: Cannot use JSX unless the '--jsx' flag is provided.
docs/examples/rc-text-edit/step-1.tsx(7,13): error TS17004: Cannot use JSX unless the '--jsx' flag is provided.
docs/examples/rc-text-edit/step-1.tsx(8,9): error TS7026: JSX element implicitly has type 'any' because no interface 'JSX.IntrinsicElements' exists.
docs/examples/rc-text-edit/step-2.tsx(1,26): error TS2307: Cannot find module 'react' or its corresponding type declarations.
docs/examples/rc-text-edit/step-2.tsx(2,21): error TS2307: Cannot find module '@crab-dev/css' or its corresponding type declarations.
docs/examples/rc-text-edit/step-2.tsx(3,19): error TS2307: Cannot find module '@crab-dev/rc-token-semantic' or its corresponding type declarations.
docs/examples/rc-text-edit/step-2.tsx(4,22): error TS2307: Cannot find module '@crab-dev/rc-text-edit' or its corresponding type declarations.
docs/examples/rc-text-edit/step-2.tsx(13,9): error TS7026: JSX element implicitly has type 'any' because no interface 'JSX.IntrinsicElements' exists.
docs/examples/rc-text-edit/step-2.tsx(13,9): error TS17004: Cannot use JSX unless the '--jsx' flag is provided.
docs/examples/rc-text-edit/step-2.tsx(14,13): error TS7026: JSX element implicitly has type 'any' because no interface 'JSX.IntrinsicElements' exists.
docs/examples/rc-text-edit/step-2.tsx(14,13): error TS17004: Cannot use JSX unless the '--jsx' flag is provided.
docs/examples/rc-text-edit/step-2.tsx(16,17): error TS17004: Cannot use JSX unless the '--jsx' flag is provided.
docs/examples/rc-text-edit/step-2.tsx(18,32): error TS7006: Parameter 'event' implicitly has an 'any' type.
docs/examples/rc-text-edit/step-2.tsx(22,13): error TS7026: JSX element implicitly has type 'any' because no interface 'JSX.IntrinsicElements' exists.
docs/examples/rc-text-edit/step-2.tsx(23,13): error TS7026: JSX element implicitly has type 'any' because no interface 'JSX.IntrinsicElements' exists.
docs/examples/rc-text-edit/step-2.tsx(23,13): error TS17004: Cannot use JSX unless the '--jsx' flag is provided.
docs/examples/rc-text-edit/step-2.tsx(23,41): error TS7026: JSX element implicitly has type 'any' because no interface 'JSX.IntrinsicElements' exists.
docs/examples/rc-text-edit/step-2.tsx(24,9): error TS7026: JSX element implicitly has type 'any' because no interface 'JSX.IntrinsicElements' exists.
docs/examples/rc-theme/step-1.tsx(2,18): error TS2307: Cannot find module '@crab-dev/rc-card' or its corresponding type declarations.
docs/examples/rc-theme/step-1.tsx(6,9): error TS7026: JSX element implicitly has type 'any' because no interface 'JSX.IntrinsicElements' exists.
docs/examples/rc-theme/step-1.tsx(6,9): error TS17004: Cannot use JSX unless the '--jsx' flag is provided.
docs/examples/rc-theme/step-1.tsx(7,13): error TS17004: Cannot use JSX unless the '--jsx' flag is provided.
docs/examples/rc-theme/step-1.tsx(8,9): error TS7026: JSX element implicitly has type 'any' because no interface 'JSX.IntrinsicElements' exists.
docs/examples/rc-theme/step-2.tsx(1,26): error TS2307: Cannot find module 'react' or its corresponding type declarations.
docs/examples/rc-theme/step-2.tsx(2,21): error TS2307: Cannot find module '@crab-dev/css' or its corresponding type declarations.
docs/examples/rc-theme/step-2.tsx(3,19): error TS2307: Cannot find module '@crab-dev/rc-token-semantic' or its corresponding type declarations.
docs/examples/rc-theme/step-2.tsx(5,18): error TS2307: Cannot find module '@crab-dev/rc-card' or its corresponding type declarations.
docs/examples/rc-theme/step-2.tsx(6,20): error TS2307: Cannot find module '@crab-dev/rc-button' or its corresponding type declarations.
docs/examples/rc-theme/step-2.tsx(16,9): error TS7026: JSX element implicitly has type 'any' because no interface 'JSX.IntrinsicElements' exists.
docs/examples/rc-theme/step-2.tsx(16,9): error TS17004: Cannot use JSX unless the '--jsx' flag is provided.
docs/examples/rc-theme/step-2.tsx(17,13): error TS17004: Cannot use JSX unless the '--jsx' flag is provided.
docs/examples/rc-theme/step-2.tsx(17,45): error TS7006: Parameter 'value' implicitly has an 'any' type.
docs/examples/rc-theme/step-2.tsx(20,13): error TS7026: JSX element implicitly has type 'any' because no interface 'JSX.IntrinsicElements' exists.
docs/examples/rc-theme/step-2.tsx(20,13): error TS17004: Cannot use JSX unless the '--jsx' flag is provided.
docs/examples/rc-theme/step-2.tsx(21,17): error TS17004: Cannot use JSX unless the '--jsx' flag is provided.
docs/examples/rc-theme/step-2.tsx(22,13): error TS7026: JSX element implicitly has type 'any' because no interface 'JSX.IntrinsicElements' exists.
docs/examples/rc-theme/step-2.tsx(23,9): error TS7026: JSX element implicitly has type 'any' because no interface 'JSX.IntrinsicElements' exists.
docs/examples/rc-token-global/step-1.tsx(1,25): error TS2307: Cannot find module '@crab-dev/rc-token-global' or its corresponding type declarations.
docs/examples/rc-token-global/step-1.tsx(4,9): error TS7026: JSX element implicitly has type 'any' because no interface 'JSX.IntrinsicElements' exists.
docs/examples/rc-token-global/step-1.tsx(4,9): error TS17004: Cannot use JSX unless the '--jsx' flag is provided.
docs/examples/rc-token-global/step-1.tsx(5,26): error TS7026: JSX element implicitly has type 'any' because no interface 'JSX.IntrinsicElements' exists.
docs/examples/rc-token-global/step-1.tsx(5,26): error TS17004: Cannot use JSX unless the '--jsx' flag is provided.
docs/examples/rc-token-global/step-1.tsx(5,55): error TS7026: JSX element implicitly has type 'any' because no interface 'JSX.IntrinsicElements' exists.
docs/examples/rc-token-global/step-1.tsx(6,9): error TS7026: JSX element implicitly has type 'any' because no interface 'JSX.IntrinsicElements' exists.
docs/examples/rc-token-global/step-2.tsx(1,21): error TS2307: Cannot find module '@crab-dev/css' or its corresponding type declarations.
docs/examples/rc-token-global/step-2.tsx(2,19): error TS2307: Cannot find module '@crab-dev/rc-token-semantic' or its corresponding type declarations.
docs/examples/rc-token-global/step-2.tsx(12,9): error TS7026: JSX element implicitly has type 'any' because no interface 'JSX.IntrinsicElements' exists.
docs/examples/rc-token-global/step-2.tsx(12,9): error TS17004: Cannot use JSX unless the '--jsx' flag is provided.
docs/examples/rc-token-global/step-2.tsx(13,13): error TS7026: JSX element implicitly has type 'any' because no interface 'JSX.IntrinsicElements' exists.
docs/examples/rc-token-global/step-2.tsx(13,13): error TS17004: Cannot use JSX unless the '--jsx' flag is provided.
docs/examples/rc-token-global/step-2.tsx(13,25): error TS7026: JSX element implicitly has type 'any' because no interface 'JSX.IntrinsicElements' exists.
docs/examples/rc-token-global/step-2.tsx(14,13): error TS7026: JSX element implicitly has type 'any' because no interface 'JSX.IntrinsicElements' exists.
docs/examples/rc-token-global/step-2.tsx(14,13): error TS17004: Cannot use JSX unless the '--jsx' flag is provided.
docs/examples/rc-token-global/step-2.tsx(14,32): error TS7026: JSX element implicitly has type 'any' because no interface 'JSX.IntrinsicElements' exists.
docs/examples/rc-token-global/step-2.tsx(15,9): error TS7026: JSX element implicitly has type 'any' because no interface 'JSX.IntrinsicElements' exists.
docs/examples/rc-token-semantic/step-1.tsx(1,19): error TS2307: Cannot find module '@crab-dev/rc-token-semantic' or its corresponding type declarations.
docs/examples/rc-token-semantic/step-1.tsx(4,9): error TS7026: JSX element implicitly has type 'any' because no interface 'JSX.IntrinsicElements' exists.
docs/examples/rc-token-semantic/step-1.tsx(4,9): error TS17004: Cannot use JSX unless the '--jsx' flag is provided.
docs/examples/rc-token-semantic/step-1.tsx(5,20): error TS7026: JSX element implicitly has type 'any' because no interface 'JSX.IntrinsicElements' exists.
docs/examples/rc-token-semantic/step-1.tsx(5,20): error TS17004: Cannot use JSX unless the '--jsx' flag is provided.
docs/examples/rc-token-semantic/step-1.tsx(5,52): error TS7026: JSX element implicitly has type 'any' because no interface 'JSX.IntrinsicElements' exists.
docs/examples/rc-token-semantic/step-1.tsx(6,9): error TS7026: JSX element implicitly has type 'any' because no interface 'JSX.IntrinsicElements' exists.
docs/examples/rc-token-semantic/step-2.tsx(1,21): error TS2307: Cannot find module '@crab-dev/css' or its corresponding type declarations.
docs/examples/rc-token-semantic/step-2.tsx(2,19): error TS2307: Cannot find module '@crab-dev/rc-token-semantic' or its corresponding type declarations.
docs/examples/rc-token-semantic/step-2.tsx(12,9): error TS7026: JSX element implicitly has type 'any' because no interface 'JSX.IntrinsicElements' exists.
docs/examples/rc-token-semantic/step-2.tsx(12,9): error TS17004: Cannot use JSX unless the '--jsx' flag is provided.
docs/examples/rc-token-semantic/step-2.tsx(13,13): error TS7026: JSX element implicitly has type 'any' because no interface 'JSX.IntrinsicElements' exists.
docs/examples/rc-token-semantic/step-2.tsx(13,13): error TS17004: Cannot use JSX unless the '--jsx' flag is provided.
docs/examples/rc-token-semantic/step-2.tsx(13,25): error TS7026: JSX element implicitly has type 'any' because no interface 'JSX.IntrinsicElements' exists.
docs/examples/rc-token-semantic/step-2.tsx(14,13): error TS7026: JSX element implicitly has type 'any' because no interface 'JSX.IntrinsicElements' exists.
docs/examples/rc-token-semantic/step-2.tsx(14,13): error TS17004: Cannot use JSX unless the '--jsx' flag is provided.
docs/examples/rc-token-semantic/step-2.tsx(14,32): error TS7026: JSX element implicitly has type 'any' because no interface 'JSX.IntrinsicElements' exists.
docs/examples/rc-token-semantic/step-2.tsx(15,9): error TS7026: JSX element implicitly has type 'any' because no interface 'JSX.IntrinsicElements' exists.
docs/examples/rc-tooltip/step-1.tsx(1,21): error TS2307: Cannot find module '@crab-dev/rc-tooltip' or its corresponding type declarations.
docs/examples/rc-tooltip/step-1.tsx(2,20): error TS2307: Cannot find module '@crab-dev/rc-button' or its corresponding type declarations.
docs/examples/rc-tooltip/step-1.tsx(7,9): error TS17004: Cannot use JSX unless the '--jsx' flag is provided.
docs/examples/rc-tooltip/step-1.tsx(8,13): error TS17004: Cannot use JSX unless the '--jsx' flag is provided.
docs/examples/rc-tooltip/step-2.tsx(1,26): error TS2307: Cannot find module 'react' or its corresponding type declarations.
docs/examples/rc-tooltip/step-2.tsx(2,21): error TS2307: Cannot find module '@crab-dev/css' or its corresponding type declarations.
docs/examples/rc-tooltip/step-2.tsx(3,19): error TS2307: Cannot find module '@crab-dev/rc-token-semantic' or its corresponding type declarations.
docs/examples/rc-tooltip/step-2.tsx(4,21): error TS2307: Cannot find module '@crab-dev/rc-tooltip' or its corresponding type declarations.
docs/examples/rc-tooltip/step-2.tsx(5,20): error TS2307: Cannot find module '@crab-dev/rc-button' or its corresponding type declarations.
docs/examples/rc-tooltip/step-2.tsx(15,9): error TS7026: JSX element implicitly has type 'any' because no interface 'JSX.IntrinsicElements' exists.
docs/examples/rc-tooltip/step-2.tsx(15,9): error TS17004: Cannot use JSX unless the '--jsx' flag is provided.
docs/examples/rc-tooltip/step-2.tsx(16,13): error TS17004: Cannot use JSX unless the '--jsx' flag is provided.
docs/examples/rc-tooltip/step-2.tsx(17,17): error TS17004: Cannot use JSX unless the '--jsx' flag is provided.
docs/examples/rc-tooltip/step-2.tsx(19,13): error TS17004: Cannot use JSX unless the '--jsx' flag is provided.
docs/examples/rc-tooltip/step-2.tsx(19,47): error TS7006: Parameter 'value' implicitly has an 'any' type.
docs/examples/rc-tooltip/step-2.tsx(20,9): error TS7026: JSX element implicitly has type 'any' because no interface 'JSX.IntrinsicElements' exists.
docs/examples/rc-tree/step-1.tsx(1,33): error TS2307: Cannot find module 'react' or its corresponding type declarations.
docs/examples/rc-tree/step-1.tsx(2,21): error TS2307: Cannot find module '@crab-dev/css' or its corresponding type declarations.
docs/examples/rc-tree/step-1.tsx(3,19): error TS2307: Cannot find module '@crab-dev/rc-token-semantic' or its corresponding type declarations.
docs/examples/rc-tree/step-1.tsx(4,58): error TS2307: Cannot find module '@crab-dev/rc-tree' or its corresponding type declarations.
docs/examples/rc-tree/step-1.tsx(5,20): error TS2307: Cannot find module '@crab-dev/rc-button' or its corresponding type declarations.
docs/examples/rc-tree/step-1.tsx(6,23): error TS2307: Cannot find module '@crab-dev/rc-auto-sizer' or its corresponding type declarations.
docs/examples/rc-tree/step-1.tsx(47,9): error TS7026: JSX element implicitly has type 'any' because no interface 'JSX.IntrinsicElements' exists.
docs/examples/rc-tree/step-1.tsx(47,9): error TS17004: Cannot use JSX unless the '--jsx' flag is provided.
docs/examples/rc-tree/step-1.tsx(48,13): error TS17004: Cannot use JSX unless the '--jsx' flag is provided.
docs/examples/rc-tree/step-1.tsx(55,13): error TS7026: JSX element implicitly has type 'any' because no interface 'JSX.IntrinsicElements' exists.
docs/examples/rc-tree/step-1.tsx(55,13): error TS17004: Cannot use JSX unless the '--jsx' flag is provided.
docs/examples/rc-tree/step-1.tsx(56,17): error TS17004: Cannot use JSX unless the '--jsx' flag is provided.
docs/examples/rc-tree/step-1.tsx(57,25): error TS7031: Binding element 'width' implicitly has an 'any' type.
docs/examples/rc-tree/step-1.tsx(57,32): error TS7031: Binding element 'height' implicitly has an 'any' type.
docs/examples/rc-tree/step-1.tsx(58,25): error TS17004: Cannot use JSX unless the '--jsx' flag is provided.
docs/examples/rc-tree/step-1.tsx(62,44): error TS7031: Binding element 'node' implicitly has an 'any' type.
docs/examples/rc-tree/step-1.tsx(63,46): error TS7006: Parameter 'current' implicitly has an 'any' type.
docs/examples/rc-tree/step-1.tsx(65,59): error TS7006: Parameter 'id' implicitly has an 'any' type.
docs/examples/rc-tree/step-1.tsx(74,13): error TS7026: JSX element implicitly has type 'any' because no interface 'JSX.IntrinsicElements' exists.
docs/examples/rc-tree/step-1.tsx(75,9): error TS7026: JSX element implicitly has type 'any' because no interface 'JSX.IntrinsicElements' exists.
docs/examples/rc-tree/step-2.tsx(1,33): error TS2307: Cannot find module 'react' or its corresponding type declarations.
docs/examples/rc-tree/step-2.tsx(2,21): error TS2307: Cannot find module '@crab-dev/css' or its corresponding type declarations.
docs/examples/rc-tree/step-2.tsx(3,19): error TS2307: Cannot find module '@crab-dev/rc-token-semantic' or its corresponding type declarations.
docs/examples/rc-tree/step-2.tsx(4,58): error TS2307: Cannot find module '@crab-dev/rc-tree' or its corresponding type declarations.
docs/examples/rc-tree/step-2.tsx(5,20): error TS2307: Cannot find module '@crab-dev/rc-button' or its corresponding type declarations.
docs/examples/rc-tree/step-2.tsx(6,23): error TS2307: Cannot find module '@crab-dev/rc-auto-sizer' or its corresponding type declarations.
docs/examples/rc-tree/step-2.tsx(48,9): error TS7026: JSX element implicitly has type 'any' because no interface 'JSX.IntrinsicElements' exists.
docs/examples/rc-tree/step-2.tsx(48,9): error TS17004: Cannot use JSX unless the '--jsx' flag is provided.
docs/examples/rc-tree/step-2.tsx(49,13): error TS17004: Cannot use JSX unless the '--jsx' flag is provided.
docs/examples/rc-tree/step-2.tsx(56,13): error TS17004: Cannot use JSX unless the '--jsx' flag is provided.
docs/examples/rc-tree/step-2.tsx(57,13): error TS7026: JSX element implicitly has type 'any' because no interface 'JSX.IntrinsicElements' exists.
docs/examples/rc-tree/step-2.tsx(57,13): error TS17004: Cannot use JSX unless the '--jsx' flag is provided.
docs/examples/rc-tree/step-2.tsx(58,17): error TS17004: Cannot use JSX unless the '--jsx' flag is provided.
docs/examples/rc-tree/step-2.tsx(59,25): error TS7031: Binding element 'width' implicitly has an 'any' type.
docs/examples/rc-tree/step-2.tsx(59,32): error TS7031: Binding element 'height' implicitly has an 'any' type.
docs/examples/rc-tree/step-2.tsx(60,25): error TS17004: Cannot use JSX unless the '--jsx' flag is provided.
docs/examples/rc-tree/step-2.tsx(64,44): error TS7031: Binding element 'node' implicitly has an 'any' type.
docs/examples/rc-tree/step-2.tsx(65,46): error TS7006: Parameter 'current' implicitly has an 'any' type.
docs/examples/rc-tree/step-2.tsx(67,59): error TS7006: Parameter 'id' implicitly has an 'any' type.
docs/examples/rc-tree/step-2.tsx(72,42): error TS7031: Binding element 'selectKeys' implicitly has an 'any' type.
docs/examples/rc-tree/step-2.tsx(78,13): error TS7026: JSX element implicitly has type 'any' because no interface 'JSX.IntrinsicElements' exists.
docs/examples/rc-tree/step-2.tsx(79,13): error TS7026: JSX element implicitly has type 'any' because no interface 'JSX.IntrinsicElements' exists.
docs/examples/rc-tree/step-2.tsx(79,13): error TS17004: Cannot use JSX unless the '--jsx' flag is provided.
docs/examples/rc-tree/step-2.tsx(79,57): error TS7026: JSX element implicitly has type 'any' because no interface 'JSX.IntrinsicElements' exists.
docs/examples/rc-tree/step-2.tsx(80,9): error TS7026: JSX element implicitly has type 'any' because no interface 'JSX.IntrinsicElements' exists.
docs/examples/rc-virtual/step-1.tsx(1,21): error TS2307: Cannot find module '@crab-dev/css' or its corresponding type declarations.
docs/examples/rc-virtual/step-1.tsx(2,19): error TS2307: Cannot find module '@crab-dev/rc-token-semantic' or its corresponding type declarations.
docs/examples/rc-virtual/step-1.tsx(3,21): error TS2307: Cannot find module '@crab-dev/rc-virtual' or its corresponding type declarations.
docs/examples/rc-virtual/step-1.tsx(25,9): error TS17004: Cannot use JSX unless the '--jsx' flag is provided.
docs/examples/rc-virtual/step-1.tsx(30,27): error TS7031: Binding element 'start' implicitly has an 'any' type.
docs/examples/rc-virtual/step-1.tsx(30,34): error TS7031: Binding element 'end' implicitly has an 'any' type.
docs/examples/rc-virtual/step-1.tsx(31,17): error TS17004: Cannot use JSX unless the '--jsx' flag is provided.
docs/examples/rc-virtual/step-1.tsx(32,21): error TS7026: JSX element implicitly has type 'any' because no interface 'JSX.IntrinsicElements' exists.
docs/examples/rc-virtual/step-1.tsx(32,21): error TS17004: Cannot use JSX unless the '--jsx' flag is provided.
docs/examples/rc-virtual/step-1.tsx(34,25): error TS7026: JSX element implicitly has type 'any' because no interface 'JSX.IntrinsicElements' exists.
docs/examples/rc-virtual/step-1.tsx(34,25): error TS17004: Cannot use JSX unless the '--jsx' flag is provided.
docs/examples/rc-virtual/step-1.tsx(36,25): error TS7026: JSX element implicitly has type 'any' because no interface 'JSX.IntrinsicElements' exists.
docs/examples/rc-virtual/step-1.tsx(38,21): error TS7026: JSX element implicitly has type 'any' because no interface 'JSX.IntrinsicElements' exists.
docs/examples/rc-virtual/step-1.tsx(38,21): error TS17004: Cannot use JSX unless the '--jsx' flag is provided.
docs/examples/rc-virtual/step-2.tsx(1,26): error TS2307: Cannot find module 'react' or its corresponding type declarations.
docs/examples/rc-virtual/step-2.tsx(2,21): error TS2307: Cannot find module '@crab-dev/css' or its corresponding type declarations.
docs/examples/rc-virtual/step-2.tsx(3,19): error TS2307: Cannot find module '@crab-dev/rc-token-semantic' or its corresponding type declarations.
docs/examples/rc-virtual/step-2.tsx(4,21): error TS2307: Cannot find module '@crab-dev/rc-virtual' or its corresponding type declarations.
docs/examples/rc-virtual/step-2.tsx(5,20): error TS2307: Cannot find module '@crab-dev/rc-button' or its corresponding type declarations.
docs/examples/rc-virtual/step-2.tsx(33,9): error TS7026: JSX element implicitly has type 'any' because no interface 'JSX.IntrinsicElements' exists.
docs/examples/rc-virtual/step-2.tsx(33,9): error TS17004: Cannot use JSX unless the '--jsx' flag is provided.
docs/examples/rc-virtual/step-2.tsx(34,13): error TS17004: Cannot use JSX unless the '--jsx' flag is provided.
docs/examples/rc-virtual/step-2.tsx(34,49): error TS7006: Parameter 'value' implicitly has an 'any' type.
docs/examples/rc-virtual/step-2.tsx(37,13): error TS17004: Cannot use JSX unless the '--jsx' flag is provided.
docs/examples/rc-virtual/step-2.tsx(43,31): error TS7031: Binding element 'start' implicitly has an 'any' type.
docs/examples/rc-virtual/step-2.tsx(43,38): error TS7031: Binding element 'end' implicitly has an 'any' type.
docs/examples/rc-virtual/step-2.tsx(44,21): error TS17004: Cannot use JSX unless the '--jsx' flag is provided.
docs/examples/rc-virtual/step-2.tsx(45,25): error TS7026: JSX element implicitly has type 'any' because no interface 'JSX.IntrinsicElements' exists.
docs/examples/rc-virtual/step-2.tsx(45,25): error TS17004: Cannot use JSX unless the '--jsx' flag is provided.
docs/examples/rc-virtual/step-2.tsx(47,29): error TS7026: JSX element implicitly has type 'any' because no interface 'JSX.IntrinsicElements' exists.
docs/examples/rc-virtual/step-2.tsx(47,29): error TS17004: Cannot use JSX unless the '--jsx' flag is provided.
docs/examples/rc-virtual/step-2.tsx(49,29): error TS7026: JSX element implicitly has type 'any' because no interface 'JSX.IntrinsicElements' exists.
docs/examples/rc-virtual/step-2.tsx(51,25): error TS7026: JSX element implicitly has type 'any' because no interface 'JSX.IntrinsicElements' exists.
docs/examples/rc-virtual/step-2.tsx(51,25): error TS17004: Cannot use JSX unless the '--jsx' flag is provided.
docs/examples/rc-virtual/step-2.tsx(55,9): error TS7026: JSX element implicitly has type 'any' because no interface 'JSX.IntrinsicElements' exists.
docs/site/__tests__/componentDemos.test.tsx(11,8): error TS2307: Cannot find module '@crab-dev/wake/test/react' or its corresponding type declarations.
docs/site/__tests__/componentDemos.test.tsx(12,33): error TS2307: Cannot find module 'react' or its corresponding type declarations.
docs/site/__tests__/componentDemos.test.tsx(13,35): error TS2307: Cannot find module 'react' or its corresponding type declarations.
docs/site/__tests__/componentDemos.test.tsx(17,8): error TS6142: Module '../componentDemoFrame.js' was resolved to 'C:/Users/zhang/Desktop/crab-dev/.website/docs/site/componentDemoFrame.tsx', but '--jsx' is not set.
docs/site/__tests__/componentDemos.test.tsx(18,52): error TS6142: Module '../componentDemoFrame.js' was resolved to 'C:/Users/zhang/Desktop/crab-dev/.website/docs/site/componentDemoFrame.tsx', but '--jsx' is not set.
docs/site/__tests__/componentDemos.test.tsx(19,47): error TS6142: Module '../componentDemoFrame.js' was resolved to 'C:/Users/zhang/Desktop/crab-dev/.website/docs/site/componentDemoFrame.tsx', but '--jsx' is not set.
docs/site/__tests__/componentDemos.test.tsx(20,28): error TS6142: Module '../componentDemos.js' was resolved to 'C:/Users/zhang/Desktop/crab-dev/.website/docs/site/componentDemos.tsx', but '--jsx' is not set.
docs/site/__tests__/componentDemos.test.tsx(21,42): error TS6142: Module '../componentDemos.js' was resolved to 'C:/Users/zhang/Desktop/crab-dev/.website/docs/site/componentDemos.tsx', but '--jsx' is not set.
docs/site/__tests__/componentDemos.test.tsx(42,9): error TS7026: JSX element implicitly has type 'any' because no interface 'JSX.IntrinsicElements' exists.
docs/site/__tests__/componentDemos.test.tsx(42,9): error TS17004: Cannot use JSX unless the '--jsx' flag is provided.
docs/site/__tests__/componentDemos.test.tsx(68,12): error TS17004: Cannot use JSX unless the '--jsx' flag is provided.
docs/site/__tests__/componentDemos.test.tsx(115,13): error TS17004: Cannot use JSX unless the '--jsx' flag is provided.
docs/site/__tests__/componentDemos.test.tsx(161,13): error TS17004: Cannot use JSX unless the '--jsx' flag is provided.
docs/site/__tests__/componentDemos.test.tsx(194,13): error TS17004: Cannot use JSX unless the '--jsx' flag is provided.
docs/site/__tests__/componentDemos.test.tsx(228,13): error TS17004: Cannot use JSX unless the '--jsx' flag is provided.
docs/site/__tests__/componentDemos.test.tsx(250,13): error TS17004: Cannot use JSX unless the '--jsx' flag is provided.
docs/site/__tests__/componentDemos.test.tsx(267,17): error TS17004: Cannot use JSX unless the '--jsx' flag is provided.
docs/site/__tests__/componentDemos.test.tsx(302,17): error TS17004: Cannot use JSX unless the '--jsx' flag is provided.
docs/site/__tests__/componentDemos.test.tsx(346,13): error TS7026: JSX element implicitly has type 'any' because no interface 'JSX.IntrinsicElements' exists.
docs/site/__tests__/componentDemos.test.tsx(346,13): error TS17004: Cannot use JSX unless the '--jsx' flag is provided.
docs/site/__tests__/componentDemos.test.tsx(347,17): error TS17004: Cannot use JSX unless the '--jsx' flag is provided.
docs/site/__tests__/componentDemos.test.tsx(352,17): error TS17004: Cannot use JSX unless the '--jsx' flag is provided.
docs/site/__tests__/componentDemos.test.tsx(357,13): error TS7026: JSX element implicitly has type 'any' because no interface 'JSX.IntrinsicElements' exists.
docs/site/__tests__/componentDemos.test.tsx(371,22): error TS17004: Cannot use JSX unless the '--jsx' flag is provided.
docs/site/__tests__/componentDemos.test.tsx(390,22): error TS17004: Cannot use JSX unless the '--jsx' flag is provided.
docs/site/__tests__/tutorial.test.tsx(1,55): error TS2307: Cannot find module '@crab-dev/wake/test' or its corresponding type declarations.
docs/site/__tests__/tutorial.test.tsx(2,48): error TS2307: Cannot find module '@crab-dev/wake/test/react' or its corresponding type declarations.
docs/site/__tests__/tutorial.test.tsx(3,26): error TS2307: Cannot find module 'react' or its corresponding type declarations.
docs/site/__tests__/tutorial.test.tsx(4,32): error TS2307: Cannot find module 'react' or its corresponding type declarations.
docs/site/__tests__/tutorial.test.tsx(5,20): error TS2307: Cannot find module '@crab-dev/rc-button' or its corresponding type declarations.
docs/site/__tests__/tutorial.test.tsx(6,37): error TS6142: Module '../tutorial.js' was resolved to 'C:/Users/zhang/Desktop/crab-dev/.website/docs/site/tutorial.tsx', but '--jsx' is not set.
docs/site/__tests__/tutorial.test.tsx(21,9): error TS7026: JSX element implicitly has type 'any' because no interface 'JSX.IntrinsicElements' exists.
docs/site/__tests__/tutorial.test.tsx(21,9): error TS17004: Cannot use JSX unless the '--jsx' flag is provided.
docs/site/__tests__/tutorial.test.tsx(24,13): error TS7026: JSX element implicitly has type 'any' because no interface 'JSX.IntrinsicElements' exists.
docs/site/__tests__/tutorial.test.tsx(24,13): error TS17004: Cannot use JSX unless the '--jsx' flag is provided.
docs/site/__tests__/tutorial.test.tsx(24,30): error TS7026: JSX element implicitly has type 'any' because no interface 'JSX.IntrinsicElements' exists.
docs/site/__tests__/tutorial.test.tsx(25,9): error TS7026: JSX element implicitly has type 'any' because no interface 'JSX.IntrinsicElements' exists.
docs/site/__tests__/tutorial.test.tsx(29,30): error TS6142: Module '../tutorial.js' was resolved to 'C:/Users/zhang/Desktop/crab-dev/.website/docs/site/tutorial.tsx', but '--jsx' is not set.
docs/site/__tests__/tutorial.test.tsx(31,49): error TS6142: Module '../tutorial.js' was resolved to 'C:/Users/zhang/Desktop/crab-dev/.website/docs/site/tutorial.tsx', but '--jsx' is not set.
docs/site/__tests__/tutorial.test.tsx(37,9): error TS17004: Cannot use JSX unless the '--jsx' flag is provided.
docs/site/__tests__/tutorial.test.tsx(38,13): error TS17004: Cannot use JSX unless the '--jsx' flag is provided.
docs/site/__tests__/tutorial.test.tsx(38,46): error TS7006: Parameter 'value' implicitly has an 'any' type.
docs/site/__tests__/tutorial.test.tsx(39,13): error TS7026: JSX element implicitly has type 'any' because no interface 'JSX.IntrinsicElements' exists.
docs/site/__tests__/tutorial.test.tsx(39,13): error TS17004: Cannot use JSX unless the '--jsx' flag is provided.
docs/site/__tests__/tutorial.test.tsx(39,31): error TS7026: JSX element implicitly has type 'any' because no interface 'JSX.IntrinsicElements' exists.
docs/site/__tests__/tutorial.test.tsx(82,22): error TS17004: Cannot use JSX unless the '--jsx' flag is provided.
docs/site/__tests__/ui.test.tsx(1,55): error TS2307: Cannot find module '@crab-dev/wake/test' or its corresponding type declarations.
docs/site/__tests__/ui.test.tsx(2,48): error TS2307: Cannot find module '@crab-dev/wake/test/react' or its corresponding type declarations.
docs/site/__tests__/ui.test.tsx(3,26): error TS2307: Cannot find module 'react' or its corresponding type declarations.
docs/site/__tests__/ui.test.tsx(4,58): error TS2307: Cannot find module '@crab-dev/wake/docs' or its corresponding type declarations.
docs/site/__tests__/ui.test.tsx(8,54): error TS2307: Cannot find module '@crab-dev/rc-dialog' or its corresponding type declarations.
docs/site/__tests__/ui.test.tsx(9,9): error TS7026: JSX element implicitly has type 'any' because no interface 'JSX.IntrinsicElements' exists.
docs/site/__tests__/ui.test.tsx(9,9): error TS17004: Cannot use JSX unless the '--jsx' flag is provided.
docs/site/__tests__/ui.test.tsx(11,9): error TS7026: JSX element implicitly has type 'any' because no interface 'JSX.IntrinsicElements' exists.
docs/site/__tests__/ui.test.tsx(15,23): error TS6142: Module '../ui.js' was resolved to 'C:/Users/zhang/Desktop/crab-dev/.website/docs/site/ui.tsx', but '--jsx' is not set.
docs/site/__tests__/ui.test.tsx(17,42): error TS6142: Module '../ui.js' was resolved to 'C:/Users/zhang/Desktop/crab-dev/.website/docs/site/ui.tsx', but '--jsx' is not set.
docs/site/__tests__/ui.test.tsx(37,20): error TS7006: Parameter 'slug' implicitly has an 'any' type.
docs/site/__tests__/ui.test.tsx(78,13): error TS17004: Cannot use JSX unless the '--jsx' flag is provided.
docs/site/__tests__/ui.test.tsx(93,17): error TS7026: JSX element implicitly has type 'any' because no interface 'JSX.IntrinsicElements' exists.
docs/site/__tests__/ui.test.tsx(93,17): error TS17004: Cannot use JSX unless the '--jsx' flag is provided.
docs/site/__tests__/ui.test.tsx(94,21): error TS7026: JSX element implicitly has type 'any' because no interface 'JSX.IntrinsicElements' exists.
docs/site/__tests__/ui.test.tsx(94,21): error TS17004: Cannot use JSX unless the '--jsx' flag is provided.
docs/site/__tests__/ui.test.tsx(94,86): error TS7026: JSX element implicitly has type 'any' because no interface 'JSX.IntrinsicElements' exists.
docs/site/__tests__/ui.test.tsx(95,17): error TS7026: JSX element implicitly has type 'any' because no interface 'JSX.IntrinsicElements' exists.
docs/site/__tests__/ui.test.tsx(96,17): error TS7026: JSX element implicitly has type 'any' because no interface 'JSX.IntrinsicElements' exists.
docs/site/__tests__/ui.test.tsx(96,17): error TS17004: Cannot use JSX unless the '--jsx' flag is provided.
docs/site/__tests__/ui.test.tsx(97,21): error TS7026: JSX element implicitly has type 'any' because no interface 'JSX.IntrinsicElements' exists.
docs/site/__tests__/ui.test.tsx(97,21): error TS17004: Cannot use JSX unless the '--jsx' flag is provided.
docs/site/__tests__/ui.test.tsx(97,47): error TS7026: JSX element implicitly has type 'any' because no interface 'JSX.IntrinsicElements' exists.
docs/site/__tests__/ui.test.tsx(98,17): error TS7026: JSX element implicitly has type 'any' because no interface 'JSX.IntrinsicElements' exists.
docs/site/__tests__/ui.test.tsx(113,13): error TS17004: Cannot use JSX unless the '--jsx' flag is provided.
docs/site/__tests__/ui.test.tsx(157,22): error TS17004: Cannot use JSX unless the '--jsx' flag is provided.
docs/site/__tests__/ui.test.tsx(169,22): error TS17004: Cannot use JSX unless the '--jsx' flag is provided.
docs/site/__tests__/ui.test.tsx(185,22): error TS17004: Cannot use JSX unless the '--jsx' flag is provided.
docs/site/__tests__/ui.test.tsx(198,13): error TS17004: Cannot use JSX unless the '--jsx' flag is provided.
docs/site/__tests__/ui.test.tsx(222,13): error TS17004: Cannot use JSX unless the '--jsx' flag is provided.
docs/site/__tests__/ui.test.tsx(240,13): error TS17004: Cannot use JSX unless the '--jsx' flag is provided.
docs/site/__tests__/ui.test.tsx(260,22): error TS17004: Cannot use JSX unless the '--jsx' flag is provided.
docs/site/__tests__/ui.test.tsx(284,26): error TS7026: JSX element implicitly has type 'any' because no interface 'JSX.IntrinsicElements' exists.
docs/site/__tests__/ui.test.tsx(284,26): error TS17004: Cannot use JSX unless the '--jsx' flag is provided.
docs/site/__tests__/ui.test.tsx(284,65): error TS7026: JSX element implicitly has type 'any' because no interface 'JSX.IntrinsicElements' exists.
docs/site/__tests__/ui.test.tsx(291,17): error TS17004: Cannot use JSX unless the '--jsx' flag is provided.
docs/site/__tests__/ui.test.tsx(292,21): error TS17004: Cannot use JSX unless the '--jsx' flag is provided.
docs/site/__tests__/ui.test.tsx(293,21): error TS17004: Cannot use JSX unless the '--jsx' flag is provided.
docs/site/__tests__/ui.test.tsx(301,22): error TS17004: Cannot use JSX unless the '--jsx' flag is provided.
docs/site/componentDemoFrame.tsx(1,21): error TS2307: Cannot find module '@crab-dev/css' or its corresponding type declarations.
docs/site/componentDemoFrame.tsx(2,20): error TS2307: Cannot find module '@crab-dev/rc-button' or its corresponding type declarations.
docs/site/componentDemoFrame.tsx(3,19): error TS2307: Cannot find module '@crab-dev/rc-alert' or its corresponding type declarations.
docs/site/componentDemoFrame.tsx(4,19): error TS2307: Cannot find module '@crab-dev/rc-empty' or its corresponding type declarations.
docs/site/componentDemoFrame.tsx(5,18): error TS2307: Cannot find module '@crab-dev/rc-spin' or its corresponding type declarations.
docs/site/componentDemoFrame.tsx(10,19): error TS2307: Cannot find module '@crab-dev/rc-token-semantic' or its corresponding type declarations.
docs/site/componentDemoFrame.tsx(11,45): error TS2307: Cannot find module 'react' or its corresponding type declarations.
docs/site/componentDemoFrame.tsx(12,32): error TS2307: Cannot find module 'react' or its corresponding type declarations.
docs/site/componentDemoFrame.tsx(13,42): error TS6142: Module './componentDemos.js' was resolved to 'C:/Users/zhang/Desktop/crab-dev/.website/docs/site/componentDemos.tsx', but '--jsx' is not set.
docs/site/componentDemoFrame.tsx(228,9): error TS17004: Cannot use JSX unless the '--jsx' flag is provided.
docs/site/componentDemoFrame.tsx(268,32): error TS7006: Parameter 'currentHeight' implicitly has an 'any' type.
docs/site/componentDemoFrame.tsx(310,21): error TS7006: Parameter 'currentAttempt' implicitly has an 'any' type.
docs/site/componentDemoFrame.tsx(322,9): error TS7026: JSX element implicitly has type 'any' because no interface 'JSX.IntrinsicElements' exists.
docs/site/componentDemoFrame.tsx(322,9): error TS17004: Cannot use JSX unless the '--jsx' flag is provided.
docs/site/componentDemoFrame.tsx(324,17): error TS17004: Cannot use JSX unless the '--jsx' flag is provided.
docs/site/componentDemoFrame.tsx(325,21): error TS17004: Cannot use JSX unless the '--jsx' flag is provided.
docs/site/componentDemoFrame.tsx(326,25): error TS17004: Cannot use JSX unless the '--jsx' flag is provided.
docs/site/componentDemoFrame.tsx(327,25): error TS17004: Cannot use JSX unless the '--jsx' flag is provided.
docs/site/componentDemoFrame.tsx(332,17): error TS7026: JSX element implicitly has type 'any' because no interface 'JSX.IntrinsicElements' exists.
docs/site/componentDemoFrame.tsx(332,17): error TS17004: Cannot use JSX unless the '--jsx' flag is provided.
docs/site/componentDemoFrame.tsx(338,17): error TS7026: JSX element implicitly has type 'any' because no interface 'JSX.IntrinsicElements' exists.
docs/site/componentDemoFrame.tsx(341,17): error TS7026: JSX element implicitly has type 'any' because no interface 'JSX.IntrinsicElements' exists.
docs/site/componentDemoFrame.tsx(341,17): error TS17004: Cannot use JSX unless the '--jsx' flag is provided.
docs/site/componentDemoFrame.tsx(345,29): error TS7026: JSX element implicitly has type 'any' because no interface 'JSX.IntrinsicElements' exists.
docs/site/componentDemoFrame.tsx(345,29): error TS17004: Cannot use JSX unless the '--jsx' flag is provided.
docs/site/componentDemoFrame.tsx(360,25): error TS7026: JSX element implicitly has type 'any' because no interface 'JSX.IntrinsicElements' exists.
docs/site/componentDemoFrame.tsx(360,25): error TS17004: Cannot use JSX unless the '--jsx' flag is provided.
docs/site/componentDemoFrame.tsx(366,29): error TS17004: Cannot use JSX unless the '--jsx' flag is provided.
docs/site/componentDemoFrame.tsx(367,25): error TS7026: JSX element implicitly has type 'any' because no interface 'JSX.IntrinsicElements' exists.
docs/site/componentDemoFrame.tsx(369,17): error TS7026: JSX element implicitly has type 'any' because no interface 'JSX.IntrinsicElements' exists.
docs/site/componentDemoFrame.tsx(371,9): error TS7026: JSX element implicitly has type 'any' because no interface 'JSX.IntrinsicElements' exists.
docs/site/componentDemos.tsx(1,21): error TS2307: Cannot find module '@crab-dev/css' or its corresponding type declarations.
docs/site/componentDemos.tsx(2,21): error TS2307: Cannot find module '@crab-dev/rc-component-preview' or its corresponding type declarations.
docs/site/componentDemos.tsx(3,19): error TS2307: Cannot find module '@crab-dev/rc-token-semantic' or its corresponding type declarations.
docs/site/componentDemos.tsx(4,26): error TS2307: Cannot find module 'react' or its corresponding type declarations.
docs/site/componentDemos.tsx(9,8): error TS6142: Module './componentDemoFrame.js' was resolved to 'C:/Users/zhang/Desktop/crab-dev/.website/docs/site/componentDemoFrame.tsx', but '--jsx' is not set.
docs/site/componentDemos.tsx(62,9): error TS17004: Cannot use JSX unless the '--jsx' flag is provided.
docs/site/componentDemos.tsx(73,13): error TS17004: Cannot use JSX unless the '--jsx' flag is provided.
docs/site/componentDemos.tsx(98,9): error TS7026: JSX element implicitly has type 'any' because no interface 'JSX.IntrinsicElements' exists.
docs/site/componentDemos.tsx(98,9): error TS17004: Cannot use JSX unless the '--jsx' flag is provided.
docs/site/componentDemos.tsx(99,34): error TS17004: Cannot use JSX unless the '--jsx' flag is provided.
docs/site/componentDemos.tsx(99,44): error TS2322: Type '{ key: string; demo: ComponentDemoRecord; }' is not assignable to type '{ readonly demo: ComponentDemoRecord; }'.
  Property 'key' does not exist on type '{ readonly demo: ComponentDemoRecord; }'.
docs/site/componentDemos.tsx(100,9): error TS7026: JSX element implicitly has type 'any' because no interface 'JSX.IntrinsicElements' exists.
docs/site/componentDemos.tsx(105,36): error TS17004: Cannot use JSX unless the '--jsx' flag is provided.
docs/site/componentDemos.tsx(110,9): error TS7026: JSX element implicitly has type 'any' because no interface 'JSX.IntrinsicElements' exists.
docs/site/componentDemos.tsx(110,9): error TS17004: Cannot use JSX unless the '--jsx' flag is provided.
docs/site/componentDemos.tsx(113,23): error TS17004: Cannot use JSX unless the '--jsx' flag is provided.
docs/site/componentDemos.tsx(113,33): error TS2322: Type '{ key: string; demos: readonly ComponentDemoRecord[]; }' is not assignable to type '{ readonly demos: readonly ComponentDemoRecord[]; }'.
  Property 'key' does not exist on type '{ readonly demos: readonly ComponentDemoRecord[]; }'.
docs/site/componentDemos.tsx(115,25): error TS7026: JSX element implicitly has type 'any' because no interface 'JSX.IntrinsicElements' exists.
docs/site/componentDemos.tsx(115,25): error TS17004: Cannot use JSX unless the '--jsx' flag is provided.
docs/site/componentDemos.tsx(120,29): error TS7026: JSX element implicitly has type 'any' because no interface 'JSX.IntrinsicElements' exists.
docs/site/componentDemos.tsx(120,29): error TS17004: Cannot use JSX unless the '--jsx' flag is provided.
docs/site/componentDemos.tsx(120,74): error TS7026: JSX element implicitly has type 'any' because no interface 'JSX.IntrinsicElements' exists.
docs/site/componentDemos.tsx(121,29): error TS17004: Cannot use JSX unless the '--jsx' flag is provided.
docs/site/componentDemos.tsx(122,25): error TS7026: JSX element implicitly has type 'any' because no interface 'JSX.IntrinsicElements' exists.
docs/site/componentDemos.tsx(125,9): error TS7026: JSX element implicitly has type 'any' because no interface 'JSX.IntrinsicElements' exists.
docs/site/firstExample.tsx(1,25): error TS6142: Module './liveExample.js' was resolved to 'C:/Users/zhang/Desktop/crab-dev/.website/docs/site/liveExample.tsx', but '--jsx' is not set.
docs/site/firstExample.tsx(2,37): error TS6142: Module './tutorial.js' was resolved to 'C:/Users/zhang/Desktop/crab-dev/.website/docs/site/tutorial.tsx', but '--jsx' is not set.
docs/site/firstExample.tsx(8,9): error TS17004: Cannot use JSX unless the '--jsx' flag is provided.
docs/site/homeStyles.ts(1,29): error TS2307: Cannot find module '@crab-dev/css' or its corresponding type declarations.
docs/site/homeStyles.ts(2,19): error TS2307: Cannot find module '@crab-dev/rc-token-semantic' or its corresponding type declarations.
docs/site/homeStyles.ts(3,25): error TS2307: Cannot find module '@crab-dev/rc-token-global' or its corresponding type declarations.
docs/site/learningHome.tsx(1,20): error TS2307: Cannot find module '@crab-dev/rc-button' or its corresponding type declarations.
docs/site/learningHome.tsx(2,25): error TS6142: Module './liveExample.js' was resolved to 'C:/Users/zhang/Desktop/crab-dev/.website/docs/site/liveExample.tsx', but '--jsx' is not set.
docs/site/learningHome.tsx(7,34): error TS6142: Module '../examples/home/profile.js' was resolved to 'C:/Users/zhang/Desktop/crab-dev/.website/docs/examples/home/profile.tsx', but '--jsx' is not set.
docs/site/learningHome.tsx(97,9): error TS7026: JSX element implicitly has type 'any' because no interface 'JSX.IntrinsicElements' exists.
docs/site/learningHome.tsx(97,9): error TS17004: Cannot use JSX unless the '--jsx' flag is provided.
docs/site/learningHome.tsx(98,13): error TS7026: JSX element implicitly has type 'any' because no interface 'JSX.IntrinsicElements' exists.
docs/site/learningHome.tsx(98,13): error TS17004: Cannot use JSX unless the '--jsx' flag is provided.
docs/site/learningHome.tsx(99,17): error TS7026: JSX element implicitly has type 'any' because no interface 'JSX.IntrinsicElements' exists.
docs/site/learningHome.tsx(99,17): error TS17004: Cannot use JSX unless the '--jsx' flag is provided.
docs/site/learningHome.tsx(100,21): error TS7026: JSX element implicitly has type 'any' because no interface 'JSX.IntrinsicElements' exists.
docs/site/learningHome.tsx(100,21): error TS17004: Cannot use JSX unless the '--jsx' flag is provided.
docs/site/learningHome.tsx(101,25): error TS7026: JSX element implicitly has type 'any' because no interface 'JSX.IntrinsicElements' exists.
docs/site/learningHome.tsx(101,25): error TS17004: Cannot use JSX unless the '--jsx' flag is provided.
docs/site/learningHome.tsx(101,66): error TS7026: JSX element implicitly has type 'any' because no interface 'JSX.IntrinsicElements' exists.
docs/site/learningHome.tsx(102,25): error TS7026: JSX element implicitly has type 'any' because no interface 'JSX.IntrinsicElements' exists.
docs/site/learningHome.tsx(102,25): error TS17004: Cannot use JSX unless the '--jsx' flag is provided.
docs/site/learningHome.tsx(102,45): error TS7026: JSX element implicitly has type 'any' because no interface 'JSX.IntrinsicElements' exists.
docs/site/learningHome.tsx(103,21): error TS7026: JSX element implicitly has type 'any' because no interface 'JSX.IntrinsicElements' exists.
docs/site/learningHome.tsx(104,21): error TS7026: JSX element implicitly has type 'any' because no interface 'JSX.IntrinsicElements' exists.
docs/site/learningHome.tsx(104,21): error TS17004: Cannot use JSX unless the '--jsx' flag is provided.
docs/site/learningHome.tsx(104,35): error TS7026: JSX element implicitly has type 'any' because no interface 'JSX.IntrinsicElements' exists.
docs/site/learningHome.tsx(105,21): error TS7026: JSX element implicitly has type 'any' because no interface 'JSX.IntrinsicElements' exists.
docs/site/learningHome.tsx(105,21): error TS17004: Cannot use JSX unless the '--jsx' flag is provided.
docs/site/learningHome.tsx(107,25): error TS7026: JSX element implicitly has type 'any' because no interface 'JSX.IntrinsicElements' exists.
docs/site/learningHome.tsx(107,25): error TS17004: Cannot use JSX unless the '--jsx' flag is provided.
docs/site/learningHome.tsx(109,21): error TS7026: JSX element implicitly has type 'any' because no interface 'JSX.IntrinsicElements' exists.
docs/site/learningHome.tsx(110,21): error TS7026: JSX element implicitly has type 'any' because no interface 'JSX.IntrinsicElements' exists.
docs/site/learningHome.tsx(110,21): error TS17004: Cannot use JSX unless the '--jsx' flag is provided.
docs/site/learningHome.tsx(111,25): error TS17004: Cannot use JSX unless the '--jsx' flag is provided.
docs/site/learningHome.tsx(115,40): error TS7026: JSX element implicitly has type 'any' because no interface 'JSX.IntrinsicElements' exists.
docs/site/learningHome.tsx(115,40): error TS17004: Cannot use JSX unless the '--jsx' flag is provided.
docs/site/learningHome.tsx(115,66): error TS7026: JSX element implicitly has type 'any' because no interface 'JSX.IntrinsicElements' exists.
docs/site/learningHome.tsx(119,25): error TS17004: Cannot use JSX unless the '--jsx' flag is provided.
docs/site/learningHome.tsx(122,21): error TS7026: JSX element implicitly has type 'any' because no interface 'JSX.IntrinsicElements' exists.
docs/site/learningHome.tsx(123,21): error TS7026: JSX element implicitly has type 'any' because no interface 'JSX.IntrinsicElements' exists.
docs/site/learningHome.tsx(123,21): error TS17004: Cannot use JSX unless the '--jsx' flag is provided.
docs/site/learningHome.tsx(124,25): error TS7026: JSX element implicitly has type 'any' because no interface 'JSX.IntrinsicElements' exists.
docs/site/learningHome.tsx(124,25): error TS17004: Cannot use JSX unless the '--jsx' flag is provided.
docs/site/learningHome.tsx(125,29): error TS7026: JSX element implicitly has type 'any' because no interface 'JSX.IntrinsicElements' exists.
docs/site/learningHome.tsx(125,29): error TS17004: Cannot use JSX unless the '--jsx' flag is provided.
docs/site/learningHome.tsx(125,39): error TS7026: JSX element implicitly has type 'any' because no interface 'JSX.IntrinsicElements' exists.
docs/site/learningHome.tsx(126,25): error TS7026: JSX element implicitly has type 'any' because no interface 'JSX.IntrinsicElements' exists.
docs/site/learningHome.tsx(127,25): error TS7026: JSX element implicitly has type 'any' because no interface 'JSX.IntrinsicElements' exists.
docs/site/learningHome.tsx(127,25): error TS17004: Cannot use JSX unless the '--jsx' flag is provided.
docs/site/learningHome.tsx(128,29): error TS7026: JSX element implicitly has type 'any' because no interface 'JSX.IntrinsicElements' exists.
docs/site/learningHome.tsx(128,29): error TS17004: Cannot use JSX unless the '--jsx' flag is provided.
docs/site/learningHome.tsx(128,40): error TS7026: JSX element implicitly has type 'any' because no interface 'JSX.IntrinsicElements' exists.
docs/site/learningHome.tsx(129,25): error TS7026: JSX element implicitly has type 'any' because no interface 'JSX.IntrinsicElements' exists.
docs/site/learningHome.tsx(130,25): error TS7026: JSX element implicitly has type 'any' because no interface 'JSX.IntrinsicElements' exists.
docs/site/learningHome.tsx(130,25): error TS17004: Cannot use JSX unless the '--jsx' flag is provided.
docs/site/learningHome.tsx(131,29): error TS7026: JSX element implicitly has type 'any' because no interface 'JSX.IntrinsicElements' exists.
docs/site/learningHome.tsx(131,29): error TS17004: Cannot use JSX unless the '--jsx' flag is provided.
docs/site/learningHome.tsx(131,39): error TS7026: JSX element implicitly has type 'any' because no interface 'JSX.IntrinsicElements' exists.
docs/site/learningHome.tsx(132,25): error TS7026: JSX element implicitly has type 'any' because no interface 'JSX.IntrinsicElements' exists.
docs/site/learningHome.tsx(133,21): error TS7026: JSX element implicitly has type 'any' because no interface 'JSX.IntrinsicElements' exists.
docs/site/learningHome.tsx(134,17): error TS7026: JSX element implicitly has type 'any' because no interface 'JSX.IntrinsicElements' exists.
docs/site/learningHome.tsx(135,13): error TS7026: JSX element implicitly has type 'any' because no interface 'JSX.IntrinsicElements' exists.
docs/site/learningHome.tsx(136,13): error TS7026: JSX element implicitly has type 'any' because no interface 'JSX.IntrinsicElements' exists.
docs/site/learningHome.tsx(136,13): error TS17004: Cannot use JSX unless the '--jsx' flag is provided.
docs/site/learningHome.tsx(137,17): error TS17004: Cannot use JSX unless the '--jsx' flag is provided.
docs/site/learningHome.tsx(143,17): error TS7026: JSX element implicitly has type 'any' because no interface 'JSX.IntrinsicElements' exists.
docs/site/learningHome.tsx(143,17): error TS17004: Cannot use JSX unless the '--jsx' flag is provided.
docs/site/learningHome.tsx(144,21): error TS7026: JSX element implicitly has type 'any' because no interface 'JSX.IntrinsicElements' exists.
docs/site/learningHome.tsx(144,21): error TS17004: Cannot use JSX unless the '--jsx' flag is provided.
docs/site/learningHome.tsx(144,50): error TS7026: JSX element implicitly has type 'any' because no interface 'JSX.IntrinsicElements' exists.
docs/site/learningHome.tsx(145,21): error TS17004: Cannot use JSX unless the '--jsx' flag is provided.
docs/site/learningHome.tsx(148,17): error TS7026: JSX element implicitly has type 'any' because no interface 'JSX.IntrinsicElements' exists.
docs/site/learningHome.tsx(149,13): error TS7026: JSX element implicitly has type 'any' because no interface 'JSX.IntrinsicElements' exists.
docs/site/learningHome.tsx(150,13): error TS7026: JSX element implicitly has type 'any' because no interface 'JSX.IntrinsicElements' exists.
docs/site/learningHome.tsx(150,13): error TS17004: Cannot use JSX unless the '--jsx' flag is provided.
docs/site/learningHome.tsx(155,17): error TS7026: JSX element implicitly has type 'any' because no interface 'JSX.IntrinsicElements' exists.
docs/site/learningHome.tsx(155,17): error TS17004: Cannot use JSX unless the '--jsx' flag is provided.
docs/site/learningHome.tsx(156,21): error TS7026: JSX element implicitly has type 'any' because no interface 'JSX.IntrinsicElements' exists.
docs/site/learningHome.tsx(156,21): error TS17004: Cannot use JSX unless the '--jsx' flag is provided.
docs/site/learningHome.tsx(157,25): error TS7026: JSX element implicitly has type 'any' because no interface 'JSX.IntrinsicElements' exists.
docs/site/learningHome.tsx(157,25): error TS17004: Cannot use JSX unless the '--jsx' flag is provided.
docs/site/learningHome.tsx(157,71): error TS7026: JSX element implicitly has type 'any' because no interface 'JSX.IntrinsicElements' exists.
docs/site/learningHome.tsx(158,25): error TS7026: JSX element implicitly has type 'any' because no interface 'JSX.IntrinsicElements' exists.
docs/site/learningHome.tsx(158,25): error TS17004: Cannot use JSX unless the '--jsx' flag is provided.
docs/site/learningHome.tsx(158,64): error TS7026: JSX element implicitly has type 'any' because no interface 'JSX.IntrinsicElements' exists.
docs/site/learningHome.tsx(159,21): error TS7026: JSX element implicitly has type 'any' because no interface 'JSX.IntrinsicElements' exists.
docs/site/learningHome.tsx(160,21): error TS17004: Cannot use JSX unless the '--jsx' flag is provided.
docs/site/learningHome.tsx(163,17): error TS7026: JSX element implicitly has type 'any' because no interface 'JSX.IntrinsicElements' exists.
docs/site/learningHome.tsx(164,17): error TS7026: JSX element implicitly has type 'any' because no interface 'JSX.IntrinsicElements' exists.
docs/site/learningHome.tsx(164,17): error TS17004: Cannot use JSX unless the '--jsx' flag is provided.
docs/site/learningHome.tsx(166,25): error TS7026: JSX element implicitly has type 'any' because no interface 'JSX.IntrinsicElements' exists.
docs/site/learningHome.tsx(166,25): error TS17004: Cannot use JSX unless the '--jsx' flag is provided.
docs/site/learningHome.tsx(171,29): error TS7026: JSX element implicitly has type 'any' because no interface 'JSX.IntrinsicElements' exists.
docs/site/learningHome.tsx(171,29): error TS17004: Cannot use JSX unless the '--jsx' flag is provided.
docs/site/learningHome.tsx(172,33): error TS7026: JSX element implicitly has type 'any' because no interface 'JSX.IntrinsicElements' exists.
docs/site/learningHome.tsx(172,33): error TS17004: Cannot use JSX unless the '--jsx' flag is provided.
docs/site/learningHome.tsx(172,70): error TS7026: JSX element implicitly has type 'any' because no interface 'JSX.IntrinsicElements' exists.
docs/site/learningHome.tsx(173,33): error TS7026: JSX element implicitly has type 'any' because no interface 'JSX.IntrinsicElements' exists.
docs/site/learningHome.tsx(173,33): error TS17004: Cannot use JSX unless the '--jsx' flag is provided.
docs/site/learningHome.tsx(173,53): error TS7026: JSX element implicitly has type 'any' because no interface 'JSX.IntrinsicElements' exists.
docs/site/learningHome.tsx(174,33): error TS17004: Cannot use JSX unless the '--jsx' flag is provided.
docs/site/learningHome.tsx(183,29): error TS7026: JSX element implicitly has type 'any' because no interface 'JSX.IntrinsicElements' exists.
docs/site/learningHome.tsx(184,29): error TS7026: JSX element implicitly has type 'any' because no interface 'JSX.IntrinsicElements' exists.
docs/site/learningHome.tsx(184,29): error TS17004: Cannot use JSX unless the '--jsx' flag is provided.
docs/site/learningHome.tsx(184,49): error TS7026: JSX element implicitly has type 'any' because no interface 'JSX.IntrinsicElements' exists.
docs/site/learningHome.tsx(185,29): error TS7026: JSX element implicitly has type 'any' because no interface 'JSX.IntrinsicElements' exists.
docs/site/learningHome.tsx(185,29): error TS17004: Cannot use JSX unless the '--jsx' flag is provided.
docs/site/learningHome.tsx(187,37): error TS17004: Cannot use JSX unless the '--jsx' flag is provided.
docs/site/learningHome.tsx(195,29): error TS7026: JSX element implicitly has type 'any' because no interface 'JSX.IntrinsicElements' exists.
docs/site/learningHome.tsx(196,25): error TS7026: JSX element implicitly has type 'any' because no interface 'JSX.IntrinsicElements' exists.
docs/site/learningHome.tsx(198,17): error TS7026: JSX element implicitly has type 'any' because no interface 'JSX.IntrinsicElements' exists.
docs/site/learningHome.tsx(199,13): error TS7026: JSX element implicitly has type 'any' because no interface 'JSX.IntrinsicElements' exists.
docs/site/learningHome.tsx(200,13): error TS7026: JSX element implicitly has type 'any' because no interface 'JSX.IntrinsicElements' exists.
docs/site/learningHome.tsx(200,13): error TS17004: Cannot use JSX unless the '--jsx' flag is provided.
docs/site/learningHome.tsx(201,17): error TS7026: JSX element implicitly has type 'any' because no interface 'JSX.IntrinsicElements' exists.
docs/site/learningHome.tsx(201,17): error TS17004: Cannot use JSX unless the '--jsx' flag is provided.
docs/site/learningHome.tsx(202,21): error TS7026: JSX element implicitly has type 'any' because no interface 'JSX.IntrinsicElements' exists.
docs/site/learningHome.tsx(202,21): error TS17004: Cannot use JSX unless the '--jsx' flag is provided.
docs/site/learningHome.tsx(202,68): error TS7026: JSX element implicitly has type 'any' because no interface 'JSX.IntrinsicElements' exists.
docs/site/learningHome.tsx(203,21): error TS7026: JSX element implicitly has type 'any' because no interface 'JSX.IntrinsicElements' exists.
docs/site/learningHome.tsx(203,21): error TS17004: Cannot use JSX unless the '--jsx' flag is provided.
docs/site/learningHome.tsx(203,58): error TS7026: JSX element implicitly has type 'any' because no interface 'JSX.IntrinsicElements' exists.
docs/site/learningHome.tsx(204,21): error TS7026: JSX element implicitly has type 'any' because no interface 'JSX.IntrinsicElements' exists.
docs/site/learningHome.tsx(204,21): error TS17004: Cannot use JSX unless the '--jsx' flag is provided.
docs/site/learningHome.tsx(204,45): error TS7026: JSX element implicitly has type 'any' because no interface 'JSX.IntrinsicElements' exists.
docs/site/learningHome.tsx(205,17): error TS7026: JSX element implicitly has type 'any' because no interface 'JSX.IntrinsicElements' exists.
docs/site/learningHome.tsx(206,17): error TS7026: JSX element implicitly has type 'any' because no interface 'JSX.IntrinsicElements' exists.
docs/site/learningHome.tsx(206,17): error TS17004: Cannot use JSX unless the '--jsx' flag is provided.
docs/site/learningHome.tsx(207,21): error TS17004: Cannot use JSX unless the '--jsx' flag is provided.
docs/site/learningHome.tsx(208,25): error TS7026: JSX element implicitly has type 'any' because no interface 'JSX.IntrinsicElements' exists.
docs/site/learningHome.tsx(208,25): error TS17004: Cannot use JSX unless the '--jsx' flag is provided.
docs/site/learningHome.tsx(208,33): error TS7026: JSX element implicitly has type 'any' because no interface 'JSX.IntrinsicElements' exists.
docs/site/learningHome.tsx(210,21): error TS17004: Cannot use JSX unless the '--jsx' flag is provided.
docs/site/learningHome.tsx(211,25): error TS7026: JSX element implicitly has type 'any' because no interface 'JSX.IntrinsicElements' exists.
docs/site/learningHome.tsx(211,25): error TS17004: Cannot use JSX unless the '--jsx' flag is provided.
docs/site/learningHome.tsx(211,33): error TS7026: JSX element implicitly has type 'any' because no interface 'JSX.IntrinsicElements' exists.
docs/site/learningHome.tsx(213,21): error TS17004: Cannot use JSX unless the '--jsx' flag is provided.
docs/site/learningHome.tsx(214,25): error TS7026: JSX element implicitly has type 'any' because no interface 'JSX.IntrinsicElements' exists.
docs/site/learningHome.tsx(214,25): error TS17004: Cannot use JSX unless the '--jsx' flag is provided.
docs/site/learningHome.tsx(214,33): error TS7026: JSX element implicitly has type 'any' because no interface 'JSX.IntrinsicElements' exists.
docs/site/learningHome.tsx(216,17): error TS7026: JSX element implicitly has type 'any' because no interface 'JSX.IntrinsicElements' exists.
docs/site/learningHome.tsx(217,13): error TS7026: JSX element implicitly has type 'any' because no interface 'JSX.IntrinsicElements' exists.
docs/site/learningHome.tsx(218,13): error TS7026: JSX element implicitly has type 'any' because no interface 'JSX.IntrinsicElements' exists.
docs/site/learningHome.tsx(218,13): error TS17004: Cannot use JSX unless the '--jsx' flag is provided.
docs/site/learningHome.tsx(219,17): error TS7026: JSX element implicitly has type 'any' because no interface 'JSX.IntrinsicElements' exists.
docs/site/learningHome.tsx(219,17): error TS17004: Cannot use JSX unless the '--jsx' flag is provided.
docs/site/learningHome.tsx(220,21): error TS7026: JSX element implicitly has type 'any' because no interface 'JSX.IntrinsicElements' exists.
docs/site/learningHome.tsx(220,21): error TS17004: Cannot use JSX unless the '--jsx' flag is provided.
docs/site/learningHome.tsx(221,25): error TS7026: JSX element implicitly has type 'any' because no interface 'JSX.IntrinsicElements' exists.
docs/site/learningHome.tsx(221,25): error TS17004: Cannot use JSX unless the '--jsx' flag is provided.
docs/site/learningHome.tsx(221,76): error TS7026: JSX element implicitly has type 'any' because no interface 'JSX.IntrinsicElements' exists.
docs/site/learningHome.tsx(222,25): error TS7026: JSX element implicitly has type 'any' because no interface 'JSX.IntrinsicElements' exists.
docs/site/learningHome.tsx(222,25): error TS17004: Cannot use JSX unless the '--jsx' flag is provided.
docs/site/learningHome.tsx(222,60): error TS7026: JSX element implicitly has type 'any' because no interface 'JSX.IntrinsicElements' exists.
docs/site/learningHome.tsx(223,21): error TS7026: JSX element implicitly has type 'any' because no interface 'JSX.IntrinsicElements' exists.
docs/site/learningHome.tsx(224,21): error TS7026: JSX element implicitly has type 'any' because no interface 'JSX.IntrinsicElements' exists.
docs/site/learningHome.tsx(224,21): error TS17004: Cannot use JSX unless the '--jsx' flag is provided.
docs/site/learningHome.tsx(224,69): error TS7026: JSX element implicitly has type 'any' because no interface 'JSX.IntrinsicElements' exists.
docs/site/learningHome.tsx(225,17): error TS7026: JSX element implicitly has type 'any' because no interface 'JSX.IntrinsicElements' exists.
docs/site/learningHome.tsx(226,17): error TS7026: JSX element implicitly has type 'any' because no interface 'JSX.IntrinsicElements' exists.
docs/site/learningHome.tsx(226,17): error TS17004: Cannot use JSX unless the '--jsx' flag is provided.
docs/site/learningHome.tsx(228,25): error TS7026: JSX element implicitly has type 'any' because no interface 'JSX.IntrinsicElements' exists.
docs/site/learningHome.tsx(228,25): error TS17004: Cannot use JSX unless the '--jsx' flag is provided.
docs/site/learningHome.tsx(229,29): error TS7026: JSX element implicitly has type 'any' because no interface 'JSX.IntrinsicElements' exists.
docs/site/learningHome.tsx(229,29): error TS17004: Cannot use JSX unless the '--jsx' flag is provided.
docs/site/learningHome.tsx(229,87): error TS7026: JSX element implicitly has type 'any' because no interface 'JSX.IntrinsicElements' exists.
docs/site/learningHome.tsx(230,29): error TS7026: JSX element implicitly has type 'any' because no interface 'JSX.IntrinsicElements' exists.
docs/site/learningHome.tsx(230,29): error TS17004: Cannot use JSX unless the '--jsx' flag is provided.
docs/site/learningHome.tsx(231,33): error TS17004: Cannot use JSX unless the '--jsx' flag is provided.
docs/site/learningHome.tsx(234,48): error TS7026: JSX element implicitly has type 'any' because no interface 'JSX.IntrinsicElements' exists.
docs/site/learningHome.tsx(234,48): error TS17004: Cannot use JSX unless the '--jsx' flag is provided.
docs/site/learningHome.tsx(234,74): error TS7026: JSX element implicitly has type 'any' because no interface 'JSX.IntrinsicElements' exists.
docs/site/learningHome.tsx(238,29): error TS7026: JSX element implicitly has type 'any' because no interface 'JSX.IntrinsicElements' exists.
docs/site/learningHome.tsx(239,29): error TS7026: JSX element implicitly has type 'any' because no interface 'JSX.IntrinsicElements' exists.
docs/site/learningHome.tsx(239,29): error TS17004: Cannot use JSX unless the '--jsx' flag is provided.
docs/site/learningHome.tsx(239,49): error TS7026: JSX element implicitly has type 'any' because no interface 'JSX.IntrinsicElements' exists.
docs/site/learningHome.tsx(240,29): error TS7026: JSX element implicitly has type 'any' because no interface 'JSX.IntrinsicElements' exists.
docs/site/learningHome.tsx(240,29): error TS17004: Cannot use JSX unless the '--jsx' flag is provided.
docs/site/learningHome.tsx(242,29): error TS7026: JSX element implicitly has type 'any' because no interface 'JSX.IntrinsicElements' exists.
docs/site/learningHome.tsx(243,25): error TS7026: JSX element implicitly has type 'any' because no interface 'JSX.IntrinsicElements' exists.
docs/site/learningHome.tsx(245,17): error TS7026: JSX element implicitly has type 'any' because no interface 'JSX.IntrinsicElements' exists.
docs/site/learningHome.tsx(246,13): error TS7026: JSX element implicitly has type 'any' because no interface 'JSX.IntrinsicElements' exists.
docs/site/learningHome.tsx(247,13): error TS7026: JSX element implicitly has type 'any' because no interface 'JSX.IntrinsicElements' exists.
docs/site/learningHome.tsx(247,13): error TS17004: Cannot use JSX unless the '--jsx' flag is provided.
docs/site/learningHome.tsx(248,17): error TS7026: JSX element implicitly has type 'any' because no interface 'JSX.IntrinsicElements' exists.
docs/site/learningHome.tsx(248,17): error TS17004: Cannot use JSX unless the '--jsx' flag is provided.
docs/site/learningHome.tsx(249,21): error TS7026: JSX element implicitly has type 'any' because no interface 'JSX.IntrinsicElements' exists.
docs/site/learningHome.tsx(249,21): error TS17004: Cannot use JSX unless the '--jsx' flag is provided.
docs/site/learningHome.tsx(249,36): error TS7026: JSX element implicitly has type 'any' because no interface 'JSX.IntrinsicElements' exists.
docs/site/learningHome.tsx(250,17): error TS7026: JSX element implicitly has type 'any' because no interface 'JSX.IntrinsicElements' exists.
docs/site/learningHome.tsx(251,17): error TS7026: JSX element implicitly has type 'any' because no interface 'JSX.IntrinsicElements' exists.
docs/site/learningHome.tsx(251,17): error TS17004: Cannot use JSX unless the '--jsx' flag is provided.
docs/site/learningHome.tsx(252,21): error TS17004: Cannot use JSX unless the '--jsx' flag is provided.
docs/site/learningHome.tsx(255,21): error TS17004: Cannot use JSX unless the '--jsx' flag is provided.
docs/site/learningHome.tsx(258,21): error TS17004: Cannot use JSX unless the '--jsx' flag is provided.
docs/site/learningHome.tsx(261,17): error TS7026: JSX element implicitly has type 'any' because no interface 'JSX.IntrinsicElements' exists.
docs/site/learningHome.tsx(262,13): error TS7026: JSX element implicitly has type 'any' because no interface 'JSX.IntrinsicElements' exists.
docs/site/learningHome.tsx(263,9): error TS7026: JSX element implicitly has type 'any' because no interface 'JSX.IntrinsicElements' exists.
docs/site/liveExample.tsx(1,64): error TS2307: Cannot find module 'react' or its corresponding type declarations.
docs/site/liveExample.tsx(2,47): error TS2307: Cannot find module 'react' or its corresponding type declarations.
docs/site/liveExample.tsx(3,20): error TS2307: Cannot find module '@crab-dev/rc-button' or its corresponding type declarations.
docs/site/liveExample.tsx(4,19): error TS2307: Cannot find module '@crab-dev/rc-alert' or its corresponding type declarations.
docs/site/liveExample.tsx(5,18): error TS2307: Cannot find module '@crab-dev/rc-spin' or its corresponding type declarations.
docs/site/liveExample.tsx(6,21): error TS2307: Cannot find module '@crab-dev/rc-component-preview' or its corresponding type declarations.
docs/site/liveExample.tsx(7,21): error TS2307: Cannot find module '@crab-dev/css' or its corresponding type declarations.
docs/site/liveExample.tsx(8,19): error TS2307: Cannot find module '@crab-dev/rc-token-semantic' or its corresponding type declarations.
docs/site/liveExample.tsx(9,32): error TS6142: Module './componentDemoFrame.js' was resolved to 'C:/Users/zhang/Desktop/crab-dev/.website/docs/site/componentDemoFrame.tsx', but '--jsx' is not set.
docs/site/liveExample.tsx(40,13): error TS17004: Cannot use JSX unless the '--jsx' flag is provided.
docs/site/liveExample.tsx(43,25): error TS17004: Cannot use JSX unless the '--jsx' flag is provided.
docs/site/liveExample.tsx(43,47): error TS2339: Property 'props' does not exist on type 'PreviewBoundary'.
docs/site/liveExample.tsx(48,18): error TS2339: Property 'props' does not exist on type 'PreviewBoundary'.
docs/site/liveExample.tsx(56,9): error TS17004: Cannot use JSX unless the '--jsx' flag is provided.
docs/site/liveExample.tsx(56,29): error TS17004: Cannot use JSX unless the '--jsx' flag is provided.
docs/site/liveExample.tsx(57,13): error TS17004: Cannot use JSX unless the '--jsx' flag is provided.
docs/site/liveExample.tsx(79,37): error TS7006: Parameter 'value' implicitly has an 'any' type.
docs/site/liveExample.tsx(81,9): error TS7026: JSX element implicitly has type 'any' because no interface 'JSX.IntrinsicElements' exists.
docs/site/liveExample.tsx(81,9): error TS17004: Cannot use JSX unless the '--jsx' flag is provided.
docs/site/liveExample.tsx(88,17): error TS7026: JSX element implicitly has type 'any' because no interface 'JSX.IntrinsicElements' exists.
docs/site/liveExample.tsx(88,17): error TS17004: Cannot use JSX unless the '--jsx' flag is provided.
docs/site/liveExample.tsx(89,21): error TS7026: JSX element implicitly has type 'any' because no interface 'JSX.IntrinsicElements' exists.
docs/site/liveExample.tsx(89,21): error TS17004: Cannot use JSX unless the '--jsx' flag is provided.
docs/site/liveExample.tsx(91,25): error TS7026: JSX element implicitly has type 'any' because no interface 'JSX.IntrinsicElements' exists.
docs/site/liveExample.tsx(91,25): error TS17004: Cannot use JSX unless the '--jsx' flag is provided.
docs/site/liveExample.tsx(91,53): error TS7026: JSX element implicitly has type 'any' because no interface 'JSX.IntrinsicElements' exists.
docs/site/liveExample.tsx(92,21): error TS7026: JSX element implicitly has type 'any' because no interface 'JSX.IntrinsicElements' exists.
docs/site/liveExample.tsx(93,21): error TS17004: Cannot use JSX unless the '--jsx' flag is provided.
docs/site/liveExample.tsx(101,17): error TS7026: JSX element implicitly has type 'any' because no interface 'JSX.IntrinsicElements' exists.
docs/site/liveExample.tsx(103,13): error TS17004: Cannot use JSX unless the '--jsx' flag is provided.
docs/site/liveExample.tsx(106,25): error TS17004: Cannot use JSX unless the '--jsx' flag is provided.
docs/site/liveExample.tsx(108,29): error TS17004: Cannot use JSX unless the '--jsx' flag is provided.
docs/site/liveExample.tsx(118,36): error TS7006: Parameter 'code' implicitly has an 'any' type.
docs/site/liveExample.tsx(128,17): error TS17004: Cannot use JSX unless the '--jsx' flag is provided.
docs/site/liveExample.tsx(129,21): error TS17004: Cannot use JSX unless the '--jsx' flag is provided.
docs/site/liveExample.tsx(133,17): error TS17004: Cannot use JSX unless the '--jsx' flag is provided.
docs/site/liveExample.tsx(137,9): error TS7026: JSX element implicitly has type 'any' because no interface 'JSX.IntrinsicElements' exists.
docs/site/practiceGallery.tsx(1,26): error TS2307: Cannot find module 'react' or its corresponding type declarations.
docs/site/practiceGallery.tsx(2,18): error TS2307: Cannot find module '@crab-dev/rc-tabs' or its corresponding type declarations.
docs/site/practiceGallery.tsx(3,20): error TS2307: Cannot find module '@crab-dev/rc-button' or its corresponding type declarations.
docs/site/practiceGallery.tsx(4,19): error TS2307: Cannot find module '@crab-dev/rc-alert' or its corresponding type declarations.
docs/site/practiceGallery.tsx(5,21): error TS2307: Cannot find module '@crab-dev/css' or its corresponding type declarations.
docs/site/practiceGallery.tsx(6,19): error TS2307: Cannot find module '@crab-dev/rc-token-semantic' or its corresponding type declarations.
docs/site/practiceGallery.tsx(10,25): error TS6142: Module './liveExample.js' was resolved to 'C:/Users/zhang/Desktop/crab-dev/.website/docs/site/liveExample.tsx', but '--jsx' is not set.
docs/site/practiceGallery.tsx(26,9): error TS17004: Cannot use JSX unless the '--jsx' flag is provided.
docs/site/practiceGallery.tsx(37,25): error TS7026: JSX element implicitly has type 'any' because no interface 'JSX.IntrinsicElements' exists.
docs/site/practiceGallery.tsx(37,25): error TS17004: Cannot use JSX unless the '--jsx' flag is provided.
docs/site/practiceGallery.tsx(38,29): error TS7026: JSX element implicitly has type 'any' because no interface 'JSX.IntrinsicElements' exists.
docs/site/practiceGallery.tsx(38,29): error TS17004: Cannot use JSX unless the '--jsx' flag is provided.
docs/site/practiceGallery.tsx(39,33): error TS17004: Cannot use JSX unless the '--jsx' flag is provided.
docs/site/practiceGallery.tsx(42,29): error TS7026: JSX element implicitly has type 'any' because no interface 'JSX.IntrinsicElements' exists.
docs/site/practiceGallery.tsx(44,33): error TS17004: Cannot use JSX unless the '--jsx' flag is provided.
docs/site/practiceGallery.tsx(45,37): error TS2322: Type '{ key: string; title: string; description: string; sourceCode: string; load: () => Promise<typeof import("C:/Users/zhang/Desktop/crab-dev/.website/docs/examples/practice-admin/step-1")>; }' is not assignable to type '{ readonly title: string; readonly description?: any; readonly sourceCode: string; readonly load: ExampleLoader; readonly heading?: "inside" | "outside" | undefined; }'.
  Property 'key' does not exist on type '{ readonly title: string; readonly description?: any; readonly sourceCode: string; readonly load: ExampleLoader; readonly heading?: "inside" | "outside" | undefined; }'.
docs/site/practiceGallery.tsx(51,33): error TS17004: Cannot use JSX unless the '--jsx' flag is provided.
docs/site/practiceGallery.tsx(52,25): error TS7026: JSX element implicitly has type 'any' because no interface 'JSX.IntrinsicElements' exists.
docs/site/siteContext.ts(1,36): error TS2307: Cannot find module 'react' or its corresponding type declarations.
docs/site/siteContext.ts(2,34): error TS2307: Cannot find module '@crab-dev/wake/docs' or its corresponding type declarations.
docs/site/siteStyles.ts(1,29): error TS2307: Cannot find module '@crab-dev/css' or its corresponding type declarations.
docs/site/siteStyles.ts(2,19): error TS2307: Cannot find module '@crab-dev/rc-token-semantic' or its corresponding type declarations.
docs/site/siteStyles.ts(3,25): error TS2307: Cannot find module '@crab-dev/rc-token-global' or its corresponding type declarations.
docs/site/tutorial.tsx(1,49): error TS2307: Cannot find module 'react' or its corresponding type declarations.
docs/site/tutorial.tsx(3,36): error TS2307: Cannot find module 'react' or its corresponding type declarations.
docs/site/tutorial.tsx(4,30): error TS2307: Cannot find module 'react-dom' or its corresponding type declarations.
docs/site/tutorial.tsx(5,21): error TS2307: Cannot find module '@crab-dev/css' or its corresponding type declarations.
docs/site/tutorial.tsx(6,20): error TS2307: Cannot find module '@crab-dev/rc-button' or its corresponding type declarations.
docs/site/tutorial.tsx(7,19): error TS2307: Cannot find module '@crab-dev/rc-alert' or its corresponding type declarations.
docs/site/tutorial.tsx(8,48): error TS6142: Module './liveExample.js' was resolved to 'C:/Users/zhang/Desktop/crab-dev/.website/docs/site/liveExample.tsx', but '--jsx' is not set.
docs/site/tutorial.tsx(9,21): error TS2307: Cannot find module '@crab-dev/rc-component-preview' or its corresponding type declarations.
docs/site/tutorial.tsx(10,19): error TS2307: Cannot find module '@crab-dev/rc-token-semantic' or its corresponding type declarations.
docs/site/tutorial.tsx(11,52): error TS6142: Module './componentDemoFrame.js' was resolved to 'C:/Users/zhang/Desktop/crab-dev/.website/docs/site/componentDemoFrame.tsx', but '--jsx' is not set.
docs/site/tutorial.tsx(16,42): error TS6142: Module './componentDemos.js' was resolved to 'C:/Users/zhang/Desktop/crab-dev/.website/docs/site/componentDemos.tsx', but '--jsx' is not set.
docs/site/tutorial.tsx(172,13): error TS7026: JSX element implicitly has type 'any' because no interface 'JSX.IntrinsicElements' exists.
docs/site/tutorial.tsx(172,13): error TS17004: Cannot use JSX unless the '--jsx' flag is provided.
docs/site/tutorial.tsx(173,17): error TS7026: JSX element implicitly has type 'any' because no interface 'JSX.IntrinsicElements' exists.
docs/site/tutorial.tsx(173,17): error TS17004: Cannot use JSX unless the '--jsx' flag is provided.
docs/site/tutorial.tsx(173,29): error TS7026: JSX element implicitly has type 'any' because no interface 'JSX.IntrinsicElements' exists.
docs/site/tutorial.tsx(175,21): error TS17004: Cannot use JSX unless the '--jsx' flag is provided.
docs/site/tutorial.tsx(189,13): error TS7026: JSX element implicitly has type 'any' because no interface 'JSX.IntrinsicElements' exists.
docs/site/tutorial.tsx(205,13): error TS17004: Cannot use JSX unless the '--jsx' flag is provided.
docs/site/tutorial.tsx(209,37): error TS7006: Parameter 'value' implicitly has an 'any' type.
docs/site/tutorial.tsx(218,9): error TS7026: JSX element implicitly has type 'any' because no interface 'JSX.IntrinsicElements' exists.
docs/site/tutorial.tsx(218,9): error TS17004: Cannot use JSX unless the '--jsx' flag is provided.
docs/site/tutorial.tsx(223,13): error TS17004: Cannot use JSX unless the '--jsx' flag is provided.
docs/site/tutorial.tsx(224,13): error TS7026: JSX element implicitly has type 'any' because no interface 'JSX.IntrinsicElements' exists.
docs/site/tutorial.tsx(224,13): error TS17004: Cannot use JSX unless the '--jsx' flag is provided.
docs/site/tutorial.tsx(226,21): error TS7026: JSX element implicitly has type 'any' because no interface 'JSX.IntrinsicElements' exists.
docs/site/tutorial.tsx(226,21): error TS17004: Cannot use JSX unless the '--jsx' flag is provided.
docs/site/tutorial.tsx(227,25): error TS17004: Cannot use JSX unless the '--jsx' flag is provided.
docs/site/tutorial.tsx(235,21): error TS7026: JSX element implicitly has type 'any' because no interface 'JSX.IntrinsicElements' exists.
docs/site/tutorial.tsx(237,13): error TS7026: JSX element implicitly has type 'any' because no interface 'JSX.IntrinsicElements' exists.
docs/site/tutorial.tsx(238,13): error TS7026: JSX element implicitly has type 'any' because no interface 'JSX.IntrinsicElements' exists.
docs/site/tutorial.tsx(238,13): error TS17004: Cannot use JSX unless the '--jsx' flag is provided.
docs/site/tutorial.tsx(239,17): error TS7026: JSX element implicitly has type 'any' because no interface 'JSX.IntrinsicElements' exists.
docs/site/tutorial.tsx(239,17): error TS17004: Cannot use JSX unless the '--jsx' flag is provided.
docs/site/tutorial.tsx(241,17): error TS7026: JSX element implicitly has type 'any' because no interface 'JSX.IntrinsicElements' exists.
docs/site/tutorial.tsx(242,17): error TS7026: JSX element implicitly has type 'any' because no interface 'JSX.IntrinsicElements' exists.
docs/site/tutorial.tsx(242,17): error TS17004: Cannot use JSX unless the '--jsx' flag is provided.
docs/site/tutorial.tsx(243,21): error TS7026: JSX element implicitly has type 'any' because no interface 'JSX.IntrinsicElements' exists.
docs/site/tutorial.tsx(243,21): error TS17004: Cannot use JSX unless the '--jsx' flag is provided.
docs/site/tutorial.tsx(243,36): error TS7026: JSX element implicitly has type 'any' because no interface 'JSX.IntrinsicElements' exists.
docs/site/tutorial.tsx(244,21): error TS7026: JSX element implicitly has type 'any' because no interface 'JSX.IntrinsicElements' exists.
docs/site/tutorial.tsx(244,21): error TS17004: Cannot use JSX unless the '--jsx' flag is provided.
docs/site/tutorial.tsx(244,34): error TS7026: JSX element implicitly has type 'any' because no interface 'JSX.IntrinsicElements' exists.
docs/site/tutorial.tsx(246,25): error TS7026: JSX element implicitly has type 'any' because no interface 'JSX.IntrinsicElements' exists.
docs/site/tutorial.tsx(246,25): error TS17004: Cannot use JSX unless the '--jsx' flag is provided.
docs/site/tutorial.tsx(247,29): error TS7026: JSX element implicitly has type 'any' because no interface 'JSX.IntrinsicElements' exists.
docs/site/tutorial.tsx(247,29): error TS17004: Cannot use JSX unless the '--jsx' flag is provided.
docs/site/tutorial.tsx(247,42): error TS7026: JSX element implicitly has type 'any' because no interface 'JSX.IntrinsicElements' exists.
docs/site/tutorial.tsx(249,25): error TS7026: JSX element implicitly has type 'any' because no interface 'JSX.IntrinsicElements' exists.
docs/site/tutorial.tsx(252,25): error TS17004: Cannot use JSX unless the '--jsx' flag is provided.
docs/site/tutorial.tsx(253,29): error TS7026: JSX element implicitly has type 'any' because no interface 'JSX.IntrinsicElements' exists.
docs/site/tutorial.tsx(253,29): error TS17004: Cannot use JSX unless the '--jsx' flag is provided.
docs/site/tutorial.tsx(253,37): error TS7026: JSX element implicitly has type 'any' because no interface 'JSX.IntrinsicElements' exists.
docs/site/tutorial.tsx(254,29): error TS7026: JSX element implicitly has type 'any' because no interface 'JSX.IntrinsicElements' exists.
docs/site/tutorial.tsx(254,29): error TS17004: Cannot use JSX unless the '--jsx' flag is provided.
docs/site/tutorial.tsx(256,37): error TS7026: JSX element implicitly has type 'any' because no interface 'JSX.IntrinsicElements' exists.
docs/site/tutorial.tsx(256,37): error TS17004: Cannot use JSX unless the '--jsx' flag is provided.
docs/site/tutorial.tsx(256,62): error TS7026: JSX element implicitly has type 'any' because no interface 'JSX.IntrinsicElements' exists.
docs/site/tutorial.tsx(258,29): error TS7026: JSX element implicitly has type 'any' because no interface 'JSX.IntrinsicElements' exists.
docs/site/tutorial.tsx(261,17): error TS7026: JSX element implicitly has type 'any' because no interface 'JSX.IntrinsicElements' exists.
docs/site/tutorial.tsx(262,17): error TS7026: JSX element implicitly has type 'any' because no interface 'JSX.IntrinsicElements' exists.
docs/site/tutorial.tsx(262,17): error TS17004: Cannot use JSX unless the '--jsx' flag is provided.
docs/site/tutorial.tsx(263,21): error TS7026: JSX element implicitly has type 'any' because no interface 'JSX.IntrinsicElements' exists.
docs/site/tutorial.tsx(263,21): error TS17004: Cannot use JSX unless the '--jsx' flag is provided.
docs/site/tutorial.tsx(264,25): error TS7026: JSX element implicitly has type 'any' because no interface 'JSX.IntrinsicElements' exists.
docs/site/tutorial.tsx(264,25): error TS17004: Cannot use JSX unless the '--jsx' flag is provided.
docs/site/tutorial.tsx(264,37): error TS7026: JSX element implicitly has type 'any' because no interface 'JSX.IntrinsicElements' exists.
docs/site/tutorial.tsx(265,21): error TS7026: JSX element implicitly has type 'any' because no interface 'JSX.IntrinsicElements' exists.
docs/site/tutorial.tsx(266,21): error TS7026: JSX element implicitly has type 'any' because no interface 'JSX.IntrinsicElements' exists.
docs/site/tutorial.tsx(266,21): error TS17004: Cannot use JSX unless the '--jsx' flag is provided.
docs/site/tutorial.tsx(267,25): error TS7026: JSX element implicitly has type 'any' because no interface 'JSX.IntrinsicElements' exists.
docs/site/tutorial.tsx(267,25): error TS17004: Cannot use JSX unless the '--jsx' flag is provided.
docs/site/tutorial.tsx(267,37): error TS7026: JSX element implicitly has type 'any' because no interface 'JSX.IntrinsicElements' exists.
docs/site/tutorial.tsx(268,21): error TS7026: JSX element implicitly has type 'any' because no interface 'JSX.IntrinsicElements' exists.
docs/site/tutorial.tsx(269,17): error TS7026: JSX element implicitly has type 'any' because no interface 'JSX.IntrinsicElements' exists.
docs/site/tutorial.tsx(270,17): error TS17004: Cannot use JSX unless the '--jsx' flag is provided.
docs/site/tutorial.tsx(274,25): error TS7026: JSX element implicitly has type 'any' because no interface 'JSX.IntrinsicElements' exists.
docs/site/tutorial.tsx(274,25): error TS17004: Cannot use JSX unless the '--jsx' flag is provided.
docs/site/tutorial.tsx(275,29): error TS7026: JSX element implicitly has type 'any' because no interface 'JSX.IntrinsicElements' exists.
docs/site/tutorial.tsx(275,29): error TS17004: Cannot use JSX unless the '--jsx' flag is provided.
docs/site/tutorial.tsx(275,39): error TS7026: JSX element implicitly has type 'any' because no interface 'JSX.IntrinsicElements' exists.
docs/site/tutorial.tsx(276,29): error TS17004: Cannot use JSX unless the '--jsx' flag is provided.
docs/site/tutorial.tsx(285,25): error TS7026: JSX element implicitly has type 'any' because no interface 'JSX.IntrinsicElements' exists.
docs/site/tutorial.tsx(294,40): error TS7006: Parameter 'source' implicitly has an 'any' type.
docs/site/tutorial.tsx(304,21): error TS7026: JSX element implicitly has type 'any' because no interface 'JSX.IntrinsicElements' exists.
docs/site/tutorial.tsx(304,21): error TS17004: Cannot use JSX unless the '--jsx' flag is provided.
docs/site/tutorial.tsx(305,25): error TS17004: Cannot use JSX unless the '--jsx' flag is provided.
docs/site/tutorial.tsx(307,33): error TS17004: Cannot use JSX unless the '--jsx' flag is provided.
docs/site/tutorial.tsx(309,33): error TS17004: Cannot use JSX unless the '--jsx' flag is provided.
docs/site/tutorial.tsx(315,21): error TS7026: JSX element implicitly has type 'any' because no interface 'JSX.IntrinsicElements' exists.
docs/site/tutorial.tsx(317,31): error TS7026: JSX element implicitly has type 'any' because no interface 'JSX.IntrinsicElements' exists.
docs/site/tutorial.tsx(317,31): error TS17004: Cannot use JSX unless the '--jsx' flag is provided.
docs/site/tutorial.tsx(317,59): error TS7026: JSX element implicitly has type 'any' because no interface 'JSX.IntrinsicElements' exists.
docs/site/tutorial.tsx(318,17): error TS7026: JSX element implicitly has type 'any' because no interface 'JSX.IntrinsicElements' exists.
docs/site/tutorial.tsx(318,17): error TS17004: Cannot use JSX unless the '--jsx' flag is provided.
docs/site/tutorial.tsx(319,21): error TS17004: Cannot use JSX unless the '--jsx' flag is provided.
docs/site/tutorial.tsx(322,21): error TS17004: Cannot use JSX unless the '--jsx' flag is provided.
docs/site/tutorial.tsx(329,17): error TS7026: JSX element implicitly has type 'any' because no interface 'JSX.IntrinsicElements' exists.
docs/site/tutorial.tsx(330,13): error TS7026: JSX element implicitly has type 'any' because no interface 'JSX.IntrinsicElements' exists.
docs/site/tutorial.tsx(331,9): error TS7026: JSX element implicitly has type 'any' because no interface 'JSX.IntrinsicElements' exists.
docs/site/ui.tsx(1,52): error TS2307: Cannot find module 'react' or its corresponding type declarations.
docs/site/ui.tsx(2,33): error TS2307: Cannot find module 'react' or its corresponding type declarations.
docs/site/ui.tsx(3,30): error TS2307: Cannot find module '@crab-dev/wake/docs' or its corresponding type declarations.
docs/site/ui.tsx(4,26): error TS2307: Cannot find module '@crab-dev/wake/docs' or its corresponding type declarations.
docs/site/ui.tsx(5,20): error TS2307: Cannot find module '@crab-dev/rc-button' or its corresponding type declarations.
docs/site/ui.tsx(6,20): error TS2307: Cannot find module '@crab-dev/rc-dialog' or its corresponding type declarations.
docs/site/ui.tsx(7,22): error TS2307: Cannot find module '@crab-dev/rc-line-edit' or its corresponding type declarations.
docs/site/ui.tsx(8,23): error TS2307: Cannot find module '@crab-dev/rc-segmented' or its corresponding type declarations.
docs/site/ui.tsx(9,19): error TS2307: Cannot find module '@crab-dev/rc-alert' or its corresponding type declarations.
docs/site/ui.tsx(10,19): error TS2307: Cannot find module '@crab-dev/rc-empty' or its corresponding type declarations.
docs/site/ui.tsx(11,18): error TS2307: Cannot find module '@crab-dev/rc-spin' or its corresponding type declarations.
docs/site/ui.tsx(32,9): error TS17004: Cannot use JSX unless the '--jsx' flag is provided.
docs/site/ui.tsx(33,13): error TS7026: JSX element implicitly has type 'any' because no interface 'JSX.IntrinsicElements' exists.
docs/site/ui.tsx(33,13): error TS17004: Cannot use JSX unless the '--jsx' flag is provided.
docs/site/ui.tsx(35,13): error TS7026: JSX element implicitly has type 'any' because no interface 'JSX.IntrinsicElements' exists.
docs/site/ui.tsx(44,9): error TS17004: Cannot use JSX unless the '--jsx' flag is provided.
docs/site/ui.tsx(45,13): error TS7026: JSX element implicitly has type 'any' because no interface 'JSX.IntrinsicElements' exists.
docs/site/ui.tsx(45,13): error TS17004: Cannot use JSX unless the '--jsx' flag is provided.
docs/site/ui.tsx(46,17): error TS7026: JSX element implicitly has type 'any' because no interface 'JSX.IntrinsicElements' exists.
docs/site/ui.tsx(46,17): error TS17004: Cannot use JSX unless the '--jsx' flag is provided.
docs/site/ui.tsx(46,65): error TS7026: JSX element implicitly has type 'any' because no interface 'JSX.IntrinsicElements' exists.
docs/site/ui.tsx(47,17): error TS7026: JSX element implicitly has type 'any' because no interface 'JSX.IntrinsicElements' exists.
docs/site/ui.tsx(47,17): error TS17004: Cannot use JSX unless the '--jsx' flag is provided.
docs/site/ui.tsx(48,21): error TS7026: JSX element implicitly has type 'any' because no interface 'JSX.IntrinsicElements' exists.
docs/site/ui.tsx(48,21): error TS17004: Cannot use JSX unless the '--jsx' flag is provided.
docs/site/ui.tsx(48,76): error TS7026: JSX element implicitly has type 'any' because no interface 'JSX.IntrinsicElements' exists.
docs/site/ui.tsx(49,21): error TS7026: JSX element implicitly has type 'any' because no interface 'JSX.IntrinsicElements' exists.
docs/site/ui.tsx(49,21): error TS17004: Cannot use JSX unless the '--jsx' flag is provided.
docs/site/ui.tsx(49,72): error TS7026: JSX element implicitly has type 'any' because no interface 'JSX.IntrinsicElements' exists.
docs/site/ui.tsx(50,21): error TS7026: JSX element implicitly has type 'any' because no interface 'JSX.IntrinsicElements' exists.
docs/site/ui.tsx(50,21): error TS17004: Cannot use JSX unless the '--jsx' flag is provided.
docs/site/ui.tsx(51,25): error TS7026: JSX element implicitly has type 'any' because no interface 'JSX.IntrinsicElements' exists.
docs/site/ui.tsx(51,25): error TS17004: Cannot use JSX unless the '--jsx' flag is provided.
docs/site/ui.tsx(53,21): error TS7026: JSX element implicitly has type 'any' because no interface 'JSX.IntrinsicElements' exists.
docs/site/ui.tsx(54,17): error TS7026: JSX element implicitly has type 'any' because no interface 'JSX.IntrinsicElements' exists.
docs/site/ui.tsx(57,13): error TS7026: JSX element implicitly has type 'any' because no interface 'JSX.IntrinsicElements' exists.
docs/site/ui.tsx(64,9): error TS7026: JSX element implicitly has type 'any' because no interface 'JSX.IntrinsicElements' exists.
docs/site/ui.tsx(64,9): error TS17004: Cannot use JSX unless the '--jsx' flag is provided.
docs/site/ui.tsx(65,13): error TS17004: Cannot use JSX unless the '--jsx' flag is provided.
docs/site/ui.tsx(70,21): error TS7026: JSX element implicitly has type 'any' because no interface 'JSX.IntrinsicElements' exists.
docs/site/ui.tsx(70,21): error TS17004: Cannot use JSX unless the '--jsx' flag is provided.
docs/site/ui.tsx(72,21): error TS7026: JSX element implicitly has type 'any' because no interface 'JSX.IntrinsicElements' exists.
docs/site/ui.tsx(75,27): error TS7006: Parameter 'event' implicitly has an 'any' type.
docs/site/ui.tsx(79,13): error TS7026: JSX element implicitly has type 'any' because no interface 'JSX.IntrinsicElements' exists.
docs/site/ui.tsx(79,13): error TS17004: Cannot use JSX unless the '--jsx' flag is provided.
docs/site/ui.tsx(80,17): error TS17004: Cannot use JSX unless the '--jsx' flag is provided.
docs/site/ui.tsx(84,31): error TS7006: Parameter 'event' implicitly has an 'any' type.
docs/site/ui.tsx(88,17): error TS17004: Cannot use JSX unless the '--jsx' flag is provided.
docs/site/ui.tsx(92,31): error TS7006: Parameter 'event' implicitly has an 'any' type.
docs/site/ui.tsx(97,21): error TS17004: Cannot use JSX unless the '--jsx' flag is provided.
docs/site/ui.tsx(101,13): error TS7026: JSX element implicitly has type 'any' because no interface 'JSX.IntrinsicElements' exists.
docs/site/ui.tsx(102,13): error TS7026: JSX element implicitly has type 'any' because no interface 'JSX.IntrinsicElements' exists.
docs/site/ui.tsx(102,13): error TS17004: Cannot use JSX unless the '--jsx' flag is provided.
docs/site/ui.tsx(103,17): error TS17004: Cannot use JSX unless the '--jsx' flag is provided.
docs/site/ui.tsx(109,21): error TS7026: JSX element implicitly has type 'any' because no interface 'JSX.IntrinsicElements' exists.
docs/site/ui.tsx(109,21): error TS17004: Cannot use JSX unless the '--jsx' flag is provided.
docs/site/ui.tsx(109,66): error TS7026: JSX element implicitly has type 'any' because no interface 'JSX.IntrinsicElements' exists.
docs/site/ui.tsx(110,21): error TS7026: JSX element implicitly has type 'any' because no interface 'JSX.IntrinsicElements' exists.
docs/site/ui.tsx(110,21): error TS17004: Cannot use JSX unless the '--jsx' flag is provided.
docs/site/ui.tsx(112,21): error TS7026: JSX element implicitly has type 'any' because no interface 'JSX.IntrinsicElements' exists.
docs/site/ui.tsx(113,21): error TS7026: JSX element implicitly has type 'any' because no interface 'JSX.IntrinsicElements' exists.
docs/site/ui.tsx(113,21): error TS17004: Cannot use JSX unless the '--jsx' flag is provided.
docs/site/ui.tsx(113,62): error TS7026: JSX element implicitly has type 'any' because no interface 'JSX.IntrinsicElements' exists.
docs/site/ui.tsx(115,17): error TS17004: Cannot use JSX unless the '--jsx' flag is provided.
docs/site/ui.tsx(124,32): error TS7006: Parameter 'value' implicitly has an 'any' type.
docs/site/ui.tsx(129,17): error TS17004: Cannot use JSX unless the '--jsx' flag is provided.
docs/site/ui.tsx(138,13): error TS7026: JSX element implicitly has type 'any' because no interface 'JSX.IntrinsicElements' exists.
docs/site/ui.tsx(139,9): error TS7026: JSX element implicitly has type 'any' because no interface 'JSX.IntrinsicElements' exists.
docs/site/ui.tsx(146,9): error TS17004: Cannot use JSX unless the '--jsx' flag is provided.
docs/site/ui.tsx(151,23): error TS7006: Parameter 'event' implicitly has an 'any' type.
docs/site/ui.tsx(157,9): error TS7026: JSX element implicitly has type 'any' because no interface 'JSX.IntrinsicElements' exists.
docs/site/ui.tsx(157,9): error TS17004: Cannot use JSX unless the '--jsx' flag is provided.
docs/site/ui.tsx(158,26): error TS7006: Parameter 'group' implicitly has an 'any' type.
docs/site/ui.tsx(159,17): error TS7026: JSX element implicitly has type 'any' because no interface 'JSX.IntrinsicElements' exists.
docs/site/ui.tsx(159,17): error TS17004: Cannot use JSX unless the '--jsx' flag is provided.
docs/site/ui.tsx(160,21): error TS7026: JSX element implicitly has type 'any' because no interface 'JSX.IntrinsicElements' exists.
docs/site/ui.tsx(160,21): error TS17004: Cannot use JSX unless the '--jsx' flag is provided.
docs/site/ui.tsx(160,38): error TS7026: JSX element implicitly has type 'any' because no interface 'JSX.IntrinsicElements' exists.
docs/site/ui.tsx(162,42): error TS7006: Parameter 'section' implicitly has an 'any' type.
docs/site/ui.tsx(163,25): error TS7026: JSX element implicitly has type 'any' because no interface 'JSX.IntrinsicElements' exists.
docs/site/ui.tsx(163,25): error TS17004: Cannot use JSX unless the '--jsx' flag is provided.
docs/site/ui.tsx(164,29): error TS17004: Cannot use JSX unless the '--jsx' flag is provided.
docs/site/ui.tsx(171,33): error TS7026: JSX element implicitly has type 'any' because no interface 'JSX.IntrinsicElements' exists.
docs/site/ui.tsx(171,33): error TS17004: Cannot use JSX unless the '--jsx' flag is provided.
docs/site/ui.tsx(171,88): error TS7026: JSX element implicitly has type 'any' because no interface 'JSX.IntrinsicElements' exists.
docs/site/ui.tsx(174,29): error TS7026: JSX element implicitly has type 'any' because no interface 'JSX.IntrinsicElements' exists.
docs/site/ui.tsx(174,29): error TS17004: Cannot use JSX unless the '--jsx' flag is provided.
docs/site/ui.tsx(180,29): error TS7026: JSX element implicitly has type 'any' because no interface 'JSX.IntrinsicElements' exists.
docs/site/ui.tsx(181,25): error TS7026: JSX element implicitly has type 'any' because no interface 'JSX.IntrinsicElements' exists.
docs/site/ui.tsx(183,17): error TS7026: JSX element implicitly has type 'any' because no interface 'JSX.IntrinsicElements' exists.
docs/site/ui.tsx(185,9): error TS7026: JSX element implicitly has type 'any' because no interface 'JSX.IntrinsicElements' exists.
docs/site/ui.tsx(205,9): error TS17004: Cannot use JSX unless the '--jsx' flag is provided.
docs/site/ui.tsx(210,28): error TS7006: Parameter 'value' implicitly has an 'any' type.
docs/site/ui.tsx(214,19): error TS7006: Parameter 'node' implicitly has an 'any' type.
docs/site/ui.tsx(219,13): error TS7026: JSX element implicitly has type 'any' because no interface 'JSX.IntrinsicElements' exists.
docs/site/ui.tsx(219,13): error TS17004: Cannot use JSX unless the '--jsx' flag is provided.
docs/site/ui.tsx(219,70): error TS7026: JSX element implicitly has type 'any' because no interface 'JSX.IntrinsicElements' exists.
docs/site/ui.tsx(245,9): error TS17004: Cannot use JSX unless the '--jsx' flag is provided.
docs/site/ui.tsx(251,19): error TS7006: Parameter 'node' implicitly has an 'any' type.
docs/site/ui.tsx(262,13): error TS7026: JSX element implicitly has type 'any' because no interface 'JSX.IntrinsicElements' exists.
docs/site/ui.tsx(262,13): error TS17004: Cannot use JSX unless the '--jsx' flag is provided.
docs/site/ui.tsx(263,17): error TS17004: Cannot use JSX unless the '--jsx' flag is provided.
docs/site/ui.tsx(268,32): error TS7006: Parameter 'event' implicitly has an 'any' type.
docs/site/ui.tsx(269,33): error TS7006: Parameter 'event' implicitly has an 'any' type.
docs/site/ui.tsx(287,21): error TS7026: JSX element implicitly has type 'any' because no interface 'JSX.IntrinsicElements' exists.
docs/site/ui.tsx(287,21): error TS17004: Cannot use JSX unless the '--jsx' flag is provided.
docs/site/ui.tsx(288,25): error TS17004: Cannot use JSX unless the '--jsx' flag is provided.
docs/site/ui.tsx(289,21): error TS7026: JSX element implicitly has type 'any' because no interface 'JSX.IntrinsicElements' exists.
docs/site/ui.tsx(292,21): error TS17004: Cannot use JSX unless the '--jsx' flag is provided.
docs/site/ui.tsx(297,21): error TS17004: Cannot use JSX unless the '--jsx' flag is provided.
docs/site/ui.tsx(303,17): error TS7026: JSX element implicitly has type 'any' because no interface 'JSX.IntrinsicElements' exists.
docs/site/ui.tsx(303,17): error TS17004: Cannot use JSX unless the '--jsx' flag is provided.
docs/site/ui.tsx(304,42): error TS7006: Parameter 'result' implicitly has an 'any' type.
docs/site/ui.tsx(304,50): error TS7006: Parameter 'index' implicitly has an 'any' type.
docs/site/ui.tsx(305,25): error TS7026: JSX element implicitly has type 'any' because no interface 'JSX.IntrinsicElements' exists.
docs/site/ui.tsx(305,25): error TS17004: Cannot use JSX unless the '--jsx' flag is provided.
docs/site/ui.tsx(306,29): error TS17004: Cannot use JSX unless the '--jsx' flag is provided.
docs/site/ui.tsx(311,33): error TS7026: JSX element implicitly has type 'any' because no interface 'JSX.IntrinsicElements' exists.
docs/site/ui.tsx(311,33): error TS17004: Cannot use JSX unless the '--jsx' flag is provided.
docs/site/ui.tsx(312,37): error TS7026: JSX element implicitly has type 'any' because no interface 'JSX.IntrinsicElements' exists.
docs/site/ui.tsx(312,37): error TS17004: Cannot use JSX unless the '--jsx' flag is provided.
docs/site/ui.tsx(312,59): error TS7026: JSX element implicitly has type 'any' because no interface 'JSX.IntrinsicElements' exists.
docs/site/ui.tsx(313,37): error TS7026: JSX element implicitly has type 'any' because no interface 'JSX.IntrinsicElements' exists.
docs/site/ui.tsx(313,37): error TS17004: Cannot use JSX unless the '--jsx' flag is provided.
docs/site/ui.tsx(313,94): error TS7026: JSX element implicitly has type 'any' because no interface 'JSX.IntrinsicElements' exists.
docs/site/ui.tsx(314,33): error TS7026: JSX element implicitly has type 'any' because no interface 'JSX.IntrinsicElements' exists.
docs/site/ui.tsx(316,25): error TS7026: JSX element implicitly has type 'any' because no interface 'JSX.IntrinsicElements' exists.
docs/site/ui.tsx(318,17): error TS7026: JSX element implicitly has type 'any' because no interface 'JSX.IntrinsicElements' exists.
docs/site/ui.tsx(319,17): error TS7026: JSX element implicitly has type 'any' because no interface 'JSX.IntrinsicElements' exists.
docs/site/ui.tsx(319,17): error TS17004: Cannot use JSX unless the '--jsx' flag is provided.
docs/site/ui.tsx(323,17): error TS7026: JSX element implicitly has type 'any' because no interface 'JSX.IntrinsicElements' exists.
docs/site/ui.tsx(324,13): error TS7026: JSX element implicitly has type 'any' because no interface 'JSX.IntrinsicElements' exists.
docs/site/ui.tsx(335,38): error TS7006: Parameter 'heading' implicitly has an 'any' type.
docs/site/ui.tsx(338,9): error TS7026: JSX element implicitly has type 'any' because no interface 'JSX.IntrinsicElements' exists.
docs/site/ui.tsx(338,9): error TS17004: Cannot use JSX unless the '--jsx' flag is provided.
docs/site/ui.tsx(339,13): error TS7026: JSX element implicitly has type 'any' because no interface 'JSX.IntrinsicElements' exists.
docs/site/ui.tsx(339,13): error TS17004: Cannot use JSX unless the '--jsx' flag is provided.
docs/site/ui.tsx(339,25): error TS7026: JSX element implicitly has type 'any' because no interface 'JSX.IntrinsicElements' exists.
docs/site/ui.tsx(340,27): error TS7006: Parameter 'heading' implicitly has an 'any' type.
docs/site/ui.tsx(341,17): error TS17004: Cannot use JSX unless the '--jsx' flag is provided.
docs/site/ui.tsx(346,31): error TS7006: Parameter 'event' implicitly has an 'any' type.
docs/site/ui.tsx(351,9): error TS7026: JSX element implicitly has type 'any' because no interface 'JSX.IntrinsicElements' exists.
docs/site/ui.tsx(379,9): error TS7026: JSX element implicitly has type 'any' because no interface 'JSX.IntrinsicElements' exists.
docs/site/ui.tsx(379,9): error TS17004: Cannot use JSX unless the '--jsx' flag is provided.
docs/site/ui.tsx(381,17): error TS7026: JSX element implicitly has type 'any' because no interface 'JSX.IntrinsicElements' exists.
docs/site/ui.tsx(381,17): error TS17004: Cannot use JSX unless the '--jsx' flag is provided.
docs/site/ui.tsx(382,21): error TS7026: JSX element implicitly has type 'any' because no interface 'JSX.IntrinsicElements' exists.
docs/site/ui.tsx(382,21): error TS17004: Cannot use JSX unless the '--jsx' flag is provided.
docs/site/ui.tsx(382,77): error TS7026: JSX element implicitly has type 'any' because no interface 'JSX.IntrinsicElements' exists.
docs/site/ui.tsx(383,21): error TS7026: JSX element implicitly has type 'any' because no interface 'JSX.IntrinsicElements' exists.
docs/site/ui.tsx(383,21): error TS17004: Cannot use JSX unless the '--jsx' flag is provided.
docs/site/ui.tsx(383,37): error TS7026: JSX element implicitly has type 'any' because no interface 'JSX.IntrinsicElements' exists.
docs/site/ui.tsx(384,21): error TS7026: JSX element implicitly has type 'any' because no interface 'JSX.IntrinsicElements' exists.
docs/site/ui.tsx(384,21): error TS17004: Cannot use JSX unless the '--jsx' flag is provided.
docs/site/ui.tsx(384,42): error TS7026: JSX element implicitly has type 'any' because no interface 'JSX.IntrinsicElements' exists.
docs/site/ui.tsx(386,25): error TS17004: Cannot use JSX unless the '--jsx' flag is provided.
docs/site/ui.tsx(387,29): error TS7026: JSX element implicitly has type 'any' because no interface 'JSX.IntrinsicElements' exists.
docs/site/ui.tsx(387,29): error TS17004: Cannot use JSX unless the '--jsx' flag is provided.
docs/site/ui.tsx(387,74): error TS7026: JSX element implicitly has type 'any' because no interface 'JSX.IntrinsicElements' exists.
docs/site/ui.tsx(388,29): error TS7026: JSX element implicitly has type 'any' because no interface 'JSX.IntrinsicElements' exists.
docs/site/ui.tsx(388,29): error TS17004: Cannot use JSX unless the '--jsx' flag is provided.
docs/site/ui.tsx(389,33): error TS17004: Cannot use JSX unless the '--jsx' flag is provided.
docs/site/ui.tsx(395,54): error TS7006: Parameter 'item' implicitly has an 'any' type.
docs/site/ui.tsx(396,37): error TS17004: Cannot use JSX unless the '--jsx' flag is provided.
docs/site/ui.tsx(400,33): error TS17004: Cannot use JSX unless the '--jsx' flag is provided.
docs/site/ui.tsx(406,29): error TS7026: JSX element implicitly has type 'any' because no interface 'JSX.IntrinsicElements' exists.
docs/site/ui.tsx(409,17): error TS7026: JSX element implicitly has type 'any' because no interface 'JSX.IntrinsicElements' exists.
docs/site/ui.tsx(412,17): error TS7026: JSX element implicitly has type 'any' because no interface 'JSX.IntrinsicElements' exists.
docs/site/ui.tsx(412,17): error TS17004: Cannot use JSX unless the '--jsx' flag is provided.
docs/site/ui.tsx(413,21): error TS7026: JSX element implicitly has type 'any' because no interface 'JSX.IntrinsicElements' exists.
docs/site/ui.tsx(413,21): error TS17004: Cannot use JSX unless the '--jsx' flag is provided.
docs/site/ui.tsx(413,34): error TS7026: JSX element implicitly has type 'any' because no interface 'JSX.IntrinsicElements' exists.
docs/site/ui.tsx(414,21): error TS7026: JSX element implicitly has type 'any' because no interface 'JSX.IntrinsicElements' exists.
docs/site/ui.tsx(414,21): error TS17004: Cannot use JSX unless the '--jsx' flag is provided.
docs/site/ui.tsx(416,38): error TS7006: Parameter 'item' implicitly has an 'any' type.
docs/site/ui.tsx(417,35): error TS7006: Parameter 'item' implicitly has an 'any' type.
docs/site/ui.tsx(418,33): error TS17004: Cannot use JSX unless the '--jsx' flag is provided.
docs/site/ui.tsx(422,21): error TS7026: JSX element implicitly has type 'any' because no interface 'JSX.IntrinsicElements' exists.
docs/site/ui.tsx(423,17): error TS7026: JSX element implicitly has type 'any' because no interface 'JSX.IntrinsicElements' exists.
docs/site/ui.tsx(425,13): error TS7026: JSX element implicitly has type 'any' because no interface 'JSX.IntrinsicElements' exists.
docs/site/ui.tsx(425,13): error TS17004: Cannot use JSX unless the '--jsx' flag is provided.
docs/site/ui.tsx(425,56): error TS7026: JSX element implicitly has type 'any' because no interface 'JSX.IntrinsicElements' exists.
docs/site/ui.tsx(427,17): error TS7026: JSX element implicitly has type 'any' because no interface 'JSX.IntrinsicElements' exists.
docs/site/ui.tsx(427,17): error TS17004: Cannot use JSX unless the '--jsx' flag is provided.
docs/site/ui.tsx(429,25): error TS17004: Cannot use JSX unless the '--jsx' flag is provided.
docs/site/ui.tsx(432,39): error TS7006: Parameter 'event' implicitly has an 'any' type.
docs/site/ui.tsx(438,25): error TS17004: Cannot use JSX unless the '--jsx' flag is provided.
docs/site/ui.tsx(441,39): error TS7006: Parameter 'event' implicitly has an 'any' type.
docs/site/ui.tsx(446,17): error TS7026: JSX element implicitly has type 'any' because no interface 'JSX.IntrinsicElements' exists.
docs/site/ui.tsx(448,9): error TS7026: JSX element implicitly has type 'any' because no interface 'JSX.IntrinsicElements' exists.
docs/site/ui.tsx(454,9): error TS7026: JSX element implicitly has type 'any' because no interface 'JSX.IntrinsicElements' exists.
docs/site/ui.tsx(454,9): error TS17004: Cannot use JSX unless the '--jsx' flag is provided.
docs/site/ui.tsx(455,13): error TS7026: JSX element implicitly has type 'any' because no interface 'JSX.IntrinsicElements' exists.
docs/site/ui.tsx(455,13): error TS17004: Cannot use JSX unless the '--jsx' flag is provided.
docs/site/ui.tsx(456,17): error TS7026: JSX element implicitly has type 'any' because no interface 'JSX.IntrinsicElements' exists.
docs/site/ui.tsx(456,17): error TS17004: Cannot use JSX unless the '--jsx' flag is provided.
docs/site/ui.tsx(456,50): error TS7026: JSX element implicitly has type 'any' because no interface 'JSX.IntrinsicElements' exists.
docs/site/ui.tsx(457,17): error TS17004: Cannot use JSX unless the '--jsx' flag is provided.
docs/site/ui.tsx(464,13): error TS7026: JSX element implicitly has type 'any' because no interface 'JSX.IntrinsicElements' exists.
docs/site/ui.tsx(465,13): error TS7026: JSX element implicitly has type 'any' because no interface 'JSX.IntrinsicElements' exists.
docs/site/ui.tsx(465,13): error TS17004: Cannot use JSX unless the '--jsx' flag is provided.
docs/site/ui.tsx(466,17): error TS7026: JSX element implicitly has type 'any' because no interface 'JSX.IntrinsicElements' exists.
docs/site/ui.tsx(466,17): error TS17004: Cannot use JSX unless the '--jsx' flag is provided.
docs/site/ui.tsx(466,33): error TS7026: JSX element implicitly has type 'any' because no interface 'JSX.IntrinsicElements' exists.
docs/site/ui.tsx(467,13): error TS7026: JSX element implicitly has type 'any' because no interface 'JSX.IntrinsicElements' exists.
docs/site/ui.tsx(468,40): error TS7026: JSX element implicitly has type 'any' because no interface 'JSX.IntrinsicElements' exists.
docs/site/ui.tsx(468,40): error TS17004: Cannot use JSX unless the '--jsx' flag is provided.
docs/site/ui.tsx(468,73): error TS7026: JSX element implicitly has type 'any' because no interface 'JSX.IntrinsicElements' exists.
docs/site/ui.tsx(469,9): error TS7026: JSX element implicitly has type 'any' because no interface 'JSX.IntrinsicElements' exists.
docs/site/ui.tsx(475,9): error TS7026: JSX element implicitly has type 'any' because no interface 'JSX.IntrinsicElements' exists.
docs/site/ui.tsx(475,9): error TS17004: Cannot use JSX unless the '--jsx' flag is provided.
docs/site/ui.tsx(476,13): error TS7026: JSX element implicitly has type 'any' because no interface 'JSX.IntrinsicElements' exists.
docs/site/ui.tsx(476,13): error TS17004: Cannot use JSX unless the '--jsx' flag is provided.
docs/site/ui.tsx(477,17): error TS7026: JSX element implicitly has type 'any' because no interface 'JSX.IntrinsicElements' exists.
docs/site/ui.tsx(477,17): error TS17004: Cannot use JSX unless the '--jsx' flag is provided.
docs/site/ui.tsx(477,39): error TS7026: JSX element implicitly has type 'any' because no interface 'JSX.IntrinsicElements' exists.
docs/site/ui.tsx(478,17): error TS7026: JSX element implicitly has type 'any' because no interface 'JSX.IntrinsicElements' exists.
docs/site/ui.tsx(478,17): error TS17004: Cannot use JSX unless the '--jsx' flag is provided.
docs/site/ui.tsx(480,17): error TS7026: JSX element implicitly has type 'any' because no interface 'JSX.IntrinsicElements' exists.
docs/site/ui.tsx(481,13): error TS7026: JSX element implicitly has type 'any' because no interface 'JSX.IntrinsicElements' exists.
docs/site/ui.tsx(482,35): error TS7026: JSX element implicitly has type 'any' because no interface 'JSX.IntrinsicElements' exists.
docs/site/ui.tsx(482,35): error TS17004: Cannot use JSX unless the '--jsx' flag is provided.
docs/site/ui.tsx(482,57): error TS7026: JSX element implicitly has type 'any' because no interface 'JSX.IntrinsicElements' exists.
docs/site/ui.tsx(483,13): error TS17004: Cannot use JSX unless the '--jsx' flag is provided.
docs/site/ui.tsx(487,28): error TS7006: Parameter 'event' implicitly has an 'any' type.
docs/site/ui.tsx(490,17): error TS17004: Cannot use JSX unless the '--jsx' flag is provided.
docs/site/ui.tsx(494,13): error TS7026: JSX element implicitly has type 'any' because no interface 'JSX.IntrinsicElements' exists.
docs/site/ui.tsx(494,13): error TS17004: Cannot use JSX unless the '--jsx' flag is provided.
docs/site/ui.tsx(495,40): error TS7006: Parameter 'property' implicitly has an 'any' type.
docs/site/ui.tsx(496,21): error TS7026: JSX element implicitly has type 'any' because no interface 'JSX.IntrinsicElements' exists.
docs/site/ui.tsx(496,21): error TS17004: Cannot use JSX unless the '--jsx' flag is provided.
docs/site/ui.tsx(497,25): error TS7026: JSX element implicitly has type 'any' because no interface 'JSX.IntrinsicElements' exists.
docs/site/ui.tsx(497,25): error TS17004: Cannot use JSX unless the '--jsx' flag is provided.
docs/site/ui.tsx(498,29): error TS7026: JSX element implicitly has type 'any' because no interface 'JSX.IntrinsicElements' exists.
docs/site/ui.tsx(498,29): error TS17004: Cannot use JSX unless the '--jsx' flag is provided.
docs/site/ui.tsx(498,50): error TS7026: JSX element implicitly has type 'any' because no interface 'JSX.IntrinsicElements' exists.
docs/site/ui.tsx(499,51): error TS7026: JSX element implicitly has type 'any' because no interface 'JSX.IntrinsicElements' exists.
docs/site/ui.tsx(499,51): error TS17004: Cannot use JSX unless the '--jsx' flag is provided.
docs/site/ui.tsx(499,59): error TS7026: JSX element implicitly has type 'any' because no interface 'JSX.IntrinsicElements' exists.
docs/site/ui.tsx(500,53): error TS7026: JSX element implicitly has type 'any' because no interface 'JSX.IntrinsicElements' exists.
docs/site/ui.tsx(500,53): error TS17004: Cannot use JSX unless the '--jsx' flag is provided.
docs/site/ui.tsx(500,62): error TS7026: JSX element implicitly has type 'any' because no interface 'JSX.IntrinsicElements' exists.
docs/site/ui.tsx(501,25): error TS7026: JSX element implicitly has type 'any' because no interface 'JSX.IntrinsicElements' exists.
docs/site/ui.tsx(502,25): error TS7026: JSX element implicitly has type 'any' because no interface 'JSX.IntrinsicElements' exists.
docs/site/ui.tsx(502,25): error TS17004: Cannot use JSX unless the '--jsx' flag is provided.
docs/site/ui.tsx(503,29): error TS7026: JSX element implicitly has type 'any' because no interface 'JSX.IntrinsicElements' exists.
docs/site/ui.tsx(503,29): error TS17004: Cannot use JSX unless the '--jsx' flag is provided.
docs/site/ui.tsx(503,55): error TS7026: JSX element implicitly has type 'any' because no interface 'JSX.IntrinsicElements' exists.
docs/site/ui.tsx(504,29): error TS7026: JSX element implicitly has type 'any' because no interface 'JSX.IntrinsicElements' exists.
docs/site/ui.tsx(504,29): error TS17004: Cannot use JSX unless the '--jsx' flag is provided.
docs/site/ui.tsx(504,64): error TS7026: JSX element implicitly has type 'any' because no interface 'JSX.IntrinsicElements' exists.
docs/site/ui.tsx(505,29): error TS7026: JSX element implicitly has type 'any' because no interface 'JSX.IntrinsicElements' exists.
docs/site/ui.tsx(505,29): error TS17004: Cannot use JSX unless the '--jsx' flag is provided.
docs/site/ui.tsx(508,29): error TS7026: JSX element implicitly has type 'any' because no interface 'JSX.IntrinsicElements' exists.
docs/site/ui.tsx(509,25): error TS7026: JSX element implicitly has type 'any' because no interface 'JSX.IntrinsicElements' exists.
docs/site/ui.tsx(510,21): error TS7026: JSX element implicitly has type 'any' because no interface 'JSX.IntrinsicElements' exists.
docs/site/ui.tsx(512,13): error TS7026: JSX element implicitly has type 'any' because no interface 'JSX.IntrinsicElements' exists.
docs/site/ui.tsx(514,17): error TS17004: Cannot use JSX unless the '--jsx' flag is provided.
docs/site/ui.tsx(517,17): error TS7026: JSX element implicitly has type 'any' because no interface 'JSX.IntrinsicElements' exists.
docs/site/ui.tsx(517,17): error TS17004: Cannot use JSX unless the '--jsx' flag is provided.
docs/site/ui.tsx(518,21): error TS7026: JSX element implicitly has type 'any' because no interface 'JSX.IntrinsicElements' exists.
docs/site/ui.tsx(518,21): error TS17004: Cannot use JSX unless the '--jsx' flag is provided.
docs/site/ui.tsx(518,60): error TS7026: JSX element implicitly has type 'any' because no interface 'JSX.IntrinsicElements' exists.
docs/site/ui.tsx(519,21): error TS7026: JSX element implicitly has type 'any' because no interface 'JSX.IntrinsicElements' exists.
docs/site/ui.tsx(519,21): error TS17004: Cannot use JSX unless the '--jsx' flag is provided.
docs/site/ui.tsx(520,47): error TS7006: Parameter 'item' implicitly has an 'any' type.
docs/site/ui.tsx(520,53): error TS7006: Parameter 'index' implicitly has an 'any' type.
docs/site/ui.tsx(521,29): error TS7026: JSX element implicitly has type 'any' because no interface 'JSX.IntrinsicElements' exists.
docs/site/ui.tsx(521,29): error TS17004: Cannot use JSX unless the '--jsx' flag is provided.
docs/site/ui.tsx(522,33): error TS7026: JSX element implicitly has type 'any' because no interface 'JSX.IntrinsicElements' exists.
docs/site/ui.tsx(522,33): error TS17004: Cannot use JSX unless the '--jsx' flag is provided.
docs/site/ui.tsx(524,33): error TS7026: JSX element implicitly has type 'any' because no interface 'JSX.IntrinsicElements' exists.
docs/site/ui.tsx(526,29): error TS7026: JSX element implicitly has type 'any' because no interface 'JSX.IntrinsicElements' exists.
docs/site/ui.tsx(528,21): error TS7026: JSX element implicitly has type 'any' because no interface 'JSX.IntrinsicElements' exists.
docs/site/ui.tsx(529,17): error TS7026: JSX element implicitly has type 'any' because no interface 'JSX.IntrinsicElements' exists.
docs/site/ui.tsx(532,17): error TS7026: JSX element implicitly has type 'any' because no interface 'JSX.IntrinsicElements' exists.
docs/site/ui.tsx(532,17): error TS17004: Cannot use JSX unless the '--jsx' flag is provided.
docs/site/ui.tsx(533,21): error TS7026: JSX element implicitly has type 'any' because no interface 'JSX.IntrinsicElements' exists.
docs/site/ui.tsx(533,21): error TS17004: Cannot use JSX unless the '--jsx' flag is provided.
docs/site/ui.tsx(533,36): error TS7026: JSX element implicitly has type 'any' because no interface 'JSX.IntrinsicElements' exists.
docs/site/ui.tsx(534,21): error TS7026: JSX element implicitly has type 'any' because no interface 'JSX.IntrinsicElements' exists.
docs/site/ui.tsx(534,21): error TS17004: Cannot use JSX unless the '--jsx' flag is provided.
docs/site/ui.tsx(535,46): error TS7006: Parameter 'warning' implicitly has an 'any' type.
docs/site/ui.tsx(535,55): error TS7006: Parameter 'index' implicitly has an 'any' type.
docs/site/ui.tsx(536,29): error TS7026: JSX element implicitly has type 'any' because no interface 'JSX.IntrinsicElements' exists.
docs/site/ui.tsx(536,29): error TS17004: Cannot use JSX unless the '--jsx' flag is provided.
docs/site/ui.tsx(536,54): error TS7026: JSX element implicitly has type 'any' because no interface 'JSX.IntrinsicElements' exists.
docs/site/ui.tsx(538,21): error TS7026: JSX element implicitly has type 'any' because no interface 'JSX.IntrinsicElements' exists.
docs/site/ui.tsx(539,17): error TS7026: JSX element implicitly has type 'any' because no interface 'JSX.IntrinsicElements' exists.
docs/site/ui.tsx(541,9): error TS7026: JSX element implicitly has type 'any' because no interface 'JSX.IntrinsicElements' exists.
docs/site/ui.tsx(554,9): error TS7026: JSX element implicitly has type 'any' because no interface 'JSX.IntrinsicElements' exists.
docs/site/ui.tsx(554,9): error TS17004: Cannot use JSX unless the '--jsx' flag is provided.
docs/site/ui.tsx(562,9): error TS7026: JSX element implicitly has type 'any' because no interface 'JSX.IntrinsicElements' exists.
docs/site/ui.tsx(565,9): error TS7026: JSX element implicitly has type 'any' because no interface 'JSX.IntrinsicElements' exists.
docs/site/ui.tsx(565,9): error TS17004: Cannot use JSX unless the '--jsx' flag is provided.
docs/site/ui.tsx(566,13): error TS7026: JSX element implicitly has type 'any' because no interface 'JSX.IntrinsicElements' exists.
docs/site/ui.tsx(566,13): error TS17004: Cannot use JSX unless the '--jsx' flag is provided.
docs/site/ui.tsx(566,30): error TS7026: JSX element implicitly has type 'any' because no interface 'JSX.IntrinsicElements' exists.
docs/site/ui.tsx(567,13): error TS7026: JSX element implicitly has type 'any' because no interface 'JSX.IntrinsicElements' exists.
docs/site/ui.tsx(567,13): error TS17004: Cannot use JSX unless the '--jsx' flag is provided.
docs/site/ui.tsx(567,35): error TS7026: JSX element implicitly has type 'any' because no interface 'JSX.IntrinsicElements' exists.
docs/site/ui.tsx(569,17): error TS7026: JSX element implicitly has type 'any' because no interface 'JSX.IntrinsicElements' exists.
docs/site/ui.tsx(569,17): error TS17004: Cannot use JSX unless the '--jsx' flag is provided.
docs/site/ui.tsx(570,21): error TS17004: Cannot use JSX unless the '--jsx' flag is provided.
docs/site/ui.tsx(571,17): error TS7026: JSX element implicitly has type 'any' because no interface 'JSX.IntrinsicElements' exists.
docs/site/ui.tsx(574,17): error TS17004: Cannot use JSX unless the '--jsx' flag is provided.
docs/site/ui.tsx(579,13): error TS7026: JSX element implicitly has type 'any' because no interface 'JSX.IntrinsicElements' exists.
docs/site/ui.tsx(579,13): error TS17004: Cannot use JSX unless the '--jsx' flag is provided.
docs/site/ui.tsx(580,17): error TS17004: Cannot use JSX unless the '--jsx' flag is provided.
docs/site/ui.tsx(587,17): error TS17004: Cannot use JSX unless the '--jsx' flag is provided.
docs/site/ui.tsx(596,32): error TS7006: Parameter 'value' implicitly has an 'any' type.
docs/site/ui.tsx(601,17): error TS17004: Cannot use JSX unless the '--jsx' flag is provided.
docs/site/ui.tsx(602,17): error TS17004: Cannot use JSX unless the '--jsx' flag is provided.
docs/site/ui.tsx(603,13): error TS7026: JSX element implicitly has type 'any' because no interface 'JSX.IntrinsicElements' exists.
docs/site/ui.tsx(604,13): error TS7026: JSX element implicitly has type 'any' because no interface 'JSX.IntrinsicElements' exists.
docs/site/ui.tsx(604,13): error TS17004: Cannot use JSX unless the '--jsx' flag is provided.
docs/site/ui.tsx(605,17): error TS7026: JSX element implicitly has type 'any' because no interface 'JSX.IntrinsicElements' exists.
docs/site/ui.tsx(605,17): error TS17004: Cannot use JSX unless the '--jsx' flag is provided.
docs/site/ui.tsx(606,21): error TS7026: JSX element implicitly has type 'any' because no interface 'JSX.IntrinsicElements' exists.
docs/site/ui.tsx(606,21): error TS17004: Cannot use JSX unless the '--jsx' flag is provided.
docs/site/ui.tsx(606,68): error TS7026: JSX element implicitly has type 'any' because no interface 'JSX.IntrinsicElements' exists.
docs/site/ui.tsx(607,17): error TS7026: JSX element implicitly has type 'any' because no interface 'JSX.IntrinsicElements' exists.
docs/site/ui.tsx(608,13): error TS7026: JSX element implicitly has type 'any' because no interface 'JSX.IntrinsicElements' exists.
docs/site/ui.tsx(609,13): error TS17004: Cannot use JSX unless the '--jsx' flag is provided.
docs/site/ui.tsx(615,23): error TS7006: Parameter 'node' implicitly has an 'any' type.
docs/site/ui.tsx(623,9): error TS7026: JSX element implicitly has type 'any' because no interface 'JSX.IntrinsicElements' exists.
docs/site/ui.tsx(629,9): error TS7026: JSX element implicitly has type 'any' because no interface 'JSX.IntrinsicElements' exists.
docs/site/ui.tsx(629,9): error TS17004: Cannot use JSX unless the '--jsx' flag is provided.
docs/site/ui.tsx(630,13): error TS17004: Cannot use JSX unless the '--jsx' flag is provided.
docs/site/ui.tsx(631,9): error TS7026: JSX element implicitly has type 'any' because no interface 'JSX.IntrinsicElements' exists.
docs/site/ui.tsx(636,9): error TS7026: JSX element implicitly has type 'any' because no interface 'JSX.IntrinsicElements' exists.
docs/site/ui.tsx(636,9): error TS17004: Cannot use JSX unless the '--jsx' flag is provided.
docs/site/ui.tsx(637,13): error TS17004: Cannot use JSX unless the '--jsx' flag is provided.
docs/site/ui.tsx(640,13): error TS17004: Cannot use JSX unless the '--jsx' flag is provided.
docs/site/ui.tsx(641,9): error TS7026: JSX element implicitly has type 'any' because no interface 'JSX.IntrinsicElements' exists.
docs/site/ui.tsx(646,9): error TS7026: JSX element implicitly has type 'any' because no interface 'JSX.IntrinsicElements' exists.
docs/site/ui.tsx(646,9): error TS17004: Cannot use JSX unless the '--jsx' flag is provided.
docs/site/ui.tsx(647,13): error TS17004: Cannot use JSX unless the '--jsx' flag is provided.
docs/site/ui.tsx(648,13): error TS17004: Cannot use JSX unless the '--jsx' flag is provided.
docs/site/ui.tsx(649,9): error TS7026: JSX element implicitly has type 'any' because no interface 'JSX.IntrinsicElements' exists.
tsconfig.json(2,16): error TS6053: File '@crab-dev/standards-typescript-preset/tsconfig.browser.react.json' not found.
