• turbo 2.10.12
 WARNING  Circular package dependency detected: @crab-dev/rc-masonry, @crab-dev/rc-spin, @crab-dev/rc-button, @crab-dev/rc-component-preview, @crab-dev/rc-menu

   • Packages in scope: @crab-dev/rc-alert, @crab-dev/rc-app-main-layout, @crab-dev/rc-auto-sizer, @crab-dev/rc-avatar, @crab-dev/rc-badge, @crab-dev/rc-bar-chart, @crab-dev/rc-breadcrumbs, @crab-dev/rc-button, @crab-dev/rc-canvas, @crab-dev/rc-card, @crab-dev/rc-checkbox, @crab-dev/rc-color-picker, @crab-dev/rc-component-preview, @crab-dev/rc-cron-picker, @crab-dev/rc-date-picker, @crab-dev/rc-dialog, @crab-dev/rc-divider, @crab-dev/rc-drawer, @crab-dev/rc-dropdown-container, @crab-dev/rc-empty, @crab-dev/rc-flow-diagram, @crab-dev/rc-form, @crab-dev/rc-hooks, @crab-dev/rc-line-edit, @crab-dev/rc-masonry, @crab-dev/rc-menu, @crab-dev/rc-message, @crab-dev/rc-notification, @crab-dev/rc-number-edit, @crab-dev/rc-pagination, @crab-dev/rc-prose, @crab-dev/rc-radio, @crab-dev/rc-realm, @crab-dev/rc-router, @crab-dev/rc-segmented, @crab-dev/rc-select, @crab-dev/rc-skeleton, @crab-dev/rc-slider, @crab-dev/rc-spin, @crab-dev/rc-split-pane, @crab-dev/rc-switch, @crab-dev/rc-table, @crab-dev/rc-table-pro, @crab-dev/rc-tabs, @crab-dev/rc-tag, @crab-dev/rc-text-edit, @crab-dev/rc-theme, @crab-dev/rc-token-global, @crab-dev/rc-token-semantic, @crab-dev/rc-tooltip, @crab-dev/rc-tree, @crab-dev/rc-virtual, @crab-dev/standards-eslint-preset, @crab-dev/standards-typescript-preset, @crab-dev/website
   • Running typecheck in 55 packages
   • Remote caching disabled

@crab-dev/rc-token-global:build:library: cache hit, replaying logs 2eed2fe931833f43
@crab-dev/rc-token-global:build:library: 
@crab-dev/rc-token-global:build:library:   ⚡ WAKE / LIBRARY TOKEN  v0.1.38
@crab-dev/rc-token-global:build:library: 
@crab-dev/rc-token-global:build:library:   ✓  Tokens generated in 8ms
@crab-dev/rc-token-global:build:library:      1 files · 15.0 KB
@crab-dev/rc-token-global:build:library:      Output  C:\Users\zhang\Desktop\crab-dev\components\rc-token-global\src\token.ts
@crab-dev/rc-token-global:build:library: 
@crab-dev/rc-token-global:build:library: 
@crab-dev/rc-token-global:build:library:   ⚡ WAKE / LIBRARY BUILD  v0.1.38
@crab-dev/rc-token-global:build:library: 
@crab-dev/rc-token-global:build:library:   ✓  Built library in 103ms
@crab-dev/rc-token-global:build:library:      2 modules · 6 files · 35.1 KB
@crab-dev/rc-token-global:build:library:      Output  C:\Users\zhang\Desktop\crab-dev\components\rc-token-global
@crab-dev/rc-token-global:build:library: 
@crab-dev/rc-hooks:build:library: cache hit, replaying logs a89541e434eb39ac
@crab-dev/rc-hooks:build:library: 
@crab-dev/rc-hooks:build:library:   ⚡ WAKE / LIBRARY BUILD  v0.1.38
@crab-dev/rc-hooks:build:library: 
@crab-dev/rc-hooks:build:library:   ✓  Built library in 336ms
@crab-dev/rc-hooks:build:library:      13 modules · 39 files · 25.0 KB
@crab-dev/rc-hooks:build:library:      Output  C:\Users\zhang\Desktop\crab-dev\components\rc-hooks
@crab-dev/rc-hooks:build:library: 
@crab-dev/rc-token-semantic:typecheck: cache miss, executing 393242af4c13ba52
@crab-dev/rc-token-semantic:build:library: cache hit, replaying logs 6e0dfaaef46d5f3d
@crab-dev/rc-token-semantic:build:library: 
@crab-dev/rc-token-semantic:build:library:   ⚡ WAKE / LIBRARY TOKEN  v0.1.38
@crab-dev/rc-token-semantic:build:library: 
@crab-dev/rc-token-semantic:build:library:   ✓  Tokens generated in 23ms
@crab-dev/rc-token-semantic:build:library:      1 files · 24.0 KB
@crab-dev/rc-token-semantic:build:library:      Output  C:\Users\zhang\Desktop\crab-dev\components\rc-token-semantic\src\token.ts
@crab-dev/rc-token-semantic:build:library: 
@crab-dev/rc-token-semantic:build:library: 
@crab-dev/rc-token-semantic:build:library:   ⚡ WAKE / LIBRARY BUILD  v0.1.38
@crab-dev/rc-token-semantic:build:library: 
@crab-dev/rc-token-semantic:build:library:   ✓  Built library in 118ms
@crab-dev/rc-token-semantic:build:library:      3 modules · 9 files · 55.8 KB
@crab-dev/rc-token-semantic:build:library:      Output  C:\Users\zhang\Desktop\crab-dev\components\rc-token-semantic
@crab-dev/rc-token-semantic:build:library: 
@crab-dev/rc-masonry:build:library: cache hit, replaying logs 456cd728530fc717
@crab-dev/rc-component-preview:build:library: cache hit, replaying logs 8fd7b4bdc74e055d
@crab-dev/rc-masonry:build:library: 
@crab-dev/rc-masonry:build:library:   ⚡ WAKE / LIBRARY TOKEN  v0.1.38
@crab-dev/rc-masonry:build:library: 
@crab-dev/rc-masonry:build:library:   ✓  Tokens generated in 36ms
@crab-dev/rc-masonry:build:library:      1 files · 633 B
@crab-dev/rc-masonry:build:library:      Output  C:\Users\zhang\Desktop\crab-dev\components\rc-masonry\src\token.ts
@crab-dev/rc-masonry:build:library: 
@crab-dev/rc-masonry:build:library: 
@crab-dev/rc-masonry:build:library:   ⚡ WAKE / LIBRARY BUILD  v0.1.38
@crab-dev/rc-masonry:build:library: 
@crab-dev/rc-masonry:build:library:   ✓  Built library in 122ms
@crab-dev/rc-masonry:build:library:      3 modules · 11 files · 10.4 KB
@crab-dev/rc-masonry:build:library:      Output  C:\Users\zhang\Desktop\crab-dev\components\rc-masonry
@crab-dev/rc-masonry:build:library: 
@crab-dev/rc-component-preview:build:library: 
@crab-dev/rc-component-preview:build:library:   ⚡ WAKE / LIBRARY TOKEN  v0.1.38
@crab-dev/rc-component-preview:build:library: 
@crab-dev/rc-component-preview:build:library:   ✓  Tokens generated in 35ms
@crab-dev/rc-component-preview:build:library:      1 files · 15.1 KB
@crab-dev/rc-component-preview:build:library:      Output  C:\Users\zhang\Desktop\crab-dev\components\rc-component-preview\src\token.ts
@crab-dev/rc-component-preview:build:library: 
@crab-dev/rc-component-preview:build:library: 
@crab-dev/rc-component-preview:build:library:   ⚡ WAKE / LIBRARY BUILD  v0.1.38
@crab-dev/rc-component-preview:build:library: 
@crab-dev/rc-component-preview:build:library:   ✓  Built library in 471ms
@crab-dev/rc-component-preview:build:library:      5 modules · 14 files · 67.8 KB
@crab-dev/rc-component-preview:build:library:      Output  C:\Users\zhang\Desktop\crab-dev\components\rc-component-preview
@crab-dev/rc-component-preview:build:library: 
@crab-dev/rc-token-global:typecheck: cache miss, executing 180227dcd767a2d7
@crab-dev/rc-theme:typecheck: cache miss, executing 7d656dff2c9ffbe3
@crab-dev/rc-theme:build:library: cache hit, replaying logs 196631e83ee837ce
@crab-dev/rc-spin:build:library: cache hit, replaying logs 463ec1a37344785b
@crab-dev/rc-theme:build:library: 
@crab-dev/rc-theme:build:library:   ⚡ WAKE / LIBRARY BUILD  v0.1.38
@crab-dev/rc-theme:build:library: 
@crab-dev/rc-theme:build:library:   ✓  Built library in 188ms
@crab-dev/rc-theme:build:library:      3 modules · 8 files · 52.3 KB
@crab-dev/rc-theme:build:library:      Output  C:\Users\zhang\Desktop\crab-dev\components\rc-theme
@crab-dev/rc-theme:build:library: 
@crab-dev/rc-spin:build:library: 
@crab-dev/rc-spin:build:library:   ⚡ WAKE / LIBRARY TOKEN  v0.1.38
@crab-dev/rc-spin:build:library: 
@crab-dev/rc-spin:build:library:   ✓  Tokens generated in 48ms
@crab-dev/rc-spin:build:library:      1 files · 4.6 KB
@crab-dev/rc-spin:build:library:      Output  C:\Users\zhang\Desktop\crab-dev\components\rc-spin\src\token.ts
@crab-dev/rc-menu:typecheck: cache miss, executing 3833bd4d93d9b595
@crab-dev/rc-spin:build:library: 
@crab-dev/rc-spin:build:library: 
@crab-dev/rc-spin:build:library:   ⚡ WAKE / LIBRARY BUILD  v0.1.38
@crab-dev/rc-spin:build:library: 
@crab-dev/rc-spin:build:library:   ✓  Built library in 253ms
@crab-dev/rc-spin:build:library:      5 modules · 17 files · 27.7 KB
@crab-dev/rc-spin:build:library:      Output  C:\Users\zhang\Desktop\crab-dev\components\rc-spin
@crab-dev/rc-spin:build:library: 
@crab-dev/rc-hooks:typecheck: cache miss, executing ef60673f16786369
@crab-dev/rc-menu:build:library: cache hit, replaying logs e26ba9dd5f68b2b6
@crab-dev/rc-menu:build:library: 
@crab-dev/rc-menu:build:library:   ⚡ WAKE / LIBRARY TOKEN  v0.1.38
@crab-dev/rc-menu:build:library: 
@crab-dev/rc-menu:build:library:   ✓  Tokens generated in 51ms
@crab-dev/rc-menu:build:library:      1 files · 19.1 KB
@crab-dev/rc-menu:build:library:      Output  C:\Users\zhang\Desktop\crab-dev\components\rc-menu\src\token.ts
@crab-dev/rc-menu:build:library: 
@crab-dev/rc-menu:build:library: 
@crab-dev/rc-menu:build:library:   ⚡ WAKE / LIBRARY BUILD  v0.1.38
@crab-dev/rc-menu:build:library: 
@crab-dev/rc-menu:build:library:   ✓  Built library in 445ms
@crab-dev/rc-menu:build:library:      13 modules · 31 files · 106.5 KB
@crab-dev/rc-menu:build:library:      Output  C:\Users\zhang\Desktop\crab-dev\components\rc-menu
@crab-dev/rc-menu:build:library: 
@crab-dev/rc-radio:build:library: cache hit, replaying logs 3c61a465730b2687
@crab-dev/rc-radio:build:library: 
@crab-dev/rc-radio:build:library:   ⚡ WAKE / LIBRARY TOKEN  v0.1.38
@crab-dev/rc-radio:build:library: 
@crab-dev/rc-radio:build:library:   ✓  Tokens generated in 231ms
@crab-dev/rc-radio:build:library:      1 files · 7.6 KB
@crab-dev/rc-radio:build:library:      Output  C:\Users\zhang\Desktop\crab-dev\components\rc-radio\src\token.ts
@crab-dev/rc-radio:build:library: 
@crab-dev/rc-radio:build:library: 
@crab-dev/rc-radio:build:library:   ⚡ WAKE / LIBRARY BUILD  v0.1.38
@crab-dev/rc-radio:build:library: 
@crab-dev/rc-radio:build:library:   ✓  Built library in 389ms
@crab-dev/rc-radio:build:library:      5 modules · 16 files · 34.2 KB
@crab-dev/rc-radio:build:library:      Output  C:\Users\zhang\Desktop\crab-dev\components\rc-radio
@crab-dev/rc-radio:build:library: 
@crab-dev/rc-tag:build:library: cache hit, replaying logs 11754c4f182c1149
@crab-dev/rc-tag:build:library: 
@crab-dev/rc-tag:build:library:   ⚡ WAKE / LIBRARY TOKEN  v0.1.38
@crab-dev/rc-tag:build:library: 
@crab-dev/rc-tag:build:library:   ✓  Tokens generated in 203ms
@crab-dev/rc-tag:build:library:      1 files · 7.3 KB
@crab-dev/rc-tag:build:library:      Output  C:\Users\zhang\Desktop\crab-dev\components\rc-tag\src\token.ts
@crab-dev/rc-tag:build:library: 
@crab-dev/rc-tag:build:library: 
@crab-dev/rc-tag:build:library:   ⚡ WAKE / LIBRARY BUILD  v0.1.38
@crab-dev/rc-tag:build:library: 
@crab-dev/rc-tag:build:library:   ✓  Built library in 378ms
@crab-dev/rc-tag:build:library:      4 modules · 14 files · 36.0 KB
@crab-dev/rc-tag:build:library:      Output  C:\Users\zhang\Desktop\crab-dev\components\rc-tag
@crab-dev/rc-tag:build:library: 
@crab-dev/rc-notification:build:library: cache hit, replaying logs 5619c1e55176cc17
@crab-dev/rc-alert:build:library: cache hit, replaying logs 35428acd69458e2e
@crab-dev/rc-button:build:library: cache hit, replaying logs e2757638e44e860a
@crab-dev/rc-notification:build:library: 
@crab-dev/rc-notification:build:library:   ⚡ WAKE / LIBRARY TOKEN  v0.1.38
@crab-dev/rc-notification:build:library: 
@crab-dev/rc-notification:build:library:   ✓  Tokens generated in 150ms
@crab-dev/rc-notification:build:library:      1 files · 3.1 KB
@crab-dev/rc-notification:build:library:      Output  C:\Users\zhang\Desktop\crab-dev\components\rc-notification\src\token.ts
@crab-dev/rc-notification:build:library: 
@crab-dev/rc-notification:build:library: 
@crab-dev/rc-notification:build:library:   ⚡ WAKE / LIBRARY BUILD  v0.1.38
@crab-dev/rc-notification:build:library: 
@crab-dev/rc-notification:build:library:   ✓  Built library in 463ms
@crab-dev/rc-notification:build:library:      6 modules · 18 files · 39.0 KB
@crab-dev/rc-notification:build:library:      Output  C:\Users\zhang\Desktop\crab-dev\components\rc-notification
@crab-dev/rc-notification:build:library: 
@crab-dev/rc-button:build:library: 
@crab-dev/rc-alert:build:library: 
@crab-dev/rc-button:build:library:   ⚡ WAKE / LIBRARY TOKEN  v0.1.38
@crab-dev/rc-button:build:library: 
@crab-dev/rc-alert:build:library:   ⚡ WAKE / LIBRARY TOKEN  v0.1.38
@crab-dev/rc-alert:build:library: 
@crab-dev/rc-button:build:library:   ✓  Tokens generated in 70ms
@crab-dev/rc-button:build:library:      1 files · 15.1 KB
@crab-dev/rc-alert:build:library:   ✓  Tokens generated in 72ms
@crab-dev/rc-button:build:library:      Output  C:\Users\zhang\Desktop\crab-dev\components\rc-button\src\token.ts
@crab-dev/rc-button:build:library: 
@crab-dev/rc-alert:build:library:      1 files · 7.2 KB
@crab-dev/rc-button:build:library: 
@crab-dev/rc-alert:build:library:      Output  C:\Users\zhang\Desktop\crab-dev\components\rc-alert\src\token.ts
@crab-dev/rc-button:build:library:   ⚡ WAKE / LIBRARY BUILD  v0.1.38
@crab-dev/rc-button:build:library: 
@crab-dev/rc-alert:build:library: 
@crab-dev/rc-alert:build:library: 
@crab-dev/rc-button:build:library:   ✓  Built library in 443ms
@crab-dev/rc-button:build:library:      6 modules · 19 files · 68.7 KB
@crab-dev/rc-alert:build:library:   ⚡ WAKE / LIBRARY BUILD  v0.1.38
@crab-dev/rc-button:build:library:      Output  C:\Users\zhang\Desktop\crab-dev\components\rc-button
@crab-dev/rc-alert:build:library: 
@crab-dev/rc-button:build:library: 
@crab-dev/rc-alert:build:library:   ✓  Built library in 289ms
@crab-dev/rc-alert:build:library:      4 modules · 13 files · 36.6 KB
@crab-dev/rc-alert:build:library:      Output  C:\Users\zhang\Desktop\crab-dev\components\rc-alert
@crab-dev/rc-alert:build:library: 
@crab-dev/rc-checkbox:typecheck: cache miss, executing 101ce11b43a95832
@crab-dev/rc-slider:build:library: cache hit, replaying logs bbc424ef0ebc1da8
@crab-dev/rc-slider:build:library: 
@crab-dev/rc-slider:build:library:   ⚡ WAKE / LIBRARY TOKEN  v0.1.38
@crab-dev/rc-slider:build:library: 
@crab-dev/rc-slider:build:library:   ✓  Tokens generated in 76ms
@crab-dev/rc-slider:build:library:      1 files · 2.4 KB
@crab-dev/rc-slider:build:library:      Output  C:\Users\zhang\Desktop\crab-dev\components\rc-slider\src\token.ts
@crab-dev/rc-slider:build:library: 
@crab-dev/rc-slider:build:library: 
@crab-dev/rc-slider:build:library:   ⚡ WAKE / LIBRARY BUILD  v0.1.38
@crab-dev/rc-slider:build:library: 
@crab-dev/rc-slider:build:library:   ✓  Built library in 546ms
@crab-dev/rc-slider:build:library:      4 modules · 13 files · 19.3 KB
@crab-dev/rc-prose:build:library: cache hit, replaying logs 4bcc1f4f43541b2a
@crab-dev/rc-slider:build:library:      Output  C:\Users\zhang\Desktop\crab-dev\components\rc-slider
@crab-dev/rc-slider:build:library: 
@crab-dev/rc-prose:build:library: 
@crab-dev/rc-prose:build:library:   ⚡ WAKE / LIBRARY TOKEN  v0.1.38
@crab-dev/rc-prose:build:library: 
@crab-dev/rc-prose:build:library:   ✓  Tokens generated in 84ms
@crab-dev/rc-prose:build:library:      1 files · 14.1 KB
@crab-dev/rc-prose:build:library:      Output  C:\Users\zhang\Desktop\crab-dev\components\rc-prose\src\token.ts
@crab-dev/rc-skeleton:build:library: cache hit, replaying logs f30592803961029c
@crab-dev/rc-prose:build:library: 
@crab-dev/rc-prose:build:library: 
@crab-dev/rc-prose:build:library:   ⚡ WAKE / LIBRARY BUILD  v0.1.38
@crab-dev/rc-prose:build:library: 
@crab-dev/rc-prose:build:library:   ✓  Built library in 217ms
@crab-dev/rc-prose:build:library:      3 modules · 11 files · 63.1 KB
@crab-dev/rc-prose:build:library:      Output  C:\Users\zhang\Desktop\crab-dev\components\rc-prose
@crab-dev/rc-prose:build:library: 
@crab-dev/rc-switch:build:library: cache hit, replaying logs 74441995876f8096
@crab-dev/rc-skeleton:build:library: 
@crab-dev/rc-skeleton:build:library:   ⚡ WAKE / LIBRARY TOKEN  v0.1.38
@crab-dev/rc-skeleton:build:library: 
@crab-dev/rc-skeleton:build:library:   ✓  Tokens generated in 77ms
@crab-dev/rc-skeleton:build:library:      1 files · 5.1 KB
@crab-dev/rc-skeleton:build:library:      Output  C:\Users\zhang\Desktop\crab-dev\components\rc-skeleton\src\token.ts
@crab-dev/rc-skeleton:build:library: 
@crab-dev/rc-skeleton:build:library: 
@crab-dev/rc-skeleton:build:library:   ⚡ WAKE / LIBRARY BUILD  v0.1.38
@crab-dev/rc-skeleton:build:library: 
@crab-dev/rc-skeleton:build:library:   ✓  Built library in 259ms
@crab-dev/rc-skeleton:build:library:      3 modules · 11 files · 26.7 KB
@crab-dev/rc-skeleton:build:library:      Output  C:\Users\zhang\Desktop\crab-dev\components\rc-skeleton
@crab-dev/rc-skeleton:build:library: 
@crab-dev/rc-switch:build:library: 
@crab-dev/rc-switch:build:library:   ⚡ WAKE / LIBRARY TOKEN  v0.1.38
@crab-dev/rc-switch:build:library: 
@crab-dev/rc-switch:build:library:   ✓  Tokens generated in 66ms
@crab-dev/rc-switch:build:library:      1 files · 6.9 KB
@crab-dev/rc-switch:build:library:      Output  C:\Users\zhang\Desktop\crab-dev\components\rc-switch\src\token.ts
@crab-dev/rc-switch:build:library: 
@crab-dev/rc-switch:build:library: 
@crab-dev/rc-switch:build:library:   ⚡ WAKE / LIBRARY BUILD  v0.1.38
@crab-dev/rc-switch:build:library: 
@crab-dev/rc-switch:build:library:   ✓  Built library in 256ms
@crab-dev/rc-switch:build:library:      3 modules · 11 files · 28.2 KB
@crab-dev/rc-switch:build:library:      Output  C:\Users\zhang\Desktop\crab-dev\components\rc-switch
@crab-dev/rc-switch:build:library: 
@crab-dev/rc-tooltip:build:library: cache hit, replaying logs 8843cd60e7c27209
@crab-dev/rc-segmented:build:library: cache hit, replaying logs 2a8d3948e1791a65
@crab-dev/rc-tooltip:build:library: 
@crab-dev/rc-tooltip:build:library:   ⚡ WAKE / LIBRARY TOKEN  v0.1.38
@crab-dev/rc-tooltip:build:library: 
@crab-dev/rc-tooltip:build:library:   ✓  Tokens generated in 216ms
@crab-dev/rc-tooltip:build:library:      1 files · 2.1 KB
@crab-dev/rc-tooltip:build:library:      Output  C:\Users\zhang\Desktop\crab-dev\components\rc-tooltip\src\token.ts
@crab-dev/rc-tooltip:build:library: 
@crab-dev/rc-tooltip:build:library: 
@crab-dev/rc-tooltip:build:library:   ⚡ WAKE / LIBRARY BUILD  v0.1.38
@crab-dev/rc-tooltip:build:library: 
@crab-dev/rc-tooltip:build:library:   ✓  Built library in 496ms
@crab-dev/rc-tooltip:build:library:      3 modules · 11 files · 15.9 KB
@crab-dev/rc-tooltip:build:library:      Output  C:\Users\zhang\Desktop\crab-dev\components\rc-tooltip
@crab-dev/rc-tooltip:build:library: 
@crab-dev/rc-segmented:build:library: 
@crab-dev/rc-segmented:build:library:   ⚡ WAKE / LIBRARY TOKEN  v0.1.38
@crab-dev/rc-segmented:build:library: 
@crab-dev/rc-segmented:build:library:   ✓  Tokens generated in 76ms
@crab-dev/rc-segmented:build:library:      1 files · 7.6 KB
@crab-dev/rc-segmented:build:library:      Output  C:\Users\zhang\Desktop\crab-dev\components\rc-segmented\src\token.ts
@crab-dev/rc-segmented:build:library: 
@crab-dev/rc-segmented:build:library: 
@crab-dev/rc-segmented:build:library:   ⚡ WAKE / LIBRARY BUILD  v0.1.38
@crab-dev/rc-segmented:build:library: 
@crab-dev/rc-segmented:build:library:   ✓  Built library in 423ms
@crab-dev/rc-segmented:build:library:      3 modules · 11 files · 38.9 KB
@crab-dev/rc-segmented:build:library:      Output  C:\Users\zhang\Desktop\crab-dev\components\rc-segmented
@crab-dev/rc-segmented:build:library: 
@crab-dev/rc-message:build:library: cache hit, replaying logs d1e9ff748f28ce21
@crab-dev/rc-router:build:library: cache hit, replaying logs 3f21eba481c72eb0
@crab-dev/rc-message:build:library: 
@crab-dev/rc-message:build:library:   ⚡ WAKE / LIBRARY TOKEN  v0.1.38
@crab-dev/rc-message:build:library: 
@crab-dev/rc-message:build:library:   ✓  Tokens generated in 77ms
@crab-dev/rc-message:build:library:      1 files · 4.1 KB
@crab-dev/rc-message:build:library:      Output  C:\Users\zhang\Desktop\crab-dev\components\rc-message\src\token.ts
@crab-dev/rc-message:build:library: 
@crab-dev/rc-message:build:library: 
@crab-dev/rc-message:build:library:   ⚡ WAKE / LIBRARY BUILD  v0.1.38
@crab-dev/rc-message:build:library: 
@crab-dev/rc-message:build:library:   ✓  Built library in 375ms
@crab-dev/rc-message:build:library:      5 modules · 16 files · 38.8 KB
@crab-dev/rc-message:build:library:      Output  C:\Users\zhang\Desktop\crab-dev\components\rc-message
@crab-dev/rc-message:build:library: 
@crab-dev/rc-router:build:library: 
@crab-dev/rc-router:build:library:   ⚡ WAKE / LIBRARY BUILD  v0.1.38
@crab-dev/rc-router:build:library: 
@crab-dev/rc-router:build:library:   ✓  Built library in 696ms
@crab-dev/rc-router:build:library:      10 modules · 30 files · 68.7 KB
@crab-dev/rc-router:build:library:      Output  C:\Users\zhang\Desktop\crab-dev\components\rc-router
@crab-dev/rc-router:build:library: 
@crab-dev/rc-badge:build:library: cache hit, replaying logs 1f02593f83f9a6d1
@crab-dev/rc-badge:build:library: 
@crab-dev/rc-badge:build:library:   ⚡ WAKE / LIBRARY TOKEN  v0.1.38
@crab-dev/rc-badge:build:library: 
@crab-dev/rc-badge:build:library:   ✓  Tokens generated in 330ms
@crab-dev/rc-badge:build:library:      1 files · 5.5 KB
@crab-dev/rc-badge:build:library:      Output  C:\Users\zhang\Desktop\crab-dev\components\rc-badge\src\token.ts
@crab-dev/rc-badge:build:library: 
@crab-dev/rc-badge:build:library: 
@crab-dev/rc-badge:build:library:   ⚡ WAKE / LIBRARY BUILD  v0.1.38
@crab-dev/rc-badge:build:library: 
@crab-dev/rc-badge:build:library:   ✓  Built library in 1.31s
@crab-dev/rc-badge:build:library:      3 modules · 11 files · 30.9 KB
@crab-dev/rc-badge:build:library:      Output  C:\Users\zhang\Desktop\crab-dev\components\rc-badge
@crab-dev/rc-badge:build:library: 
@crab-dev/rc-line-edit:build:library: cache hit, replaying logs 952426923b2cb4b0
@crab-dev/rc-virtual:build:library: cache hit, replaying logs 0f7d4e17b137e64b
@crab-dev/rc-line-edit:build:library: 
@crab-dev/rc-line-edit:build:library:   ⚡ WAKE / LIBRARY TOKEN  v0.1.38
@crab-dev/rc-line-edit:build:library: 
@crab-dev/rc-line-edit:build:library:   ✓  Tokens generated in 149ms
@crab-dev/rc-line-edit:build:library:      1 files · 8.5 KB
@crab-dev/rc-line-edit:build:library:      Output  C:\Users\zhang\Desktop\crab-dev\components\rc-line-edit\src\token.ts
@crab-dev/rc-line-edit:build:library: 
@crab-dev/rc-line-edit:build:library: 
@crab-dev/rc-line-edit:build:library:   ⚡ WAKE / LIBRARY BUILD  v0.1.38
@crab-dev/rc-line-edit:build:library: 
@crab-dev/rc-line-edit:build:library:   ✓  Built library in 1.46s
@crab-dev/rc-line-edit:build:library:      3 modules · 10 files · 38.1 KB
@crab-dev/rc-line-edit:build:library:      Output  C:\Users\zhang\Desktop\crab-dev\components\rc-line-edit
@crab-dev/rc-line-edit:build:library: 
@crab-dev/rc-virtual:build:library: 
@crab-dev/rc-virtual:build:library:   ⚡ WAKE / LIBRARY TOKEN  v0.1.38
@crab-dev/rc-virtual:build:library: 
@crab-dev/rc-virtual:build:library:   ✓  Tokens generated in 69ms
@crab-dev/rc-virtual:build:library:      1 files · 564 B
@crab-dev/rc-virtual:build:library:      Output  C:\Users\zhang\Desktop\crab-dev\components\rc-virtual\src\token.ts
@crab-dev/rc-virtual:build:library: 
@crab-dev/rc-virtual:build:library: 
@crab-dev/rc-virtual:build:library:   ⚡ WAKE / LIBRARY BUILD  v0.1.38
@crab-dev/rc-virtual:build:library: 
@crab-dev/rc-virtual:build:library:   ✓  Built library in 604ms
@crab-dev/rc-virtual:build:library:      7 modules · 18 files · 53.8 KB
@crab-dev/rc-virtual:build:library:      Output  C:\Users\zhang\Desktop\crab-dev\components\rc-virtual
@crab-dev/rc-virtual:build:library: 
@crab-dev/rc-breadcrumbs:build:library: cache hit, replaying logs abd3a67b2f854053
@crab-dev/rc-breadcrumbs:build:library: 
@crab-dev/rc-checkbox:build:library: cache hit, replaying logs f5abebd1e0860e8d
@crab-dev/rc-breadcrumbs:build:library:   ⚡ WAKE / LIBRARY TOKEN  v0.1.38
@crab-dev/rc-breadcrumbs:build:library: 
@crab-dev/rc-breadcrumbs:build:library:   ✓  Tokens generated in 86ms
@crab-dev/rc-breadcrumbs:build:library:      1 files · 2.2 KB
@crab-dev/rc-breadcrumbs:build:library:      Output  C:\Users\zhang\Desktop\crab-dev\components\rc-breadcrumbs\src\token.ts
@crab-dev/rc-breadcrumbs:build:library: 
@crab-dev/rc-breadcrumbs:build:library: 
@crab-dev/rc-breadcrumbs:build:library:   ⚡ WAKE / LIBRARY BUILD  v0.1.38
@crab-dev/rc-breadcrumbs:build:library: 
@crab-dev/rc-breadcrumbs:build:library:   ✓  Built library in 253ms
@crab-dev/rc-breadcrumbs:build:library:      3 modules · 11 files · 14.8 KB
@crab-dev/rc-breadcrumbs:build:library:      Output  C:\Users\zhang\Desktop\crab-dev\components\rc-breadcrumbs
@crab-dev/rc-checkbox:build:library: 
@crab-dev/rc-breadcrumbs:build:library: 
@crab-dev/rc-checkbox:build:library:   ⚡ WAKE / LIBRARY TOKEN  v0.1.38
@crab-dev/rc-checkbox:build:library: 
@crab-dev/rc-checkbox:build:library:   ✓  Tokens generated in 70ms
@crab-dev/rc-checkbox:build:library:      1 files · 10.8 KB
@crab-dev/rc-checkbox:build:library:      Output  C:\Users\zhang\Desktop\crab-dev\components\rc-checkbox\src\token.ts
@crab-dev/rc-checkbox:build:library: 
@crab-dev/rc-checkbox:build:library: 
@crab-dev/rc-checkbox:build:library:   ⚡ WAKE / LIBRARY BUILD  v0.1.38
@crab-dev/rc-checkbox:build:library: 
@crab-dev/rc-checkbox:build:library:   ✓  Built library in 408ms
@crab-dev/rc-checkbox:build:library:      5 modules · 16 files · 45.3 KB
@crab-dev/rc-checkbox:build:library:      Output  C:\Users\zhang\Desktop\crab-dev\components\rc-checkbox
@crab-dev/rc-checkbox:build:library: 
@crab-dev/rc-empty:build:library: cache hit, replaying logs a595c412fcbe10df
@crab-dev/rc-empty:build:library: 
@crab-dev/rc-empty:build:library:   ⚡ WAKE / LIBRARY TOKEN  v0.1.38
@crab-dev/rc-empty:build:library: 
@crab-dev/rc-empty:build:library:   ✓  Tokens generated in 80ms
@crab-dev/rc-empty:build:library:      1 files · 2.5 KB
@crab-dev/rc-empty:build:library:      Output  C:\Users\zhang\Desktop\crab-dev\components\rc-empty\src\token.ts
@crab-dev/rc-empty:build:library: 
@crab-dev/rc-empty:build:library: 
@crab-dev/rc-empty:build:library:   ⚡ WAKE / LIBRARY BUILD  v0.1.38
@crab-dev/rc-empty:build:library: 
@crab-dev/rc-empty:build:library:   ✓  Built library in 1.37s
@crab-dev/rc-empty:build:library:      6 modules · 17 files · 20.6 KB
@crab-dev/rc-empty:build:library:      Output  C:\Users\zhang\Desktop\crab-dev\components\rc-empty
@crab-dev/rc-empty:build:library: 
@crab-dev/rc-tooltip:typecheck: cache miss, executing 4d358136c5ff5b75
@crab-dev/rc-prose:typecheck: cache miss, executing 6846882806db9ca9
@crab-dev/rc-split-pane:build:library: cache hit, replaying logs 2198830e0f1eea5a
@crab-dev/rc-split-pane:build:library: 
@crab-dev/rc-split-pane:build:library:   ⚡ WAKE / LIBRARY TOKEN  v0.1.38
@crab-dev/rc-split-pane:build:library: 
@crab-dev/rc-split-pane:build:library:   ✓  Tokens generated in 86ms
@crab-dev/rc-split-pane:build:library:      1 files · 2.0 KB
@crab-dev/rc-split-pane:build:library:      Output  C:\Users\zhang\Desktop\crab-dev\components\rc-split-pane\src\token.ts
@crab-dev/rc-split-pane:build:library: 
@crab-dev/rc-split-pane:build:library: 
@crab-dev/rc-split-pane:build:library:   ⚡ WAKE / LIBRARY BUILD  v0.1.38
@crab-dev/rc-split-pane:build:library: 
@crab-dev/rc-split-pane:build:library:   ✓  Built library in 290ms
@crab-dev/rc-split-pane:build:library:      3 modules · 11 files · 18.1 KB
@crab-dev/rc-split-pane:build:library:      Output  C:\Users\zhang\Desktop\crab-dev\components\rc-split-pane
@crab-dev/rc-split-pane:build:library: 
@crab-dev/rc-tabs:build:library: cache hit, replaying logs 75b48acd806a9d93
@crab-dev/rc-tabs:build:library: 
@crab-dev/rc-tabs:build:library:   ⚡ WAKE / LIBRARY TOKEN  v0.1.38
@crab-dev/rc-tabs:build:library: 
@crab-dev/rc-tabs:build:library:   ✓  Tokens generated in 66ms
@crab-dev/rc-tabs:build:library:      1 files · 8.9 KB
@crab-dev/rc-tabs:build:library:      Output  C:\Users\zhang\Desktop\crab-dev\components\rc-tabs\src\token.ts
@crab-dev/rc-tabs:build:library: 
@crab-dev/rc-tabs:build:library: 
@crab-dev/rc-tabs:build:library:   ⚡ WAKE / LIBRARY BUILD  v0.1.38
@crab-dev/rc-tabs:build:library: 
@crab-dev/rc-canvas:build:library: cache hit, replaying logs 24047ddeed00b974
@crab-dev/rc-tabs:build:library:   ✓  Built library in 1.56s
@crab-dev/rc-tabs:build:library:      3 modules · 11 files · 49.9 KB
@crab-dev/rc-tabs:build:library:      Output  C:\Users\zhang\Desktop\crab-dev\components\rc-tabs
@crab-dev/rc-tabs:build:library: 
@crab-dev/rc-canvas:build:library: 
@crab-dev/rc-canvas:build:library:   ⚡ WAKE / LIBRARY TOKEN  v0.1.38
@crab-dev/rc-canvas:build:library: 
@crab-dev/rc-canvas:build:library:   ✓  Tokens generated in 73ms
@crab-dev/rc-canvas:build:library:      1 files · 4.7 KB
@crab-dev/rc-canvas:build:library:      Output  C:\Users\zhang\Desktop\crab-dev\components\rc-canvas\src\token.ts
@crab-dev/rc-canvas:build:library: 
@crab-dev/rc-canvas:build:library: 
@crab-dev/rc-canvas:build:library:   ⚡ WAKE / LIBRARY BUILD  v0.1.38
@crab-dev/rc-canvas:build:library: 
@crab-dev/rc-canvas:build:library:   ✓  Built library in 2.12s
@crab-dev/rc-canvas:build:library:      39 modules · 107 files · 339.7 KB
@crab-dev/rc-canvas:build:library:      Output  C:\Users\zhang\Desktop\crab-dev\components\rc-canvas
@crab-dev/rc-canvas:build:library: 
@crab-dev/rc-router:typecheck: cache miss, executing de750091b32436b9
@crab-dev/rc-auto-sizer:build:library: cache hit, replaying logs 2b8126c10180641f
@crab-dev/rc-auto-sizer:build:library: 
@crab-dev/rc-auto-sizer:build:library:   ⚡ WAKE / LIBRARY BUILD  v0.1.38
@crab-dev/rc-auto-sizer:build:library: 
@crab-dev/rc-auto-sizer:build:library:   ✓  Built library in 210ms
@crab-dev/rc-auto-sizer:build:library:      2 modules · 8 files · 5.1 KB
@crab-dev/rc-auto-sizer:build:library:      Output  C:\Users\zhang\Desktop\crab-dev\components\rc-auto-sizer
@crab-dev/rc-auto-sizer:build:library: 
@crab-dev/rc-skeleton:typecheck: cache miss, executing 0af1497c0b51c044
@crab-dev/rc-checkbox:typecheck: declarations/_wake/src/checkbox-group.d.ts(1,25): error TS2307: Cannot find module 'react' or its corresponding type declarations.
@crab-dev/rc-checkbox:typecheck: declarations/_wake/src/checkbox.d.ts(1,62): error TS2307: Cannot find module 'react' or its corresponding type declarations.
@crab-dev/rc-checkbox:typecheck: declarations/_wake/src/types.d.ts(1,76): error TS2307: Cannot find module 'react' or its corresponding type declarations.
@crab-dev/rc-checkbox:typecheck: docs/demos/basic.demo.tsx(6,26): error TS2307: Cannot find module 'react' or its corresponding type declarations.
@crab-dev/rc-checkbox:typecheck: docs/demos/basic.demo.tsx(13,9): error TS17004: Cannot use JSX unless the '--jsx' flag is provided.
@crab-dev/rc-checkbox:typecheck: docs/demos/basic.demo.tsx(15,24): error TS7006: Parameter 'val' implicitly has an 'any' type.
@crab-dev/rc-checkbox:typecheck: docs/demos/disabled.demo.tsx(10,9): error TS7026: JSX element implicitly has type 'any' because no interface 'JSX.IntrinsicElements' exists.
@crab-dev/rc-checkbox:typecheck: docs/demos/disabled.demo.tsx(10,9): error TS17004: Cannot use JSX unless the '--jsx' flag is provided.
@crab-dev/rc-checkbox:typecheck: docs/demos/disabled.demo.tsx(11,13): error TS17004: Cannot use JSX unless the '--jsx' flag is provided.
@crab-dev/rc-checkbox:typecheck: docs/demos/disabled.demo.tsx(12,13): error TS7026: JSX element implicitly has type 'any' because no interface 'JSX.IntrinsicElements' exists.
@crab-dev/rc-checkbox:typecheck: docs/demos/disabled.demo.tsx(12,13): error TS17004: Cannot use JSX unless the '--jsx' flag is provided.
@crab-dev/rc-checkbox:typecheck: docs/demos/disabled.demo.tsx(13,13): error TS7026: JSX element implicitly has type 'any' because no interface 'JSX.IntrinsicElements' exists.
@crab-dev/rc-checkbox:typecheck: docs/demos/disabled.demo.tsx(13,13): error TS17004: Cannot use JSX unless the '--jsx' flag is provided.
@crab-dev/rc-checkbox:typecheck: docs/demos/disabled.demo.tsx(14,13): error TS17004: Cannot use JSX unless the '--jsx' flag is provided.
@crab-dev/rc-checkbox:typecheck: docs/demos/disabled.demo.tsx(15,9): error TS7026: JSX element implicitly has type 'any' because no interface 'JSX.IntrinsicElements' exists.
@crab-dev/rc-checkbox:typecheck: docs/demos/group.demo.tsx(6,26): error TS2307: Cannot find module 'react' or its corresponding type declarations.
@crab-dev/rc-checkbox:typecheck: docs/demos/group.demo.tsx(13,9): error TS7026: JSX element implicitly has type 'any' because no interface 'JSX.IntrinsicElements' exists.
@crab-dev/rc-checkbox:typecheck: docs/demos/group.demo.tsx(13,9): error TS17004: Cannot use JSX unless the '--jsx' flag is provided.
@crab-dev/rc-checkbox:typecheck: docs/demos/group.demo.tsx(14,13): error TS17004: Cannot use JSX unless the '--jsx' flag is provided.
@crab-dev/rc-checkbox:typecheck: docs/demos/group.demo.tsx(15,17): error TS17004: Cannot use JSX unless the '--jsx' flag is provided.
@crab-dev/rc-checkbox:typecheck: docs/demos/group.demo.tsx(16,17): error TS17004: Cannot use JSX unless the '--jsx' flag is provided.
@crab-dev/rc-checkbox:typecheck: docs/demos/group.demo.tsx(17,17): error TS17004: Cannot use JSX unless the '--jsx' flag is provided.
@crab-dev/rc-checkbox:typecheck: docs/demos/group.demo.tsx(19,13): error TS7026: JSX element implicitly has type 'any' because no interface 'JSX.IntrinsicElements' exists.
@crab-dev/rc-checkbox:typecheck: docs/demos/group.demo.tsx(19,13): error TS17004: Cannot use JSX unless the '--jsx' flag is provided.
@crab-dev/rc-checkbox:typecheck: docs/demos/group.demo.tsx(19,40): error TS7026: JSX element implicitly has type 'any' because no interface 'JSX.IntrinsicElements' exists.
@crab-dev/rc-checkbox:typecheck: docs/demos/group.demo.tsx(20,9): error TS7026: JSX element implicitly has type 'any' because no interface 'JSX.IntrinsicElements' exists.
@crab-dev/rc-checkbox:typecheck: docs/demos/indeterminate.demo.tsx(6,26): error TS2307: Cannot find module 'react' or its corresponding type declarations.
@crab-dev/rc-checkbox:typecheck: docs/demos/indeterminate.demo.tsx(22,9): error TS7026: JSX element implicitly has type 'any' because no interface 'JSX.IntrinsicElements' exists.
@crab-dev/rc-checkbox:typecheck: docs/demos/indeterminate.demo.tsx(22,9): error TS17004: Cannot use JSX unless the '--jsx' flag is provided.
@crab-dev/rc-checkbox:typecheck: docs/demos/indeterminate.demo.tsx(23,13): error TS17004: Cannot use JSX unless the '--jsx' flag is provided.
@crab-dev/rc-checkbox:typecheck: docs/demos/indeterminate.demo.tsx(30,13): error TS7026: JSX element implicitly has type 'any' because no interface 'JSX.IntrinsicElements' exists.
@crab-dev/rc-checkbox:typecheck: docs/demos/indeterminate.demo.tsx(30,13): error TS17004: Cannot use JSX unless the '--jsx' flag is provided.
@crab-dev/rc-checkbox:typecheck: docs/demos/indeterminate.demo.tsx(31,13): error TS7026: JSX element implicitly has type 'any' because no interface 'JSX.IntrinsicElements' exists.
@crab-dev/rc-checkbox:typecheck: docs/demos/indeterminate.demo.tsx(31,13): error TS17004: Cannot use JSX unless the '--jsx' flag is provided.
@crab-dev/rc-checkbox:typecheck: docs/demos/indeterminate.demo.tsx(32,13): error TS17004: Cannot use JSX unless the '--jsx' flag is provided.
@crab-dev/rc-checkbox:typecheck: docs/demos/indeterminate.demo.tsx(34,21): error TS17004: Cannot use JSX unless the '--jsx' flag is provided.
@crab-dev/rc-checkbox:typecheck: docs/demos/indeterminate.demo.tsx(39,9): error TS7026: JSX element implicitly has type 'any' because no interface 'JSX.IntrinsicElements' exists.
@crab-dev/rc-checkbox:typecheck: docs/demos/size.demo.tsx(6,21): error TS2307: Cannot find module '@crab-dev/css' or its corresponding type declarations.
@crab-dev/rc-checkbox:typecheck: docs/demos/size.demo.tsx(7,26): error TS2307: Cannot find module 'react' or its corresponding type declarations.
@crab-dev/rc-checkbox:typecheck: docs/demos/size.demo.tsx(14,9): error TS7026: JSX element implicitly has type 'any' because no interface 'JSX.IntrinsicElements' exists.
@crab-dev/rc-checkbox:typecheck: docs/demos/size.demo.tsx(14,9): error TS17004: Cannot use JSX unless the '--jsx' flag is provided.
@crab-dev/rc-checkbox:typecheck: docs/demos/size.demo.tsx(21,13): error TS17004: Cannot use JSX unless the '--jsx' flag is provided.
@crab-dev/rc-checkbox:typecheck: docs/demos/size.demo.tsx(22,17): error TS17004: Cannot use JSX unless the '--jsx' flag is provided.
@crab-dev/rc-checkbox:typecheck: docs/demos/size.demo.tsx(23,17): error TS17004: Cannot use JSX unless the '--jsx' flag is provided.
@crab-dev/rc-checkbox:typecheck: docs/demos/size.demo.tsx(25,13): error TS17004: Cannot use JSX unless the '--jsx' flag is provided.
@crab-dev/rc-checkbox:typecheck: docs/demos/size.demo.tsx(26,17): error TS17004: Cannot use JSX unless the '--jsx' flag is provided.
@crab-dev/rc-checkbox:typecheck: docs/demos/size.demo.tsx(27,17): error TS17004: Cannot use JSX unless the '--jsx' flag is provided.
@crab-dev/rc-checkbox:typecheck: docs/demos/size.demo.tsx(29,13): error TS17004: Cannot use JSX unless the '--jsx' flag is provided.
@crab-dev/rc-checkbox:typecheck: docs/demos/size.demo.tsx(30,17): error TS17004: Cannot use JSX unless the '--jsx' flag is provided.
@crab-dev/rc-checkbox:typecheck: docs/demos/size.demo.tsx(31,17): error TS17004: Cannot use JSX unless the '--jsx' flag is provided.
@crab-dev/rc-checkbox:typecheck: docs/demos/size.demo.tsx(33,9): error TS7026: JSX element implicitly has type 'any' because no interface 'JSX.IntrinsicElements' exists.
@crab-dev/rc-checkbox:typecheck: src/__tests__/checkbox.test.tsx(1,68): error TS2307: Cannot find module '@crab-dev/wake/test/react' or its corresponding type declarations.
@crab-dev/rc-checkbox:typecheck: src/__tests__/checkbox.test.tsx(2,22): error TS6142: Module '../checkbox.js' was resolved to 'C:/Users/zhang/Desktop/crab-dev/components/rc-checkbox/src/checkbox.tsx', but '--jsx' is not set.
@crab-dev/rc-checkbox:typecheck: src/__tests__/checkbox.test.tsx(3,27): error TS6142: Module '../checkbox-group.js' was resolved to 'C:/Users/zhang/Desktop/crab-dev/components/rc-checkbox/src/checkbox-group.tsx', but '--jsx' is not set.
@crab-dev/rc-checkbox:typecheck: src/__tests__/checkbox.test.tsx(9,39): error TS17004: Cannot use JSX unless the '--jsx' flag is provided.
@crab-dev/rc-checkbox:typecheck: src/__tests__/checkbox.test.tsx(23,44): error TS17004: Cannot use JSX unless the '--jsx' flag is provided.
@crab-dev/rc-checkbox:typecheck: src/__tests__/checkbox.test.tsx(29,44): error TS17004: Cannot use JSX unless the '--jsx' flag is provided.
@crab-dev/rc-checkbox:typecheck: src/__tests__/checkbox.test.tsx(36,24): error TS17004: Cannot use JSX unless the '--jsx' flag is provided.
@crab-dev/rc-checkbox:typecheck: src/__tests__/checkbox.test.tsx(55,44): error TS17004: Cannot use JSX unless the '--jsx' flag is provided.
@crab-dev/rc-checkbox:typecheck: src/__tests__/checkbox.test.tsx(60,44): error TS17004: Cannot use JSX unless the '--jsx' flag is provided.
@crab-dev/rc-checkbox:typecheck: src/__tests__/checkbox.test.tsx(69,44): error TS17004: Cannot use JSX unless the '--jsx' flag is provided.
@crab-dev/rc-checkbox:typecheck: src/__tests__/checkbox.test.tsx(73,44): error TS17004: Cannot use JSX unless the '--jsx' flag is provided.
@crab-dev/rc-checkbox:typecheck: src/__tests__/checkbox.test.tsx(79,44): error TS17004: Cannot use JSX unless the '--jsx' flag is provided.
@crab-dev/rc-checkbox:typecheck: src/__tests__/checkbox.test.tsx(85,44): error TS17004: Cannot use JSX unless the '--jsx' flag is provided.
@crab-dev/rc-checkbox:typecheck: src/__tests__/checkbox.test.tsx(86,13): error TS17004: Cannot use JSX unless the '--jsx' flag is provided.
@crab-dev/rc-checkbox:typecheck: src/__tests__/checkbox.test.tsx(87,13): error TS17004: Cannot use JSX unless the '--jsx' flag is provided.
@crab-dev/rc-checkbox:typecheck: src/__tests__/checkbox.test.tsx(92,44): error TS17004: Cannot use JSX unless the '--jsx' flag is provided.
@crab-dev/rc-checkbox:typecheck: src/__tests__/checkbox.test.tsx(93,13): error TS17004: Cannot use JSX unless the '--jsx' flag is provided.
@crab-dev/rc-checkbox:typecheck: src/__tests__/checkbox.test.tsx(94,13): error TS17004: Cannot use JSX unless the '--jsx' flag is provided.
@crab-dev/rc-checkbox:typecheck: src/__tests__/checkbox.test.tsx(102,44): error TS17004: Cannot use JSX unless the '--jsx' flag is provided.
@crab-dev/rc-checkbox:typecheck: src/__tests__/checkbox.test.tsx(103,13): error TS17004: Cannot use JSX unless the '--jsx' flag is provided.
@crab-dev/rc-checkbox:typecheck: src/__tests__/checkbox.test.tsx(104,13): error TS17004: Cannot use JSX unless the '--jsx' flag is provided.
@crab-dev/rc-checkbox:typecheck: src/__tests__/checkbox.test.tsx(114,44): error TS17004: Cannot use JSX unless the '--jsx' flag is provided.
@crab-dev/rc-checkbox:typecheck: src/__tests__/checkbox.test.tsx(115,13): error TS17004: Cannot use JSX unless the '--jsx' flag is provided.
@crab-dev/rc-checkbox:typecheck: src/__tests__/checkbox.test.tsx(116,13): error TS17004: Cannot use JSX unless the '--jsx' flag is provided.
@crab-dev/rc-checkbox:typecheck: src/__tests__/checkbox.test.tsx(125,44): error TS17004: Cannot use JSX unless the '--jsx' flag is provided.
@crab-dev/rc-checkbox:typecheck: src/__tests__/checkbox.test.tsx(126,13): error TS17004: Cannot use JSX unless the '--jsx' flag is provided.
@crab-dev/rc-checkbox:typecheck: src/__tests__/checkbox.test.tsx(127,13): error TS17004: Cannot use JSX unless the '--jsx' flag is provided.
@crab-dev/rc-checkbox:typecheck: src/__tests__/checkbox.test.tsx(134,44): error TS17004: Cannot use JSX unless the '--jsx' flag is provided.
@crab-dev/rc-checkbox:typecheck: src/__tests__/checkbox.test.tsx(135,13): error TS17004: Cannot use JSX unless the '--jsx' flag is provided.
@crab-dev/rc-checkbox:typecheck: src/__tests__/checkbox.test.tsx(136,13): error TS17004: Cannot use JSX unless the '--jsx' flag is provided.
@crab-dev/rc-checkbox:typecheck: src/__tests__/checkbox.test.tsx(143,44): error TS17004: Cannot use JSX unless the '--jsx' flag is provided.
@crab-dev/rc-checkbox:typecheck: src/__tests__/checkbox.test.tsx(144,13): error TS17004: Cannot use JSX unless the '--jsx' flag is provided.
@crab-dev/rc-checkbox:typecheck: src/__tests__/checkbox.test.tsx(150,44): error TS17004: Cannot use JSX unless the '--jsx' flag is provided.
@crab-dev/rc-checkbox:typecheck: src/__tests__/checkbox.test.tsx(151,13): error TS17004: Cannot use JSX unless the '--jsx' flag is provided.
@crab-dev/rc-checkbox:typecheck: src/checkbox-group.tsx(1,25): error TS2307: Cannot find module '@crab-dev/css' or its corresponding type declarations.
@crab-dev/rc-checkbox:typecheck: src/checkbox-group.tsx(2,25): error TS2307: Cannot find module 'react' or its corresponding type declarations.
@crab-dev/rc-checkbox:typecheck: src/checkbox-group.tsx(3,38): error TS2307: Cannot find module '@crab-dev/rc-hooks' or its corresponding type declarations.
@crab-dev/rc-checkbox:typecheck: src/checkbox-group.tsx(15,12): error TS7031: Binding element 'valueProp' implicitly has an 'any' type.
@crab-dev/rc-checkbox:typecheck: src/checkbox-group.tsx(17,5): error TS7031: Binding element 'onChange' implicitly has an 'any' type.
@crab-dev/rc-checkbox:typecheck: src/checkbox-group.tsx(19,5): error TS7031: Binding element 'size' implicitly has an 'any' type.
@crab-dev/rc-checkbox:typecheck: src/checkbox-group.tsx(20,5): error TS7031: Binding element 'children' implicitly has an 'any' type.
@crab-dev/rc-checkbox:typecheck: src/checkbox-group.tsx(21,5): error TS7031: Binding element 'className' implicitly has an 'any' type.
@crab-dev/rc-checkbox:typecheck: src/checkbox-group.tsx(31,29): error TS7006: Parameter 'v' implicitly has an 'any' type.
@crab-dev/rc-checkbox:typecheck: src/checkbox-group.tsx(37,9): error TS17004: Cannot use JSX unless the '--jsx' flag is provided.
@crab-dev/rc-checkbox:typecheck: src/checkbox-group.tsx(38,13): error TS7026: JSX element implicitly has type 'any' because no interface 'JSX.IntrinsicElements' exists.
@crab-dev/rc-checkbox:typecheck: src/checkbox-group.tsx(38,13): error TS17004: Cannot use JSX unless the '--jsx' flag is provided.
@crab-dev/rc-checkbox:typecheck: src/checkbox-group.tsx(40,13): error TS7026: JSX element implicitly has type 'any' because no interface 'JSX.IntrinsicElements' exists.
@crab-dev/rc-checkbox:typecheck: src/checkbox.tsx(1,25): error TS2307: Cannot find module '@crab-dev/css' or its corresponding type declarations.
@crab-dev/rc-checkbox:typecheck: src/checkbox.tsx(2,62): error TS2307: Cannot find module 'react' or its corresponding type declarations.
@crab-dev/rc-checkbox:typecheck: src/checkbox.tsx(3,38): error TS2307: Cannot find module '@crab-dev/rc-hooks' or its corresponding type declarations.
@crab-dev/rc-checkbox:typecheck: src/checkbox.tsx(92,14): error TS7031: Binding element 'checkedProp' implicitly has an 'any' type.
@crab-dev/rc-checkbox:typecheck: src/checkbox.tsx(95,15): error TS7031: Binding element 'disabledProp' implicitly has an 'any' type.
@crab-dev/rc-checkbox:typecheck: src/checkbox.tsx(96,11): error TS7031: Binding element 'sizeProp' implicitly has an 'any' type.
@crab-dev/rc-checkbox:typecheck: src/checkbox.tsx(97,5): error TS7031: Binding element 'onChange' implicitly has an 'any' type.
@crab-dev/rc-checkbox:typecheck: src/checkbox.tsx(98,5): error TS7031: Binding element 'value' implicitly has an 'any' type.
@crab-dev/rc-checkbox:typecheck: src/checkbox.tsx(99,5): error TS7031: Binding element 'children' implicitly has an 'any' type.
@crab-dev/rc-checkbox:typecheck: src/checkbox.tsx(100,5): error TS7031: Binding element 'className' implicitly has an 'any' type.
@crab-dev/rc-checkbox:typecheck: src/checkbox.tsx(202,20): error TS7026: JSX element implicitly has type 'any' because no interface 'JSX.IntrinsicElements' exists.
@crab-dev/rc-checkbox:typecheck: src/checkbox.tsx(202,20): error TS17004: Cannot use JSX unless the '--jsx' flag is provided.
@crab-dev/rc-checkbox:typecheck: src/checkbox.tsx(206,17): error TS7026: JSX element implicitly has type 'any' because no interface 'JSX.IntrinsicElements' exists.
@crab-dev/rc-checkbox:typecheck: src/checkbox.tsx(206,17): error TS17004: Cannot use JSX unless the '--jsx' flag is provided.
@crab-dev/rc-checkbox:typecheck: src/checkbox.tsx(215,21): error TS7026: JSX element implicitly has type 'any' because no interface 'JSX.IntrinsicElements' exists.
@crab-dev/rc-checkbox:typecheck: src/checkbox.tsx(215,21): error TS17004: Cannot use JSX unless the '--jsx' flag is provided.
@crab-dev/rc-checkbox:typecheck: src/checkbox.tsx(216,17): error TS7026: JSX element implicitly has type 'any' because no interface 'JSX.IntrinsicElements' exists.
@crab-dev/rc-checkbox:typecheck: src/checkbox.tsx(223,9): error TS7026: JSX element implicitly has type 'any' because no interface 'JSX.IntrinsicElements' exists.
@crab-dev/rc-checkbox:typecheck: src/checkbox.tsx(223,9): error TS17004: Cannot use JSX unless the '--jsx' flag is provided.
@crab-dev/rc-checkbox:typecheck: src/checkbox.tsx(227,13): error TS7026: JSX element implicitly has type 'any' because no interface 'JSX.IntrinsicElements' exists.
@crab-dev/rc-checkbox:typecheck: src/checkbox.tsx(227,13): error TS17004: Cannot use JSX unless the '--jsx' flag is provided.
@crab-dev/rc-checkbox:typecheck: src/checkbox.tsx(237,13): error TS7026: JSX element implicitly has type 'any' because no interface 'JSX.IntrinsicElements' exists.
@crab-dev/rc-checkbox:typecheck: src/checkbox.tsx(237,13): error TS17004: Cannot use JSX unless the '--jsx' flag is provided.
@crab-dev/rc-checkbox:typecheck: src/checkbox.tsx(247,13): error TS7026: JSX element implicitly has type 'any' because no interface 'JSX.IntrinsicElements' exists.
@crab-dev/rc-checkbox:typecheck: src/checkbox.tsx(248,40): error TS7026: JSX element implicitly has type 'any' because no interface 'JSX.IntrinsicElements' exists.
@crab-dev/rc-checkbox:typecheck: src/checkbox.tsx(248,40): error TS17004: Cannot use JSX unless the '--jsx' flag is provided.
@crab-dev/rc-checkbox:typecheck: src/checkbox.tsx(248,56): error TS7026: JSX element implicitly has type 'any' because no interface 'JSX.IntrinsicElements' exists.
@crab-dev/rc-checkbox:typecheck: src/checkbox.tsx(249,9): error TS7026: JSX element implicitly has type 'any' because no interface 'JSX.IntrinsicElements' exists.
@crab-dev/rc-checkbox:typecheck: src/context.ts(1,43): error TS2307: Cannot find module 'react' or its corresponding type declarations.
@crab-dev/rc-checkbox:typecheck: src/index.ts(1,22): error TS6142: Module './checkbox.js' was resolved to 'C:/Users/zhang/Desktop/crab-dev/components/rc-checkbox/src/checkbox.tsx', but '--jsx' is not set.
@crab-dev/rc-checkbox:typecheck: src/index.ts(2,27): error TS6142: Module './checkbox-group.js' was resolved to 'C:/Users/zhang/Desktop/crab-dev/components/rc-checkbox/src/checkbox-group.tsx', but '--jsx' is not set.
@crab-dev/rc-checkbox:typecheck: src/token.ts(5,30): error TS2307: Cannot find module '@crab-dev/css' or its corresponding type declarations.
@crab-dev/rc-checkbox:typecheck: src/types.ts(1,76): error TS2307: Cannot find module 'react' or its corresponding type declarations.
@crab-dev/rc-checkbox:typecheck: tsconfig.json(2,16): error TS6053: File '@crab-dev/standards-typescript-preset/tsconfig.browser.react.json' not found.
@crab-dev/rc-token-semantic:typecheck: docs/demos/base.demo.tsx(7,21): error TS2307: Cannot find module '@crab-dev/css' or its corresponding type declarations.
@crab-dev/rc-token-semantic:typecheck: docs/demos/base.demo.tsx(13,9): error TS7026: JSX element implicitly has type 'any' because no interface 'JSX.IntrinsicElements' exists.
@crab-dev/rc-token-semantic:typecheck: docs/demos/base.demo.tsx(13,9): error TS17004: Cannot use JSX unless the '--jsx' flag is provided.
@crab-dev/rc-token-semantic:typecheck: docs/demos/base.demo.tsx(21,9): error TS7026: JSX element implicitly has type 'any' because no interface 'JSX.IntrinsicElements' exists.
@crab-dev/rc-token-semantic:typecheck: src/__tests__/token.test.ts(1,38): error TS2307: Cannot find module '@crab-dev/wake/test' or its corresponding type declarations.
@crab-dev/rc-token-semantic:typecheck: src/token.ts(5,30): error TS2307: Cannot find module '@crab-dev/css' or its corresponding type declarations.
@crab-dev/rc-token-semantic:typecheck: tsconfig.json(2,16): error TS6053: File '@crab-dev/standards-typescript-preset/tsconfig.browser.react.json' not found.
@crab-dev/rc-hooks:typecheck: declarations/_wake/src/uniqueId.d.ts(1,26): error TS2371: A parameter initializer is only allowed in a function or constructor implementation.
@crab-dev/rc-hooks:typecheck: declarations/_wake/src/useDragResize.d.ts(1,56): error TS2307: Cannot find module 'react' or its corresponding type declarations.
@crab-dev/rc-hooks:typecheck: declarations/_wake/src/useIsomorphicLayoutEffect.d.ts(1,44): error TS2307: Cannot find module 'react' or its corresponding type declarations.
@crab-dev/rc-hooks:typecheck: declarations/_wake/src/useKeyDown.d.ts(1,51): error TS2307: Cannot find module 'react' or its corresponding type declarations.
@crab-dev/rc-hooks:typecheck: declarations/_wake/src/useResizeObserver.d.ts(1,42): error TS2307: Cannot find module 'react' or its corresponding type declarations.
@crab-dev/rc-hooks:typecheck: docs/demos/use-drag-resize.demo.tsx(6,36): error TS2307: Cannot find module 'react' or its corresponding type declarations.
@crab-dev/rc-hooks:typecheck: docs/demos/use-drag-resize.demo.tsx(26,9): error TS7026: JSX element implicitly has type 'any' because no interface 'JSX.IntrinsicElements' exists.
@crab-dev/rc-hooks:typecheck: docs/demos/use-drag-resize.demo.tsx(26,9): error TS17004: Cannot use JSX unless the '--jsx' flag is provided.
@crab-dev/rc-hooks:typecheck: docs/demos/use-drag-resize.demo.tsx(27,13): error TS7026: JSX element implicitly has type 'any' because no interface 'JSX.IntrinsicElements' exists.
@crab-dev/rc-hooks:typecheck: docs/demos/use-drag-resize.demo.tsx(27,13): error TS17004: Cannot use JSX unless the '--jsx' flag is provided.
@crab-dev/rc-hooks:typecheck: docs/demos/use-drag-resize.demo.tsx(29,13): error TS7026: JSX element implicitly has type 'any' because no interface 'JSX.IntrinsicElements' exists.
@crab-dev/rc-hooks:typecheck: docs/demos/use-drag-resize.demo.tsx(30,13): error TS7026: JSX element implicitly has type 'any' because no interface 'JSX.IntrinsicElements' exists.
@crab-dev/rc-hooks:typecheck: docs/demos/use-drag-resize.demo.tsx(30,13): error TS17004: Cannot use JSX unless the '--jsx' flag is provided.
@crab-dev/rc-hooks:typecheck: docs/demos/use-drag-resize.demo.tsx(35,13): error TS7026: JSX element implicitly has type 'any' because no interface 'JSX.IntrinsicElements' exists.
@crab-dev/rc-hooks:typecheck: docs/demos/use-drag-resize.demo.tsx(35,13): error TS17004: Cannot use JSX unless the '--jsx' flag is provided.
@crab-dev/rc-hooks:typecheck: docs/demos/use-drag-resize.demo.tsx(35,59): error TS7026: JSX element implicitly has type 'any' because no interface 'JSX.IntrinsicElements' exists.
@crab-dev/rc-hooks:typecheck: docs/demos/use-drag-resize.demo.tsx(36,9): error TS7026: JSX element implicitly has type 'any' because no interface 'JSX.IntrinsicElements' exists.
@crab-dev/rc-hooks:typecheck: docs/demos/use-key-down.demo.tsx(1,46): error TS2307: Cannot find module 'react' or its corresponding type declarations.
@crab-dev/rc-hooks:typecheck: docs/demos/use-key-down.demo.tsx(13,25): error TS7006: Parameter 'previous' implicitly has an 'any' type.
@crab-dev/rc-hooks:typecheck: docs/demos/use-key-down.demo.tsx(35,9): error TS7026: JSX element implicitly has type 'any' because no interface 'JSX.IntrinsicElements' exists.
@crab-dev/rc-hooks:typecheck: docs/demos/use-key-down.demo.tsx(35,9): error TS17004: Cannot use JSX unless the '--jsx' flag is provided.
@crab-dev/rc-hooks:typecheck: docs/demos/use-key-down.demo.tsx(36,13): error TS7026: JSX element implicitly has type 'any' because no interface 'JSX.IntrinsicElements' exists.
@crab-dev/rc-hooks:typecheck: docs/demos/use-key-down.demo.tsx(36,13): error TS17004: Cannot use JSX unless the '--jsx' flag is provided.
@crab-dev/rc-hooks:typecheck: docs/demos/use-key-down.demo.tsx(36,32): error TS7026: JSX element implicitly has type 'any' because no interface 'JSX.IntrinsicElements' exists.
@crab-dev/rc-hooks:typecheck: docs/demos/use-key-down.demo.tsx(37,13): error TS7026: JSX element implicitly has type 'any' because no interface 'JSX.IntrinsicElements' exists.
@crab-dev/rc-hooks:typecheck: docs/demos/use-key-down.demo.tsx(37,13): error TS17004: Cannot use JSX unless the '--jsx' flag is provided.
@crab-dev/rc-hooks:typecheck: docs/demos/use-key-down.demo.tsx(37,27): error TS7026: JSX element implicitly has type 'any' because no interface 'JSX.IntrinsicElements' exists.
@crab-dev/rc-hooks:typecheck: docs/demos/use-key-down.demo.tsx(38,9): error TS7026: JSX element implicitly has type 'any' because no interface 'JSX.IntrinsicElements' exists.
@crab-dev/rc-hooks:typecheck: src/__tests__/uniqueId.test.tsx(1,38): error TS2307: Cannot find module '@crab-dev/wake/test' or its corresponding type declarations.
@crab-dev/rc-hooks:typecheck: src/__tests__/useControllableValue.test.tsx(1,61): error TS2307: Cannot find module '@crab-dev/wake/test/react' or its corresponding type declarations.
@crab-dev/rc-hooks:typecheck: src/__tests__/useDom.test.tsx(1,72): error TS2307: Cannot find module '@crab-dev/wake/test/react' or its corresponding type declarations.
@crab-dev/rc-hooks:typecheck: src/__tests__/useDom.test.tsx(2,24): error TS2307: Cannot find module 'react' or its corresponding type declarations.
@crab-dev/rc-hooks:typecheck: src/__tests__/useDragResize.test.tsx(1,61): error TS2307: Cannot find module '@crab-dev/wake/test/react' or its corresponding type declarations.
@crab-dev/rc-hooks:typecheck: src/__tests__/useDragResize.test.tsx(2,56): error TS2307: Cannot find module 'react' or its corresponding type declarations.
@crab-dev/rc-hooks:typecheck: src/__tests__/useEventCallback.test.tsx(1,50): error TS2307: Cannot find module '@crab-dev/wake/test/react' or its corresponding type declarations.
@crab-dev/rc-hooks:typecheck: src/__tests__/useTimers.test.tsx(1,91): error TS2307: Cannot find module '@crab-dev/wake/test/react' or its corresponding type declarations.
@crab-dev/rc-hooks:typecheck: src/useControllableValue.ts(1,26): error TS2307: Cannot find module 'react' or its corresponding type declarations.
@crab-dev/rc-hooks:typecheck: src/useDragResize.ts(1,45): error TS2307: Cannot find module 'react' or its corresponding type declarations.
@crab-dev/rc-hooks:typecheck: src/useDragResize.ts(2,56): error TS2307: Cannot find module 'react' or its corresponding type declarations.
@crab-dev/rc-hooks:typecheck: src/useEventCallback.ts(1,37): error TS2307: Cannot find module 'react' or its corresponding type declarations.
@crab-dev/rc-hooks:typecheck: src/useInterval.ts(1,27): error TS2307: Cannot find module 'react' or its corresponding type declarations.
@crab-dev/rc-hooks:typecheck: src/useIsomorphicLayoutEffect.ts(1,44): error TS2307: Cannot find module 'react' or its corresponding type declarations.
@crab-dev/rc-hooks:typecheck: src/useKeyDown.ts(2,51): error TS2307: Cannot find module 'react' or its corresponding type declarations.
@crab-dev/rc-hooks:typecheck: src/useMediaQuery.ts(1,26): error TS2307: Cannot find module 'react' or its corresponding type declarations.
@crab-dev/rc-hooks:typecheck: src/usePrevious.ts(1,35): error TS2307: Cannot find module 'react' or its corresponding type declarations.
@crab-dev/rc-hooks:typecheck: src/useResizeObserver.ts(1,42): error TS2307: Cannot find module 'react' or its corresponding type declarations.
@crab-dev/rc-hooks:typecheck: src/useResizeObserver.ts(47,18): error TS7006: Parameter 'prev' implicitly has an 'any' type.
@crab-dev/rc-hooks:typecheck: src/useTimeout.ts(1,27): error TS2307: Cannot find module 'react' or its corresponding type declarations.
@crab-dev/rc-hooks:typecheck: tsconfig.json(2,16): error TS6053: File '@crab-dev/standards-typescript-preset/tsconfig.browser.react.json' not found.
@crab-dev/rc-token-global:typecheck: docs/demos/base.demo.tsx(7,21): error TS2307: Cannot find module '@crab-dev/css' or its corresponding type declarations.
@crab-dev/rc-token-global:typecheck: docs/demos/base.demo.tsx(13,9): error TS7026: JSX element implicitly has type 'any' because no interface 'JSX.IntrinsicElements' exists.
@crab-dev/rc-token-global:typecheck: docs/demos/base.demo.tsx(13,9): error TS17004: Cannot use JSX unless the '--jsx' flag is provided.
@crab-dev/rc-token-global:typecheck: docs/demos/base.demo.tsx(21,9): error TS7026: JSX element implicitly has type 'any' because no interface 'JSX.IntrinsicElements' exists.
@crab-dev/rc-token-global:typecheck: src/token.ts(5,30): error TS2307: Cannot find module '@crab-dev/css' or its corresponding type declarations.
@crab-dev/rc-token-global:typecheck: tsconfig.json(2,16): error TS6053: File '@crab-dev/standards-typescript-preset/tsconfig.browser.react.json' not found.
@crab-dev/rc-theme:typecheck: docs/demos/light-dark.demo.tsx(6,21): error TS2307: Cannot find module '@crab-dev/css' or its corresponding type declarations.
@crab-dev/rc-theme:typecheck: docs/demos/light-dark.demo.tsx(7,19): error TS2307: Cannot find module '@crab-dev/rc-token-semantic' or its corresponding type declarations.
@crab-dev/rc-theme:typecheck: docs/demos/light-dark.demo.tsx(46,9): error TS7026: JSX element implicitly has type 'any' because no interface 'JSX.IntrinsicElements' exists.
@crab-dev/rc-theme:typecheck: docs/demos/light-dark.demo.tsx(46,9): error TS17004: Cannot use JSX unless the '--jsx' flag is provided.
@crab-dev/rc-theme:typecheck: docs/demos/light-dark.demo.tsx(47,13): error TS7026: JSX element implicitly has type 'any' because no interface 'JSX.IntrinsicElements' exists.
@crab-dev/rc-theme:typecheck: docs/demos/light-dark.demo.tsx(47,13): error TS17004: Cannot use JSX unless the '--jsx' flag is provided.
@crab-dev/rc-theme:typecheck: docs/demos/light-dark.demo.tsx(47,58): error TS7026: JSX element implicitly has type 'any' because no interface 'JSX.IntrinsicElements' exists.
@crab-dev/rc-theme:typecheck: docs/demos/light-dark.demo.tsx(48,13): error TS7026: JSX element implicitly has type 'any' because no interface 'JSX.IntrinsicElements' exists.
@crab-dev/rc-theme:typecheck: docs/demos/light-dark.demo.tsx(48,13): error TS17004: Cannot use JSX unless the '--jsx' flag is provided.
@crab-dev/rc-theme:typecheck: docs/demos/light-dark.demo.tsx(48,67): error TS7026: JSX element implicitly has type 'any' because no interface 'JSX.IntrinsicElements' exists.
@crab-dev/rc-theme:typecheck: docs/demos/light-dark.demo.tsx(49,13): error TS7026: JSX element implicitly has type 'any' because no interface 'JSX.IntrinsicElements' exists.
@crab-dev/rc-theme:typecheck: docs/demos/light-dark.demo.tsx(49,13): error TS17004: Cannot use JSX unless the '--jsx' flag is provided.
@crab-dev/rc-theme:typecheck: docs/demos/light-dark.demo.tsx(49,54): error TS7026: JSX element implicitly has type 'any' because no interface 'JSX.IntrinsicElements' exists.
@crab-dev/rc-theme:typecheck: docs/demos/light-dark.demo.tsx(50,9): error TS7026: JSX element implicitly has type 'any' because no interface 'JSX.IntrinsicElements' exists.
@crab-dev/rc-theme:typecheck: docs/demos/light-dark.demo.tsx(56,9): error TS7026: JSX element implicitly has type 'any' because no interface 'JSX.IntrinsicElements' exists.
@crab-dev/rc-theme:typecheck: docs/demos/light-dark.demo.tsx(56,9): error TS17004: Cannot use JSX unless the '--jsx' flag is provided.
@crab-dev/rc-theme:typecheck: docs/demos/light-dark.demo.tsx(57,13): error TS17004: Cannot use JSX unless the '--jsx' flag is provided.
@crab-dev/rc-theme:typecheck: docs/demos/light-dark.demo.tsx(58,13): error TS17004: Cannot use JSX unless the '--jsx' flag is provided.
@crab-dev/rc-theme:typecheck: docs/demos/light-dark.demo.tsx(59,9): error TS7026: JSX element implicitly has type 'any' because no interface 'JSX.IntrinsicElements' exists.
@crab-dev/rc-theme:typecheck: src/__tests__/theme.test.ts(1,38): error TS2307: Cannot find module '@crab-dev/wake/test' or its corresponding type declarations.
@crab-dev/rc-theme:typecheck: src/__tests__/theme.test.ts(2,26): error TS2591: Cannot find name 'node:fs/promises'. Do you need to install type definitions for node? Try `npm i --save-dev @types/node` and then add 'node' to the types field in your tsconfig.
@crab-dev/rc-theme:typecheck: src/__tests__/theme.test.ts(131,28): error TS18046: 'theme' is of type 'unknown'.
@crab-dev/rc-theme:typecheck: src/__tests__/theme.test.ts(131,48): error TS18046: 'theme' is of type 'unknown'.
@crab-dev/rc-theme:typecheck: src/__tests__/theme.test.ts(132,28): error TS18046: 'theme' is of type 'unknown'.
@crab-dev/rc-theme:typecheck: src/__tests__/theme.test.ts(132,50): error TS18046: 'theme' is of type 'unknown'.
@crab-dev/rc-theme:typecheck: src/__tests__/theme.test.ts(133,28): error TS18046: 'theme' is of type 'unknown'.
@crab-dev/rc-theme:typecheck: src/__tests__/theme.test.ts(133,49): error TS18046: 'theme' is of type 'unknown'.
@crab-dev/rc-theme:typecheck: src/__tests__/theme.test.ts(134,28): error TS18046: 'theme' is of type 'unknown'.
@crab-dev/rc-theme:typecheck: src/__tests__/theme.test.ts(134,48): error TS18046: 'theme' is of type 'unknown'.
@crab-dev/rc-theme:typecheck: src/__tests__/theme.test.ts(135,28): error TS18046: 'theme' is of type 'unknown'.
@crab-dev/rc-theme:typecheck: src/__tests__/theme.test.ts(135,50): error TS18046: 'theme' is of type 'unknown'.
@crab-dev/rc-theme:typecheck: src/__tests__/theme.test.ts(136,28): error TS18046: 'theme' is of type 'unknown'.
@crab-dev/rc-theme:typecheck: src/__tests__/theme.test.ts(136,48): error TS18046: 'theme' is of type 'unknown'.
@crab-dev/rc-theme:typecheck: src/__tests__/theme.test.ts(137,28): error TS18046: 'theme' is of type 'unknown'.
@crab-dev/rc-theme:typecheck: src/__tests__/theme.test.ts(137,49): error TS18046: 'theme' is of type 'unknown'.
@crab-dev/rc-theme:typecheck: src/__tests__/theme.test.ts(139,17): error TS18046: 'theme' is of type 'unknown'.
@crab-dev/rc-theme:typecheck: src/__tests__/theme.test.ts(140,17): error TS18046: 'theme' is of type 'unknown'.
@crab-dev/rc-theme:typecheck: src/__tests__/theme.test.ts(141,17): error TS18046: 'theme' is of type 'unknown'.
@crab-dev/rc-theme:typecheck: src/__tests__/theme.test.ts(143,32): error TS18046: 'theme' is of type 'unknown'.
@crab-dev/rc-theme:typecheck: src/__tests__/theme.test.ts(146,17): error TS18046: 'theme' is of type 'unknown'.
@crab-dev/rc-theme:typecheck: src/__tests__/theme.test.ts(147,17): error TS18046: 'theme' is of type 'unknown'.
@crab-dev/rc-theme:typecheck: src/__tests__/theme.test.ts(148,17): error TS18046: 'theme' is of type 'unknown'.
@crab-dev/rc-theme:typecheck: src/__tests__/theme.test.ts(150,32): error TS18046: 'theme' is of type 'unknown'.
@crab-dev/rc-theme:typecheck: src/__tests__/theme.test.ts(152,28): error TS18046: 'theme' is of type 'unknown'.
@crab-dev/rc-theme:typecheck: src/__tests__/theme.test.ts(152,56): error TS18046: 'theme' is of type 'unknown'.
@crab-dev/rc-theme:typecheck: src/__tests__/theme.test.ts(153,28): error TS18046: 'theme' is of type 'unknown'.
@crab-dev/rc-theme:typecheck: src/__tests__/theme.test.ts(153,52): error TS18046: 'theme' is of type 'unknown'.
@crab-dev/rc-theme:typecheck: src/__tests__/theme.test.ts(154,28): error TS18046: 'theme' is of type 'unknown'.
@crab-dev/rc-theme:typecheck: src/__tests__/theme.test.ts(154,56): error TS18046: 'theme' is of type 'unknown'.
@crab-dev/rc-theme:typecheck: src/__tests__/theme.test.ts(155,28): error TS18046: 'theme' is of type 'unknown'.
@crab-dev/rc-theme:typecheck: src/__tests__/theme.test.ts(155,56): error TS18046: 'theme' is of type 'unknown'.
@crab-dev/rc-theme:typecheck: src/__tests__/theme.test.ts(157,17): error TS18046: 'theme' is of type 'unknown'.
@crab-dev/rc-theme:typecheck: src/__tests__/theme.test.ts(158,17): error TS18046: 'theme' is of type 'unknown'.
@crab-dev/rc-theme:typecheck: src/__tests__/theme.test.ts(159,17): error TS18046: 'theme' is of type 'unknown'.
@crab-dev/rc-theme:typecheck: src/__tests__/theme.test.ts(167,20): error TS18046: 'theme' is of type 'unknown'.
@crab-dev/rc-theme:typecheck: src/__tests__/theme.test.ts(170,20): error TS18046: 'theme' is of type 'unknown'.
@crab-dev/rc-theme:typecheck: src/__tests__/theme.test.ts(178,50): error TS18046: 'theme' is of type 'unknown'.
@crab-dev/rc-theme:typecheck: src/__tests__/theme.test.ts(179,32): error TS18046: 'feedback' is of type 'unknown'.
@crab-dev/rc-theme:typecheck: src/__tests__/theme.test.ts(179,47): error TS18046: 'feedback' is of type 'unknown'.
@crab-dev/rc-theme:typecheck: src/__tests__/theme.test.ts(180,32): error TS18046: 'feedback' is of type 'unknown'.
@crab-dev/rc-theme:typecheck: src/__tests__/theme.test.ts(180,47): error TS18046: 'feedback' is of type 'unknown'.
@crab-dev/rc-theme:typecheck: src/__tests__/theme.test.ts(181,32): error TS18046: 'feedback' is of type 'unknown'.
@crab-dev/rc-theme:typecheck: src/__tests__/theme.test.ts(181,47): error TS18046: 'feedback' is of type 'unknown'.
@crab-dev/rc-theme:typecheck: src/__tests__/theme.test.ts(182,32): error TS18046: 'feedback' is of type 'unknown'.
@crab-dev/rc-theme:typecheck: src/__tests__/theme.test.ts(182,47): error TS18046: 'feedback' is of type 'unknown'.
@crab-dev/rc-theme:typecheck: src/__tests__/theme.test.ts(183,32): error TS18046: 'feedback' is of type 'unknown'.
@crab-dev/rc-theme:typecheck: src/__tests__/theme.test.ts(183,49): error TS18046: 'feedback' is of type 'unknown'.
@crab-dev/rc-theme:typecheck: src/__tests__/theme.test.ts(184,32): error TS18046: 'feedback' is of type 'unknown'.
@crab-dev/rc-theme:typecheck: src/__tests__/theme.test.ts(184,49): error TS18046: 'feedback' is of type 'unknown'.
@crab-dev/rc-theme:typecheck: src/__tests__/theme.test.ts(186,21): error TS18046: 'feedback' is of type 'unknown'.
@crab-dev/rc-theme:typecheck: src/__tests__/theme.test.ts(187,21): error TS18046: 'feedback' is of type 'unknown'.
@crab-dev/rc-theme:typecheck: src/__tests__/theme.test.ts(188,21): error TS18046: 'feedback' is of type 'unknown'.
@crab-dev/rc-theme:typecheck: src/__tests__/theme.test.ts(190,36): error TS18046: 'feedback' is of type 'unknown'.
@crab-dev/rc-theme:typecheck: src/__tests__/theme.test.ts(195,20): error TS18046: 'feedback' is of type 'unknown'.
@crab-dev/rc-theme:typecheck: src/__tests__/theme.test.ts(196,20): error TS18046: 'feedback' is of type 'unknown'.
@crab-dev/rc-theme:typecheck: src/theme-values.ts(1,30): error TS2307: Cannot find module '@crab-dev/css' or its corresponding type declarations.
@crab-dev/rc-theme:typecheck: src/theme-values.ts(2,21): error TS2307: Cannot find module '@crab-dev/rc-token-global' or its corresponding type declarations.
@crab-dev/rc-theme:typecheck: src/theme.ts(1,29): error TS2307: Cannot find module '@crab-dev/css' or its corresponding type declarations.
@crab-dev/rc-theme:typecheck: tsconfig.json(2,16): error TS6053: File '@crab-dev/standards-typescript-preset/tsconfig.browser.react.json' not found.
@crab-dev/rc-prose:typecheck: declarations/_wake/src/prose.d.ts(1,26): error TS2307: Cannot find module 'react' or its corresponding type declarations.
@crab-dev/rc-prose:typecheck: declarations/_wake/src/prose.d.ts(5,5): error TS2371: A parameter initializer is only allowed in a function or constructor implementation.
@crab-dev/rc-prose:typecheck: declarations/_wake/src/prose.d.ts(6,5): error TS2371: A parameter initializer is only allowed in a function or constructor implementation.
@crab-dev/rc-prose:typecheck: declarations/_wake/src/prose.d.ts(8,5): error TS2339: Property 'className' does not exist on type 'ProseProps'.
@crab-dev/rc-prose:typecheck: declarations/_wake/src/prose.d.ts(9,5): error TS2339: Property 'children' does not exist on type 'ProseProps'.
@crab-dev/rc-prose:typecheck: declarations/_wake/src/prose.d.ts(12,24): error TS2307: Cannot find module 'react' or its corresponding type declarations.
@crab-dev/rc-prose:typecheck: declarations/_wake/src/types.d.ts(1,42): error TS2307: Cannot find module 'react' or its corresponding type declarations.
@crab-dev/rc-prose:typecheck: docs/demos/basic.demo.tsx(10,9): error TS17004: Cannot use JSX unless the '--jsx' flag is provided.
@crab-dev/rc-prose:typecheck: docs/demos/basic.demo.tsx(11,13): error TS7026: JSX element implicitly has type 'any' because no interface 'JSX.IntrinsicElements' exists.
@crab-dev/rc-prose:typecheck: docs/demos/basic.demo.tsx(11,13): error TS17004: Cannot use JSX unless the '--jsx' flag is provided.
@crab-dev/rc-prose:typecheck: docs/demos/basic.demo.tsx(11,27): error TS7026: JSX element implicitly has type 'any' because no interface 'JSX.IntrinsicElements' exists.
@crab-dev/rc-prose:typecheck: docs/demos/basic.demo.tsx(12,13): error TS7026: JSX element implicitly has type 'any' because no interface 'JSX.IntrinsicElements' exists.
@crab-dev/rc-prose:typecheck: docs/demos/basic.demo.tsx(12,13): error TS17004: Cannot use JSX unless the '--jsx' flag is provided.
@crab-dev/rc-prose:typecheck: docs/demos/basic.demo.tsx(14,13): error TS7026: JSX element implicitly has type 'any' because no interface 'JSX.IntrinsicElements' exists.
@crab-dev/rc-prose:typecheck: docs/demos/basic.demo.tsx(16,13): error TS7026: JSX element implicitly has type 'any' because no interface 'JSX.IntrinsicElements' exists.
@crab-dev/rc-prose:typecheck: docs/demos/basic.demo.tsx(16,13): error TS17004: Cannot use JSX unless the '--jsx' flag is provided.
@crab-dev/rc-prose:typecheck: docs/demos/basic.demo.tsx(16,21): error TS7026: JSX element implicitly has type 'any' because no interface 'JSX.IntrinsicElements' exists.
@crab-dev/rc-prose:typecheck: docs/demos/basic.demo.tsx(17,13): error TS7026: JSX element implicitly has type 'any' because no interface 'JSX.IntrinsicElements' exists.
@crab-dev/rc-prose:typecheck: docs/demos/basic.demo.tsx(17,13): error TS17004: Cannot use JSX unless the '--jsx' flag is provided.
@crab-dev/rc-prose:typecheck: docs/demos/basic.demo.tsx(18,25): error TS7026: JSX element implicitly has type 'any' because no interface 'JSX.IntrinsicElements' exists.
@crab-dev/rc-prose:typecheck: docs/demos/basic.demo.tsx(18,25): error TS17004: Cannot use JSX unless the '--jsx' flag is provided.
@crab-dev/rc-prose:typecheck: docs/demos/basic.demo.tsx(18,35): error TS7026: JSX element implicitly has type 'any' because no interface 'JSX.IntrinsicElements' exists.
@crab-dev/rc-prose:typecheck: docs/demos/basic.demo.tsx(18,45): error TS7026: JSX element implicitly has type 'any' because no interface 'JSX.IntrinsicElements' exists.
@crab-dev/rc-prose:typecheck: docs/demos/basic.demo.tsx(18,45): error TS17004: Cannot use JSX unless the '--jsx' flag is provided.
@crab-dev/rc-prose:typecheck: docs/demos/basic.demo.tsx(18,51): error TS7026: JSX element implicitly has type 'any' because no interface 'JSX.IntrinsicElements' exists.
@crab-dev/rc-prose:typecheck: docs/demos/basic.demo.tsx(19,17): error TS7026: JSX element implicitly has type 'any' because no interface 'JSX.IntrinsicElements' exists.
@crab-dev/rc-prose:typecheck: docs/demos/basic.demo.tsx(19,17): error TS17004: Cannot use JSX unless the '--jsx' flag is provided.
@crab-dev/rc-prose:typecheck: docs/demos/basic.demo.tsx(19,31): error TS7026: JSX element implicitly has type 'any' because no interface 'JSX.IntrinsicElements' exists.
@crab-dev/rc-text-edit:build:library: cache hit, replaying logs bf63233922d88533
@crab-dev/rc-text-edit:build:library: 
@crab-dev/rc-text-edit:build:library:   ⚡ WAKE / LIBRARY TOKEN  v0.1.38
@crab-dev/rc-text-edit:build:library: 
@crab-dev/rc-text-edit:build:library:   ✓  Tokens generated in 70ms
@crab-dev/rc-text-edit:build:library:      1 files · 8.6 KB
@crab-dev/rc-text-edit:build:library:      Output  C:\Users\zhang\Desktop\crab-dev\components\rc-text-edit\src\token.ts
@crab-dev/rc-text-edit:build:library: 
@crab-dev/rc-text-edit:build:library: 
@crab-dev/rc-text-edit:build:library:   ⚡ WAKE / LIBRARY BUILD  v0.1.38
@crab-dev/rc-text-edit:build:library: 
@crab-dev/rc-text-edit:build:library:   ✓  Built library in 232ms
@crab-dev/rc-text-edit:build:library:      3 modules · 10 files · 37.2 KB
@crab-dev/rc-text-edit:build:library:      Output  C:\Users\zhang\Desktop\crab-dev\components\rc-text-edit
@crab-dev/rc-text-edit:build:library: 
@crab-dev/rc-prose:typecheck: docs/demos/basic.demo.tsx(20,13): error TS7026: JSX element implicitly has type 'any' because no interface 'JSX.IntrinsicElements' exists.
@crab-dev/rc-prose:typecheck: docs/demos/basic.demo.tsx(22,13): error TS7026: JSX element implicitly has type 'any' because no interface 'JSX.IntrinsicElements' exists.
@crab-dev/rc-prose:typecheck: docs/demos/basic.demo.tsx(22,13): error TS17004: Cannot use JSX unless the '--jsx' flag is provided.
@crab-dev/rc-prose:typecheck: docs/demos/basic.demo.tsx(22,19): error TS7026: JSX element implicitly has type 'any' because no interface 'JSX.IntrinsicElements' exists.
@crab-dev/rc-prose:typecheck: docs/demos/basic.demo.tsx(23,13): error TS7026: JSX element implicitly has type 'any' because no interface 'JSX.IntrinsicElements' exists.
@crab-dev/rc-prose:typecheck: docs/demos/basic.demo.tsx(23,13): error TS17004: Cannot use JSX unless the '--jsx' flag is provided.
@crab-dev/rc-prose:typecheck: docs/demos/basic.demo.tsx(24,17): error TS7026: JSX element implicitly has type 'any' because no interface 'JSX.IntrinsicElements' exists.
@crab-dev/rc-prose:typecheck: docs/demos/basic.demo.tsx(24,17): error TS17004: Cannot use JSX unless the '--jsx' flag is provided.
@crab-dev/rc-prose:typecheck: docs/demos/basic.demo.tsx(24,49): error TS7026: JSX element implicitly has type 'any' because no interface 'JSX.IntrinsicElements' exists.
@crab-dev/rc-prose:typecheck: docs/demos/basic.demo.tsx(25,13): error TS7026: JSX element implicitly has type 'any' because no interface 'JSX.IntrinsicElements' exists.
@crab-dev/rc-prose:typecheck: docs/demos/basic.demo.tsx(27,13): error TS7026: JSX element implicitly has type 'any' because no interface 'JSX.IntrinsicElements' exists.
@crab-dev/rc-prose:typecheck: docs/demos/basic.demo.tsx(27,13): error TS17004: Cannot use JSX unless the '--jsx' flag is provided.
@crab-dev/rc-prose:typecheck: docs/demos/basic.demo.tsx(27,19): error TS7026: JSX element implicitly has type 'any' because no interface 'JSX.IntrinsicElements' exists.
@crab-dev/rc-prose:typecheck: docs/demos/basic.demo.tsx(28,13): error TS7026: JSX element implicitly has type 'any' because no interface 'JSX.IntrinsicElements' exists.
@crab-dev/rc-prose:typecheck: docs/demos/basic.demo.tsx(28,13): error TS17004: Cannot use JSX unless the '--jsx' flag is provided.
@crab-dev/rc-prose:typecheck: docs/demos/basic.demo.tsx(29,17): error TS7026: JSX element implicitly has type 'any' because no interface 'JSX.IntrinsicElements' exists.
@crab-dev/rc-prose:typecheck: docs/demos/basic.demo.tsx(29,17): error TS17004: Cannot use JSX unless the '--jsx' flag is provided.
@crab-dev/rc-prose:typecheck: docs/demos/basic.demo.tsx(29,28): error TS7026: JSX element implicitly has type 'any' because no interface 'JSX.IntrinsicElements' exists.
@crab-dev/rc-prose:typecheck: docs/demos/basic.demo.tsx(30,17): error TS7026: JSX element implicitly has type 'any' because no interface 'JSX.IntrinsicElements' exists.
@crab-dev/rc-prose:typecheck: docs/demos/basic.demo.tsx(30,17): error TS17004: Cannot use JSX unless the '--jsx' flag is provided.
@crab-dev/rc-prose:typecheck: docs/demos/basic.demo.tsx(30,28): error TS7026: JSX element implicitly has type 'any' because no interface 'JSX.IntrinsicElements' exists.
@crab-dev/rc-prose:typecheck: docs/demos/basic.demo.tsx(31,17): error TS7026: JSX element implicitly has type 'any' because no interface 'JSX.IntrinsicElements' exists.
@crab-dev/rc-prose:typecheck: docs/demos/basic.demo.tsx(31,17): error TS17004: Cannot use JSX unless the '--jsx' flag is provided.
@crab-dev/rc-prose:typecheck: docs/demos/basic.demo.tsx(31,28): error TS7026: JSX element implicitly has type 'any' because no interface 'JSX.IntrinsicElements' exists.
@crab-dev/rc-prose:typecheck: docs/demos/basic.demo.tsx(32,13): error TS7026: JSX element implicitly has type 'any' because no interface 'JSX.IntrinsicElements' exists.
@crab-dev/rc-prose:typecheck: docs/demos/basic.demo.tsx(33,13): error TS7026: JSX element implicitly has type 'any' because no interface 'JSX.IntrinsicElements' exists.
@crab-dev/rc-prose:typecheck: docs/demos/basic.demo.tsx(33,13): error TS17004: Cannot use JSX unless the '--jsx' flag is provided.
@crab-dev/rc-prose:typecheck: docs/demos/basic.demo.tsx(34,17): error TS7026: JSX element implicitly has type 'any' because no interface 'JSX.IntrinsicElements' exists.
@crab-dev/rc-prose:typecheck: docs/demos/basic.demo.tsx(34,17): error TS17004: Cannot use JSX unless the '--jsx' flag is provided.
@crab-dev/rc-prose:typecheck: docs/demos/basic.demo.tsx(34,28): error TS7026: JSX element implicitly has type 'any' because no interface 'JSX.IntrinsicElements' exists.
@crab-dev/rc-prose:typecheck: docs/demos/basic.demo.tsx(35,17): error TS7026: JSX element implicitly has type 'any' because no interface 'JSX.IntrinsicElements' exists.
@crab-dev/rc-prose:typecheck: docs/demos/basic.demo.tsx(35,17): error TS17004: Cannot use JSX unless the '--jsx' flag is provided.
@crab-dev/rc-prose:typecheck: docs/demos/basic.demo.tsx(35,28): error TS7026: JSX element implicitly has type 'any' because no interface 'JSX.IntrinsicElements' exists.
@crab-dev/rc-prose:typecheck: docs/demos/basic.demo.tsx(36,17): error TS7026: JSX element implicitly has type 'any' because no interface 'JSX.IntrinsicElements' exists.
@crab-dev/rc-prose:typecheck: docs/demos/basic.demo.tsx(36,17): error TS17004: Cannot use JSX unless the '--jsx' flag is provided.
@crab-dev/rc-prose:typecheck: docs/demos/basic.demo.tsx(36,28): error TS7026: JSX element implicitly has type 'any' because no interface 'JSX.IntrinsicElements' exists.
@crab-dev/rc-prose:typecheck: docs/demos/basic.demo.tsx(37,13): error TS7026: JSX element implicitly has type 'any' because no interface 'JSX.IntrinsicElements' exists.
@crab-dev/rc-prose:typecheck: docs/demos/basic.demo.tsx(39,13): error TS7026: JSX element implicitly has type 'any' because no interface 'JSX.IntrinsicElements' exists.
@crab-dev/rc-prose:typecheck: docs/demos/basic.demo.tsx(39,13): error TS17004: Cannot use JSX unless the '--jsx' flag is provided.
@crab-dev/rc-prose:typecheck: docs/demos/basic.demo.tsx(41,13): error TS7026: JSX element implicitly has type 'any' because no interface 'JSX.IntrinsicElements' exists.
@crab-dev/rc-prose:typecheck: docs/demos/basic.demo.tsx(41,13): error TS17004: Cannot use JSX unless the '--jsx' flag is provided.
@crab-dev/rc-prose:typecheck: docs/demos/basic.demo.tsx(41,19): error TS7026: JSX element implicitly has type 'any' because no interface 'JSX.IntrinsicElements' exists.
@crab-dev/rc-prose:typecheck: docs/demos/basic.demo.tsx(42,13): error TS7026: JSX element implicitly has type 'any' because no interface 'JSX.IntrinsicElements' exists.
@crab-dev/rc-prose:typecheck: docs/demos/basic.demo.tsx(42,13): error TS17004: Cannot use JSX unless the '--jsx' flag is provided.
@crab-dev/rc-prose:typecheck: docs/demos/basic.demo.tsx(43,22): error TS7026: JSX element implicitly has type 'any' because no interface 'JSX.IntrinsicElements' exists.
@crab-dev/rc-prose:typecheck: docs/demos/basic.demo.tsx(43,22): error TS17004: Cannot use JSX unless the '--jsx' flag is provided.
@crab-dev/rc-prose:typecheck: docs/demos/basic.demo.tsx(43,39): error TS7026: JSX element implicitly has type 'any' because no interface 'JSX.IntrinsicElements' exists.
@crab-dev/rc-prose:typecheck: docs/demos/basic.demo.tsx(44,13): error TS7026: JSX element implicitly has type 'any' because no interface 'JSX.IntrinsicElements' exists.
@crab-dev/rc-prose:typecheck: docs/demos/basic.demo.tsx(45,13): error TS7026: JSX element implicitly has type 'any' because no interface 'JSX.IntrinsicElements' exists.
@crab-dev/rc-prose:typecheck: docs/demos/basic.demo.tsx(45,13): error TS17004: Cannot use JSX unless the '--jsx' flag is provided.
@crab-dev/rc-prose:typecheck: docs/demos/basic.demo.tsx(46,17): error TS7026: JSX element implicitly has type 'any' because no interface 'JSX.IntrinsicElements' exists.
@crab-dev/rc-prose:typecheck: docs/demos/basic.demo.tsx(46,17): error TS17004: Cannot use JSX unless the '--jsx' flag is provided.
@crab-dev/rc-prose:typecheck: docs/demos/basic.demo.tsx(54,4): error TS7026: JSX element implicitly has type 'any' because no interface 'JSX.IntrinsicElements' exists.
@crab-dev/rc-prose:typecheck: docs/demos/basic.demo.tsx(55,13): error TS7026: JSX element implicitly has type 'any' because no interface 'JSX.IntrinsicElements' exists.
@crab-dev/rc-prose:typecheck: docs/demos/semantic-tag.demo.tsx(6,21): error TS2307: Cannot find module '@crab-dev/css' or its corresponding type declarations.
@crab-dev/rc-prose:typecheck: docs/demos/semantic-tag.demo.tsx(26,9): error TS7026: JSX element implicitly has type 'any' because no interface 'JSX.IntrinsicElements' exists.
@crab-dev/rc-prose:typecheck: docs/demos/semantic-tag.demo.tsx(26,9): error TS17004: Cannot use JSX unless the '--jsx' flag is provided.
@crab-dev/rc-prose:typecheck: docs/demos/semantic-tag.demo.tsx(28,17): error TS7026: JSX element implicitly has type 'any' because no interface 'JSX.IntrinsicElements' exists.
@crab-dev/rc-prose:typecheck: docs/demos/semantic-tag.demo.tsx(28,17): error TS17004: Cannot use JSX unless the '--jsx' flag is provided.
@crab-dev/rc-prose:typecheck: docs/demos/semantic-tag.demo.tsx(29,21): error TS7026: JSX element implicitly has type 'any' because no interface 'JSX.IntrinsicElements' exists.
@crab-dev/rc-prose:typecheck: docs/demos/semantic-tag.demo.tsx(29,21): error TS17004: Cannot use JSX unless the '--jsx' flag is provided.
@crab-dev/rc-prose:typecheck: docs/demos/semantic-tag.demo.tsx(29,62): error TS7026: JSX element implicitly has type 'any' because no interface 'JSX.IntrinsicElements' exists.
@crab-dev/rc-prose:typecheck: docs/demos/semantic-tag.demo.tsx(30,21): error TS17004: Cannot use JSX unless the '--jsx' flag is provided.
@crab-dev/rc-prose:typecheck: docs/demos/semantic-tag.demo.tsx(31,25): error TS7026: JSX element implicitly has type 'any' because no interface 'JSX.IntrinsicElements' exists.
@crab-dev/rc-prose:typecheck: docs/demos/semantic-tag.demo.tsx(31,25): error TS17004: Cannot use JSX unless the '--jsx' flag is provided.
@crab-dev/rc-segmented:typecheck: cache miss, executing 026a248f38d7a003
@crab-dev/rc-virtual:typecheck: cache miss, executing 7b9563a71f7cbc45
@crab-dev/rc-tooltip:typecheck: declarations/_wake/src/tooltip.d.ts(1,77): error TS2307: Cannot find module 'react' or its corresponding type declarations.
@crab-dev/rc-tooltip:typecheck: declarations/_wake/src/tooltip.d.ts(7,5): error TS2371: A parameter initializer is only allowed in a function or constructor implementation.
@crab-dev/rc-tooltip:typecheck: declarations/_wake/src/tooltip.d.ts(9,5): error TS2371: A parameter initializer is only allowed in a function or constructor implementation.
@crab-dev/rc-tooltip:typecheck: declarations/_wake/src/tooltip.d.ts(11,5): error TS2371: A parameter initializer is only allowed in a function or constructor implementation.
@crab-dev/rc-tooltip:typecheck: declarations/_wake/src/tooltip.d.ts(12,5): error TS2371: A parameter initializer is only allowed in a function or constructor implementation.
@crab-dev/rc-tooltip:typecheck: declarations/_wake/src/tooltip.d.ts(15,26): error TS2307: Cannot find module 'react' or its corresponding type declarations.
@crab-dev/rc-tooltip:typecheck: declarations/_wake/src/types.d.ts(1,32): error TS2307: Cannot find module '@floating-ui/react' or its corresponding type declarations.
@crab-dev/rc-tooltip:typecheck: declarations/_wake/src/types.d.ts(2,46): error TS2307: Cannot find module 'react' or its corresponding type declarations.
@crab-dev/rc-tooltip:typecheck: docs/demos/arrow.demo.tsx(10,9): error TS7026: JSX element implicitly has type 'any' because no interface 'JSX.IntrinsicElements' exists.
@crab-dev/rc-tooltip:typecheck: docs/demos/arrow.demo.tsx(10,9): error TS17004: Cannot use JSX unless the '--jsx' flag is provided.
@crab-dev/rc-tooltip:typecheck: docs/demos/arrow.demo.tsx(11,13): error TS17004: Cannot use JSX unless the '--jsx' flag is provided.
@crab-dev/rc-tooltip:typecheck: docs/demos/arrow.demo.tsx(11,14): error TS2741: Property 'children' is missing in type '{ title: string; }' but required in type 'TooltipProps'.
@crab-dev/rc-tooltip:typecheck: docs/demos/arrow.demo.tsx(12,17): error TS7026: JSX element implicitly has type 'any' because no interface 'JSX.IntrinsicElements' exists.
@crab-dev/rc-tooltip:typecheck: docs/demos/arrow.demo.tsx(12,17): error TS17004: Cannot use JSX unless the '--jsx' flag is provided.
@crab-dev/rc-tooltip:typecheck: docs/demos/arrow.demo.tsx(12,32): error TS7026: JSX element implicitly has type 'any' because no interface 'JSX.IntrinsicElements' exists.
@crab-dev/rc-tooltip:typecheck: docs/demos/arrow.demo.tsx(14,13): error TS17004: Cannot use JSX unless the '--jsx' flag is provided.
@crab-dev/rc-slider:typecheck: cache miss, executing 24b3336b0efd4fe9
@crab-dev/rc-tooltip:typecheck: docs/demos/arrow.demo.tsx(14,14): error TS2741: Property 'children' is missing in type '{ title: string; arrow: false; }' but required in type 'TooltipProps'.
@crab-dev/rc-tooltip:typecheck: docs/demos/arrow.demo.tsx(15,17): error TS7026: JSX element implicitly has type 'any' because no interface 'JSX.IntrinsicElements' exists.
@crab-dev/rc-tooltip:typecheck: docs/demos/arrow.demo.tsx(15,17): error TS17004: Cannot use JSX unless the '--jsx' flag is provided.
@crab-dev/rc-tooltip:typecheck: docs/demos/arrow.demo.tsx(15,28): error TS7026: JSX element implicitly has type 'any' because no interface 'JSX.IntrinsicElements' exists.
@crab-dev/rc-tooltip:typecheck: docs/demos/arrow.demo.tsx(17,9): error TS7026: JSX element implicitly has type 'any' because no interface 'JSX.IntrinsicElements' exists.
@crab-dev/rc-tooltip:typecheck: docs/demos/basic.demo.tsx(10,9): error TS7026: JSX element implicitly has type 'any' because no interface 'JSX.IntrinsicElements' exists.
@crab-dev/rc-tooltip:typecheck: docs/demos/basic.demo.tsx(10,9): error TS17004: Cannot use JSX unless the '--jsx' flag is provided.
@crab-dev/rc-tooltip:typecheck: docs/demos/basic.demo.tsx(11,13): error TS17004: Cannot use JSX unless the '--jsx' flag is provided.
@crab-dev/rc-tooltip:typecheck: docs/demos/basic.demo.tsx(11,14): error TS2741: Property 'children' is missing in type '{ title: string; }' but required in type 'TooltipProps'.
@crab-dev/rc-tooltip:typecheck: docs/demos/basic.demo.tsx(12,17): error TS7026: JSX element implicitly has type 'any' because no interface 'JSX.IntrinsicElements' exists.
@crab-dev/rc-tooltip:typecheck: docs/demos/basic.demo.tsx(12,17): error TS17004: Cannot use JSX unless the '--jsx' flag is provided.
@crab-dev/rc-tooltip:typecheck: docs/demos/basic.demo.tsx(12,29): error TS7026: JSX element implicitly has type 'any' because no interface 'JSX.IntrinsicElements' exists.
@crab-dev/rc-tooltip:typecheck: docs/demos/basic.demo.tsx(14,9): error TS7026: JSX element implicitly has type 'any' because no interface 'JSX.IntrinsicElements' exists.
@crab-dev/rc-tooltip:typecheck: docs/demos/placement.demo.tsx(6,21): error TS2307: Cannot find module '@crab-dev/css' or its corresponding type declarations.
@crab-dev/rc-tooltip:typecheck: docs/demos/placement.demo.tsx(25,9): error TS7026: JSX element implicitly has type 'any' because no interface 'JSX.IntrinsicElements' exists.
@crab-dev/rc-tooltip:typecheck: docs/demos/placement.demo.tsx(25,9): error TS17004: Cannot use JSX unless the '--jsx' flag is provided.
@crab-dev/rc-tooltip:typecheck: docs/demos/placement.demo.tsx(27,13): error TS7026: JSX element implicitly has type 'any' because no interface 'JSX.IntrinsicElements' exists.
@crab-dev/rc-tooltip:typecheck: docs/demos/placement.demo.tsx(27,13): error TS17004: Cannot use JSX unless the '--jsx' flag is provided.
@crab-dev/rc-tooltip:typecheck: docs/demos/placement.demo.tsx(28,13): error TS17004: Cannot use JSX unless the '--jsx' flag is provided.
@crab-dev/rc-tooltip:typecheck: docs/demos/placement.demo.tsx(28,14): error TS2741: Property 'children' is missing in type '{ title: string; placement: string; }' but required in type 'TooltipProps'.
@crab-dev/rc-tooltip:typecheck: docs/demos/placement.demo.tsx(29,17): error TS7026: JSX element implicitly has type 'any' because no interface 'JSX.IntrinsicElements' exists.
@crab-dev/rc-tooltip:typecheck: docs/demos/placement.demo.tsx(29,17): error TS17004: Cannot use JSX unless the '--jsx' flag is provided.
@crab-dev/rc-tooltip:typecheck: docs/demos/placement.demo.tsx(29,48): error TS7026: JSX element implicitly has type 'any' because no interface 'JSX.IntrinsicElements' exists.
@crab-dev/rc-tooltip:typecheck: docs/demos/placement.demo.tsx(31,13): error TS17004: Cannot use JSX unless the '--jsx' flag is provided.
@crab-dev/rc-tooltip:typecheck: docs/demos/placement.demo.tsx(31,14): error TS2741: Property 'children' is missing in type '{ title: string; placement: string; }' but required in type 'TooltipProps'.
@crab-dev/rc-tooltip:typecheck: docs/demos/placement.demo.tsx(32,17): error TS7026: JSX element implicitly has type 'any' because no interface 'JSX.IntrinsicElements' exists.
@crab-dev/rc-tooltip:typecheck: docs/demos/placement.demo.tsx(32,17): error TS17004: Cannot use JSX unless the '--jsx' flag is provided.
@crab-dev/rc-tooltip:typecheck: docs/demos/placement.demo.tsx(32,49): error TS7026: JSX element implicitly has type 'any' because no interface 'JSX.IntrinsicElements' exists.
@crab-dev/rc-tooltip:typecheck: docs/demos/placement.demo.tsx(34,13): error TS17004: Cannot use JSX unless the '--jsx' flag is provided.
@crab-dev/rc-tooltip:typecheck: docs/demos/placement.demo.tsx(34,14): error TS2741: Property 'children' is missing in type '{ title: string; placement: string; }' but required in type 'TooltipProps'.
@crab-dev/rc-split-pane:typecheck: cache miss, executing 85003af29b0e4df8
@crab-dev/rc-prose:typecheck: docs/demos/semantic-tag.demo.tsx(32,32): error TS7026: JSX element implicitly has type 'any' because no interface 'JSX.IntrinsicElements' exists.
@crab-dev/rc-prose:typecheck: docs/demos/semantic-tag.demo.tsx(32,32): error TS17004: Cannot use JSX unless the '--jsx' flag is provided.
@crab-dev/rc-prose:typecheck: docs/demos/semantic-tag.demo.tsx(32,58): error TS7026: JSX element implicitly has type 'any' because no interface 'JSX.IntrinsicElements' exists.
@crab-dev/rc-prose:typecheck: docs/demos/semantic-tag.demo.tsx(33,29): error TS7026: JSX element implicitly has type 'any' because no interface 'JSX.IntrinsicElements' exists.
@crab-dev/rc-prose:typecheck: docs/demos/semantic-tag.demo.tsx(33,29): error TS17004: Cannot use JSX unless the '--jsx' flag is provided.
@crab-dev/rc-tooltip:typecheck: docs/demos/placement.demo.tsx(35,17): error TS7026: JSX element implicitly has type 'any' because no interface 'JSX.IntrinsicElements' exists.
@crab-dev/rc-prose:typecheck: docs/demos/semantic-tag.demo.tsx(33,48): error TS7026: JSX element implicitly has type 'any' because no interface 'JSX.IntrinsicElements' exists.
@crab-dev/rc-tooltip:typecheck: docs/demos/placement.demo.tsx(35,17): error TS17004: Cannot use JSX unless the '--jsx' flag is provided.
@crab-dev/rc-prose:typecheck: docs/demos/semantic-tag.demo.tsx(34,25): error TS7026: JSX element implicitly has type 'any' because no interface 'JSX.IntrinsicElements' exists.
@crab-dev/rc-tooltip:typecheck: docs/demos/placement.demo.tsx(35,48): error TS7026: JSX element implicitly has type 'any' because no interface 'JSX.IntrinsicElements' exists.
@crab-dev/rc-prose:typecheck: docs/demos/semantic-tag.demo.tsx(36,17): error TS7026: JSX element implicitly has type 'any' because no interface 'JSX.IntrinsicElements' exists.
@crab-dev/rc-tooltip:typecheck: docs/demos/placement.demo.tsx(37,13): error TS7026: JSX element implicitly has type 'any' because no interface 'JSX.IntrinsicElements' exists.
@crab-dev/rc-prose:typecheck: docs/demos/semantic-tag.demo.tsx(38,9): error TS7026: JSX element implicitly has type 'any' because no interface 'JSX.IntrinsicElements' exists.
@crab-dev/rc-tooltip:typecheck: docs/demos/placement.demo.tsx(37,13): error TS17004: Cannot use JSX unless the '--jsx' flag is provided.
@crab-dev/rc-tooltip:typecheck: docs/demos/placement.demo.tsx(40,13): error TS17004: Cannot use JSX unless the '--jsx' flag is provided.
@crab-dev/rc-prose:typecheck: docs/demos/size.demo.tsx(6,21): error TS2307: Cannot find module '@crab-dev/css' or its corresponding type declarations.
@crab-dev/rc-tooltip:typecheck: docs/demos/placement.demo.tsx(40,14): error TS2741: Property 'children' is missing in type '{ title: string; placement: string; }' but required in type 'TooltipProps'.
@crab-dev/rc-prose:typecheck: docs/demos/size.demo.tsx(24,5): error TS17004: Cannot use JSX unless the '--jsx' flag is provided.
@crab-dev/rc-tooltip:typecheck: docs/demos/placement.demo.tsx(41,17): error TS7026: JSX element implicitly has type 'any' because no interface 'JSX.IntrinsicElements' exists.
@crab-dev/rc-prose:typecheck: docs/demos/size.demo.tsx(25,9): error TS7026: JSX element implicitly has type 'any' because no interface 'JSX.IntrinsicElements' exists.
@crab-dev/rc-tooltip:typecheck: docs/demos/placement.demo.tsx(41,17): error TS17004: Cannot use JSX unless the '--jsx' flag is provided.
@crab-dev/rc-prose:typecheck: docs/demos/size.demo.tsx(25,9): error TS17004: Cannot use JSX unless the '--jsx' flag is provided.
@crab-dev/rc-tooltip:typecheck: docs/demos/placement.demo.tsx(41,48): error TS7026: JSX element implicitly has type 'any' because no interface 'JSX.IntrinsicElements' exists.
@crab-dev/rc-prose:typecheck: docs/demos/size.demo.tsx(25,15): error TS7026: JSX element implicitly has type 'any' because no interface 'JSX.IntrinsicElements' exists.
@crab-dev/rc-prose:typecheck: docs/demos/size.demo.tsx(26,9): error TS7026: JSX element implicitly has type 'any' because no interface 'JSX.IntrinsicElements' exists.
@crab-dev/rc-tooltip:typecheck: docs/demos/placement.demo.tsx(43,13): error TS7026: JSX element implicitly has type 'any' because no interface 'JSX.IntrinsicElements' exists.
@crab-dev/rc-prose:typecheck: docs/demos/size.demo.tsx(26,9): error TS17004: Cannot use JSX unless the '--jsx' flag is provided.
@crab-dev/rc-prose:typecheck: docs/demos/size.demo.tsx(27,21): error TS7026: JSX element implicitly has type 'any' because no interface 'JSX.IntrinsicElements' exists.
@crab-dev/rc-tooltip:typecheck: docs/demos/placement.demo.tsx(43,13): error TS17004: Cannot use JSX unless the '--jsx' flag is provided.
@crab-dev/rc-prose:typecheck: docs/demos/size.demo.tsx(27,21): error TS17004: Cannot use JSX unless the '--jsx' flag is provided.
@crab-dev/rc-tooltip:typecheck: docs/demos/placement.demo.tsx(44,13): error TS7026: JSX element implicitly has type 'any' because no interface 'JSX.IntrinsicElements' exists.
@crab-dev/rc-prose:typecheck: docs/demos/size.demo.tsx(27,31): error TS7026: JSX element implicitly has type 'any' because no interface 'JSX.IntrinsicElements' exists.
@crab-dev/rc-switch:typecheck: cache miss, executing 583937ccdbfb5c97
@crab-dev/rc-tooltip:typecheck: docs/demos/placement.demo.tsx(44,13): error TS17004: Cannot use JSX unless the '--jsx' flag is provided.
@crab-dev/rc-prose:typecheck: docs/demos/size.demo.tsx(27,41): error TS7026: JSX element implicitly has type 'any' because no interface 'JSX.IntrinsicElements' exists.
@crab-dev/rc-tooltip:typecheck: docs/demos/placement.demo.tsx(45,13): error TS7026: JSX element implicitly has type 'any' because no interface 'JSX.IntrinsicElements' exists.
@crab-dev/rc-prose:typecheck: docs/demos/size.demo.tsx(27,41): error TS17004: Cannot use JSX unless the '--jsx' flag is provided.
@crab-dev/rc-tooltip:typecheck: docs/demos/placement.demo.tsx(45,13): error TS17004: Cannot use JSX unless the '--jsx' flag is provided.
@crab-dev/rc-tooltip:typecheck: docs/demos/placement.demo.tsx(46,13): error TS17004: Cannot use JSX unless the '--jsx' flag is provided.
@crab-dev/rc-prose:typecheck: docs/demos/size.demo.tsx(27,55): error TS7026: JSX element implicitly has type 'any' because no interface 'JSX.IntrinsicElements' exists.
@crab-dev/rc-prose:typecheck: docs/demos/size.demo.tsx(27,63): error TS7026: JSX element implicitly has type 'any' because no interface 'JSX.IntrinsicElements' exists.
@crab-dev/rc-prose:typecheck: docs/demos/size.demo.tsx(27,63): error TS17004: Cannot use JSX unless the '--jsx' flag is provided.
@crab-dev/rc-tooltip:typecheck: docs/demos/placement.demo.tsx(46,14): error TS2741: Property 'children' is missing in type '{ title: string; placement: string; }' but required in type 'TooltipProps'.
@crab-dev/rc-prose:typecheck: docs/demos/size.demo.tsx(27,73): error TS7026: JSX element implicitly has type 'any' because no interface 'JSX.IntrinsicElements' exists.
@crab-dev/rc-prose:typecheck: docs/demos/size.demo.tsx(28,9): error TS7026: JSX element implicitly has type 'any' because no interface 'JSX.IntrinsicElements' exists.
@crab-dev/rc-prose:typecheck: docs/demos/size.demo.tsx(29,9): error TS7026: JSX element implicitly has type 'any' because no interface 'JSX.IntrinsicElements' exists.
@crab-dev/rc-prose:typecheck: docs/demos/size.demo.tsx(29,9): error TS17004: Cannot use JSX unless the '--jsx' flag is provided.
@crab-dev/rc-prose:typecheck: docs/demos/size.demo.tsx(30,13): error TS7026: JSX element implicitly has type 'any' because no interface 'JSX.IntrinsicElements' exists.
@crab-dev/rc-prose:typecheck: docs/demos/size.demo.tsx(30,13): error TS17004: Cannot use JSX unless the '--jsx' flag is provided.
@crab-dev/rc-prose:typecheck: docs/demos/size.demo.tsx(30,22): error TS7026: JSX element implicitly has type 'any' because no interface 'JSX.IntrinsicElements' exists.
@crab-dev/rc-prose:typecheck: docs/demos/size.demo.tsx(31,13): error TS7026: JSX element implicitly has type 'any' because no interface 'JSX.IntrinsicElements' exists.
@crab-dev/rc-prose:typecheck: docs/demos/size.demo.tsx(31,13): error TS17004: Cannot use JSX unless the '--jsx' flag is provided.
@crab-dev/rc-prose:typecheck: docs/demos/size.demo.tsx(31,22): error TS7026: JSX element implicitly has type 'any' because no interface 'JSX.IntrinsicElements' exists.
@crab-dev/rc-prose:typecheck: docs/demos/size.demo.tsx(32,9): error TS7026: JSX element implicitly has type 'any' because no interface 'JSX.IntrinsicElements' exists.
@crab-dev/rc-prose:typecheck: docs/demos/size.demo.tsx(40,9): error TS7026: JSX element implicitly has type 'any' because no interface 'JSX.IntrinsicElements' exists.
@crab-dev/rc-prose:typecheck: docs/demos/size.demo.tsx(40,9): error TS17004: Cannot use JSX unless the '--jsx' flag is provided.
@crab-dev/rc-prose:typecheck: docs/demos/size.demo.tsx(42,17): error TS7026: JSX element implicitly has type 'any' because no interface 'JSX.IntrinsicElements' exists.
@crab-dev/rc-prose:typecheck: docs/demos/size.demo.tsx(42,17): error TS17004: Cannot use JSX unless the '--jsx' flag is provided.
@crab-dev/rc-prose:typecheck: docs/demos/size.demo.tsx(43,21): error TS7026: JSX element implicitly has type 'any' because no interface 'JSX.IntrinsicElements' exists.
@crab-dev/rc-prose:typecheck: docs/demos/size.demo.tsx(43,21): error TS17004: Cannot use JSX unless the '--jsx' flag is provided.
@crab-dev/rc-tooltip:typecheck: docs/demos/placement.demo.tsx(47,17): error TS7026: JSX element implicitly has type 'any' because no interface 'JSX.IntrinsicElements' exists.
@crab-dev/rc-tooltip:typecheck: docs/demos/placement.demo.tsx(47,17): error TS17004: Cannot use JSX unless the '--jsx' flag is provided.
@crab-dev/rc-prose:typecheck: docs/demos/size.demo.tsx(43,60): error TS7026: JSX element implicitly has type 'any' because no interface 'JSX.IntrinsicElements' exists.
@crab-dev/rc-tooltip:typecheck: docs/demos/placement.demo.tsx(47,48): error TS7026: JSX element implicitly has type 'any' because no interface 'JSX.IntrinsicElements' exists.
@crab-dev/rc-prose:typecheck: docs/demos/size.demo.tsx(44,21): error TS17004: Cannot use JSX unless the '--jsx' flag is provided.
@crab-dev/rc-tooltip:typecheck: docs/demos/placement.demo.tsx(51,13): error TS17004: Cannot use JSX unless the '--jsx' flag is provided.
@crab-dev/rc-prose:typecheck: docs/demos/size.demo.tsx(45,17): error TS7026: JSX element implicitly has type 'any' because no interface 'JSX.IntrinsicElements' exists.
@crab-dev/rc-tooltip:typecheck: docs/demos/placement.demo.tsx(51,14): error TS2741: Property 'children' is missing in type '{ title: string; placement: string; }' but required in type 'TooltipProps'.
@crab-dev/rc-tooltip:typecheck: docs/demos/placement.demo.tsx(52,17): error TS7026: JSX element implicitly has type 'any' because no interface 'JSX.IntrinsicElements' exists.
@crab-dev/rc-prose:typecheck: docs/demos/size.demo.tsx(47,9): error TS7026: JSX element implicitly has type 'any' because no interface 'JSX.IntrinsicElements' exists.
@crab-dev/rc-prose:typecheck: docs/demos/table.demo.tsx(10,9): error TS17004: Cannot use JSX unless the '--jsx' flag is provided.
@crab-dev/rc-tooltip:typecheck: docs/demos/placement.demo.tsx(52,17): error TS17004: Cannot use JSX unless the '--jsx' flag is provided.
@crab-dev/rc-prose:typecheck: docs/demos/table.demo.tsx(11,13): error TS7026: JSX element implicitly has type 'any' because no interface 'JSX.IntrinsicElements' exists.
@crab-dev/rc-prose:typecheck: docs/demos/table.demo.tsx(11,13): error TS17004: Cannot use JSX unless the '--jsx' flag is provided.
@crab-dev/rc-tooltip:typecheck: docs/demos/placement.demo.tsx(52,50): error TS7026: JSX element implicitly has type 'any' because no interface 'JSX.IntrinsicElements' exists.
@crab-dev/rc-prose:typecheck: docs/demos/table.demo.tsx(11,19): error TS7026: JSX element implicitly has type 'any' because no interface 'JSX.IntrinsicElements' exists.
@crab-dev/rc-tooltip:typecheck: docs/demos/placement.demo.tsx(54,13): error TS7026: JSX element implicitly has type 'any' because no interface 'JSX.IntrinsicElements' exists.
@crab-dev/rc-prose:typecheck: docs/demos/table.demo.tsx(12,13): error TS7026: JSX element implicitly has type 'any' because no interface 'JSX.IntrinsicElements' exists.
@crab-dev/rc-tooltip:typecheck: docs/demos/placement.demo.tsx(54,13): error TS17004: Cannot use JSX unless the '--jsx' flag is provided.
@crab-dev/rc-prose:typecheck: docs/demos/table.demo.tsx(12,13): error TS17004: Cannot use JSX unless the '--jsx' flag is provided.
@crab-dev/rc-tooltip:typecheck: docs/demos/placement.demo.tsx(55,13): error TS7026: JSX element implicitly has type 'any' because no interface 'JSX.IntrinsicElements' exists.
@crab-dev/rc-prose:typecheck: docs/demos/table.demo.tsx(13,17): error TS7026: JSX element implicitly has type 'any' because no interface 'JSX.IntrinsicElements' exists.
@crab-dev/rc-prose:typecheck: docs/demos/table.demo.tsx(13,17): error TS17004: Cannot use JSX unless the '--jsx' flag is provided.
@crab-dev/rc-tooltip:typecheck: docs/demos/placement.demo.tsx(55,13): error TS17004: Cannot use JSX unless the '--jsx' flag is provided.
@crab-dev/rc-tooltip:typecheck: docs/demos/placement.demo.tsx(56,13): error TS7026: JSX element implicitly has type 'any' because no interface 'JSX.IntrinsicElements' exists.
@crab-dev/rc-prose:typecheck: docs/demos/table.demo.tsx(14,21): error TS7026: JSX element implicitly has type 'any' because no interface 'JSX.IntrinsicElements' exists.
@crab-dev/rc-prose:typecheck: docs/demos/table.demo.tsx(14,21): error TS17004: Cannot use JSX unless the '--jsx' flag is provided.
@crab-dev/rc-prose:typecheck: docs/demos/table.demo.tsx(15,25): error TS7026: JSX element implicitly has type 'any' because no interface 'JSX.IntrinsicElements' exists.
@crab-dev/rc-prose:typecheck: docs/demos/table.demo.tsx(15,25): error TS17004: Cannot use JSX unless the '--jsx' flag is provided.
@crab-dev/rc-prose:typecheck: docs/demos/table.demo.tsx(15,31): error TS7026: JSX element implicitly has type 'any' because no interface 'JSX.IntrinsicElements' exists.
@crab-dev/rc-prose:typecheck: docs/demos/table.demo.tsx(16,25): error TS7026: JSX element implicitly has type 'any' because no interface 'JSX.IntrinsicElements' exists.
@crab-dev/rc-prose:typecheck: docs/demos/table.demo.tsx(16,25): error TS17004: Cannot use JSX unless the '--jsx' flag is provided.
@crab-dev/rc-prose:typecheck: docs/demos/table.demo.tsx(16,31): error TS7026: JSX element implicitly has type 'any' because no interface 'JSX.IntrinsicElements' exists.
@crab-dev/rc-prose:typecheck: docs/demos/table.demo.tsx(17,25): error TS7026: JSX element implicitly has type 'any' because no interface 'JSX.IntrinsicElements' exists.
@crab-dev/rc-prose:typecheck: docs/demos/table.demo.tsx(17,25): error TS17004: Cannot use JSX unless the '--jsx' flag is provided.
@crab-dev/rc-prose:typecheck: docs/demos/table.demo.tsx(17,31): error TS7026: JSX element implicitly has type 'any' because no interface 'JSX.IntrinsicElements' exists.
@crab-dev/rc-prose:typecheck: docs/demos/table.demo.tsx(18,21): error TS7026: JSX element implicitly has type 'any' because no interface 'JSX.IntrinsicElements' exists.
@crab-dev/rc-prose:typecheck: docs/demos/table.demo.tsx(19,17): error TS7026: JSX element implicitly has type 'any' because no interface 'JSX.IntrinsicElements' exists.
@crab-dev/rc-notification:typecheck: cache miss, executing de8f1b770eee4573
@crab-dev/rc-radio:typecheck: cache miss, executing 46a1813969aec284
@crab-dev/rc-line-edit:typecheck: cache miss, executing 8ccbb2e40ebd9e1e
@crab-dev/rc-tooltip:typecheck: docs/demos/placement.demo.tsx(56,13): error TS17004: Cannot use JSX unless the '--jsx' flag is provided.
@crab-dev/rc-tooltip:typecheck: docs/demos/placement.demo.tsx(57,13): error TS17004: Cannot use JSX unless the '--jsx' flag is provided.
@crab-dev/rc-tooltip:typecheck: docs/demos/placement.demo.tsx(57,14): error TS2741: Property 'children' is missing in type '{ title: string; placement: string; }' but required in type 'TooltipProps'.
@crab-dev/rc-tooltip:typecheck: docs/demos/placement.demo.tsx(58,17): error TS7026: JSX element implicitly has type 'any' because no interface 'JSX.IntrinsicElements' exists.
@crab-dev/rc-tooltip:typecheck: docs/demos/placement.demo.tsx(58,17): error TS17004: Cannot use JSX unless the '--jsx' flag is provided.
@crab-dev/rc-tooltip:typecheck: docs/demos/placement.demo.tsx(58,51): error TS7026: JSX element implicitly has type 'any' because no interface 'JSX.IntrinsicElements' exists.
@crab-dev/rc-tooltip:typecheck: docs/demos/placement.demo.tsx(62,13): error TS17004: Cannot use JSX unless the '--jsx' flag is provided.
@crab-dev/rc-tooltip:typecheck: docs/demos/placement.demo.tsx(62,14): error TS2741: Property 'children' is missing in type '{ title: string; placement: string; }' but required in type 'TooltipProps'.
@crab-dev/rc-tooltip:typecheck: docs/demos/placement.demo.tsx(63,17): error TS7026: JSX element implicitly has type 'any' because no interface 'JSX.IntrinsicElements' exists.
@crab-dev/rc-prose:typecheck: docs/demos/table.demo.tsx(20,17): error TS7026: JSX element implicitly has type 'any' because no interface 'JSX.IntrinsicElements' exists.
@crab-dev/rc-tooltip:typecheck: docs/demos/placement.demo.tsx(63,17): error TS17004: Cannot use JSX unless the '--jsx' flag is provided.
@crab-dev/rc-prose:typecheck: docs/demos/table.demo.tsx(20,17): error TS17004: Cannot use JSX unless the '--jsx' flag is provided.
@crab-dev/rc-prose:typecheck: docs/demos/table.demo.tsx(21,21): error TS7026: JSX element implicitly has type 'any' because no interface 'JSX.IntrinsicElements' exists.
@crab-dev/rc-prose:typecheck: docs/demos/table.demo.tsx(21,21): error TS17004: Cannot use JSX unless the '--jsx' flag is provided.
@crab-dev/rc-prose:typecheck: docs/demos/table.demo.tsx(22,25): error TS7026: JSX element implicitly has type 'any' because no interface 'JSX.IntrinsicElements' exists.
@crab-dev/rc-prose:typecheck: docs/demos/table.demo.tsx(22,25): error TS17004: Cannot use JSX unless the '--jsx' flag is provided.
@crab-dev/rc-prose:typecheck: docs/demos/table.demo.tsx(22,31): error TS7026: JSX element implicitly has type 'any' because no interface 'JSX.IntrinsicElements' exists.
@crab-dev/rc-prose:typecheck: docs/demos/table.demo.tsx(23,25): error TS7026: JSX element implicitly has type 'any' because no interface 'JSX.IntrinsicElements' exists.
@crab-dev/rc-prose:typecheck: docs/demos/table.demo.tsx(23,25): error TS17004: Cannot use JSX unless the '--jsx' flag is provided.
@crab-dev/rc-prose:typecheck: docs/demos/table.demo.tsx(23,37): error TS7026: JSX element implicitly has type 'any' because no interface 'JSX.IntrinsicElements' exists.
@crab-dev/rc-prose:typecheck: docs/demos/table.demo.tsx(24,25): error TS7026: JSX element implicitly has type 'any' because no interface 'JSX.IntrinsicElements' exists.
@crab-dev/rc-prose:typecheck: docs/demos/table.demo.tsx(24,25): error TS17004: Cannot use JSX unless the '--jsx' flag is provided.
@crab-dev/rc-prose:typecheck: docs/demos/table.demo.tsx(24,34): error TS7026: JSX element implicitly has type 'any' because no interface 'JSX.IntrinsicElements' exists.
@crab-dev/rc-prose:typecheck: docs/demos/table.demo.tsx(25,21): error TS7026: JSX element implicitly has type 'any' because no interface 'JSX.IntrinsicElements' exists.
@crab-dev/rc-prose:typecheck: docs/demos/table.demo.tsx(26,21): error TS7026: JSX element implicitly has type 'any' because no interface 'JSX.IntrinsicElements' exists.
@crab-dev/rc-prose:typecheck: docs/demos/table.demo.tsx(26,21): error TS17004: Cannot use JSX unless the '--jsx' flag is provided.
@crab-dev/rc-prose:typecheck: docs/demos/table.demo.tsx(27,25): error TS7026: JSX element implicitly has type 'any' because no interface 'JSX.IntrinsicElements' exists.
@crab-dev/rc-prose:typecheck: docs/demos/table.demo.tsx(27,25): error TS17004: Cannot use JSX unless the '--jsx' flag is provided.
@crab-dev/rc-prose:typecheck: docs/demos/table.demo.tsx(27,33): error TS7026: JSX element implicitly has type 'any' because no interface 'JSX.IntrinsicElements' exists.
@crab-dev/rc-prose:typecheck: docs/demos/table.demo.tsx(28,25): error TS7026: JSX element implicitly has type 'any' because no interface 'JSX.IntrinsicElements' exists.
@crab-dev/rc-prose:typecheck: docs/demos/table.demo.tsx(28,25): error TS17004: Cannot use JSX unless the '--jsx' flag is provided.
@crab-dev/rc-prose:typecheck: docs/demos/table.demo.tsx(28,33): error TS7026: JSX element implicitly has type 'any' because no interface 'JSX.IntrinsicElements' exists.
@crab-dev/rc-prose:typecheck: docs/demos/table.demo.tsx(29,25): error TS7026: JSX element implicitly has type 'any' because no interface 'JSX.IntrinsicElements' exists.
@crab-dev/rc-prose:typecheck: docs/demos/table.demo.tsx(29,25): error TS17004: Cannot use JSX unless the '--jsx' flag is provided.
@crab-dev/rc-prose:typecheck: docs/demos/table.demo.tsx(29,33): error TS7026: JSX element implicitly has type 'any' because no interface 'JSX.IntrinsicElements' exists.
@crab-dev/rc-prose:typecheck: docs/demos/table.demo.tsx(30,21): error TS7026: JSX element implicitly has type 'any' because no interface 'JSX.IntrinsicElements' exists.
@crab-dev/rc-prose:typecheck: docs/demos/table.demo.tsx(31,21): error TS7026: JSX element implicitly has type 'any' because no interface 'JSX.IntrinsicElements' exists.
@crab-dev/rc-prose:typecheck: docs/demos/table.demo.tsx(31,21): error TS17004: Cannot use JSX unless the '--jsx' flag is provided.
@crab-dev/rc-prose:typecheck: docs/demos/table.demo.tsx(32,25): error TS7026: JSX element implicitly has type 'any' because no interface 'JSX.IntrinsicElements' exists.
@crab-dev/rc-prose:typecheck: docs/demos/table.demo.tsx(32,25): error TS17004: Cannot use JSX unless the '--jsx' flag is provided.
@crab-dev/rc-prose:typecheck: docs/demos/table.demo.tsx(32,31): error TS7026: JSX element implicitly has type 'any' because no interface 'JSX.IntrinsicElements' exists.
@crab-dev/rc-prose:typecheck: docs/demos/table.demo.tsx(33,25): error TS7026: JSX element implicitly has type 'any' because no interface 'JSX.IntrinsicElements' exists.
@crab-dev/rc-prose:typecheck: docs/demos/table.demo.tsx(33,25): error TS17004: Cannot use JSX unless the '--jsx' flag is provided.
@crab-dev/rc-prose:typecheck: docs/demos/table.demo.tsx(33,37): error TS7026: JSX element implicitly has type 'any' because no interface 'JSX.IntrinsicElements' exists.
@crab-dev/rc-prose:typecheck: docs/demos/table.demo.tsx(34,25): error TS7026: JSX element implicitly has type 'any' because no interface 'JSX.IntrinsicElements' exists.
@crab-dev/rc-prose:typecheck: docs/demos/table.demo.tsx(34,25): error TS17004: Cannot use JSX unless the '--jsx' flag is provided.
@crab-dev/rc-prose:typecheck: docs/demos/table.demo.tsx(34,34): error TS7026: JSX element implicitly has type 'any' because no interface 'JSX.IntrinsicElements' exists.
@crab-dev/rc-prose:typecheck: docs/demos/table.demo.tsx(35,21): error TS7026: JSX element implicitly has type 'any' because no interface 'JSX.IntrinsicElements' exists.
@crab-dev/rc-prose:typecheck: docs/demos/table.demo.tsx(36,21): error TS7026: JSX element implicitly has type 'any' because no interface 'JSX.IntrinsicElements' exists.
@crab-dev/rc-prose:typecheck: docs/demos/table.demo.tsx(36,21): error TS17004: Cannot use JSX unless the '--jsx' flag is provided.
@crab-dev/rc-prose:typecheck: docs/demos/table.demo.tsx(37,25): error TS7026: JSX element implicitly has type 'any' because no interface 'JSX.IntrinsicElements' exists.
@crab-dev/rc-prose:typecheck: docs/demos/table.demo.tsx(37,25): error TS17004: Cannot use JSX unless the '--jsx' flag is provided.
@crab-dev/rc-prose:typecheck: docs/demos/table.demo.tsx(37,31): error TS7026: JSX element implicitly has type 'any' because no interface 'JSX.IntrinsicElements' exists.
@crab-dev/rc-prose:typecheck: docs/demos/table.demo.tsx(38,25): error TS7026: JSX element implicitly has type 'any' because no interface 'JSX.IntrinsicElements' exists.
@crab-dev/rc-prose:typecheck: docs/demos/table.demo.tsx(38,25): error TS17004: Cannot use JSX unless the '--jsx' flag is provided.
@crab-dev/rc-prose:typecheck: docs/demos/table.demo.tsx(38,36): error TS7026: JSX element implicitly has type 'any' because no interface 'JSX.IntrinsicElements' exists.
@crab-dev/rc-prose:typecheck: docs/demos/table.demo.tsx(39,25): error TS7026: JSX element implicitly has type 'any' because no interface 'JSX.IntrinsicElements' exists.
@crab-dev/rc-prose:typecheck: docs/demos/table.demo.tsx(39,25): error TS17004: Cannot use JSX unless the '--jsx' flag is provided.
@crab-dev/rc-prose:typecheck: docs/demos/table.demo.tsx(39,32): error TS7026: JSX element implicitly has type 'any' because no interface 'JSX.IntrinsicElements' exists.
@crab-dev/rc-prose:typecheck: docs/demos/table.demo.tsx(40,21): error TS7026: JSX element implicitly has type 'any' because no interface 'JSX.IntrinsicElements' exists.
@crab-dev/rc-prose:typecheck: docs/demos/table.demo.tsx(41,17): error TS7026: JSX element implicitly has type 'any' because no interface 'JSX.IntrinsicElements' exists.
@crab-dev/rc-prose:typecheck: docs/demos/table.demo.tsx(42,13): error TS7026: JSX element implicitly has type 'any' because no interface 'JSX.IntrinsicElements' exists.
@crab-dev/rc-prose:typecheck: docs/demos/table.demo.tsx(44,13): error TS7026: JSX element implicitly has type 'any' because no interface 'JSX.IntrinsicElements' exists.
@crab-dev/rc-prose:typecheck: docs/demos/table.demo.tsx(44,13): error TS17004: Cannot use JSX unless the '--jsx' flag is provided.
@crab-dev/rc-prose:typecheck: docs/demos/table.demo.tsx(44,21): error TS7026: JSX element implicitly has type 'any' because no interface 'JSX.IntrinsicElements' exists.
@crab-dev/rc-prose:typecheck: docs/demos/table.demo.tsx(45,13): error TS7026: JSX element implicitly has type 'any' because no interface 'JSX.IntrinsicElements' exists.
@crab-dev/rc-prose:typecheck: docs/demos/table.demo.tsx(45,13): error TS17004: Cannot use JSX unless the '--jsx' flag is provided.
@crab-dev/rc-prose:typecheck: docs/demos/table.demo.tsx(46,17): error TS7026: JSX element implicitly has type 'any' because no interface 'JSX.IntrinsicElements' exists.
@crab-dev/rc-prose:typecheck: docs/demos/table.demo.tsx(46,17): error TS17004: Cannot use JSX unless the '--jsx' flag is provided.
@crab-dev/rc-prose:typecheck: docs/demos/table.demo.tsx(46,26): error TS7026: JSX element implicitly has type 'any' because no interface 'JSX.IntrinsicElements' exists.
@crab-dev/rc-prose:typecheck: docs/demos/table.demo.tsx(47,17): error TS7026: JSX element implicitly has type 'any' because no interface 'JSX.IntrinsicElements' exists.
@crab-dev/rc-prose:typecheck: docs/demos/table.demo.tsx(47,17): error TS17004: Cannot use JSX unless the '--jsx' flag is provided.
@crab-dev/rc-prose:typecheck: docs/demos/table.demo.tsx(47,50): error TS7026: JSX element implicitly has type 'any' because no interface 'JSX.IntrinsicElements' exists.
@crab-dev/rc-prose:typecheck: docs/demos/table.demo.tsx(49,17): error TS7026: JSX element implicitly has type 'any' because no interface 'JSX.IntrinsicElements' exists.
@crab-dev/rc-prose:typecheck: docs/demos/table.demo.tsx(49,17): error TS17004: Cannot use JSX unless the '--jsx' flag is provided.
@crab-dev/rc-prose:typecheck: docs/demos/table.demo.tsx(49,29): error TS7026: JSX element implicitly has type 'any' because no interface 'JSX.IntrinsicElements' exists.
@crab-dev/rc-prose:typecheck: docs/demos/table.demo.tsx(50,17): error TS7026: JSX element implicitly has type 'any' because no interface 'JSX.IntrinsicElements' exists.
@crab-dev/rc-prose:typecheck: docs/demos/table.demo.tsx(50,17): error TS17004: Cannot use JSX unless the '--jsx' flag is provided.
@crab-dev/rc-prose:typecheck: docs/demos/table.demo.tsx(50,51): error TS7026: JSX element implicitly has type 'any' because no interface 'JSX.IntrinsicElements' exists.
@crab-dev/rc-prose:typecheck: docs/demos/table.demo.tsx(52,17): error TS7026: JSX element implicitly has type 'any' because no interface 'JSX.IntrinsicElements' exists.
@crab-dev/rc-prose:typecheck: docs/demos/table.demo.tsx(52,17): error TS17004: Cannot use JSX unless the '--jsx' flag is provided.
@crab-dev/rc-prose:typecheck: docs/demos/table.demo.tsx(52,33): error TS7026: JSX element implicitly has type 'any' because no interface 'JSX.IntrinsicElements' exists.
@crab-dev/rc-prose:typecheck: docs/demos/table.demo.tsx(53,17): error TS7026: JSX element implicitly has type 'any' because no interface 'JSX.IntrinsicElements' exists.
@crab-dev/rc-prose:typecheck: docs/demos/table.demo.tsx(53,17): error TS17004: Cannot use JSX unless the '--jsx' flag is provided.
@crab-dev/rc-prose:typecheck: docs/demos/table.demo.tsx(53,47): error TS7026: JSX element implicitly has type 'any' because no interface 'JSX.IntrinsicElements' exists.
@crab-dev/rc-prose:typecheck: docs/demos/table.demo.tsx(54,13): error TS7026: JSX element implicitly has type 'any' because no interface 'JSX.IntrinsicElements' exists.
@crab-dev/rc-tooltip:typecheck: docs/demos/placement.demo.tsx(63,48): error TS7026: JSX element implicitly has type 'any' because no interface 'JSX.IntrinsicElements' exists.
@crab-dev/rc-tooltip:typecheck: docs/demos/placement.demo.tsx(65,13): error TS7026: JSX element implicitly has type 'any' because no interface 'JSX.IntrinsicElements' exists.
@crab-dev/rc-tooltip:typecheck: docs/demos/placement.demo.tsx(65,13): error TS17004: Cannot use JSX unless the '--jsx' flag is provided.
@crab-dev/rc-tooltip:typecheck: docs/demos/placement.demo.tsx(66,13): error TS7026: JSX element implicitly has type 'any' because no interface 'JSX.IntrinsicElements' exists.
@crab-dev/rc-tooltip:typecheck: docs/demos/placement.demo.tsx(66,13): error TS17004: Cannot use JSX unless the '--jsx' flag is provided.
@crab-dev/rc-tooltip:typecheck: docs/demos/placement.demo.tsx(67,13): error TS7026: JSX element implicitly has type 'any' because no interface 'JSX.IntrinsicElements' exists.
@crab-dev/rc-tooltip:typecheck: docs/demos/placement.demo.tsx(67,13): error TS17004: Cannot use JSX unless the '--jsx' flag is provided.
@crab-dev/rc-tooltip:typecheck: docs/demos/placement.demo.tsx(68,13): error TS17004: Cannot use JSX unless the '--jsx' flag is provided.
@crab-dev/rc-tooltip:typecheck: docs/demos/placement.demo.tsx(68,14): error TS2741: Property 'children' is missing in type '{ title: string; placement: string; }' but required in type 'TooltipProps'.
@crab-dev/rc-tooltip:typecheck: docs/demos/placement.demo.tsx(69,17): error TS7026: JSX element implicitly has type 'any' because no interface 'JSX.IntrinsicElements' exists.
@crab-dev/rc-tooltip:typecheck: docs/demos/placement.demo.tsx(69,17): error TS17004: Cannot use JSX unless the '--jsx' flag is provided.
@crab-dev/rc-prose:typecheck: src/__tests__/prose.test.tsx(1,51): error TS2307: Cannot find module '@crab-dev/wake/test/react' or its corresponding type declarations.
@crab-dev/rc-prose:typecheck: src/__tests__/prose.test.tsx(2,19): error TS2307: Cannot find module 'react' or its corresponding type declarations.
@crab-dev/rc-alert:typecheck: cache miss, executing 1b186fad44fdce6e
@crab-dev/rc-prose:typecheck: src/__tests__/prose.test.tsx(3,19): error TS6142: Module '../prose.js' was resolved to 'C:/Users/zhang/Desktop/crab-dev/components/rc-prose/src/prose.tsx', but '--jsx' is not set.
@crab-dev/rc-tooltip:typecheck: docs/demos/placement.demo.tsx(69,48): error TS7026: JSX element implicitly has type 'any' because no interface 'JSX.IntrinsicElements' exists.
@crab-dev/rc-tooltip:typecheck: docs/demos/placement.demo.tsx(73,13): error TS7026: JSX element implicitly has type 'any' because no interface 'JSX.IntrinsicElements' exists.
@crab-dev/rc-prose:typecheck: src/__tests__/prose.test.tsx(9,53): error TS17004: Cannot use JSX unless the '--jsx' flag is provided.
@crab-dev/rc-tooltip:typecheck: docs/demos/placement.demo.tsx(73,13): error TS17004: Cannot use JSX unless the '--jsx' flag is provided.
@crab-dev/rc-prose:typecheck: src/__tests__/prose.test.tsx(15,53): error TS17004: Cannot use JSX unless the '--jsx' flag is provided.
@crab-dev/rc-tooltip:typecheck: docs/demos/placement.demo.tsx(74,13): error TS17004: Cannot use JSX unless the '--jsx' flag is provided.
@crab-dev/rc-tooltip:typecheck: docs/demos/placement.demo.tsx(74,14): error TS2741: Property 'children' is missing in type '{ title: string; placement: string; }' but required in type 'TooltipProps'.
@crab-dev/rc-tooltip:typecheck: docs/demos/placement.demo.tsx(75,17): error TS7026: JSX element implicitly has type 'any' because no interface 'JSX.IntrinsicElements' exists.
@crab-dev/rc-tooltip:typecheck: docs/demos/placement.demo.tsx(75,17): error TS17004: Cannot use JSX unless the '--jsx' flag is provided.
@crab-dev/rc-empty:typecheck: cache miss, executing ade73d69d9c51209
@crab-dev/rc-auto-sizer:typecheck: cache miss, executing f459ef6d87acb3a4
@crab-dev/rc-button:typecheck: cache miss, executing 9904da86ff1d0ac8
@crab-dev/rc-tooltip:typecheck: docs/demos/placement.demo.tsx(75,48): error TS7026: JSX element implicitly has type 'any' because no interface 'JSX.IntrinsicElements' exists.
@crab-dev/rc-tooltip:typecheck: docs/demos/placement.demo.tsx(77,13): error TS17004: Cannot use JSX unless the '--jsx' flag is provided.
@crab-dev/rc-tooltip:typecheck: docs/demos/placement.demo.tsx(77,14): error TS2741: Property 'children' is missing in type '{ title: string; placement: string; }' but required in type 'TooltipProps'.
@crab-dev/rc-tooltip:typecheck: docs/demos/placement.demo.tsx(78,17): error TS7026: JSX element implicitly has type 'any' because no interface 'JSX.IntrinsicElements' exists.
@crab-dev/rc-prose:typecheck: src/__tests__/prose.test.tsx(16,13): error TS7026: JSX element implicitly has type 'any' because no interface 'JSX.IntrinsicElements' exists.
@crab-dev/rc-text-edit:typecheck: cache miss, executing 30749ac457ba2a78
@crab-dev/rc-prose:typecheck: src/__tests__/prose.test.tsx(16,13): error TS17004: Cannot use JSX unless the '--jsx' flag is provided.
@crab-dev/rc-prose:typecheck: src/__tests__/prose.test.tsx(16,22): error TS7026: JSX element implicitly has type 'any' because no interface 'JSX.IntrinsicElements' exists.
@crab-dev/rc-prose:typecheck: src/__tests__/prose.test.tsx(17,13): error TS7026: JSX element implicitly has type 'any' because no interface 'JSX.IntrinsicElements' exists.
@crab-dev/rc-prose:typecheck: src/__tests__/prose.test.tsx(17,13): error TS17004: Cannot use JSX unless the '--jsx' flag is provided.
@crab-dev/rc-prose:typecheck: src/__tests__/prose.test.tsx(17,25): error TS7026: JSX element implicitly has type 'any' because no interface 'JSX.IntrinsicElements' exists.
@crab-dev/rc-prose:typecheck: src/__tests__/prose.test.tsx(24,53): error TS17004: Cannot use JSX unless the '--jsx' flag is provided.
@crab-dev/rc-prose:typecheck: src/__tests__/prose.test.tsx(30,53): error TS17004: Cannot use JSX unless the '--jsx' flag is provided.
@crab-dev/rc-prose:typecheck: src/__tests__/prose.test.tsx(36,53): error TS17004: Cannot use JSX unless the '--jsx' flag is provided.
@crab-dev/rc-prose:typecheck: src/__tests__/prose.test.tsx(42,53): error TS17004: Cannot use JSX unless the '--jsx' flag is provided.
@crab-dev/rc-prose:typecheck: src/__tests__/prose.test.tsx(42,60): error TS2322: Type '{ className: string; }' is not assignable to type 'ProseProps'.
@crab-dev/rc-prose:typecheck:   Property 'className' does not exist on type 'ProseProps'.
@crab-dev/rc-canvas:typecheck: cache miss, executing a830bbacb18b067c
@crab-dev/rc-prose:typecheck: src/__tests__/prose.test.tsx(48,53): error TS17004: Cannot use JSX unless the '--jsx' flag is provided.
@crab-dev/rc-prose:typecheck: src/__tests__/prose.test.tsx(48,60): error TS2322: Type '{ className: string; }' is not assignable to type 'ProseProps'.
@crab-dev/rc-prose:typecheck:   Property 'className' does not exist on type 'ProseProps'.
@crab-dev/rc-prose:typecheck: src/__tests__/prose.test.tsx(56,69): error TS17004: Cannot use JSX unless the '--jsx' flag is provided.
@crab-dev/rc-prose:typecheck: src/__tests__/prose.test.tsx(57,72): error TS17004: Cannot use JSX unless the '--jsx' flag is provided.
@crab-dev/rc-message:typecheck: cache miss, executing 9bb20b42c0dedca2
@crab-dev/rc-component-preview:typecheck: cache miss, executing d1dde909c92e3667
@crab-dev/rc-drawer:typecheck: cache miss, executing 503227c644ebae8d
@crab-dev/rc-realm:typecheck: cache miss, executing 9364763a2dd743e4
@crab-dev/rc-spin:typecheck: cache miss, executing ab59126528209435
@crab-dev/rc-tooltip:typecheck: docs/demos/placement.demo.tsx(78,17): error TS17004: Cannot use JSX unless the '--jsx' flag is provided.
@crab-dev/rc-tooltip:typecheck: docs/demos/placement.demo.tsx(78,52): error TS7026: JSX element implicitly has type 'any' because no interface 'JSX.IntrinsicElements' exists.
@crab-dev/rc-tooltip:typecheck: docs/demos/placement.demo.tsx(80,13): error TS17004: Cannot use JSX unless the '--jsx' flag is provided.
@crab-dev/rc-tooltip:typecheck: docs/demos/placement.demo.tsx(80,14): error TS2741: Property 'children' is missing in type '{ title: string; placement: string; }' but required in type 'TooltipProps'.
@crab-dev/rc-tooltip:typecheck: docs/demos/placement.demo.tsx(81,17): error TS7026: JSX element implicitly has type 'any' because no interface 'JSX.IntrinsicElements' exists.
@crab-dev/rc-tooltip:typecheck: docs/demos/placement.demo.tsx(81,17): error TS17004: Cannot use JSX unless the '--jsx' flag is provided.
@crab-dev/rc-tooltip:typecheck: docs/demos/placement.demo.tsx(81,48): error TS7026: JSX element implicitly has type 'any' because no interface 'JSX.IntrinsicElements' exists.
@crab-dev/rc-prose:typecheck: src/__tests__/prose.test.tsx(69,57): error TS17004: Cannot use JSX unless the '--jsx' flag is provided.
@crab-dev/rc-tooltip:typecheck: docs/demos/placement.demo.tsx(83,13): error TS7026: JSX element implicitly has type 'any' because no interface 'JSX.IntrinsicElements' exists.
@crab-dev/rc-tooltip:typecheck: docs/demos/placement.demo.tsx(83,13): error TS17004: Cannot use JSX unless the '--jsx' flag is provided.
@crab-dev/rc-tooltip:typecheck: docs/demos/placement.demo.tsx(84,9): error TS7026: JSX element implicitly has type 'any' because no interface 'JSX.IntrinsicElements' exists.
@crab-dev/rc-tooltip:typecheck: src/__tests__/tooltip.test.tsx(1,87): error TS2307: Cannot find module '@crab-dev/wake/test/react' or its corresponding type declarations.
@crab-dev/rc-tooltip:typecheck: src/__tests__/tooltip.test.tsx(4,55): error TS2307: Cannot find module 'react' or its corresponding type declarations.
@crab-dev/rc-tooltip:typecheck: src/__tests__/tooltip.test.tsx(15,61): error TS2307: Cannot find module 'react' or its corresponding type declarations.
@crab-dev/rc-tooltip:typecheck: src/__tests__/tooltip.test.tsx(22,55): error TS2307: Cannot find module 'react' or its corresponding type declarations.
@crab-dev/rc-tooltip:typecheck: src/__tests__/tooltip.test.tsx(93,60): error TS2307: Cannot find module 'react' or its corresponding type declarations.
@crab-dev/rc-tooltip:typecheck: src/__tests__/tooltip.test.tsx(96,43): error TS2307: Cannot find module 'react' or its corresponding type declarations.
@crab-dev/rc-tooltip:typecheck: src/__tests__/tooltip.test.tsx(105,29): error TS6142: Module '../tooltip.js' was resolved to 'C:/Users/zhang/Desktop/crab-dev/components/rc-tooltip/src/tooltip.tsx', but '--jsx' is not set.
@crab-dev/rc-prose:typecheck: src/__tests__/prose.test.tsx(78,53): error TS17004: Cannot use JSX unless the '--jsx' flag is provided.
@crab-dev/rc-prose:typecheck: src/__tests__/prose.test.tsx(87,53): error TS17004: Cannot use JSX unless the '--jsx' flag is provided.
@crab-dev/rc-prose:typecheck: src/__tests__/prose.test.tsx(87,60): error TS2322: Type '{ style: { maxWidth: string; }; }' is not assignable to type 'ProseProps'.
@crab-dev/rc-prose:typecheck:   Property 'style' does not exist on type 'ProseProps'.
@crab-dev/rc-tooltip:typecheck: src/__tests__/tooltip.test.tsx(107,59): error TS6142: Module '../tooltip.js' was resolved to 'C:/Users/zhang/Desktop/crab-dev/components/rc-tooltip/src/tooltip.tsx', but '--jsx' is not set.
@crab-dev/rc-prose:typecheck: src/__tests__/prose.test.tsx(98,20): error TS17004: Cannot use JSX unless the '--jsx' flag is provided.
@crab-dev/rc-prose:typecheck: src/__tests__/prose.test.tsx(101,26): error TS17004: Cannot use JSX unless the '--jsx' flag is provided.
@crab-dev/rc-prose:typecheck: src/__tests__/prose.test.tsx(108,53): error TS17004: Cannot use JSX unless the '--jsx' flag is provided.
@crab-dev/rc-prose:typecheck: src/__tests__/prose.test.tsx(113,67): error TS17004: Cannot use JSX unless the '--jsx' flag is provided.
@crab-dev/rc-prose:typecheck: src/__tests__/token-contrast.test.ts(1,25): error TS2307: Cannot find module '@crab-dev/rc-token-global' or its corresponding type declarations.
@crab-dev/rc-prose:typecheck: src/__tests__/token-contrast.test.ts(2,38): error TS2307: Cannot find module '@crab-dev/wake/test' or its corresponding type declarations.
@crab-dev/rc-prose:typecheck: src/index.ts(1,19): error TS6142: Module './prose.js' was resolved to 'C:/Users/zhang/Desktop/crab-dev/components/rc-prose/src/prose.tsx', but '--jsx' is not set.
@crab-dev/rc-prose:typecheck: src/prose.tsx(1,25): error TS2307: Cannot find module '@crab-dev/css' or its corresponding type declarations.
@crab-dev/rc-prose:typecheck: src/prose.tsx(2,26): error TS2307: Cannot find module 'react' or its corresponding type declarations.
@crab-dev/rc-prose:typecheck: src/prose.tsx(1221,5): error TS2339: Property 'className' does not exist on type 'ProseProps'.
@crab-dev/rc-prose:typecheck: src/prose.tsx(1222,5): error TS2339: Property 'children' does not exist on type 'ProseProps'.
@crab-dev/rc-prose:typecheck: src/prose.tsx(1227,9): error TS17004: Cannot use JSX unless the '--jsx' flag is provided.
@crab-dev/rc-prose:typecheck: src/token.ts(5,30): error TS2307: Cannot find module '@crab-dev/css' or its corresponding type declarations.
@crab-dev/rc-prose:typecheck: src/types.ts(1,42): error TS2307: Cannot find module 'react' or its corresponding type declarations.
@crab-dev/rc-prose:typecheck: tsconfig.json(2,16): error TS6053: File '@crab-dev/standards-typescript-preset/tsconfig.browser.react.json' not found.
@crab-dev/rc-tooltip:typecheck: src/__tests__/tooltip.test.tsx(116,22): error TS17004: Cannot use JSX unless the '--jsx' flag is provided.
@crab-dev/rc-tooltip:typecheck: src/__tests__/tooltip.test.tsx(116,23): error TS2741: Property 'children' is missing in type '{ title: string; }' but required in type 'TooltipProps'.
@crab-dev/rc-tooltip:typecheck: src/__tests__/tooltip.test.tsx(117,13): error TS7026: JSX element implicitly has type 'any' because no interface 'JSX.IntrinsicElements' exists.
@crab-dev/rc-tooltip:typecheck: src/__tests__/tooltip.test.tsx(117,13): error TS17004: Cannot use JSX unless the '--jsx' flag is provided.
@crab-dev/rc-tooltip:typecheck: src/__tests__/tooltip.test.tsx(117,23): error TS7026: JSX element implicitly has type 'any' because no interface 'JSX.IntrinsicElements' exists.
@crab-dev/rc-tooltip:typecheck: src/__tests__/tooltip.test.tsx(122,22): error TS17004: Cannot use JSX unless the '--jsx' flag is provided.
@crab-dev/rc-tooltip:typecheck: src/__tests__/tooltip.test.tsx(122,23): error TS2741: Property 'children' is missing in type '{ title: string; }' but required in type 'TooltipProps'.
@crab-dev/rc-tooltip:typecheck: src/__tests__/tooltip.test.tsx(123,13): error TS7026: JSX element implicitly has type 'any' because no interface 'JSX.IntrinsicElements' exists.
@crab-dev/rc-tooltip:typecheck: src/__tests__/tooltip.test.tsx(123,13): error TS17004: Cannot use JSX unless the '--jsx' flag is provided.
@crab-dev/rc-tooltip:typecheck: src/__tests__/tooltip.test.tsx(123,23): error TS7026: JSX element implicitly has type 'any' because no interface 'JSX.IntrinsicElements' exists.
@crab-dev/rc-tooltip:typecheck: src/__tests__/tooltip.test.tsx(129,22): error TS17004: Cannot use JSX unless the '--jsx' flag is provided.
@crab-dev/rc-tooltip:typecheck: src/__tests__/tooltip.test.tsx(129,23): error TS2741: Property 'children' is missing in type '{ title: string; open: true; }' but required in type 'TooltipProps'.
@crab-dev/rc-tooltip:typecheck: src/__tests__/tooltip.test.tsx(130,13): error TS7026: JSX element implicitly has type 'any' because no interface 'JSX.IntrinsicElements' exists.
@crab-dev/rc-tooltip:typecheck: src/__tests__/tooltip.test.tsx(130,13): error TS17004: Cannot use JSX unless the '--jsx' flag is provided.
@crab-dev/rc-tooltip:typecheck: src/__tests__/tooltip.test.tsx(130,23): error TS7026: JSX element implicitly has type 'any' because no interface 'JSX.IntrinsicElements' exists.
@crab-dev/rc-tooltip:typecheck: src/__tests__/tooltip.test.tsx(136,22): error TS17004: Cannot use JSX unless the '--jsx' flag is provided.
@crab-dev/rc-tooltip:typecheck: src/__tests__/tooltip.test.tsx(136,23): error TS2741: Property 'children' is missing in type '{ title: string; open: false; }' but required in type 'TooltipProps'.
@crab-dev/rc-tooltip:typecheck: src/__tests__/tooltip.test.tsx(137,13): error TS7026: JSX element implicitly has type 'any' because no interface 'JSX.IntrinsicElements' exists.
@crab-dev/rc-tooltip:typecheck: src/__tests__/tooltip.test.tsx(137,13): error TS17004: Cannot use JSX unless the '--jsx' flag is provided.
@crab-dev/rc-tooltip:typecheck: src/__tests__/tooltip.test.tsx(137,23): error TS7026: JSX element implicitly has type 'any' because no interface 'JSX.IntrinsicElements' exists.
@crab-dev/rc-tooltip:typecheck: src/__tests__/tooltip.test.tsx(142,22): error TS17004: Cannot use JSX unless the '--jsx' flag is provided.
@crab-dev/rc-tooltip:typecheck: src/__tests__/tooltip.test.tsx(142,23): error TS2741: Property 'children' is missing in type '{ title: string; defaultOpen: true; }' but required in type 'TooltipProps'.
@crab-dev/rc-tooltip:typecheck: src/__tests__/tooltip.test.tsx(143,13): error TS7026: JSX element implicitly has type 'any' because no interface 'JSX.IntrinsicElements' exists.
@crab-dev/rc-tooltip:typecheck: src/__tests__/tooltip.test.tsx(143,13): error TS17004: Cannot use JSX unless the '--jsx' flag is provided.
@crab-dev/rc-tooltip:typecheck: src/__tests__/tooltip.test.tsx(143,23): error TS7026: JSX element implicitly has type 'any' because no interface 'JSX.IntrinsicElements' exists.
@crab-dev/rc-tooltip:typecheck: src/__tests__/tooltip.test.tsx(150,22): error TS17004: Cannot use JSX unless the '--jsx' flag is provided.
@crab-dev/rc-tooltip:typecheck: src/__tests__/tooltip.test.tsx(150,23): error TS2741: Property 'children' is missing in type '{ title: string; mouseEnterDelay: number; mouseLeaveDelay: number; }' but required in type 'TooltipProps'.
@crab-dev/rc-tooltip:typecheck: src/__tests__/tooltip.test.tsx(151,13): error TS7026: JSX element implicitly has type 'any' because no interface 'JSX.IntrinsicElements' exists.
@crab-dev/rc-tooltip:typecheck: src/__tests__/tooltip.test.tsx(151,13): error TS17004: Cannot use JSX unless the '--jsx' flag is provided.
@crab-dev/rc-tooltip:typecheck: src/__tests__/tooltip.test.tsx(151,23): error TS7026: JSX element implicitly has type 'any' because no interface 'JSX.IntrinsicElements' exists.
@crab-dev/rc-tooltip:typecheck: src/__tests__/tooltip.test.tsx(161,22): error TS17004: Cannot use JSX unless the '--jsx' flag is provided.
@crab-dev/rc-tooltip:typecheck: src/__tests__/tooltip.test.tsx(161,23): error TS2741: Property 'children' is missing in type '{ title: string; mouseEnterDelay: number; mouseLeaveDelay: number; }' but required in type 'TooltipProps'.
@crab-dev/rc-tooltip:typecheck: src/__tests__/tooltip.test.tsx(162,13): error TS7026: JSX element implicitly has type 'any' because no interface 'JSX.IntrinsicElements' exists.
@crab-dev/rc-tooltip:typecheck: src/__tests__/tooltip.test.tsx(162,13): error TS17004: Cannot use JSX unless the '--jsx' flag is provided.
@crab-dev/rc-tooltip:typecheck: src/__tests__/tooltip.test.tsx(162,23): error TS7026: JSX element implicitly has type 'any' because no interface 'JSX.IntrinsicElements' exists.
@crab-dev/rc-tooltip:typecheck: src/__tests__/tooltip.test.tsx(172,22): error TS17004: Cannot use JSX unless the '--jsx' flag is provided.
@crab-dev/rc-tooltip:typecheck: src/__tests__/tooltip.test.tsx(172,23): error TS2741: Property 'children' is missing in type '{ title: string; mouseEnterDelay: number; onOpenChange: any; }' but required in type 'TooltipProps'.
@crab-dev/rc-tooltip:typecheck: src/__tests__/tooltip.test.tsx(173,13): error TS7026: JSX element implicitly has type 'any' because no interface 'JSX.IntrinsicElements' exists.
@crab-dev/rc-tooltip:typecheck: src/__tests__/tooltip.test.tsx(173,13): error TS17004: Cannot use JSX unless the '--jsx' flag is provided.
@crab-dev/rc-tooltip:typecheck: src/__tests__/tooltip.test.tsx(173,23): error TS7026: JSX element implicitly has type 'any' because no interface 'JSX.IntrinsicElements' exists.
@crab-dev/rc-tooltip:typecheck: src/__tests__/tooltip.test.tsx(182,22): error TS17004: Cannot use JSX unless the '--jsx' flag is provided.
@crab-dev/rc-tooltip:typecheck: src/__tests__/tooltip.test.tsx(182,23): error TS2741: Property 'children' is missing in type '{ title: string; mouseEnterDelay: number; onOpenChange: any; }' but required in type 'TooltipProps'.
@crab-dev/rc-tooltip:typecheck: src/__tests__/tooltip.test.tsx(183,13): error TS7026: JSX element implicitly has type 'any' because no interface 'JSX.IntrinsicElements' exists.
@crab-dev/rc-tooltip:typecheck: src/__tests__/tooltip.test.tsx(183,13): error TS17004: Cannot use JSX unless the '--jsx' flag is provided.
@crab-dev/rc-tooltip:typecheck: src/__tests__/tooltip.test.tsx(183,23): error TS7026: JSX element implicitly has type 'any' because no interface 'JSX.IntrinsicElements' exists.
@crab-dev/rc-tooltip:typecheck: src/__tests__/tooltip.test.tsx(197,22): error TS17004: Cannot use JSX unless the '--jsx' flag is provided.
@crab-dev/rc-tooltip:typecheck: src/__tests__/tooltip.test.tsx(197,23): error TS2741: Property 'children' is missing in type '{ title: string; open: true; }' but required in type 'TooltipProps'.
@crab-dev/rc-tooltip:typecheck: src/__tests__/tooltip.test.tsx(198,13): error TS7026: JSX element implicitly has type 'any' because no interface 'JSX.IntrinsicElements' exists.
@crab-dev/rc-tooltip:typecheck: src/__tests__/tooltip.test.tsx(198,13): error TS17004: Cannot use JSX unless the '--jsx' flag is provided.
@crab-dev/rc-tooltip:typecheck: src/__tests__/tooltip.test.tsx(198,23): error TS7026: JSX element implicitly has type 'any' because no interface 'JSX.IntrinsicElements' exists.
@crab-dev/rc-tooltip:typecheck: src/__tests__/tooltip.test.tsx(203,22): error TS17004: Cannot use JSX unless the '--jsx' flag is provided.
@crab-dev/rc-tooltip:typecheck: src/__tests__/tooltip.test.tsx(203,23): error TS2741: Property 'children' is missing in type '{ title: string; open: true; }' but required in type 'TooltipProps'.
@crab-dev/rc-tooltip:typecheck: src/__tests__/tooltip.test.tsx(204,13): error TS7026: JSX element implicitly has type 'any' because no interface 'JSX.IntrinsicElements' exists.
@crab-dev/rc-tooltip:typecheck: src/__tests__/tooltip.test.tsx(204,13): error TS17004: Cannot use JSX unless the '--jsx' flag is provided.
@crab-dev/rc-tooltip:typecheck: src/__tests__/tooltip.test.tsx(204,23): error TS7026: JSX element implicitly has type 'any' because no interface 'JSX.IntrinsicElements' exists.
@crab-dev/rc-tooltip:typecheck: src/__tests__/tooltip.test.tsx(210,22): error TS17004: Cannot use JSX unless the '--jsx' flag is provided.
@crab-dev/rc-tooltip:typecheck: src/__tests__/tooltip.test.tsx(210,23): error TS2741: Property 'children' is missing in type '{ title: string; open: true; }' but required in type 'TooltipProps'.
@crab-dev/rc-tooltip:typecheck: src/__tests__/tooltip.test.tsx(211,13): error TS7026: JSX element implicitly has type 'any' because no interface 'JSX.IntrinsicElements' exists.
@crab-dev/rc-tooltip:typecheck: src/__tests__/tooltip.test.tsx(211,13): error TS17004: Cannot use JSX unless the '--jsx' flag is provided.
@crab-dev/rc-tooltip:typecheck: src/__tests__/tooltip.test.tsx(211,23): error TS7026: JSX element implicitly has type 'any' because no interface 'JSX.IntrinsicElements' exists.
@crab-dev/rc-tooltip:typecheck: src/__tests__/tooltip.test.tsx(218,22): error TS17004: Cannot use JSX unless the '--jsx' flag is provided.
@crab-dev/rc-tooltip:typecheck: src/__tests__/tooltip.test.tsx(218,23): error TS2741: Property 'children' is missing in type '{ title: string; open: true; arrow: false; }' but required in type 'TooltipProps'.
@crab-dev/rc-tooltip:typecheck: src/__tests__/tooltip.test.tsx(219,13): error TS7026: JSX element implicitly has type 'any' because no interface 'JSX.IntrinsicElements' exists.
@crab-dev/rc-tooltip:typecheck: src/__tests__/tooltip.test.tsx(219,13): error TS17004: Cannot use JSX unless the '--jsx' flag is provided.
@crab-dev/rc-tooltip:typecheck: src/__tests__/tooltip.test.tsx(219,23): error TS7026: JSX element implicitly has type 'any' because no interface 'JSX.IntrinsicElements' exists.
@crab-dev/rc-tooltip:typecheck: src/__tests__/tooltip.test.tsx(227,22): error TS17004: Cannot use JSX unless the '--jsx' flag is provided.
@crab-dev/rc-tooltip:typecheck: src/__tests__/tooltip.test.tsx(227,23): error TS2741: Property 'children' is missing in type '{ title: string; open: true; className: string; }' but required in type 'TooltipProps'.
@crab-dev/rc-tooltip:typecheck: src/__tests__/tooltip.test.tsx(228,13): error TS7026: JSX element implicitly has type 'any' because no interface 'JSX.IntrinsicElements' exists.
@crab-dev/rc-tooltip:typecheck: src/__tests__/tooltip.test.tsx(228,13): error TS17004: Cannot use JSX unless the '--jsx' flag is provided.
@crab-dev/rc-tooltip:typecheck: src/__tests__/tooltip.test.tsx(228,23): error TS7026: JSX element implicitly has type 'any' because no interface 'JSX.IntrinsicElements' exists.
@crab-dev/rc-tooltip:typecheck: src/__tests__/tooltip.test.tsx(234,22): error TS17004: Cannot use JSX unless the '--jsx' flag is provided.
@crab-dev/rc-tooltip:typecheck: src/__tests__/tooltip.test.tsx(234,23): error TS2741: Property 'children' is missing in type '{ title: string; open: true; }' but required in type 'TooltipProps'.
@crab-dev/rc-tooltip:typecheck: src/__tests__/tooltip.test.tsx(235,13): error TS7026: JSX element implicitly has type 'any' because no interface 'JSX.IntrinsicElements' exists.
@crab-dev/rc-tooltip:typecheck: src/__tests__/tooltip.test.tsx(235,13): error TS17004: Cannot use JSX unless the '--jsx' flag is provided.
@crab-dev/rc-tooltip:typecheck: src/__tests__/tooltip.test.tsx(235,23): error TS7026: JSX element implicitly has type 'any' because no interface 'JSX.IntrinsicElements' exists.
@crab-dev/rc-tooltip:typecheck: src/__tests__/tooltip.test.tsx(244,22): error TS17004: Cannot use JSX unless the '--jsx' flag is provided.
@crab-dev/rc-tooltip:typecheck: src/__tests__/tooltip.test.tsx(244,23): error TS2741: Property 'children' is missing in type '{ title: any; open: true; }' but required in type 'TooltipProps'.
@crab-dev/rc-tooltip:typecheck: src/__tests__/tooltip.test.tsx(244,38): error TS7026: JSX element implicitly has type 'any' because no interface 'JSX.IntrinsicElements' exists.
@crab-dev/rc-tooltip:typecheck: src/__tests__/tooltip.test.tsx(244,38): error TS17004: Cannot use JSX unless the '--jsx' flag is provided.
@crab-dev/rc-tooltip:typecheck: src/__tests__/tooltip.test.tsx(244,74): error TS7026: JSX element implicitly has type 'any' because no interface 'JSX.IntrinsicElements' exists.
@crab-dev/rc-tooltip:typecheck: src/__tests__/tooltip.test.tsx(245,13): error TS7026: JSX element implicitly has type 'any' because no interface 'JSX.IntrinsicElements' exists.
@crab-dev/rc-tooltip:typecheck: src/__tests__/tooltip.test.tsx(245,13): error TS17004: Cannot use JSX unless the '--jsx' flag is provided.
@crab-dev/rc-tooltip:typecheck: src/__tests__/tooltip.test.tsx(245,23): error TS7026: JSX element implicitly has type 'any' because no interface 'JSX.IntrinsicElements' exists.
@crab-dev/rc-tooltip:typecheck: src/__tests__/tooltip.test.tsx(257,13): error TS7026: JSX element implicitly has type 'any' because no interface 'JSX.IntrinsicElements' exists.
@crab-dev/rc-tooltip:typecheck: src/__tests__/tooltip.test.tsx(257,13): error TS17004: Cannot use JSX unless the '--jsx' flag is provided.
@crab-dev/rc-tooltip:typecheck: src/__tests__/tooltip.test.tsx(258,17): error TS17004: Cannot use JSX unless the '--jsx' flag is provided.
@crab-dev/rc-tooltip:typecheck: src/__tests__/tooltip.test.tsx(258,18): error TS2741: Property 'children' is missing in type '{ title: string; mouseEnterDelay: number; }' but required in type 'TooltipProps'.
@crab-dev/rc-tooltip:typecheck: src/__tests__/tooltip.test.tsx(259,21): error TS7026: JSX element implicitly has type 'any' because no interface 'JSX.IntrinsicElements' exists.
@crab-dev/rc-tooltip:typecheck: src/__tests__/tooltip.test.tsx(259,21): error TS17004: Cannot use JSX unless the '--jsx' flag is provided.
@crab-dev/rc-tooltip:typecheck: src/__tests__/tooltip.test.tsx(259,31): error TS7026: JSX element implicitly has type 'any' because no interface 'JSX.IntrinsicElements' exists.
@crab-dev/rc-tooltip:typecheck: src/__tests__/tooltip.test.tsx(261,13): error TS7026: JSX element implicitly has type 'any' because no interface 'JSX.IntrinsicElements' exists.
@crab-dev/rc-tooltip:typecheck: src/__tests__/tooltip.test.tsx(274,13): error TS17004: Cannot use JSX unless the '--jsx' flag is provided.
@crab-dev/rc-tooltip:typecheck: src/__tests__/tooltip.test.tsx(274,14): error TS2741: Property 'children' is missing in type '{ title: string; mouseEnterDelay: number; }' but required in type 'TooltipProps'.
@crab-dev/rc-tooltip:typecheck: src/__tests__/tooltip.test.tsx(275,17): error TS7026: JSX element implicitly has type 'any' because no interface 'JSX.IntrinsicElements' exists.
@crab-dev/rc-tooltip:typecheck: src/__tests__/tooltip.test.tsx(275,17): error TS17004: Cannot use JSX unless the '--jsx' flag is provided.
@crab-dev/rc-tooltip:typecheck: src/__tests__/tooltip.test.tsx(275,27): error TS7026: JSX element implicitly has type 'any' because no interface 'JSX.IntrinsicElements' exists.
@crab-dev/rc-tooltip:typecheck: src/index.ts(1,21): error TS6142: Module './tooltip.js' was resolved to 'C:/Users/zhang/Desktop/crab-dev/components/rc-tooltip/src/tooltip.tsx', but '--jsx' is not set.
@crab-dev/rc-tooltip:typecheck: src/token.ts(5,30): error TS2307: Cannot find module '@crab-dev/css' or its corresponding type declarations.
@crab-dev/rc-tooltip:typecheck: src/tooltip.tsx(1,77): error TS2307: Cannot find module 'react' or its corresponding type declarations.
@crab-dev/rc-tooltip:typecheck: src/tooltip.tsx(2,37): error TS2307: Cannot find module '@crab-dev/rc-hooks' or its corresponding type declarations.
@crab-dev/rc-tooltip:typecheck: src/tooltip.tsx(3,25): error TS2307: Cannot find module '@crab-dev/css' or its corresponding type declarations.
@crab-dev/rc-tooltip:typecheck: src/tooltip.tsx(18,8): error TS2307: Cannot find module '@floating-ui/react' or its corresponding type declarations.
@crab-dev/rc-tooltip:typecheck: src/tooltip.tsx(19,41): error TS2307: Cannot find module 'motion/react' or its corresponding type declarations.
@crab-dev/rc-tooltip:typecheck: src/tooltip.tsx(127,32): error TS7006: Parameter 'prev' implicitly has an 'any' type.
@crab-dev/rc-tooltip:typecheck: src/tooltip.tsx(143,9): error TS17004: Cannot use JSX unless the '--jsx' flag is provided.
@crab-dev/rc-tooltip:typecheck: src/tooltip.tsx(148,13): error TS17004: Cannot use JSX unless the '--jsx' flag is provided.
@crab-dev/rc-tooltip:typecheck: src/tooltip.tsx(149,17): error TS17004: Cannot use JSX unless the '--jsx' flag is provided.
@crab-dev/rc-tooltip:typecheck: src/tooltip.tsx(151,25): error TS7026: JSX element implicitly has type 'any' because no interface 'JSX.IntrinsicElements' exists.
@crab-dev/rc-tooltip:typecheck: src/tooltip.tsx(151,25): error TS17004: Cannot use JSX unless the '--jsx' flag is provided.
@crab-dev/rc-tooltip:typecheck: src/tooltip.tsx(157,29): error TS17004: Cannot use JSX unless the '--jsx' flag is provided.
@crab-dev/rc-tooltip:typecheck: src/tooltip.tsx(166,37): error TS7026: JSX element implicitly has type 'any' because no interface 'JSX.IntrinsicElements' exists.
@crab-dev/rc-tooltip:typecheck: src/tooltip.tsx(166,37): error TS17004: Cannot use JSX unless the '--jsx' flag is provided.
@crab-dev/rc-tooltip:typecheck: src/tooltip.tsx(173,25): error TS7026: JSX element implicitly has type 'any' because no interface 'JSX.IntrinsicElements' exists.
@crab-dev/rc-tooltip:typecheck: src/types.ts(1,32): error TS2307: Cannot find module '@floating-ui/react' or its corresponding type declarations.
@crab-dev/rc-tooltip:typecheck: src/types.ts(2,46): error TS2307: Cannot find module 'react' or its corresponding type declarations.
@crab-dev/rc-tooltip:typecheck: tsconfig.json(2,16): error TS6053: File '@crab-dev/standards-typescript-preset/tsconfig.browser.react.json' not found.
@crab-dev/rc-drawer:build:library: cache hit, replaying logs ddb0d2b2d5d4fde4
@crab-dev/rc-drawer:build:library: 
@crab-dev/rc-drawer:build:library:   ⚡ WAKE / LIBRARY TOKEN  v0.1.38
@crab-dev/rc-drawer:build:library: 
@crab-dev/rc-drawer:build:library:   ✓  Tokens generated in 87ms
@crab-dev/rc-drawer:build:library:      1 files · 5.8 KB
@crab-dev/rc-drawer:build:library:      Output  C:\Users\zhang\Desktop\crab-dev\components\rc-drawer\src\token.ts
@crab-dev/rc-drawer:build:library: 
@crab-dev/rc-drawer:build:library: 
@crab-dev/rc-drawer:build:library:   ⚡ WAKE / LIBRARY BUILD  v0.1.38
@crab-dev/rc-drawer:build:library: 
@crab-dev/rc-drawer:build:library:   ✓  Built library in 225ms
@crab-dev/rc-drawer:build:library:      3 modules · 10 files · 32.8 KB
@crab-dev/rc-drawer:build:library:      Output  C:\Users\zhang\Desktop\crab-dev\components\rc-drawer
@crab-dev/rc-drawer:build:library: 
@crab-dev/rc-realm:build:library: cache hit, replaying logs c9aad22f9416179f
@crab-dev/rc-realm:build:library: 
@crab-dev/rc-realm:build:library:   ⚡ WAKE / LIBRARY TOKEN  v0.1.38
@crab-dev/rc-realm:build:library: 
@crab-dev/rc-realm:build:library:   ✓  Tokens generated in 81ms
@crab-dev/rc-realm:build:library:      1 files · 672 B
@crab-dev/rc-realm:build:library:      Output  C:\Users\zhang\Desktop\crab-dev\components\rc-realm\src\token.ts
@crab-dev/rc-realm:build:library: 
@crab-dev/rc-realm:build:library: 
@crab-dev/rc-realm:build:library:   ⚡ WAKE / LIBRARY BUILD  v0.1.38
@crab-dev/rc-realm:build:library: 
@crab-dev/rc-realm:build:library:   ✓  Built library in 695ms
@crab-dev/rc-realm:build:library:      10 modules · 27 files · 47.2 KB
@crab-dev/rc-realm:build:library:      Output  C:\Users\zhang\Desktop\crab-dev\components\rc-realm
@crab-dev/rc-realm:build:library: 
@crab-dev/rc-divider:build:library: cache hit, replaying logs e681ab5aadee27c1
@crab-dev/rc-divider:build:library: 
@crab-dev/rc-divider:build:library:   ⚡ WAKE / LIBRARY TOKEN  v0.1.38
@crab-dev/rc-divider:build:library: 
@crab-dev/rc-divider:build:library:   ✓  Tokens generated in 74ms
@crab-dev/rc-divider:build:library:      1 files · 3.0 KB
@crab-dev/rc-divider:build:library:      Output  C:\Users\zhang\Desktop\crab-dev\components\rc-divider\src\token.ts
@crab-dev/rc-divider:build:library: 
@crab-dev/rc-divider:build:library: 
@crab-dev/rc-divider:build:library:   ⚡ WAKE / LIBRARY BUILD  v0.1.38
@crab-dev/rc-divider:build:library: 
@crab-dev/rc-divider:build:library:   ✓  Built library in 355ms
@crab-dev/rc-divider:build:library:      3 modules · 10 files · 20.2 KB
@crab-dev/rc-divider:build:library:      Output  C:\Users\zhang\Desktop\crab-dev\components\rc-divider
@crab-dev/rc-divider:build:library: 
@crab-dev/rc-divider:typecheck: cache miss, executing 92e920588bad015a
@crab-dev/rc-avatar:typecheck: cache miss, executing e2bea59fdf0f97bd
@crab-dev/rc-avatar:build:library: cache hit, replaying logs 67743832c5bbc981
@crab-dev/rc-avatar:build:library: 
@crab-dev/rc-avatar:build:library:   ⚡ WAKE / LIBRARY TOKEN  v0.1.38
@crab-dev/rc-avatar:build:library: 
@crab-dev/rc-avatar:build:library:   ✓  Tokens generated in 180ms
@crab-dev/rc-avatar:build:library:      1 files · 7.5 KB
@crab-dev/rc-avatar:build:library:      Output  C:\Users\zhang\Desktop\crab-dev\components\rc-avatar\src\token.ts
@crab-dev/rc-avatar:build:library: 
@crab-dev/rc-avatar:build:library: 
@crab-dev/rc-avatar:build:library:   ⚡ WAKE / LIBRARY BUILD  v0.1.38
@crab-dev/rc-avatar:build:library: 
@crab-dev/rc-avatar:build:library:   ✓  Built library in 315ms
@crab-dev/rc-avatar:build:library:      4 modules · 14 files · 46.4 KB
@crab-dev/rc-avatar:build:library:      Output  C:\Users\zhang\Desktop\crab-dev\components\rc-avatar
@crab-dev/rc-avatar:build:library: 
@crab-dev/rc-number-edit:typecheck: cache miss, executing b7f7fa4338fd920e
@crab-dev/rc-number-edit:build:library: cache hit, replaying logs 0ebd0a748887f9e5
@crab-dev/rc-number-edit:build:library: 
@crab-dev/rc-number-edit:build:library:   ⚡ WAKE / LIBRARY TOKEN  v0.1.38
@crab-dev/rc-number-edit:build:library: 
@crab-dev/rc-number-edit:build:library:   ✓  Tokens generated in 70ms
@crab-dev/rc-number-edit:build:library:      1 files · 4.0 KB
@crab-dev/rc-number-edit:build:library:      Output  C:\Users\zhang\Desktop\crab-dev\components\rc-number-edit\src\token.ts
@crab-dev/rc-number-edit:build:library: 
@crab-dev/rc-number-edit:build:library: 
@crab-dev/rc-number-edit:build:library:   ⚡ WAKE / LIBRARY BUILD  v0.1.38
@crab-dev/rc-number-edit:build:library: 
@crab-dev/rc-number-edit:build:library:   ✓  Built library in 1.44s
@crab-dev/rc-number-edit:build:library:      7 modules · 19 files · 48.3 KB
@crab-dev/rc-number-edit:build:library:      Output  C:\Users\zhang\Desktop\crab-dev\components\rc-number-edit
@crab-dev/rc-number-edit:build:library: 
@crab-dev/rc-router:typecheck: declarations/_wake/src/contexts.d.ts(1,44): error TS2307: Cannot find module 'react' or its corresponding type declarations.
@crab-dev/rc-router:typecheck: declarations/_wake/src/hooks.d.ts(1,35): error TS2307: Cannot find module 'react' or its corresponding type declarations.
@crab-dev/rc-router:typecheck: declarations/_wake/src/hooks.d.ts(10,5): error TS2371: A parameter initializer is only allowed in a function or constructor implementation.
@crab-dev/rc-router:typecheck: declarations/_wake/src/hooks.d.ts(14,5): error TS2371: A parameter initializer is only allowed in a function or constructor implementation.
@crab-dev/rc-router:typecheck: declarations/_wake/src/link.d.ts(1,52): error TS2307: Cannot find module 'react' or its corresponding type declarations.
@crab-dev/rc-router:typecheck: declarations/_wake/src/link.d.ts(10,5): error TS2371: A parameter initializer is only allowed in a function or constructor implementation.
@crab-dev/rc-router:typecheck: declarations/_wake/src/link.d.ts(27,23): error TS2307: Cannot find module 'react' or its corresponding type declarations.
@crab-dev/rc-router:typecheck: declarations/_wake/src/link.d.ts(37,5): error TS2371: A parameter initializer is only allowed in a function or constructor implementation.
@crab-dev/rc-router:typecheck: declarations/_wake/src/link.d.ts(38,5): error TS2371: A parameter initializer is only allowed in a function or constructor implementation.
@crab-dev/rc-router:typecheck: declarations/_wake/src/link.d.ts(43,26): error TS2307: Cannot find module 'react' or its corresponding type declarations.
@crab-dev/rc-router:typecheck: declarations/_wake/src/matcher.d.ts(23,5): error TS2371: A parameter initializer is only allowed in a function or constructor implementation.
@crab-dev/rc-router:typecheck: declarations/_wake/src/matcher.d.ts(24,5): error TS2371: A parameter initializer is only allowed in a function or constructor implementation.
@crab-dev/rc-router:typecheck: declarations/_wake/src/matcher.d.ts(25,5): error TS2371: A parameter initializer is only allowed in a function or constructor implementation.
@crab-dev/rc-router:typecheck: declarations/_wake/src/matcher.d.ts(26,5): error TS2371: A parameter initializer is only allowed in a function or constructor implementation.
@crab-dev/rc-router:typecheck: declarations/_wake/src/navigate.d.ts(2,84): error TS2307: Cannot find module 'react' or its corresponding type declarations.
@crab-dev/rc-router:typecheck: declarations/_wake/src/outlet.d.ts(2,59): error TS2307: Cannot find module 'react' or its corresponding type declarations.
@crab-dev/rc-router:typecheck: declarations/_wake/src/router.d.ts(1,46): error TS2307: Cannot find module 'react' or its corresponding type declarations.
@crab-dev/rc-router:typecheck: declarations/_wake/src/router.d.ts(15,32): error TS2307: Cannot find module 'react' or its corresponding type declarations.
@crab-dev/rc-router:typecheck: declarations/_wake/src/router.d.ts(21,42): error TS2371: A parameter initializer is only allowed in a function or constructor implementation.
@crab-dev/rc-router:typecheck: declarations/_wake/src/router.d.ts(21,102): error TS2307: Cannot find module 'react' or its corresponding type declarations.
@crab-dev/rc-dropdown-container:typecheck: cache miss, executing 01dda2ece08bf5c5
@crab-dev/rc-router:typecheck: declarations/_wake/src/router.d.ts(22,35): error TS2371: A parameter initializer is only allowed in a function or constructor implementation.
@crab-dev/rc-router:typecheck: declarations/_wake/src/router.d.ts(22,98): error TS2307: Cannot find module 'react' or its corresponding type declarations.
@crab-dev/rc-router:typecheck: declarations/_wake/src/types.d.ts(1,75): error TS2307: Cannot find module 'react' or its corresponding type declarations.
@crab-dev/rc-router:typecheck: docs/demos/basic.demo.tsx(1,37): error TS2307: Cannot find module 'react' or its corresponding type declarations.
@crab-dev/rc-router:typecheck: docs/demos/basic.demo.tsx(14,9): error TS7026: JSX element implicitly has type 'any' because no interface 'JSX.IntrinsicElements' exists.
@crab-dev/rc-router:typecheck: docs/demos/basic.demo.tsx(14,9): error TS17004: Cannot use JSX unless the '--jsx' flag is provided.
@crab-dev/rc-router:typecheck: docs/demos/basic.demo.tsx(15,13): error TS7026: JSX element implicitly has type 'any' because no interface 'JSX.IntrinsicElements' exists.
@crab-dev/rc-router:typecheck: docs/demos/basic.demo.tsx(15,13): error TS17004: Cannot use JSX unless the '--jsx' flag is provided.
@crab-dev/rc-router:typecheck: docs/demos/basic.demo.tsx(16,17): error TS17004: Cannot use JSX unless the '--jsx' flag is provided.
@crab-dev/rc-router:typecheck: docs/demos/basic.demo.tsx(19,17): error TS17004: Cannot use JSX unless the '--jsx' flag is provided.
@crab-dev/rc-router:typecheck: docs/demos/basic.demo.tsx(20,17): error TS17004: Cannot use JSX unless the '--jsx' flag is provided.
@crab-dev/rc-router:typecheck: docs/demos/basic.demo.tsx(21,13): error TS7026: JSX element implicitly has type 'any' because no interface 'JSX.IntrinsicElements' exists.
@crab-dev/rc-router:typecheck: docs/demos/basic.demo.tsx(22,13): error TS7026: JSX element implicitly has type 'any' because no interface 'JSX.IntrinsicElements' exists.
@crab-dev/rc-router:typecheck: docs/demos/basic.demo.tsx(22,13): error TS17004: Cannot use JSX unless the '--jsx' flag is provided.
@crab-dev/rc-router:typecheck: docs/demos/basic.demo.tsx(24,13): error TS7026: JSX element implicitly has type 'any' because no interface 'JSX.IntrinsicElements' exists.
@crab-dev/rc-router:typecheck: docs/demos/basic.demo.tsx(25,13): error TS17004: Cannot use JSX unless the '--jsx' flag is provided.
@crab-dev/rc-router:typecheck: docs/demos/basic.demo.tsx(26,9): error TS7026: JSX element implicitly has type 'any' because no interface 'JSX.IntrinsicElements' exists.
@crab-dev/rc-router:typecheck: docs/demos/basic.demo.tsx(32,12): error TS7026: JSX element implicitly has type 'any' because no interface 'JSX.IntrinsicElements' exists.
@crab-dev/rc-router:typecheck: docs/demos/basic.demo.tsx(32,12): error TS17004: Cannot use JSX unless the '--jsx' flag is provided.
@crab-dev/rc-router:typecheck: docs/demos/basic.demo.tsx(32,24): error TS7026: JSX element implicitly has type 'any' because no interface 'JSX.IntrinsicElements' exists.
@crab-dev/rc-router:typecheck: docs/demos/basic.demo.tsx(38,9): error TS7026: JSX element implicitly has type 'any' because no interface 'JSX.IntrinsicElements' exists.
@crab-dev/rc-router:typecheck: docs/demos/basic.demo.tsx(38,9): error TS17004: Cannot use JSX unless the '--jsx' flag is provided.
@crab-dev/rc-router:typecheck: docs/demos/basic.demo.tsx(40,13): error TS7026: JSX element implicitly has type 'any' because no interface 'JSX.IntrinsicElements' exists.
@crab-dev/rc-router:typecheck: docs/demos/basic.demo.tsx(40,13): error TS17004: Cannot use JSX unless the '--jsx' flag is provided.
@crab-dev/rc-router:typecheck: docs/demos/basic.demo.tsx(42,13): error TS7026: JSX element implicitly has type 'any' because no interface 'JSX.IntrinsicElements' exists.
@crab-dev/rc-router:typecheck: docs/demos/basic.demo.tsx(43,9): error TS7026: JSX element implicitly has type 'any' because no interface 'JSX.IntrinsicElements' exists.
@crab-dev/rc-router:typecheck: docs/demos/basic.demo.tsx(52,37): error TS7026: JSX element implicitly has type 'any' because no interface 'JSX.IntrinsicElements' exists.
@crab-dev/rc-router:typecheck: docs/demos/basic.demo.tsx(52,37): error TS17004: Cannot use JSX unless the '--jsx' flag is provided.
@crab-dev/rc-router:typecheck: docs/demos/basic.demo.tsx(52,50): error TS7026: JSX element implicitly has type 'any' because no interface 'JSX.IntrinsicElements' exists.
@crab-dev/rc-router:typecheck: docs/demos/basic.demo.tsx(55,35): error TS7026: JSX element implicitly has type 'any' because no interface 'JSX.IntrinsicElements' exists.
@crab-dev/rc-router:typecheck: docs/demos/basic.demo.tsx(55,35): error TS17004: Cannot use JSX unless the '--jsx' flag is provided.
@crab-dev/rc-router:typecheck: docs/demos/basic.demo.tsx(55,49): error TS7026: JSX element implicitly has type 'any' because no interface 'JSX.IntrinsicElements' exists.
@crab-dev/rc-router:typecheck: docs/demos/basic.demo.tsx(73,9): error TS17004: Cannot use JSX unless the '--jsx' flag is provided.
@crab-dev/rc-router:typecheck: docs/demos/basic.demo.tsx(74,13): error TS7026: JSX element implicitly has type 'any' because no interface 'JSX.IntrinsicElements' exists.
@crab-dev/rc-router:typecheck: docs/demos/basic.demo.tsx(74,13): error TS17004: Cannot use JSX unless the '--jsx' flag is provided.
@crab-dev/rc-router:typecheck: docs/demos/basic.demo.tsx(76,17): error TS17004: Cannot use JSX unless the '--jsx' flag is provided.
@crab-dev/rc-router:typecheck: src/__tests__/matcher.test.tsx(1,38): error TS2307: Cannot find module '@crab-dev/wake/test' or its corresponding type declarations.
@crab-dev/rc-router:typecheck: src/__tests__/matcher.test.tsx(7,73): error TS7026: JSX element implicitly has type 'any' because no interface 'JSX.IntrinsicElements' exists.
@crab-dev/rc-router:typecheck: src/__tests__/matcher.test.tsx(7,73): error TS17004: Cannot use JSX unless the '--jsx' flag is provided.
@crab-dev/rc-router:typecheck: src/__tests__/matcher.test.tsx(7,83): error TS7026: JSX element implicitly has type 'any' because no interface 'JSX.IntrinsicElements' exists.
@crab-dev/rc-router:typecheck: src/__tests__/matcher.test.tsx(8,72): error TS7026: JSX element implicitly has type 'any' because no interface 'JSX.IntrinsicElements' exists.
@crab-dev/rc-router:typecheck: src/__tests__/matcher.test.tsx(8,72): error TS17004: Cannot use JSX unless the '--jsx' flag is provided.
@crab-dev/rc-router:typecheck: src/__tests__/matcher.test.tsx(8,81): error TS7026: JSX element implicitly has type 'any' because no interface 'JSX.IntrinsicElements' exists.
@crab-dev/rc-router:typecheck: src/__tests__/matcher.test.tsx(9,63): error TS7026: JSX element implicitly has type 'any' because no interface 'JSX.IntrinsicElements' exists.
@crab-dev/rc-router:typecheck: src/__tests__/matcher.test.tsx(9,63): error TS17004: Cannot use JSX unless the '--jsx' flag is provided.
@crab-dev/rc-router:typecheck: src/__tests__/matcher.test.tsx(9,71): error TS7026: JSX element implicitly has type 'any' because no interface 'JSX.IntrinsicElements' exists.
@crab-dev/rc-router:typecheck: src/__tests__/matcher.test.tsx(20,65): error TS7026: JSX element implicitly has type 'any' because no interface 'JSX.IntrinsicElements' exists.
@crab-dev/rc-router:typecheck: src/__tests__/matcher.test.tsx(20,65): error TS17004: Cannot use JSX unless the '--jsx' flag is provided.
@crab-dev/rc-router:typecheck: src/__tests__/matcher.test.tsx(20,73): error TS7026: JSX element implicitly has type 'any' because no interface 'JSX.IntrinsicElements' exists.
@crab-dev/rc-dropdown-container:build:library: cache hit, replaying logs c47d6370ade8f856
@crab-dev/rc-router:typecheck: src/__tests__/matcher.test.tsx(24,26): error TS7026: JSX element implicitly has type 'any' because no interface 'JSX.IntrinsicElements' exists.
@crab-dev/rc-router:typecheck: src/__tests__/matcher.test.tsx(24,26): error TS17004: Cannot use JSX unless the '--jsx' flag is provided.
@crab-dev/rc-router:typecheck: src/__tests__/matcher.test.tsx(24,33): error TS7026: JSX element implicitly has type 'any' because no interface 'JSX.IntrinsicElements' exists.
@crab-dev/rc-router:typecheck: src/__tests__/matcher.test.tsx(27,34): error TS7026: JSX element implicitly has type 'any' because no interface 'JSX.IntrinsicElements' exists.
@crab-dev/rc-router:typecheck: src/__tests__/matcher.test.tsx(27,34): error TS17004: Cannot use JSX unless the '--jsx' flag is provided.
@crab-dev/rc-router:typecheck: src/__tests__/matcher.test.tsx(27,43): error TS7026: JSX element implicitly has type 'any' because no interface 'JSX.IntrinsicElements' exists.
@crab-dev/rc-router:typecheck: src/__tests__/matcher.test.tsx(30,58): error TS7026: JSX element implicitly has type 'any' because no interface 'JSX.IntrinsicElements' exists.
@crab-dev/rc-dropdown-container:build:library: 
@crab-dev/rc-dropdown-container:build:library:   ⚡ WAKE / LIBRARY TOKEN  v0.1.38
@crab-dev/rc-dropdown-container:build:library: 
@crab-dev/rc-dropdown-container:build:library:   ✓  Tokens generated in 1.08s
@crab-dev/rc-dropdown-container:build:library:      1 files · 1.2 KB
@crab-dev/rc-dropdown-container:build:library:      Output  C:\Users\zhang\Desktop\crab-dev\components\rc-dropdown-container\src\token.ts
@crab-dev/rc-dropdown-container:build:library: 
@crab-dev/rc-dropdown-container:build:library: 
@crab-dev/rc-dropdown-container:build:library:   ⚡ WAKE / LIBRARY BUILD  v0.1.38
@crab-dev/rc-dropdown-container:build:library: 
@crab-dev/rc-dropdown-container:build:library:   ✓  Built library in 244ms
@crab-dev/rc-dropdown-container:build:library:      5 modules · 16 files · 16.1 KB
@crab-dev/rc-dropdown-container:build:library:      Output  C:\Users\zhang\Desktop\crab-dev\components\rc-dropdown-container
@crab-dev/rc-dropdown-container:build:library: 
@crab-dev/rc-router:typecheck: src/__tests__/matcher.test.tsx(30,58): error TS17004: Cannot use JSX unless the '--jsx' flag is provided.
@crab-dev/rc-router:typecheck: src/__tests__/matcher.test.tsx(30,69): error TS7026: JSX element implicitly has type 'any' because no interface 'JSX.IntrinsicElements' exists.
@crab-dev/rc-router:typecheck: src/__tests__/matcher.test.tsx(47,53): error TS7026: JSX element implicitly has type 'any' because no interface 'JSX.IntrinsicElements' exists.
@crab-dev/rc-router:typecheck: src/__tests__/matcher.test.tsx(47,53): error TS17004: Cannot use JSX unless the '--jsx' flag is provided.
@crab-dev/rc-router:typecheck: src/__tests__/matcher.test.tsx(47,60): error TS7026: JSX element implicitly has type 'any' because no interface 'JSX.IntrinsicElements' exists.
@crab-dev/rc-router:typecheck: src/__tests__/matcher.test.tsx(60,45): error TS7026: JSX element implicitly has type 'any' because no interface 'JSX.IntrinsicElements' exists.
@crab-dev/rc-router:typecheck: src/__tests__/matcher.test.tsx(60,45): error TS17004: Cannot use JSX unless the '--jsx' flag is provided.
@crab-dev/rc-router:typecheck: src/__tests__/matcher.test.tsx(60,52): error TS7026: JSX element implicitly has type 'any' because no interface 'JSX.IntrinsicElements' exists.
@crab-dev/rc-router:typecheck: src/__tests__/matcher.test.tsx(61,41): error TS7026: JSX element implicitly has type 'any' because no interface 'JSX.IntrinsicElements' exists.
@crab-dev/rc-router:typecheck: src/__tests__/matcher.test.tsx(61,41): error TS17004: Cannot use JSX unless the '--jsx' flag is provided.
@crab-dev/rc-router:typecheck: src/__tests__/matcher.test.tsx(61,49): error TS7026: JSX element implicitly has type 'any' because no interface 'JSX.IntrinsicElements' exists.
@crab-dev/rc-router:typecheck: src/__tests__/matcher.test.tsx(76,22): error TS7026: JSX element implicitly has type 'any' because no interface 'JSX.IntrinsicElements' exists.
@crab-dev/rc-router:typecheck: src/__tests__/matcher.test.tsx(76,22): error TS17004: Cannot use JSX unless the '--jsx' flag is provided.
@crab-dev/rc-router:typecheck: src/__tests__/matcher.test.tsx(76,30): error TS7026: JSX element implicitly has type 'any' because no interface 'JSX.IntrinsicElements' exists.
@crab-dev/rc-tree:typecheck: cache miss, executing cace4f611df52772
@crab-dev/rc-tree:build:library: cache hit, replaying logs 549e09f1a11cf7d2
@crab-dev/rc-tree:build:library: 
@crab-dev/rc-tree:build:library:   ⚡ WAKE / LIBRARY TOKEN  v0.1.38
@crab-dev/rc-tree:build:library: 
@crab-dev/rc-tree:build:library:   ✓  Tokens generated in 67ms
@crab-dev/rc-tree:build:library:      1 files · 6.4 KB
@crab-dev/rc-tree:build:library:      Output  C:\Users\zhang\Desktop\crab-dev\components\rc-tree\src\token.ts
@crab-dev/rc-tree:build:library: 
@crab-dev/rc-tree:build:library: 
@crab-dev/rc-tree:build:library:   ⚡ WAKE / LIBRARY BUILD  v0.1.38
@crab-dev/rc-tree:build:library: 
@crab-dev/rc-tree:build:library:   ✓  Built library in 1.39s
@crab-dev/rc-tree:build:library:      8 modules · 24 files · 101.1 KB
@crab-dev/rc-tree:build:library:      Output  C:\Users\zhang\Desktop\crab-dev\components\rc-tree
@crab-dev/rc-tree:build:library: 
@crab-dev/rc-router:typecheck: src/__tests__/matcher.test.tsx(80,22): error TS7026: JSX element implicitly has type 'any' because no interface 'JSX.IntrinsicElements' exists.
@crab-dev/rc-router:typecheck: src/__tests__/matcher.test.tsx(80,22): error TS17004: Cannot use JSX unless the '--jsx' flag is provided.
@crab-dev/rc-router:typecheck: src/__tests__/matcher.test.tsx(80,32): error TS7026: JSX element implicitly has type 'any' because no interface 'JSX.IntrinsicElements' exists.
@crab-dev/rc-router:typecheck: src/__tests__/matcher.test.tsx(97,59): error TS7026: JSX element implicitly has type 'any' because no interface 'JSX.IntrinsicElements' exists.
@crab-dev/rc-router:typecheck: src/__tests__/matcher.test.tsx(97,59): error TS17004: Cannot use JSX unless the '--jsx' flag is provided.
@crab-dev/rc-router:typecheck: src/__tests__/matcher.test.tsx(104,63): error TS7026: JSX element implicitly has type 'any' because no interface 'JSX.IntrinsicElements' exists.
@crab-dev/rc-router:typecheck: src/__tests__/matcher.test.tsx(104,63): error TS17004: Cannot use JSX unless the '--jsx' flag is provided.
@crab-dev/rc-router:typecheck: src/__tests__/path.test.ts(1,38): error TS2307: Cannot find module '@crab-dev/wake/test' or its corresponding type declarations.
@crab-dev/rc-router:typecheck: src/__tests__/router.test.tsx(1,28): error TS2307: Cannot find module 'react' or its corresponding type declarations.
@crab-dev/rc-router:typecheck: src/__tests__/router.test.tsx(2,96): error TS2307: Cannot find module '@crab-dev/wake/test/react' or its corresponding type declarations.
@crab-dev/rc-router:typecheck: src/__tests__/router.test.tsx(3,31): error TS6142: Module '../link.js' was resolved to 'C:/Users/zhang/Desktop/crab-dev/components/rc-router/src/link.tsx', but '--jsx' is not set.
@crab-dev/rc-router:typecheck: src/__tests__/router.test.tsx(4,22): error TS6142: Module '../navigate.js' was resolved to 'C:/Users/zhang/Desktop/crab-dev/components/rc-router/src/navigate.tsx', but '--jsx' is not set.
@crab-dev/rc-router:typecheck: src/__tests__/router.test.tsx(5,20): error TS6142: Module '../outlet.js' was resolved to 'C:/Users/zhang/Desktop/crab-dev/components/rc-router/src/outlet.tsx', but '--jsx' is not set.
@crab-dev/rc-router:typecheck: src/__tests__/router.test.tsx(6,20): error TS6142: Module '../router.js' was resolved to 'C:/Users/zhang/Desktop/crab-dev/components/rc-router/src/router.tsx', but '--jsx' is not set.
@crab-dev/rc-router:typecheck: src/__tests__/router.test.tsx(50,9): error TS7026: JSX element implicitly has type 'any' because no interface 'JSX.IntrinsicElements' exists.
@crab-dev/rc-router:typecheck: src/__tests__/router.test.tsx(50,9): error TS17004: Cannot use JSX unless the '--jsx' flag is provided.
@crab-dev/rc-router:typecheck: src/__tests__/router.test.tsx(51,13): error TS7026: JSX element implicitly has type 'any' because no interface 'JSX.IntrinsicElements' exists.
@crab-dev/rc-router:typecheck: src/__tests__/router.test.tsx(51,13): error TS17004: Cannot use JSX unless the '--jsx' flag is provided.
@crab-dev/rc-router:typecheck: src/__tests__/router.test.tsx(52,17): error TS17004: Cannot use JSX unless the '--jsx' flag is provided.
@crab-dev/rc-router:typecheck: src/__tests__/router.test.tsx(55,17): error TS17004: Cannot use JSX unless the '--jsx' flag is provided.
@crab-dev/rc-router:typecheck: src/__tests__/router.test.tsx(61,13): error TS7026: JSX element implicitly has type 'any' because no interface 'JSX.IntrinsicElements' exists.
@crab-dev/rc-router:typecheck: src/__tests__/router.test.tsx(62,13): error TS17004: Cannot use JSX unless the '--jsx' flag is provided.
@crab-dev/rc-router:typecheck: src/__tests__/router.test.tsx(63,9): error TS7026: JSX element implicitly has type 'any' because no interface 'JSX.IntrinsicElements' exists.
@crab-dev/rc-router:typecheck: src/__tests__/router.test.tsx(72,9): error TS7026: JSX element implicitly has type 'any' because no interface 'JSX.IntrinsicElements' exists.
@crab-dev/rc-router:typecheck: src/__tests__/router.test.tsx(72,9): error TS17004: Cannot use JSX unless the '--jsx' flag is provided.
@crab-dev/rc-router:typecheck: src/__tests__/router.test.tsx(74,9): error TS7026: JSX element implicitly has type 'any' because no interface 'JSX.IntrinsicElements' exists.
@crab-dev/rc-router:typecheck: src/__tests__/router.test.tsx(81,9): error TS7026: JSX element implicitly has type 'any' because no interface 'JSX.IntrinsicElements' exists.
@crab-dev/rc-router:typecheck: src/__tests__/router.test.tsx(81,9): error TS17004: Cannot use JSX unless the '--jsx' flag is provided.
@crab-dev/rc-router:typecheck: src/__tests__/router.test.tsx(82,13): error TS7026: JSX element implicitly has type 'any' because no interface 'JSX.IntrinsicElements' exists.
@crab-dev/rc-router:typecheck: src/__tests__/router.test.tsx(82,13): error TS17004: Cannot use JSX unless the '--jsx' flag is provided.
@crab-dev/rc-router:typecheck: src/__tests__/router.test.tsx(82,43): error TS7026: JSX element implicitly has type 'any' because no interface 'JSX.IntrinsicElements' exists.
@crab-dev/rc-router:typecheck: src/__tests__/router.test.tsx(83,13): error TS7026: JSX element implicitly has type 'any' because no interface 'JSX.IntrinsicElements' exists.
@crab-dev/rc-router:typecheck: src/__tests__/router.test.tsx(83,13): error TS17004: Cannot use JSX unless the '--jsx' flag is provided.
@crab-dev/rc-router:typecheck: src/__tests__/router.test.tsx(85,13): error TS7026: JSX element implicitly has type 'any' because no interface 'JSX.IntrinsicElements' exists.
@crab-dev/rc-router:typecheck: src/__tests__/router.test.tsx(86,9): error TS7026: JSX element implicitly has type 'any' because no interface 'JSX.IntrinsicElements' exists.
@crab-dev/rc-router:typecheck: src/__tests__/router.test.tsx(95,37): error TS7026: JSX element implicitly has type 'any' because no interface 'JSX.IntrinsicElements' exists.
@crab-dev/rc-router:typecheck: src/__tests__/router.test.tsx(95,37): error TS17004: Cannot use JSX unless the '--jsx' flag is provided.
@crab-dev/rc-router:typecheck: src/__tests__/router.test.tsx(95,49): error TS7026: JSX element implicitly has type 'any' because no interface 'JSX.IntrinsicElements' exists.
@crab-dev/rc-router:typecheck: src/__tests__/router.test.tsx(98,35): error TS7026: JSX element implicitly has type 'any' because no interface 'JSX.IntrinsicElements' exists.
@crab-dev/rc-router:typecheck: src/__tests__/router.test.tsx(98,35): error TS17004: Cannot use JSX unless the '--jsx' flag is provided.
@crab-dev/rc-router:typecheck: src/__tests__/router.test.tsx(98,47): error TS7026: JSX element implicitly has type 'any' because no interface 'JSX.IntrinsicElements' exists.
@crab-dev/rc-router:typecheck: src/__tests__/router.test.tsx(106,22): error TS17004: Cannot use JSX unless the '--jsx' flag is provided.
@crab-dev/rc-router:typecheck: src/__tests__/router.test.tsx(127,21): error TS7026: JSX element implicitly has type 'any' because no interface 'JSX.IntrinsicElements' exists.
@crab-dev/rc-router:typecheck: src/__tests__/router.test.tsx(127,21): error TS17004: Cannot use JSX unless the '--jsx' flag is provided.
@crab-dev/rc-router:typecheck: src/__tests__/router.test.tsx(128,25): error TS17004: Cannot use JSX unless the '--jsx' flag is provided.
@crab-dev/rc-router:typecheck: src/__tests__/router.test.tsx(131,25): error TS17004: Cannot use JSX unless the '--jsx' flag is provided.
@crab-dev/rc-router:typecheck: src/__tests__/router.test.tsx(132,21): error TS7026: JSX element implicitly has type 'any' because no interface 'JSX.IntrinsicElements' exists.
@crab-dev/rc-router:typecheck: src/__tests__/router.test.tsx(135,45): error TS7026: JSX element implicitly has type 'any' because no interface 'JSX.IntrinsicElements' exists.
@crab-dev/rc-router:typecheck: src/__tests__/router.test.tsx(135,45): error TS17004: Cannot use JSX unless the '--jsx' flag is provided.
@crab-dev/rc-router:typecheck: src/__tests__/router.test.tsx(135,53): error TS7026: JSX element implicitly has type 'any' because no interface 'JSX.IntrinsicElements' exists.
@crab-dev/rc-router:typecheck: src/__tests__/router.test.tsx(140,22): error TS17004: Cannot use JSX unless the '--jsx' flag is provided.
@crab-dev/rc-router:typecheck: src/__tests__/router.test.tsx(152,22): error TS17004: Cannot use JSX unless the '--jsx' flag is provided.
@crab-dev/rc-router:typecheck: src/__tests__/router.test.tsx(167,20): error TS7026: JSX element implicitly has type 'any' because no interface 'JSX.IntrinsicElements' exists.
@crab-dev/rc-router:typecheck: src/__tests__/router.test.tsx(167,20): error TS17004: Cannot use JSX unless the '--jsx' flag is provided.
@crab-dev/rc-router:typecheck: src/__tests__/router.test.tsx(167,39): error TS7026: JSX element implicitly has type 'any' because no interface 'JSX.IntrinsicElements' exists.
@crab-dev/rc-router:typecheck: src/__tests__/router.test.tsx(174,22): error TS17004: Cannot use JSX unless the '--jsx' flag is provided.
@crab-dev/rc-router:typecheck: src/__tests__/router.test.tsx(188,20): error TS7026: JSX element implicitly has type 'any' because no interface 'JSX.IntrinsicElements' exists.
@crab-dev/rc-router:typecheck: src/__tests__/router.test.tsx(188,20): error TS17004: Cannot use JSX unless the '--jsx' flag is provided.
@crab-dev/rc-router:typecheck: src/__tests__/router.test.tsx(188,63): error TS7026: JSX element implicitly has type 'any' because no interface 'JSX.IntrinsicElements' exists.
@crab-dev/rc-router:typecheck: src/__tests__/router.test.tsx(192,38): error TS17004: Cannot use JSX unless the '--jsx' flag is provided.
@crab-dev/rc-router:typecheck: src/__tests__/router.test.tsx(193,38): error TS7026: JSX element implicitly has type 'any' because no interface 'JSX.IntrinsicElements' exists.
@crab-dev/rc-router:typecheck: src/__tests__/router.test.tsx(193,38): error TS17004: Cannot use JSX unless the '--jsx' flag is provided.
@crab-dev/rc-router:typecheck: src/__tests__/router.test.tsx(193,49): error TS7026: JSX element implicitly has type 'any' because no interface 'JSX.IntrinsicElements' exists.
@crab-dev/rc-router:typecheck: src/__tests__/router.test.tsx(196,22): error TS17004: Cannot use JSX unless the '--jsx' flag is provided.
@crab-dev/rc-router:typecheck: src/__tests__/router.test.tsx(207,13): error TS17004: Cannot use JSX unless the '--jsx' flag is provided.
@crab-dev/rc-router:typecheck: src/__tests__/router.test.tsx(213,29): error TS7026: JSX element implicitly has type 'any' because no interface 'JSX.IntrinsicElements' exists.
@crab-dev/rc-router:typecheck: src/__tests__/router.test.tsx(213,29): error TS17004: Cannot use JSX unless the '--jsx' flag is provided.
@crab-dev/rc-router:typecheck: src/__tests__/router.test.tsx(214,33): error TS17004: Cannot use JSX unless the '--jsx' flag is provided.
@crab-dev/rc-router:typecheck: src/__tests__/router.test.tsx(215,33): error TS17004: Cannot use JSX unless the '--jsx' flag is provided.
@crab-dev/rc-router:typecheck: src/__tests__/router.test.tsx(216,33): error TS17004: Cannot use JSX unless the '--jsx' flag is provided.
@crab-dev/rc-router:typecheck: src/__tests__/router.test.tsx(219,33): error TS17004: Cannot use JSX unless the '--jsx' flag is provided.
@crab-dev/rc-router:typecheck: src/__tests__/router.test.tsx(222,33): error TS17004: Cannot use JSX unless the '--jsx' flag is provided.
@crab-dev/rc-router:typecheck: src/__tests__/router.test.tsx(225,29): error TS7026: JSX element implicitly has type 'any' because no interface 'JSX.IntrinsicElements' exists.
@crab-dev/rc-router:typecheck: src/__tests__/router.test.tsx(269,29): error TS17004: Cannot use JSX unless the '--jsx' flag is provided.
@crab-dev/rc-router:typecheck: src/__tests__/router.test.tsx(278,13): error TS17004: Cannot use JSX unless the '--jsx' flag is provided.
@crab-dev/rc-router:typecheck: src/__tests__/router.test.tsx(279,17): error TS17004: Cannot use JSX unless the '--jsx' flag is provided.
@crab-dev/rc-router:typecheck: src/contexts.ts(1,31): error TS2307: Cannot find module 'react' or its corresponding type declarations.
@crab-dev/rc-router:typecheck: src/contexts.ts(2,44): error TS2307: Cannot find module 'react' or its corresponding type declarations.
@crab-dev/rc-router:typecheck: src/hooks.ts(1,31): error TS2307: Cannot find module 'react' or its corresponding type declarations.
@crab-dev/rc-router:typecheck: src/hooks.ts(2,35): error TS2307: Cannot find module 'react' or its corresponding type declarations.
@crab-dev/rc-router:typecheck: src/index.ts(1,20): error TS6142: Module './router.js' was resolved to 'C:/Users/zhang/Desktop/crab-dev/components/rc-router/src/router.tsx', but '--jsx' is not set.
@crab-dev/rc-router:typecheck: src/index.ts(3,31): error TS6142: Module './link.js' was resolved to 'C:/Users/zhang/Desktop/crab-dev/components/rc-router/src/link.tsx', but '--jsx' is not set.
@crab-dev/rc-router:typecheck: src/index.ts(4,37): error TS6142: Module './navigate.js' was resolved to 'C:/Users/zhang/Desktop/crab-dev/components/rc-router/src/navigate.tsx', but '--jsx' is not set.
@crab-dev/rc-router:typecheck: src/index.ts(5,35): error TS6142: Module './outlet.js' was resolved to 'C:/Users/zhang/Desktop/crab-dev/components/rc-router/src/outlet.tsx', but '--jsx' is not set.
@crab-dev/rc-router:typecheck: src/link.tsx(1,52): error TS2307: Cannot find module 'react' or its corresponding type declarations.
@crab-dev/rc-router:typecheck: src/link.tsx(100,9): error TS7026: JSX element implicitly has type 'any' because no interface 'JSX.IntrinsicElements' exists.
@crab-dev/rc-router:typecheck: src/link.tsx(100,9): error TS17004: Cannot use JSX unless the '--jsx' flag is provided.
@crab-dev/rc-router:typecheck: src/link.tsx(160,9): error TS17004: Cannot use JSX unless the '--jsx' flag is provided.
@crab-dev/rc-router:typecheck: src/navigate.tsx(1,27): error TS2307: Cannot find module 'react' or its corresponding type declarations.
@crab-dev/rc-router:typecheck: src/outlet.tsx(10,12): error TS17004: Cannot use JSX unless the '--jsx' flag is provided.
@crab-dev/rc-router:typecheck: src/router.tsx(1,54): error TS2307: Cannot find module 'react' or its corresponding type declarations.
@crab-dev/rc-router:typecheck: src/router.tsx(2,46): error TS2307: Cannot find module 'react' or its corresponding type declarations.
@crab-dev/rc-router:typecheck: src/router.tsx(24,9): error TS17004: Cannot use JSX unless the '--jsx' flag is provided.
@crab-dev/rc-router:typecheck: src/router.tsx(39,16): error TS17004: Cannot use JSX unless the '--jsx' flag is provided.
@crab-dev/rc-router:typecheck: src/router.tsx(55,13): error TS17004: Cannot use JSX unless the '--jsx' flag is provided.
@crab-dev/rc-router:typecheck: src/router.tsx(55,14): error TS2741: Property 'children' is missing in type '{ matchIndex: number; matches: readonly RouteMatch[]; outlet: any; }' but required in type 'RenderedRouteProps'.
@crab-dev/rc-router:typecheck: src/router.tsx(76,32): error TS7006: Parameter 'nextSnapshot' implicitly has an 'any' type.
@crab-dev/rc-router:typecheck: src/router.tsx(95,9): error TS17004: Cannot use JSX unless the '--jsx' flag is provided.
@crab-dev/rc-router:typecheck: src/router.tsx(96,13): error TS17004: Cannot use JSX unless the '--jsx' flag is provided.
@crab-dev/rc-router:typecheck: src/router.tsx(117,9): error TS17004: Cannot use JSX unless the '--jsx' flag is provided.
@crab-dev/rc-router:typecheck: src/types.ts(1,75): error TS2307: Cannot find module 'react' or its corresponding type declarations.
@crab-dev/rc-router:typecheck: tsconfig.json(2,16): error TS6053: File '@crab-dev/standards-typescript-preset/tsconfig.browser.react.json' not found.
@crab-dev/rc-table:typecheck: cache miss, executing 79dd51b082114b3b
@crab-dev/rc-flow-diagram:typecheck: cache miss, executing e6df12cd0a902c64
@crab-dev/rc-table:build:library: cache hit, replaying logs 134376236b8daad5
@crab-dev/rc-table:build:library: 
@crab-dev/rc-table:build:library:   ⚡ WAKE / LIBRARY TOKEN  v0.1.38
@crab-dev/rc-table:build:library: 
@crab-dev/rc-table:build:library:   ✓  Tokens generated in 68ms
@crab-dev/rc-table:build:library:      1 files · 19.0 KB
@crab-dev/rc-table:build:library:      Output  C:\Users\zhang\Desktop\crab-dev\components\rc-table\src\token.ts
@crab-dev/rc-table:build:library: 
@crab-dev/rc-table:build:library: 
@crab-dev/rc-table:build:library:   ⚡ WAKE / LIBRARY BUILD  v0.1.38
@crab-dev/rc-table:build:library: 
@crab-dev/rc-table:build:library:   ✓  Built library in 1.98s
@crab-dev/rc-table:build:library:      27 modules · 63 files · 384.2 KB
@crab-dev/rc-table:build:library:      Output  C:\Users\zhang\Desktop\crab-dev\components\rc-table
@crab-dev/rc-table:build:library: 
@crab-dev/rc-flow-diagram:build:library: cache hit, replaying logs 4ddc322d7f898584
@crab-dev/rc-flow-diagram:build:library: 
@crab-dev/rc-flow-diagram:build:library:   ⚡ WAKE / LIBRARY TOKEN  v0.1.38
@crab-dev/rc-flow-diagram:build:library: 
@crab-dev/rc-flow-diagram:build:library:   ✓  Tokens generated in 64ms
@crab-dev/rc-flow-diagram:build:library:      1 files · 1.5 KB
@crab-dev/rc-flow-diagram:build:library:      Output  C:\Users\zhang\Desktop\crab-dev\components\rc-flow-diagram\src\token.ts
@crab-dev/rc-flow-diagram:build:library: 
@crab-dev/rc-flow-diagram:build:library: 
@crab-dev/rc-flow-diagram:build:library:   ⚡ WAKE / LIBRARY BUILD  v0.1.38
@crab-dev/rc-flow-diagram:build:library: 
@crab-dev/rc-flow-diagram:build:library:   ✓  Built library in 886ms
@crab-dev/rc-flow-diagram:build:library:      11 modules · 32 files · 48.6 KB
@crab-dev/rc-flow-diagram:build:library:      Output  C:\Users\zhang\Desktop\crab-dev\components\rc-flow-diagram
@crab-dev/rc-flow-diagram:build:library: 
@crab-dev/rc-bar-chart:typecheck: cache miss, executing 7a38545b16a4b3ab
@crab-dev/rc-bar-chart:build:library: cache hit, replaying logs 43cb0bd0959fddd8
@crab-dev/rc-bar-chart:build:library: 
@crab-dev/rc-bar-chart:build:library:   ⚡ WAKE / LIBRARY TOKEN  v0.1.38
@crab-dev/rc-bar-chart:build:library: 
@crab-dev/rc-bar-chart:build:library:   ✓  Tokens generated in 79ms
@crab-dev/rc-bar-chart:build:library:      1 files · 8.8 KB
@crab-dev/rc-bar-chart:build:library:      Output  C:\Users\zhang\Desktop\crab-dev\components\rc-bar-chart\src\token.ts
@crab-dev/rc-bar-chart:build:library: 
@crab-dev/rc-bar-chart:build:library: 
@crab-dev/rc-bar-chart:build:library:   ⚡ WAKE / LIBRARY BUILD  v0.1.38
@crab-dev/rc-bar-chart:build:library: 
@crab-dev/rc-bar-chart:build:library:   ✓  Built library in 618ms
@crab-dev/rc-bar-chart:build:library:      7 modules · 20 files · 105.2 KB
@crab-dev/rc-bar-chart:build:library:      Output  C:\Users\zhang\Desktop\crab-dev\components\rc-bar-chart
@crab-dev/rc-bar-chart:build:library: 
@crab-dev/rc-skeleton:typecheck: declarations/_wake/src/skeleton.d.ts(1,40): error TS2307: Cannot find module 'react' or its corresponding type declarations.
@crab-dev/rc-skeleton:typecheck: declarations/_wake/src/types.d.ts(1,63): error TS2307: Cannot find module 'react' or its corresponding type declarations.
@crab-dev/rc-skeleton:typecheck: docs/demos/animation.demo.tsx(6,21): error TS2307: Cannot find module '@crab-dev/css' or its corresponding type declarations.
@crab-dev/rc-skeleton:typecheck: docs/demos/animation.demo.tsx(25,9): error TS7026: JSX element implicitly has type 'any' because no interface 'JSX.IntrinsicElements' exists.
@crab-dev/rc-skeleton:typecheck: docs/demos/animation.demo.tsx(25,9): error TS17004: Cannot use JSX unless the '--jsx' flag is provided.
@crab-dev/rc-skeleton:typecheck: docs/demos/animation.demo.tsx(26,13): error TS7026: JSX element implicitly has type 'any' because no interface 'JSX.IntrinsicElements' exists.
@crab-dev/rc-skeleton:typecheck: docs/demos/animation.demo.tsx(26,13): error TS17004: Cannot use JSX unless the '--jsx' flag is provided.
@crab-dev/rc-skeleton:typecheck: docs/demos/animation.demo.tsx(27,17): error TS7026: JSX element implicitly has type 'any' because no interface 'JSX.IntrinsicElements' exists.
@crab-dev/rc-skeleton:typecheck: docs/demos/animation.demo.tsx(27,17): error TS17004: Cannot use JSX unless the '--jsx' flag is provided.
@crab-dev/rc-skeleton:typecheck: docs/demos/animation.demo.tsx(27,82): error TS7026: JSX element implicitly has type 'any' because no interface 'JSX.IntrinsicElements' exists.
@crab-dev/rc-skeleton:typecheck: docs/demos/animation.demo.tsx(28,17): error TS17004: Cannot use JSX unless the '--jsx' flag is provided.
@crab-dev/rc-skeleton:typecheck: docs/demos/animation.demo.tsx(29,13): error TS7026: JSX element implicitly has type 'any' because no interface 'JSX.IntrinsicElements' exists.
@crab-dev/rc-skeleton:typecheck: docs/demos/animation.demo.tsx(30,13): error TS7026: JSX element implicitly has type 'any' because no interface 'JSX.IntrinsicElements' exists.
@crab-dev/rc-skeleton:typecheck: docs/demos/animation.demo.tsx(30,13): error TS17004: Cannot use JSX unless the '--jsx' flag is provided.
@crab-dev/rc-skeleton:typecheck: docs/demos/animation.demo.tsx(31,17): error TS7026: JSX element implicitly has type 'any' because no interface 'JSX.IntrinsicElements' exists.
@crab-dev/rc-skeleton:typecheck: docs/demos/animation.demo.tsx(31,17): error TS17004: Cannot use JSX unless the '--jsx' flag is provided.
@crab-dev/rc-skeleton:typecheck: docs/demos/animation.demo.tsx(31,77): error TS7026: JSX element implicitly has type 'any' because no interface 'JSX.IntrinsicElements' exists.
@crab-dev/rc-skeleton:typecheck: docs/demos/animation.demo.tsx(32,17): error TS17004: Cannot use JSX unless the '--jsx' flag is provided.
@crab-dev/rc-skeleton:typecheck: docs/demos/animation.demo.tsx(33,13): error TS7026: JSX element implicitly has type 'any' because no interface 'JSX.IntrinsicElements' exists.
@crab-dev/rc-skeleton:typecheck: docs/demos/animation.demo.tsx(34,13): error TS7026: JSX element implicitly has type 'any' because no interface 'JSX.IntrinsicElements' exists.
@crab-dev/rc-skeleton:typecheck: docs/demos/animation.demo.tsx(34,13): error TS17004: Cannot use JSX unless the '--jsx' flag is provided.
@crab-dev/rc-skeleton:typecheck: docs/demos/animation.demo.tsx(35,17): error TS7026: JSX element implicitly has type 'any' because no interface 'JSX.IntrinsicElements' exists.
@crab-dev/rc-skeleton:typecheck: docs/demos/animation.demo.tsx(35,17): error TS17004: Cannot use JSX unless the '--jsx' flag is provided.
@crab-dev/rc-skeleton:typecheck: docs/demos/animation.demo.tsx(35,63): error TS7026: JSX element implicitly has type 'any' because no interface 'JSX.IntrinsicElements' exists.
@crab-dev/rc-skeleton:typecheck: docs/demos/animation.demo.tsx(36,17): error TS17004: Cannot use JSX unless the '--jsx' flag is provided.
@crab-dev/rc-skeleton:typecheck: docs/demos/animation.demo.tsx(37,13): error TS7026: JSX element implicitly has type 'any' because no interface 'JSX.IntrinsicElements' exists.
@crab-dev/rc-skeleton:typecheck: docs/demos/animation.demo.tsx(38,9): error TS7026: JSX element implicitly has type 'any' because no interface 'JSX.IntrinsicElements' exists.
@crab-dev/rc-skeleton:typecheck: docs/demos/basic.demo.tsx(9,12): error TS17004: Cannot use JSX unless the '--jsx' flag is provided.
@crab-dev/rc-skeleton:typecheck: docs/demos/card.demo.tsx(6,21): error TS2307: Cannot find module '@crab-dev/css' or its corresponding type declarations.
@crab-dev/rc-skeleton:typecheck: docs/demos/card.demo.tsx(37,9): error TS7026: JSX element implicitly has type 'any' because no interface 'JSX.IntrinsicElements' exists.
@crab-dev/rc-skeleton:typecheck: docs/demos/card.demo.tsx(37,9): error TS17004: Cannot use JSX unless the '--jsx' flag is provided.
@crab-dev/rc-skeleton:typecheck: docs/demos/card.demo.tsx(38,13): error TS7026: JSX element implicitly has type 'any' because no interface 'JSX.IntrinsicElements' exists.
@crab-dev/rc-skeleton:typecheck: docs/demos/card.demo.tsx(38,13): error TS17004: Cannot use JSX unless the '--jsx' flag is provided.
@crab-dev/rc-skeleton:typecheck: docs/demos/card.demo.tsx(39,17): error TS17004: Cannot use JSX unless the '--jsx' flag is provided.
@crab-dev/rc-skeleton:typecheck: docs/demos/card.demo.tsx(40,17): error TS7026: JSX element implicitly has type 'any' because no interface 'JSX.IntrinsicElements' exists.
@crab-dev/rc-skeleton:typecheck: docs/demos/card.demo.tsx(40,17): error TS17004: Cannot use JSX unless the '--jsx' flag is provided.
@crab-dev/rc-skeleton:typecheck: docs/demos/card.demo.tsx(41,21): error TS17004: Cannot use JSX unless the '--jsx' flag is provided.
@crab-dev/rc-skeleton:typecheck: docs/demos/card.demo.tsx(42,21): error TS17004: Cannot use JSX unless the '--jsx' flag is provided.
@crab-dev/rc-skeleton:typecheck: docs/demos/card.demo.tsx(43,17): error TS7026: JSX element implicitly has type 'any' because no interface 'JSX.IntrinsicElements' exists.
@crab-dev/rc-skeleton:typecheck: docs/demos/card.demo.tsx(44,13): error TS7026: JSX element implicitly has type 'any' because no interface 'JSX.IntrinsicElements' exists.
@crab-dev/rc-skeleton:typecheck: docs/demos/card.demo.tsx(45,13): error TS17004: Cannot use JSX unless the '--jsx' flag is provided.
@crab-dev/rc-skeleton:typecheck: docs/demos/card.demo.tsx(46,13): error TS17004: Cannot use JSX unless the '--jsx' flag is provided.
@crab-dev/rc-skeleton:typecheck: docs/demos/card.demo.tsx(47,9): error TS7026: JSX element implicitly has type 'any' because no interface 'JSX.IntrinsicElements' exists.
@crab-dev/rc-skeleton:typecheck: docs/demos/loaded.demo.tsx(6,37): error TS2307: Cannot find module 'react' or its corresponding type declarations.
@crab-dev/rc-skeleton:typecheck: docs/demos/loaded.demo.tsx(7,21): error TS2307: Cannot find module '@crab-dev/css' or its corresponding type declarations.
@crab-dev/rc-skeleton:typecheck: docs/demos/loaded.demo.tsx(27,9): error TS17004: Cannot use JSX unless the '--jsx' flag is provided.
@crab-dev/rc-skeleton:typecheck: docs/demos/loaded.demo.tsx(28,13): error TS7026: JSX element implicitly has type 'any' because no interface 'JSX.IntrinsicElements' exists.
@crab-dev/rc-skeleton:typecheck: docs/demos/loaded.demo.tsx(28,13): error TS17004: Cannot use JSX unless the '--jsx' flag is provided.
@crab-dev/rc-skeleton:typecheck: docs/demos/loaded.demo.tsx(30,13): error TS7026: JSX element implicitly has type 'any' because no interface 'JSX.IntrinsicElements' exists.
@crab-dev/rc-skeleton:typecheck: docs/demos/variant.demo.tsx(6,21): error TS2307: Cannot find module '@crab-dev/css' or its corresponding type declarations.
@crab-dev/rc-skeleton:typecheck: docs/demos/variant.demo.tsx(26,9): error TS7026: JSX element implicitly has type 'any' because no interface 'JSX.IntrinsicElements' exists.
@crab-dev/rc-skeleton:typecheck: docs/demos/variant.demo.tsx(26,9): error TS17004: Cannot use JSX unless the '--jsx' flag is provided.
@crab-dev/rc-skeleton:typecheck: docs/demos/variant.demo.tsx(27,13): error TS7026: JSX element implicitly has type 'any' because no interface 'JSX.IntrinsicElements' exists.
@crab-dev/rc-skeleton:typecheck: docs/demos/variant.demo.tsx(27,13): error TS17004: Cannot use JSX unless the '--jsx' flag is provided.
@crab-dev/rc-skeleton:typecheck: docs/demos/variant.demo.tsx(28,17): error TS17004: Cannot use JSX unless the '--jsx' flag is provided.
@crab-dev/rc-skeleton:typecheck: docs/demos/variant.demo.tsx(29,17): error TS17004: Cannot use JSX unless the '--jsx' flag is provided.
@crab-dev/rc-skeleton:typecheck: docs/demos/variant.demo.tsx(30,17): error TS17004: Cannot use JSX unless the '--jsx' flag is provided.
@crab-dev/rc-skeleton:typecheck: docs/demos/variant.demo.tsx(31,17): error TS17004: Cannot use JSX unless the '--jsx' flag is provided.
@crab-dev/rc-skeleton:typecheck: docs/demos/variant.demo.tsx(32,13): error TS7026: JSX element implicitly has type 'any' because no interface 'JSX.IntrinsicElements' exists.
@crab-dev/rc-skeleton:typecheck: docs/demos/variant.demo.tsx(33,13): error TS17004: Cannot use JSX unless the '--jsx' flag is provided.
@crab-dev/rc-skeleton:typecheck: docs/demos/variant.demo.tsx(34,13): error TS17004: Cannot use JSX unless the '--jsx' flag is provided.
@crab-dev/rc-skeleton:typecheck: docs/demos/variant.demo.tsx(35,9): error TS7026: JSX element implicitly has type 'any' because no interface 'JSX.IntrinsicElements' exists.
@crab-dev/rc-skeleton:typecheck: src/__tests__/skeleton.test.tsx(1,54): error TS2307: Cannot find module '@crab-dev/wake/test/react' or its corresponding type declarations.
@crab-dev/rc-skeleton:typecheck: src/__tests__/skeleton.test.tsx(2,22): error TS6142: Module '../skeleton.js' was resolved to 'C:/Users/zhang/Desktop/crab-dev/components/rc-skeleton/src/skeleton.tsx', but '--jsx' is not set.
@crab-dev/rc-skeleton:typecheck: src/__tests__/skeleton.test.tsx(8,44): error TS17004: Cannot use JSX unless the '--jsx' flag is provided.
@crab-dev/rc-skeleton:typecheck: src/__tests__/skeleton.test.tsx(15,44): error TS17004: Cannot use JSX unless the '--jsx' flag is provided.
@crab-dev/rc-skeleton:typecheck: src/__tests__/skeleton.test.tsx(20,44): error TS17004: Cannot use JSX unless the '--jsx' flag is provided.
@crab-dev/rc-skeleton:typecheck: src/__tests__/skeleton.test.tsx(27,44): error TS17004: Cannot use JSX unless the '--jsx' flag is provided.
@crab-dev/rc-skeleton:typecheck: src/__tests__/skeleton.test.tsx(28,13): error TS7026: JSX element implicitly has type 'any' because no interface 'JSX.IntrinsicElements' exists.
@crab-dev/rc-skeleton:typecheck: src/__tests__/skeleton.test.tsx(28,13): error TS17004: Cannot use JSX unless the '--jsx' flag is provided.
@crab-dev/rc-skeleton:typecheck: src/__tests__/skeleton.test.tsx(28,24): error TS7026: JSX element implicitly has type 'any' because no interface 'JSX.IntrinsicElements' exists.
@crab-dev/rc-skeleton:typecheck: src/__tests__/skeleton.test.tsx(34,44): error TS17004: Cannot use JSX unless the '--jsx' flag is provided.
@crab-dev/rc-skeleton:typecheck: src/__tests__/skeleton.test.tsx(39,44): error TS17004: Cannot use JSX unless the '--jsx' flag is provided.
@crab-dev/rc-skeleton:typecheck: src/__tests__/skeleton.test.tsx(45,44): error TS17004: Cannot use JSX unless the '--jsx' flag is provided.
@crab-dev/rc-skeleton:typecheck: src/__tests__/skeleton.test.tsx(50,44): error TS17004: Cannot use JSX unless the '--jsx' flag is provided.
@crab-dev/rc-skeleton:typecheck: src/index.ts(1,22): error TS6142: Module './skeleton.js' was resolved to 'C:/Users/zhang/Desktop/crab-dev/components/rc-skeleton/src/skeleton.tsx', but '--jsx' is not set.
@crab-dev/rc-skeleton:typecheck: src/skeleton.tsx(1,40): error TS2307: Cannot find module 'react' or its corresponding type declarations.
@crab-dev/rc-skeleton:typecheck: src/skeleton.tsx(2,25): error TS2307: Cannot find module '@crab-dev/css' or its corresponding type declarations.
@crab-dev/rc-skeleton:typecheck: src/skeleton.tsx(184,5): error TS7031: Binding element 'width' implicitly has an 'any' type.
@crab-dev/rc-skeleton:typecheck: src/skeleton.tsx(185,5): error TS7031: Binding element 'height' implicitly has an 'any' type.
@crab-dev/rc-skeleton:typecheck: src/skeleton.tsx(191,5): error TS7031: Binding element 'className' implicitly has an 'any' type.
@crab-dev/rc-skeleton:typecheck: src/skeleton.tsx(192,5): error TS7031: Binding element 'style' implicitly has an 'any' type.
@crab-dev/rc-skeleton:typecheck: src/skeleton.tsx(193,5): error TS7031: Binding element 'children' implicitly has an 'any' type.
@crab-dev/rc-skeleton:typecheck: src/skeleton.tsx(197,16): error TS17004: Cannot use JSX unless the '--jsx' flag is provided.
@crab-dev/rc-skeleton:typecheck: src/skeleton.tsx(209,42): error TS2345: Argument of type 'string' is not assignable to parameter of type 'SkeletonVariant'.
@crab-dev/rc-skeleton:typecheck: src/skeleton.tsx(210,54): error TS2345: Argument of type 'string' is not assignable to parameter of type 'SkeletonAnimation'.
@crab-dev/rc-skeleton:typecheck: src/skeleton.tsx(214,44): error TS2345: Argument of type 'string' is not assignable to parameter of type 'SkeletonSize'.
@crab-dev/rc-skeleton:typecheck: src/skeleton.tsx(217,13): error TS7026: JSX element implicitly has type 'any' because no interface 'JSX.IntrinsicElements' exists.
@crab-dev/rc-skeleton:typecheck: src/skeleton.tsx(217,13): error TS17004: Cannot use JSX unless the '--jsx' flag is provided.
@crab-dev/rc-skeleton:typecheck: src/skeleton.tsx(228,25): error TS7026: JSX element implicitly has type 'any' because no interface 'JSX.IntrinsicElements' exists.
@crab-dev/rc-skeleton:typecheck: src/skeleton.tsx(228,25): error TS17004: Cannot use JSX unless the '--jsx' flag is provided.
@crab-dev/rc-skeleton:typecheck: src/skeleton.tsx(243,13): error TS7026: JSX element implicitly has type 'any' because no interface 'JSX.IntrinsicElements' exists.
@crab-dev/rc-skeleton:typecheck: src/skeleton.tsx(248,9): error TS7026: JSX element implicitly has type 'any' because no interface 'JSX.IntrinsicElements' exists.
@crab-dev/rc-skeleton:typecheck: src/skeleton.tsx(248,9): error TS17004: Cannot use JSX unless the '--jsx' flag is provided.
@crab-dev/rc-skeleton:typecheck: src/token.ts(5,30): error TS2307: Cannot find module '@crab-dev/css' or its corresponding type declarations.
@crab-dev/rc-skeleton:typecheck: src/types.ts(1,63): error TS2307: Cannot find module 'react' or its corresponding type declarations.
@crab-dev/rc-skeleton:typecheck: tsconfig.json(2,16): error TS6053: File '@crab-dev/standards-typescript-preset/tsconfig.browser.react.json' not found.
@crab-dev/rc-menu:typecheck: declarations/_wake/src/menu.d.ts(1,73): error TS2307: Cannot find module 'react' or its corresponding type declarations.
@crab-dev/rc-menu:typecheck: declarations/_wake/src/type.d.ts(1,37): error TS2307: Cannot find module 'react' or its corresponding type declarations.
@crab-dev/rc-menu:typecheck: docs/demos/basic.demo.tsx(7,31): error TS2307: Cannot find module 'react' or its corresponding type declarations.
@crab-dev/rc-menu:typecheck: docs/demos/basic.demo.tsx(8,21): error TS2307: Cannot find module '@crab-dev/css' or its corresponding type declarations.
@crab-dev/rc-menu:typecheck: docs/demos/basic.demo.tsx(16,9): error TS7026: JSX element implicitly has type 'any' because no interface 'JSX.IntrinsicElements' exists.
@crab-dev/rc-menu:typecheck: docs/demos/basic.demo.tsx(16,9): error TS17004: Cannot use JSX unless the '--jsx' flag is provided.
@crab-dev/rc-menu:typecheck: docs/demos/basic.demo.tsx(22,13): error TS17004: Cannot use JSX unless the '--jsx' flag is provided.
@crab-dev/rc-menu:typecheck: docs/demos/basic.demo.tsx(26,34): error TS7031: Binding element 'selectedKeys' implicitly has an 'any' type.
@crab-dev/rc-menu:typecheck: docs/demos/basic.demo.tsx(68,9): error TS7026: JSX element implicitly has type 'any' because no interface 'JSX.IntrinsicElements' exists.
@crab-dev/rc-menu:typecheck: docs/demos/collapsed.demo.tsx(6,31): error TS2307: Cannot find module 'react' or its corresponding type declarations.
@crab-dev/rc-menu:typecheck: docs/demos/collapsed.demo.tsx(7,21): error TS2307: Cannot find module '@crab-dev/css' or its corresponding type declarations.
@crab-dev/rc-menu:typecheck: docs/demos/collapsed.demo.tsx(46,5): error TS7026: JSX element implicitly has type 'any' because no interface 'JSX.IntrinsicElements' exists.
@crab-dev/rc-menu:typecheck: docs/demos/collapsed.demo.tsx(46,5): error TS17004: Cannot use JSX unless the '--jsx' flag is provided.
@crab-dev/rc-menu:typecheck: docs/demos/collapsed.demo.tsx(64,9): error TS7026: JSX element implicitly has type 'any' because no interface 'JSX.IntrinsicElements' exists.
@crab-dev/rc-menu:typecheck: docs/demos/collapsed.demo.tsx(64,9): error TS17004: Cannot use JSX unless the '--jsx' flag is provided.
@crab-dev/rc-menu:typecheck: docs/demos/collapsed.demo.tsx(65,13): error TS7026: JSX element implicitly has type 'any' because no interface 'JSX.IntrinsicElements' exists.
@crab-dev/rc-menu:typecheck: docs/demos/collapsed.demo.tsx(65,13): error TS17004: Cannot use JSX unless the '--jsx' flag is provided.
@crab-dev/rc-menu:typecheck: docs/demos/collapsed.demo.tsx(68,46): error TS7006: Parameter 'v' implicitly has an 'any' type.
@crab-dev/rc-menu:typecheck: docs/demos/collapsed.demo.tsx(72,13): error TS7026: JSX element implicitly has type 'any' because no interface 'JSX.IntrinsicElements' exists.
@crab-dev/rc-menu:typecheck: docs/demos/collapsed.demo.tsx(74,13): error TS7026: JSX element implicitly has type 'any' because no interface 'JSX.IntrinsicElements' exists.
@crab-dev/rc-menu:typecheck: docs/demos/collapsed.demo.tsx(74,13): error TS17004: Cannot use JSX unless the '--jsx' flag is provided.
@crab-dev/rc-menu:typecheck: docs/demos/collapsed.demo.tsx(78,17): error TS17004: Cannot use JSX unless the '--jsx' flag is provided.
@crab-dev/rc-menu:typecheck: docs/demos/collapsed.demo.tsx(82,38): error TS7031: Binding element 'selectedKeys' implicitly has an 'any' type.
@crab-dev/rc-menu:typecheck: docs/demos/collapsed.demo.tsx(90,35): error TS17004: Cannot use JSX unless the '--jsx' flag is provided.
@crab-dev/rc-menu:typecheck: docs/demos/collapsed.demo.tsx(100,35): error TS17004: Cannot use JSX unless the '--jsx' flag is provided.
@crab-dev/rc-menu:typecheck: docs/demos/collapsed.demo.tsx(110,35): error TS17004: Cannot use JSX unless the '--jsx' flag is provided.
@crab-dev/rc-menu:typecheck: docs/demos/collapsed.demo.tsx(116,35): error TS17004: Cannot use JSX unless the '--jsx' flag is provided.
@crab-dev/rc-menu:typecheck: docs/demos/collapsed.demo.tsx(120,13): error TS7026: JSX element implicitly has type 'any' because no interface 'JSX.IntrinsicElements' exists.
@crab-dev/rc-menu:typecheck: docs/demos/collapsed.demo.tsx(121,9): error TS7026: JSX element implicitly has type 'any' because no interface 'JSX.IntrinsicElements' exists.
@crab-dev/rc-menu:typecheck: docs/demos/group.demo.tsx(7,31): error TS2307: Cannot find module 'react' or its corresponding type declarations.
@crab-dev/rc-menu:typecheck: docs/demos/group.demo.tsx(15,9): error TS17004: Cannot use JSX unless the '--jsx' flag is provided.
@crab-dev/rc-menu:typecheck: docs/demos/group.demo.tsx(19,30): error TS7031: Binding element 'selectedKeys' implicitly has an 'any' type.
@crab-dev/rc-menu:typecheck: docs/demos/horizontal.demo.tsx(7,31): error TS2307: Cannot find module 'react' or its corresponding type declarations.
@crab-dev/rc-menu:typecheck: docs/demos/horizontal.demo.tsx(15,9): error TS17004: Cannot use JSX unless the '--jsx' flag is provided.
@crab-dev/rc-menu:typecheck: docs/demos/horizontal.demo.tsx(18,30): error TS7031: Binding element 'selectedKeys' implicitly has an 'any' type.
@crab-dev/rc-menu:typecheck: src/__tests__/menu.test.tsx(1,98): error TS2307: Cannot find module '@crab-dev/wake/test/react' or its corresponding type declarations.
@crab-dev/rc-menu:typecheck: src/__tests__/menu.test.tsx(2,63): error TS2307: Cannot find module 'react' or its corresponding type declarations.
@crab-dev/rc-menu:typecheck: src/__tests__/menu.test.tsx(9,11): error TS17004: Cannot use JSX unless the '--jsx' flag is provided.
@crab-dev/rc-menu:typecheck: src/__tests__/menu.test.tsx(11,75): error TS7026: JSX element implicitly has type 'any' because no interface 'JSX.IntrinsicElements' exists.
@crab-dev/rc-menu:typecheck: src/__tests__/menu.test.tsx(11,75): error TS17004: Cannot use JSX unless the '--jsx' flag is provided.
@crab-dev/rc-menu:typecheck: src/__tests__/menu.test.tsx(11,100): error TS7026: JSX element implicitly has type 'any' because no interface 'JSX.IntrinsicElements' exists.
@crab-dev/rc-menu:typecheck: src/__tests__/menu.test.tsx(22,11): error TS17004: Cannot use JSX unless the '--jsx' flag is provided.
@crab-dev/rc-menu:typecheck: src/__tests__/menu.test.tsx(25,11): error TS17004: Cannot use JSX unless the '--jsx' flag is provided.
@crab-dev/rc-menu:typecheck: src/__tests__/menu.test.tsx(66,26): error TS6142: Module '../menu.js' was resolved to 'C:/Users/zhang/Desktop/crab-dev/components/rc-menu/src/menu.tsx', but '--jsx' is not set.
@crab-dev/rc-menu:typecheck: src/__tests__/menu.test.tsx(68,32): error TS6142: Module '../horizontal/itemNormal.js' was resolved to 'C:/Users/zhang/Desktop/crab-dev/components/rc-menu/src/horizontal/itemNormal.tsx', but '--jsx' is not set.
@crab-dev/rc-menu:typecheck: src/__tests__/menu.test.tsx(70,56): error TS6142: Module '../menu.js' was resolved to 'C:/Users/zhang/Desktop/crab-dev/components/rc-menu/src/menu.tsx', but '--jsx' is not set.
@crab-dev/rc-menu:typecheck: src/__tests__/menu.test.tsx(72,62): error TS6142: Module '../horizontal/itemNormal.js' was resolved to 'C:/Users/zhang/Desktop/crab-dev/components/rc-menu/src/horizontal/itemNormal.tsx', but '--jsx' is not set.
@crab-dev/rc-menu:typecheck: src/__tests__/menu.test.tsx(90,22): error TS17004: Cannot use JSX unless the '--jsx' flag is provided.
@crab-dev/rc-menu:typecheck: src/__tests__/menu.test.tsx(121,22): error TS17004: Cannot use JSX unless the '--jsx' flag is provided.
@crab-dev/rc-menu:typecheck: src/__tests__/menu.test.tsx(136,23): error TS7026: JSX element implicitly has type 'any' because no interface 'JSX.IntrinsicElements' exists.
@crab-dev/rc-menu:typecheck: src/__tests__/menu.test.tsx(136,23): error TS17004: Cannot use JSX unless the '--jsx' flag is provided.
@crab-dev/rc-menu:typecheck: src/__tests__/menu.test.tsx(153,22): error TS17004: Cannot use JSX unless the '--jsx' flag is provided.
@crab-dev/rc-menu:typecheck: src/__tests__/menu.test.tsx(157,22): error TS17004: Cannot use JSX unless the '--jsx' flag is provided.
@crab-dev/rc-menu:typecheck: src/__tests__/menu.test.tsx(167,22): error TS17004: Cannot use JSX unless the '--jsx' flag is provided.
@crab-dev/rc-menu:typecheck: src/__tests__/menu.test.tsx(172,26): error TS17004: Cannot use JSX unless the '--jsx' flag is provided.
@crab-dev/rc-menu:typecheck: src/__tests__/menu.test.tsx(178,26): error TS17004: Cannot use JSX unless the '--jsx' flag is provided.
@crab-dev/rc-menu:typecheck: src/__tests__/menu.test.tsx(190,26): error TS17004: Cannot use JSX unless the '--jsx' flag is provided.
@crab-dev/rc-menu:typecheck: src/__tests__/menu.test.tsx(204,22): error TS17004: Cannot use JSX unless the '--jsx' flag is provided.
@crab-dev/rc-menu:typecheck: src/__tests__/menu.test.tsx(209,23): error TS7026: JSX element implicitly has type 'any' because no interface 'JSX.IntrinsicElements' exists.
@crab-dev/rc-menu:typecheck: src/__tests__/menu.test.tsx(209,23): error TS17004: Cannot use JSX unless the '--jsx' flag is provided.
@crab-dev/rc-menu:typecheck: src/__tests__/menu.test.tsx(232,23): error TS7026: JSX element implicitly has type 'any' because no interface 'JSX.IntrinsicElements' exists.
@crab-dev/rc-menu:typecheck: src/__tests__/menu.test.tsx(232,23): error TS17004: Cannot use JSX unless the '--jsx' flag is provided.
@crab-dev/rc-menu:typecheck: src/__tests__/menu.test.tsx(262,22): error TS17004: Cannot use JSX unless the '--jsx' flag is provided.
@crab-dev/rc-menu:typecheck: src/__tests__/menu.test.tsx(266,19): error TS7026: JSX element implicitly has type 'any' because no interface 'JSX.IntrinsicElements' exists.
@crab-dev/rc-menu:typecheck: src/__tests__/menu.test.tsx(266,19): error TS17004: Cannot use JSX unless the '--jsx' flag is provided.
@crab-dev/rc-menu:typecheck: src/__tests__/menu.test.tsx(268,15): error TS7026: JSX element implicitly has type 'any' because no interface 'JSX.IntrinsicElements' exists.
@crab-dev/rc-menu:typecheck: src/__tests__/menu.test.tsx(268,15): error TS17004: Cannot use JSX unless the '--jsx' flag is provided.
@crab-dev/rc-menu:typecheck: src/__tests__/menu.test.tsx(268,43): error TS7026: JSX element implicitly has type 'any' because no interface 'JSX.IntrinsicElements' exists.
@crab-dev/rc-menu:typecheck: src/__tests__/menu.test.tsx(291,22): error TS17004: Cannot use JSX unless the '--jsx' flag is provided.
@crab-dev/rc-menu:typecheck: src/__tests__/menu.test.tsx(296,23): error TS7026: JSX element implicitly has type 'any' because no interface 'JSX.IntrinsicElements' exists.
@crab-dev/rc-menu:typecheck: src/__tests__/menu.test.tsx(296,23): error TS17004: Cannot use JSX unless the '--jsx' flag is provided.
@crab-dev/rc-menu:typecheck: src/__tests__/menu.test.tsx(302,23): error TS7026: JSX element implicitly has type 'any' because no interface 'JSX.IntrinsicElements' exists.
@crab-dev/rc-menu:typecheck: src/__tests__/menu.test.tsx(302,23): error TS17004: Cannot use JSX unless the '--jsx' flag is provided.
@crab-dev/rc-menu:typecheck: src/__tests__/menu.test.tsx(320,31): error TS7026: JSX element implicitly has type 'any' because no interface 'JSX.IntrinsicElements' exists.
@crab-dev/rc-menu:typecheck: src/__tests__/menu.test.tsx(320,31): error TS17004: Cannot use JSX unless the '--jsx' flag is provided.
@crab-dev/rc-menu:typecheck: src/__tests__/token.test.ts(1,38): error TS2307: Cannot find module '@crab-dev/wake/test' or its corresponding type declarations.
@crab-dev/rc-menu:typecheck: src/horizontal/index.tsx(1,41): error TS2307: Cannot find module 'react' or its corresponding type declarations.
@crab-dev/rc-menu:typecheck: src/horizontal/index.tsx(2,25): error TS2307: Cannot find module '@crab-dev/css' or its corresponding type declarations.
@crab-dev/rc-menu:typecheck: src/horizontal/index.tsx(4,32): error TS6142: Module '../menu.js' was resolved to 'C:/Users/zhang/Desktop/crab-dev/components/rc-menu/src/menu.tsx', but '--jsx' is not set.
@crab-dev/rc-menu:typecheck: src/horizontal/index.tsx(6,23): error TS6142: Module './itemGroup.js' was resolved to 'C:/Users/zhang/Desktop/crab-dev/components/rc-menu/src/horizontal/itemGroup.tsx', but '--jsx' is not set.
@crab-dev/rc-menu:typecheck: src/horizontal/index.tsx(7,24): error TS6142: Module './itemNormal.js' was resolved to 'C:/Users/zhang/Desktop/crab-dev/components/rc-menu/src/horizontal/itemNormal.tsx', but '--jsx' is not set.
@crab-dev/rc-menu:typecheck: src/horizontal/index.tsx(8,30): error TS2307: Cannot find module '@floating-ui/react' or its corresponding type declarations.
@crab-dev/rc-menu:typecheck: src/horizontal/index.tsx(25,5): error TS7031: Binding element 'className' implicitly has an 'any' type.
@crab-dev/rc-menu:typecheck: src/horizontal/index.tsx(26,15): error TS7031: Binding element '_openKeys' implicitly has an 'any' type.
@crab-dev/rc-menu:typecheck: src/horizontal/index.tsx(29,19): error TS7031: Binding element '_onSelectItem' implicitly has an 'any' type.
@crab-dev/rc-menu:typecheck: src/horizontal/index.tsx(30,19): error TS7031: Binding element '_onOpenChange' implicitly has an 'any' type.
@crab-dev/rc-menu:typecheck: src/horizontal/index.tsx(31,14): error TS7031: Binding element '_onClick' implicitly has an 'any' type.
@crab-dev/rc-menu:typecheck: src/horizontal/index.tsx(37,13): error TS17004: Cannot use JSX unless the '--jsx' flag is provided.
@crab-dev/rc-menu:typecheck: src/horizontal/index.tsx(49,13): error TS17004: Cannot use JSX unless the '--jsx' flag is provided.
@crab-dev/rc-menu:typecheck: src/horizontal/index.tsx(72,9): error TS17004: Cannot use JSX unless the '--jsx' flag is provided.
@crab-dev/rc-menu:typecheck: src/horizontal/index.tsx(73,13): error TS7026: JSX element implicitly has type 'any' because no interface 'JSX.IntrinsicElements' exists.
@crab-dev/rc-menu:typecheck: src/horizontal/index.tsx(73,13): error TS17004: Cannot use JSX unless the '--jsx' flag is provided.
@crab-dev/rc-menu:typecheck: src/horizontal/index.tsx(78,13): error TS7026: JSX element implicitly has type 'any' because no interface 'JSX.IntrinsicElements' exists.
@crab-dev/rc-menu:typecheck: src/horizontal/itemGroup.tsx(1,20): error TS2307: Cannot find module '@crab-dev/css' or its corresponding type declarations.
@crab-dev/rc-menu:typecheck: src/horizontal/itemGroup.tsx(2,41): error TS2307: Cannot find module 'react' or its corresponding type declarations.
@crab-dev/rc-menu:typecheck: src/horizontal/itemGroup.tsx(18,5): error TS7031: Binding element 'item' implicitly has an 'any' type.
@crab-dev/rc-menu:typecheck: src/horizontal/itemGroup.tsx(19,5): error TS7031: Binding element 'children' implicitly has an 'any' type.
@crab-dev/rc-menu:typecheck: src/horizontal/itemGroup.tsx(20,5): error TS7031: Binding element 'depth' implicitly has an 'any' type.
@crab-dev/rc-menu:typecheck: src/horizontal/itemGroup.tsx(23,9): error TS7026: JSX element implicitly has type 'any' because no interface 'JSX.IntrinsicElements' exists.
@crab-dev/rc-menu:typecheck: src/horizontal/itemGroup.tsx(23,9): error TS17004: Cannot use JSX unless the '--jsx' flag is provided.
@crab-dev/rc-menu:typecheck: src/horizontal/itemGroup.tsx(27,13): error TS7026: JSX element implicitly has type 'any' because no interface 'JSX.IntrinsicElements' exists.
@crab-dev/rc-menu:typecheck: src/horizontal/itemGroup.tsx(27,13): error TS17004: Cannot use JSX unless the '--jsx' flag is provided.
@crab-dev/rc-menu:typecheck: src/horizontal/itemGroup.tsx(35,25): error TS7026: JSX element implicitly has type 'any' because no interface 'JSX.IntrinsicElements' exists.
@crab-dev/rc-menu:typecheck: src/horizontal/itemGroup.tsx(35,25): error TS17004: Cannot use JSX unless the '--jsx' flag is provided.
@crab-dev/rc-menu:typecheck: src/horizontal/itemGroup.tsx(39,25): error TS7026: JSX element implicitly has type 'any' because no interface 'JSX.IntrinsicElements' exists.
@crab-dev/rc-menu:typecheck: src/horizontal/itemGroup.tsx(42,17): error TS7026: JSX element implicitly has type 'any' because no interface 'JSX.IntrinsicElements' exists.
@crab-dev/rc-menu:typecheck: src/horizontal/itemGroup.tsx(42,17): error TS17004: Cannot use JSX unless the '--jsx' flag is provided.
@crab-dev/rc-menu:typecheck: src/horizontal/itemGroup.tsx(46,17): error TS7026: JSX element implicitly has type 'any' because no interface 'JSX.IntrinsicElements' exists.
@crab-dev/rc-menu:typecheck: src/horizontal/itemGroup.tsx(47,13): error TS7026: JSX element implicitly has type 'any' because no interface 'JSX.IntrinsicElements' exists.
@crab-dev/rc-menu:typecheck: src/horizontal/itemGroup.tsx(48,13): error TS7026: JSX element implicitly has type 'any' because no interface 'JSX.IntrinsicElements' exists.
@crab-dev/rc-menu:typecheck: src/horizontal/itemGroup.tsx(48,13): error TS17004: Cannot use JSX unless the '--jsx' flag is provided.
@crab-dev/rc-menu:typecheck: src/horizontal/itemGroup.tsx(52,13): error TS7026: JSX element implicitly has type 'any' because no interface 'JSX.IntrinsicElements' exists.
@crab-dev/rc-menu:typecheck: src/horizontal/itemGroup.tsx(53,9): error TS7026: JSX element implicitly has type 'any' because no interface 'JSX.IntrinsicElements' exists.
@crab-dev/rc-menu:typecheck: src/horizontal/itemNormal.tsx(9,8): error TS2307: Cannot find module '@floating-ui/react' or its corresponding type declarations.
@crab-dev/rc-menu:typecheck: src/horizontal/itemNormal.tsx(10,62): error TS2307: Cannot find module 'react' or its corresponding type declarations.
@crab-dev/rc-menu:typecheck: src/horizontal/itemNormal.tsx(11,20): error TS2307: Cannot find module '@crab-dev/css' or its corresponding type declarations.
@crab-dev/rc-menu:typecheck: src/horizontal/itemNormal.tsx(14,32): error TS6142: Module '../menu.js' was resolved to 'C:/Users/zhang/Desktop/crab-dev/components/rc-menu/src/menu.tsx', but '--jsx' is not set.
@crab-dev/rc-menu:typecheck: src/horizontal/itemNormal.tsx(15,47): error TS6142: Module '../icon.js' was resolved to 'C:/Users/zhang/Desktop/crab-dev/components/rc-menu/src/icon.tsx', but '--jsx' is not set.
@crab-dev/rc-menu:typecheck: src/horizontal/itemNormal.tsx(26,5): error TS7031: Binding element 'item' implicitly has an 'any' type.
@crab-dev/rc-menu:typecheck: src/horizontal/itemNormal.tsx(27,5): error TS7031: Binding element 'children' implicitly has an 'any' type.
@crab-dev/rc-menu:typecheck: src/horizontal/itemNormal.tsx(28,12): error TS7031: Binding element '_depth' implicitly has an 'any' type.
@crab-dev/rc-menu:typecheck: src/horizontal/itemNormal.tsx(29,5): error TS7031: Binding element 'onClick' implicitly has an 'any' type.
@crab-dev/rc-menu:typecheck: src/horizontal/itemNormal.tsx(64,9): error TS17004: Cannot use JSX unless the '--jsx' flag is provided.
@crab-dev/rc-menu:typecheck: src/horizontal/itemNormal.tsx(65,13): error TS7026: JSX element implicitly has type 'any' because no interface 'JSX.IntrinsicElements' exists.
@crab-dev/rc-menu:typecheck: src/horizontal/itemNormal.tsx(65,13): error TS17004: Cannot use JSX unless the '--jsx' flag is provided.
@crab-dev/rc-menu:typecheck: src/horizontal/itemNormal.tsx(71,17): error TS7026: JSX element implicitly has type 'any' because no interface 'JSX.IntrinsicElements' exists.
@crab-dev/rc-menu:typecheck: src/horizontal/itemNormal.tsx(71,17): error TS17004: Cannot use JSX unless the '--jsx' flag is provided.
@crab-dev/rc-menu:typecheck: src/horizontal/itemNormal.tsx(73,31): error TS7006: Parameter 'e' implicitly has an 'any' type.
@crab-dev/rc-menu:typecheck: src/horizontal/itemNormal.tsx(83,29): error TS7026: JSX element implicitly has type 'any' because no interface 'JSX.IntrinsicElements' exists.
@crab-dev/rc-menu:typecheck: src/horizontal/itemNormal.tsx(83,29): error TS17004: Cannot use JSX unless the '--jsx' flag is provided.
@crab-dev/rc-menu:typecheck: src/horizontal/itemNormal.tsx(87,29): error TS7026: JSX element implicitly has type 'any' because no interface 'JSX.IntrinsicElements' exists.
@crab-dev/rc-menu:typecheck: src/horizontal/itemNormal.tsx(90,21): error TS7026: JSX element implicitly has type 'any' because no interface 'JSX.IntrinsicElements' exists.
@crab-dev/rc-menu:typecheck: src/horizontal/itemNormal.tsx(90,21): error TS17004: Cannot use JSX unless the '--jsx' flag is provided.
@crab-dev/rc-menu:typecheck: src/horizontal/itemNormal.tsx(94,21): error TS7026: JSX element implicitly has type 'any' because no interface 'JSX.IntrinsicElements' exists.
@crab-dev/rc-menu:typecheck: src/horizontal/itemNormal.tsx(96,21): error TS7026: JSX element implicitly has type 'any' because no interface 'JSX.IntrinsicElements' exists.
@crab-dev/rc-menu:typecheck: src/horizontal/itemNormal.tsx(96,21): error TS17004: Cannot use JSX unless the '--jsx' flag is provided.
@crab-dev/rc-menu:typecheck: src/horizontal/itemNormal.tsx(99,33): error TS7026: JSX element implicitly has type 'any' because no interface 'JSX.IntrinsicElements' exists.
@crab-dev/rc-menu:typecheck: src/horizontal/itemNormal.tsx(99,33): error TS17004: Cannot use JSX unless the '--jsx' flag is provided.
@crab-dev/rc-menu:typecheck: src/horizontal/itemNormal.tsx(102,21): error TS7026: JSX element implicitly has type 'any' because no interface 'JSX.IntrinsicElements' exists.
@crab-dev/rc-menu:typecheck: src/horizontal/itemNormal.tsx(103,17): error TS7026: JSX element implicitly has type 'any' because no interface 'JSX.IntrinsicElements' exists.
@crab-dev/rc-menu:typecheck: src/horizontal/itemNormal.tsx(104,17): error TS17004: Cannot use JSX unless the '--jsx' flag is provided.
@crab-dev/rc-menu:typecheck: src/horizontal/itemNormal.tsx(107,29): error TS7026: JSX element implicitly has type 'any' because no interface 'JSX.IntrinsicElements' exists.
@crab-dev/rc-menu:typecheck: src/horizontal/itemNormal.tsx(107,29): error TS17004: Cannot use JSX unless the '--jsx' flag is provided.
@crab-dev/rc-menu:typecheck: src/horizontal/itemNormal.tsx(114,29): error TS7026: JSX element implicitly has type 'any' because no interface 'JSX.IntrinsicElements' exists.
@crab-dev/rc-menu:typecheck: src/horizontal/itemNormal.tsx(118,13): error TS7026: JSX element implicitly has type 'any' because no interface 'JSX.IntrinsicElements' exists.
@crab-dev/rc-menu:typecheck: src/horizontal/styles/itemGroup.styles.ts(1,21): error TS2307: Cannot find module '@crab-dev/css' or its corresponding type declarations.
@crab-dev/rc-menu:typecheck: src/horizontal/styles/itemNormal.styles.ts(1,21): error TS2307: Cannot find module '@crab-dev/css' or its corresponding type declarations.
@crab-dev/rc-menu:typecheck: src/icon.tsx(1,21): error TS2307: Cannot find module '@crab-dev/css' or its corresponding type declarations.
@crab-dev/rc-menu:typecheck: src/index.ts(1,18): error TS6142: Module './menu.js' was resolved to 'C:/Users/zhang/Desktop/crab-dev/components/rc-menu/src/menu.tsx', but '--jsx' is not set.
@crab-dev/rc-menu:typecheck: src/index.ts(3,32): error TS6142: Module './menu.js' was resolved to 'C:/Users/zhang/Desktop/crab-dev/components/rc-menu/src/menu.tsx', but '--jsx' is not set.
@crab-dev/rc-menu:typecheck: src/menu.tsx(1,73): error TS2307: Cannot find module 'react' or its corresponding type declarations.
@crab-dev/rc-menu:typecheck: src/menu.tsx(3,26): error TS6142: Module './vertical/index.js' was resolved to 'C:/Users/zhang/Desktop/crab-dev/components/rc-menu/src/vertical/index.tsx', but '--jsx' is not set.
@crab-dev/rc-menu:typecheck: src/menu.tsx(4,28): error TS6142: Module './horizontal/index.js' was resolved to 'C:/Users/zhang/Desktop/crab-dev/components/rc-menu/src/horizontal/index.tsx', but '--jsx' is not set.
@crab-dev/rc-menu:typecheck: src/menu.tsx(63,5): error TS7031: Binding element 'selectedKeys' implicitly has an 'any' type.
@crab-dev/rc-menu:typecheck: src/menu.tsx(64,5): error TS7031: Binding element 'items' implicitly has an 'any' type.
@crab-dev/rc-menu:typecheck: src/menu.tsx(65,5): error TS7031: Binding element 'inlineCollapsed' implicitly has an 'any' type.
@crab-dev/rc-menu:typecheck: src/menu.tsx(70,13): error TS17004: Cannot use JSX unless the '--jsx' flag is provided.
@crab-dev/rc-menu:typecheck: src/menu.tsx(79,13): error TS17004: Cannot use JSX unless the '--jsx' flag is provided.
@crab-dev/rc-menu:typecheck: src/token.ts(5,30): error TS2307: Cannot find module '@crab-dev/css' or its corresponding type declarations.
@crab-dev/rc-menu:typecheck: src/type.ts(1,37): error TS2307: Cannot find module 'react' or its corresponding type declarations.
@crab-dev/rc-menu:typecheck: src/vertical/collapsed.tsx(1,63): error TS2307: Cannot find module 'react' or its corresponding type declarations.
@crab-dev/rc-menu:typecheck: src/vertical/collapsed.tsx(2,25): error TS2307: Cannot find module '@crab-dev/css' or its corresponding type declarations.
@crab-dev/rc-menu:typecheck: src/vertical/collapsed.tsx(15,8): error TS2307: Cannot find module '@floating-ui/react' or its corresponding type declarations.
@crab-dev/rc-menu:typecheck: src/vertical/collapsed.tsx(17,32): error TS6142: Module '../menu.js' was resolved to 'C:/Users/zhang/Desktop/crab-dev/components/rc-menu/src/menu.tsx', but '--jsx' is not set.
@crab-dev/rc-menu:typecheck: src/vertical/collapsed.tsx(20,32): error TS6142: Module './normal.js' was resolved to 'C:/Users/zhang/Desktop/crab-dev/components/rc-menu/src/vertical/normal.tsx', but '--jsx' is not set.
@crab-dev/rc-menu:typecheck: src/vertical/collapsed.tsx(173,50): error TS7031: Binding element 'item' implicitly has an 'any' type.
@crab-dev/rc-menu:typecheck: src/vertical/collapsed.tsx(173,56): error TS7031: Binding element 'selected' implicitly has an 'any' type.
@crab-dev/rc-menu:typecheck: src/vertical/collapsed.tsx(173,66): error TS7031: Binding element 'onSelect' implicitly has an 'any' type.
@crab-dev/rc-menu:typecheck: src/vertical/collapsed.tsx(173,76): error TS7031: Binding element 'baseProps' implicitly has an 'any' type.
@crab-dev/rc-menu:typecheck: src/vertical/collapsed.tsx(206,9): error TS7026: JSX element implicitly has type 'any' because no interface 'JSX.IntrinsicElements' exists.
@crab-dev/rc-menu:typecheck: src/vertical/collapsed.tsx(206,9): error TS17004: Cannot use JSX unless the '--jsx' flag is provided.
@crab-dev/rc-menu:typecheck: src/vertical/collapsed.tsx(211,13): error TS7026: JSX element implicitly has type 'any' because no interface 'JSX.IntrinsicElements' exists.
@crab-dev/rc-menu:typecheck: src/vertical/collapsed.tsx(211,13): error TS17004: Cannot use JSX unless the '--jsx' flag is provided.
@crab-dev/rc-menu:typecheck: src/vertical/collapsed.tsx(224,27): error TS7006: Parameter 'e' implicitly has an 'any' type.
@crab-dev/rc-menu:typecheck: src/vertical/collapsed.tsx(230,29): error TS7006: Parameter 'e' implicitly has an 'any' type.
@crab-dev/rc-menu:typecheck: src/vertical/collapsed.tsx(241,21): error TS7026: JSX element implicitly has type 'any' because no interface 'JSX.IntrinsicElements' exists.
@crab-dev/rc-menu:typecheck: src/vertical/collapsed.tsx(241,21): error TS17004: Cannot use JSX unless the '--jsx' flag is provided.
@crab-dev/rc-menu:typecheck: src/vertical/collapsed.tsx(241,69): error TS7026: JSX element implicitly has type 'any' because no interface 'JSX.IntrinsicElements' exists.
@crab-dev/rc-menu:typecheck: src/vertical/collapsed.tsx(243,21): error TS7026: JSX element implicitly has type 'any' because no interface 'JSX.IntrinsicElements' exists.
@crab-dev/rc-menu:typecheck: src/vertical/collapsed.tsx(243,21): error TS17004: Cannot use JSX unless the '--jsx' flag is provided.
@crab-dev/rc-menu:typecheck: src/vertical/collapsed.tsx(247,21): error TS7026: JSX element implicitly has type 'any' because no interface 'JSX.IntrinsicElements' exists.
@crab-dev/rc-menu:typecheck: src/vertical/collapsed.tsx(249,13): error TS7026: JSX element implicitly has type 'any' because no interface 'JSX.IntrinsicElements' exists.
@crab-dev/rc-menu:typecheck: src/vertical/collapsed.tsx(250,13): error TS17004: Cannot use JSX unless the '--jsx' flag is provided.
@crab-dev/rc-menu:typecheck: src/vertical/collapsed.tsx(255,33): error TS7026: JSX element implicitly has type 'any' because no interface 'JSX.IntrinsicElements' exists.
@crab-dev/rc-menu:typecheck: src/vertical/collapsed.tsx(255,33): error TS17004: Cannot use JSX unless the '--jsx' flag is provided.
@crab-dev/rc-menu:typecheck: src/vertical/collapsed.tsx(261,37): error TS17004: Cannot use JSX unless the '--jsx' flag is provided.
@crab-dev/rc-menu:typecheck: src/vertical/collapsed.tsx(265,51): error TS7006: Parameter 'param' implicitly has an 'any' type.
@crab-dev/rc-menu:typecheck: src/vertical/collapsed.tsx(270,33): error TS7026: JSX element implicitly has type 'any' because no interface 'JSX.IntrinsicElements' exists.
@crab-dev/rc-menu:typecheck: src/vertical/collapsed.tsx(275,41): error TS7026: JSX element implicitly has type 'any' because no interface 'JSX.IntrinsicElements' exists.
@crab-dev/rc-menu:typecheck: src/vertical/collapsed.tsx(275,41): error TS17004: Cannot use JSX unless the '--jsx' flag is provided.
@crab-dev/rc-menu:typecheck: src/vertical/collapsed.tsx(283,41): error TS7026: JSX element implicitly has type 'any' because no interface 'JSX.IntrinsicElements' exists.
@crab-dev/rc-menu:typecheck: src/vertical/collapsed.tsx(290,9): error TS7026: JSX element implicitly has type 'any' because no interface 'JSX.IntrinsicElements' exists.
@crab-dev/rc-menu:typecheck: src/vertical/collapsed.tsx(298,5): error TS7031: Binding element 'className' implicitly has an 'any' type.
@crab-dev/rc-menu:typecheck: src/vertical/collapsed.tsx(299,5): error TS7031: Binding element 'style' implicitly has an 'any' type.
@crab-dev/rc-menu:typecheck: src/vertical/collapsed.tsx(301,5): error TS7031: Binding element 'openKeys' implicitly has an 'any' type.
@crab-dev/rc-menu:typecheck: src/vertical/collapsed.tsx(303,5): error TS7031: Binding element 'onOpenChange' implicitly has an 'any' type.
@crab-dev/rc-menu:typecheck: src/vertical/collapsed.tsx(306,5): error TS7031: Binding element 'onSelectItem' implicitly has an 'any' type.
@crab-dev/rc-menu:typecheck: src/vertical/collapsed.tsx(307,5): error TS7031: Binding element 'onClick' implicitly has an 'any' type.
@crab-dev/rc-menu:typecheck: src/vertical/collapsed.tsx(309,5): error TS7031: Binding element 'inlineCollapsed' implicitly has an 'any' type.
@crab-dev/rc-menu:typecheck: src/vertical/collapsed.tsx(316,36): error TS2345: Argument of type 'Key' is not assignable to parameter of type 'never'.
@crab-dev/rc-menu:typecheck: src/vertical/collapsed.tsx(317,23): error TS2345: Argument of type 'Key' is not assignable to parameter of type 'never'.
@crab-dev/rc-menu:typecheck: src/vertical/collapsed.tsx(324,9): error TS17004: Cannot use JSX unless the '--jsx' flag is provided.
@crab-dev/rc-menu:typecheck: src/vertical/collapsed.tsx(325,13): error TS7026: JSX element implicitly has type 'any' because no interface 'JSX.IntrinsicElements' exists.
@crab-dev/rc-menu:typecheck: src/vertical/collapsed.tsx(325,13): error TS17004: Cannot use JSX unless the '--jsx' flag is provided.
@crab-dev/rc-menu:typecheck: src/vertical/collapsed.tsx(332,21): error TS17004: Cannot use JSX unless the '--jsx' flag is provided.
@crab-dev/rc-menu:typecheck: src/vertical/collapsed.tsx(335,57): error TS2345: Argument of type 'Key' is not assignable to parameter of type 'never'.
@crab-dev/rc-menu:typecheck: src/vertical/collapsed.tsx(344,13): error TS7026: JSX element implicitly has type 'any' because no interface 'JSX.IntrinsicElements' exists.
@crab-dev/rc-menu:typecheck: src/vertical/index.tsx(1,54): error TS2307: Cannot find module 'react' or its corresponding type declarations.
@crab-dev/rc-menu:typecheck: src/vertical/index.tsx(3,32): error TS6142: Module '../menu.js' was resolved to 'C:/Users/zhang/Desktop/crab-dev/components/rc-menu/src/menu.tsx', but '--jsx' is not set.
@crab-dev/rc-menu:typecheck: src/vertical/index.tsx(4,32): error TS6142: Module './normal.js' was resolved to 'C:/Users/zhang/Desktop/crab-dev/components/rc-menu/src/vertical/normal.tsx', but '--jsx' is not set.
@crab-dev/rc-menu:typecheck: src/vertical/index.tsx(5,35): error TS6142: Module './collapsed.js' was resolved to 'C:/Users/zhang/Desktop/crab-dev/components/rc-menu/src/vertical/collapsed.tsx', but '--jsx' is not set.
@crab-dev/rc-menu:typecheck: src/vertical/index.tsx(15,46): error TS7006: Parameter 'props' implicitly has an 'any' type.
@crab-dev/rc-menu:typecheck: src/vertical/index.tsx(43,16): error TS17004: Cannot use JSX unless the '--jsx' flag is provided.
@crab-dev/rc-menu:typecheck: src/vertical/index.tsx(45,12): error TS17004: Cannot use JSX unless the '--jsx' flag is provided.
@crab-dev/rc-menu:typecheck: src/vertical/normal.tsx(1,41): error TS2307: Cannot find module 'react' or its corresponding type declarations.
@crab-dev/rc-menu:typecheck: src/vertical/normal.tsx(2,25): error TS2307: Cannot find module '@crab-dev/css' or its corresponding type declarations.
@crab-dev/rc-menu:typecheck: src/vertical/normal.tsx(4,41): error TS2307: Cannot find module 'motion/react' or its corresponding type declarations.
@crab-dev/rc-menu:typecheck: src/vertical/normal.tsx(6,59): error TS6142: Module '../icon.js' was resolved to 'C:/Users/zhang/Desktop/crab-dev/components/rc-menu/src/icon.tsx', but '--jsx' is not set.
@crab-dev/rc-menu:typecheck: src/vertical/normal.tsx(7,32): error TS6142: Module '../menu.js' was resolved to 'C:/Users/zhang/Desktop/crab-dev/components/rc-menu/src/menu.tsx', but '--jsx' is not set.
@crab-dev/rc-menu:typecheck: src/vertical/normal.tsx(147,5): error TS7031: Binding element 'className' implicitly has an 'any' type.
@crab-dev/rc-menu:typecheck: src/vertical/normal.tsx(148,5): error TS7031: Binding element 'openKeys' implicitly has an 'any' type.
@crab-dev/rc-menu:typecheck: src/vertical/normal.tsx(151,5): error TS7031: Binding element 'onSelectItem' implicitly has an 'any' type.
@crab-dev/rc-menu:typecheck: src/vertical/normal.tsx(152,5): error TS7031: Binding element 'onOpenChange' implicitly has an 'any' type.
@crab-dev/rc-menu:typecheck: src/vertical/normal.tsx(153,5): error TS7031: Binding element 'onClick' implicitly has an 'any' type.
@crab-dev/rc-menu:typecheck: src/vertical/normal.tsx(155,5): error TS7031: Binding element 'inlineCollapsed' implicitly has an 'any' type.
@crab-dev/rc-menu:typecheck: src/vertical/normal.tsx(161,36): error TS2345: Argument of type 'Key' is not assignable to parameter of type 'never'.
@crab-dev/rc-menu:typecheck: src/vertical/normal.tsx(184,17): error TS7026: JSX element implicitly has type 'any' because no interface 'JSX.IntrinsicElements' exists.
@crab-dev/rc-menu:typecheck: src/vertical/normal.tsx(184,17): error TS17004: Cannot use JSX unless the '--jsx' flag is provided.
@crab-dev/rc-menu:typecheck: src/vertical/normal.tsx(187,17): error TS7026: JSX element implicitly has type 'any' because no interface 'JSX.IntrinsicElements' exists.
@crab-dev/rc-menu:typecheck: src/vertical/normal.tsx(191,17): error TS7026: JSX element implicitly has type 'any' because no interface 'JSX.IntrinsicElements' exists.
@crab-dev/rc-menu:typecheck: src/vertical/normal.tsx(191,17): error TS17004: Cannot use JSX unless the '--jsx' flag is provided.
@crab-dev/rc-menu:typecheck: src/vertical/normal.tsx(194,17): error TS7026: JSX element implicitly has type 'any' because no interface 'JSX.IntrinsicElements' exists.
@crab-dev/rc-menu:typecheck: src/vertical/normal.tsx(203,13): error TS7026: JSX element implicitly has type 'any' because no interface 'JSX.IntrinsicElements' exists.
@crab-dev/rc-menu:typecheck: src/vertical/normal.tsx(203,13): error TS17004: Cannot use JSX unless the '--jsx' flag is provided.
@crab-dev/rc-menu:typecheck: src/vertical/normal.tsx(207,17): error TS7026: JSX element implicitly has type 'any' because no interface 'JSX.IntrinsicElements' exists.
@crab-dev/rc-menu:typecheck: src/vertical/normal.tsx(207,17): error TS17004: Cannot use JSX unless the '--jsx' flag is provided.
@crab-dev/rc-menu:typecheck: src/vertical/normal.tsx(212,72): error TS2345: Argument of type 'Key' is not assignable to parameter of type 'never'.
@crab-dev/rc-menu:typecheck: src/vertical/normal.tsx(217,31): error TS7006: Parameter 'e' implicitly has an 'any' type.
@crab-dev/rc-menu:typecheck: src/vertical/normal.tsx(228,29): error TS7026: JSX element implicitly has type 'any' because no interface 'JSX.IntrinsicElements' exists.
@crab-dev/rc-menu:typecheck: src/vertical/normal.tsx(228,29): error TS17004: Cannot use JSX unless the '--jsx' flag is provided.
@crab-dev/rc-menu:typecheck: src/vertical/normal.tsx(232,29): error TS7026: JSX element implicitly has type 'any' because no interface 'JSX.IntrinsicElements' exists.
@crab-dev/rc-menu:typecheck: src/vertical/normal.tsx(235,21): error TS7026: JSX element implicitly has type 'any' because no interface 'JSX.IntrinsicElements' exists.
@crab-dev/rc-menu:typecheck: src/vertical/normal.tsx(235,21): error TS17004: Cannot use JSX unless the '--jsx' flag is provided.
@crab-dev/rc-menu:typecheck: src/vertical/normal.tsx(246,21): error TS7026: JSX element implicitly has type 'any' because no interface 'JSX.IntrinsicElements' exists.
@crab-dev/rc-menu:typecheck: src/vertical/normal.tsx(247,21): error TS17004: Cannot use JSX unless the '--jsx' flag is provided.
@crab-dev/rc-menu:typecheck: src/vertical/normal.tsx(250,17): error TS7026: JSX element implicitly has type 'any' because no interface 'JSX.IntrinsicElements' exists.
@crab-dev/rc-menu:typecheck: src/vertical/normal.tsx(251,17): error TS17004: Cannot use JSX unless the '--jsx' flag is provided.
@crab-dev/rc-menu:typecheck: src/vertical/normal.tsx(255,33): error TS17004: Cannot use JSX unless the '--jsx' flag is provided.
@crab-dev/rc-menu:typecheck: src/vertical/normal.tsx(271,13): error TS7026: JSX element implicitly has type 'any' because no interface 'JSX.IntrinsicElements' exists.
@crab-dev/rc-menu:typecheck: src/vertical/normal.tsx(277,13): error TS7026: JSX element implicitly has type 'any' because no interface 'JSX.IntrinsicElements' exists.
@crab-dev/rc-menu:typecheck: src/vertical/normal.tsx(277,13): error TS17004: Cannot use JSX unless the '--jsx' flag is provided.
@crab-dev/rc-menu:typecheck: src/vertical/normal.tsx(281,17): error TS7026: JSX element implicitly has type 'any' because no interface 'JSX.IntrinsicElements' exists.
@crab-dev/rc-menu:typecheck: src/vertical/normal.tsx(281,17): error TS17004: Cannot use JSX unless the '--jsx' flag is provided.
@crab-dev/rc-menu:typecheck: src/vertical/normal.tsx(292,29): error TS7026: JSX element implicitly has type 'any' because no interface 'JSX.IntrinsicElements' exists.
@crab-dev/rc-menu:typecheck: src/vertical/normal.tsx(292,29): error TS17004: Cannot use JSX unless the '--jsx' flag is provided.
@crab-dev/rc-menu:typecheck: src/vertical/normal.tsx(296,29): error TS7026: JSX element implicitly has type 'any' because no interface 'JSX.IntrinsicElements' exists.
@crab-dev/rc-menu:typecheck: src/vertical/normal.tsx(300,17): error TS7026: JSX element implicitly has type 'any' because no interface 'JSX.IntrinsicElements' exists.
@crab-dev/rc-menu:typecheck: src/vertical/normal.tsx(301,17): error TS7026: JSX element implicitly has type 'any' because no interface 'JSX.IntrinsicElements' exists.
@crab-dev/rc-menu:typecheck: src/vertical/normal.tsx(301,17): error TS17004: Cannot use JSX unless the '--jsx' flag is provided.
@crab-dev/rc-menu:typecheck: src/vertical/normal.tsx(305,17): error TS7026: JSX element implicitly has type 'any' because no interface 'JSX.IntrinsicElements' exists.
@crab-dev/rc-menu:typecheck: src/vertical/normal.tsx(306,13): error TS7026: JSX element implicitly has type 'any' because no interface 'JSX.IntrinsicElements' exists.
@crab-dev/rc-menu:typecheck: src/vertical/normal.tsx(323,9): error TS7026: JSX element implicitly has type 'any' because no interface 'JSX.IntrinsicElements' exists.
@crab-dev/rc-menu:typecheck: src/vertical/normal.tsx(323,9): error TS17004: Cannot use JSX unless the '--jsx' flag is provided.
@crab-dev/rc-menu:typecheck: src/vertical/normal.tsx(328,9): error TS7026: JSX element implicitly has type 'any' because no interface 'JSX.IntrinsicElements' exists.
@crab-dev/rc-menu:typecheck: tsconfig.json(2,16): error TS6053: File '@crab-dev/standards-typescript-preset/tsconfig.browser.react.json' not found.
@crab-dev/rc-checkbox#typecheck:  ERROR  command (C:\Users\zhang\Desktop\crab-dev\components\rc-checkbox) C:\Users\zhang\AppData\Local\Temp\xfs-65ae2220\yarn.cmd run typecheck exited (1)

 Tasks:    42 successful, 79 total
Cached:    42 cached, 79 total
  Time:    15.526s 
Failed:    @crab-dev/rc-checkbox#typecheck

 ERROR  run failed: command  exited (1)
