docs/_generated/rc-alert.ts(5,42): error TS6142: Module '../site/componentDemos.js' was resolved to 'C:/Users/zhang/Desktop/crab-dev/.website/docs/site/componentDemos.tsx', but '--jsx' is not set.
docs/_generated/rc-app-main-layout.ts(5,42): error TS6142: Module '../site/componentDemos.js' was resolved to 'C:/Users/zhang/Desktop/crab-dev/.website/docs/site/componentDemos.tsx', but '--jsx' is not set.
docs/_generated/rc-auto-sizer.ts(5,42): error TS6142: Module '../site/componentDemos.js' was resolved to 'C:/Users/zhang/Desktop/crab-dev/.website/docs/site/componentDemos.tsx', but '--jsx' is not set.
docs/_generated/rc-avatar.ts(5,42): error TS6142: Module '../site/componentDemos.js' was resolved to 'C:/Users/zhang/Desktop/crab-dev/.website/docs/site/componentDemos.tsx', but '--jsx' is not set.
docs/_generated/rc-badge.ts(5,42): error TS6142: Module '../site/componentDemos.js' was resolved to 'C:/Users/zhang/Desktop/crab-dev/.website/docs/site/componentDemos.tsx', but '--jsx' is not set.
docs/_generated/rc-bar-chart.ts(5,42): error TS6142: Module '../site/componentDemos.js' was resolved to 'C:/Users/zhang/Desktop/crab-dev/.website/docs/site/componentDemos.tsx', but '--jsx' is not set.
docs/_generated/rc-breadcrumbs.ts(5,42): error TS6142: Module '../site/componentDemos.js' was resolved to 'C:/Users/zhang/Desktop/crab-dev/.website/docs/site/componentDemos.tsx', but '--jsx' is not set.
docs/_generated/rc-button.ts(5,42): error TS6142: Module '../site/componentDemos.js' was resolved to 'C:/Users/zhang/Desktop/crab-dev/.website/docs/site/componentDemos.tsx', but '--jsx' is not set.
docs/_generated/rc-canvas.ts(5,42): error TS6142: Module '../site/componentDemos.js' was resolved to 'C:/Users/zhang/Desktop/crab-dev/.website/docs/site/componentDemos.tsx', but '--jsx' is not set.
docs/_generated/rc-card.ts(5,42): error TS6142: Module '../site/componentDemos.js' was resolved to 'C:/Users/zhang/Desktop/crab-dev/.website/docs/site/componentDemos.tsx', but '--jsx' is not set.
docs/_generated/rc-checkbox.ts(5,42): error TS6142: Module '../site/componentDemos.js' was resolved to 'C:/Users/zhang/Desktop/crab-dev/.website/docs/site/componentDemos.tsx', but '--jsx' is not set.
docs/_generated/rc-color-picker.ts(5,42): error TS6142: Module '../site/componentDemos.js' was resolved to 'C:/Users/zhang/Desktop/crab-dev/.website/docs/site/componentDemos.tsx', but '--jsx' is not set.
docs/_generated/rc-component-preview.ts(5,42): error TS6142: Module '../site/componentDemos.js' was resolved to 'C:/Users/zhang/Desktop/crab-dev/.website/docs/site/componentDemos.tsx', but '--jsx' is not set.
docs/_generated/rc-cron-picker.ts(5,42): error TS6142: Module '../site/componentDemos.js' was resolved to 'C:/Users/zhang/Desktop/crab-dev/.website/docs/site/componentDemos.tsx', but '--jsx' is not set.
docs/_generated/rc-date-picker.ts(5,42): error TS6142: Module '../site/componentDemos.js' was resolved to 'C:/Users/zhang/Desktop/crab-dev/.website/docs/site/componentDemos.tsx', but '--jsx' is not set.
docs/_generated/rc-dialog.ts(5,42): error TS6142: Module '../site/componentDemos.js' was resolved to 'C:/Users/zhang/Desktop/crab-dev/.website/docs/site/componentDemos.tsx', but '--jsx' is not set.
docs/_generated/rc-divider.ts(5,42): error TS6142: Module '../site/componentDemos.js' was resolved to 'C:/Users/zhang/Desktop/crab-dev/.website/docs/site/componentDemos.tsx', but '--jsx' is not set.
docs/_generated/rc-drawer.ts(5,42): error TS6142: Module '../site/componentDemos.js' was resolved to 'C:/Users/zhang/Desktop/crab-dev/.website/docs/site/componentDemos.tsx', but '--jsx' is not set.
docs/_generated/rc-dropdown-container.ts(5,42): error TS6142: Module '../site/componentDemos.js' was resolved to 'C:/Users/zhang/Desktop/crab-dev/.website/docs/site/componentDemos.tsx', but '--jsx' is not set.
docs/_generated/rc-empty.ts(5,42): error TS6142: Module '../site/componentDemos.js' was resolved to 'C:/Users/zhang/Desktop/crab-dev/.website/docs/site/componentDemos.tsx', but '--jsx' is not set.
docs/_generated/rc-flow-diagram.ts(5,42): error TS6142: Module '../site/componentDemos.js' was resolved to 'C:/Users/zhang/Desktop/crab-dev/.website/docs/site/componentDemos.tsx', but '--jsx' is not set.
docs/_generated/rc-form.ts(5,42): error TS6142: Module '../site/componentDemos.js' was resolved to 'C:/Users/zhang/Desktop/crab-dev/.website/docs/site/componentDemos.tsx', but '--jsx' is not set.
docs/_generated/rc-hooks.ts(5,42): error TS6142: Module '../site/componentDemos.js' was resolved to 'C:/Users/zhang/Desktop/crab-dev/.website/docs/site/componentDemos.tsx', but '--jsx' is not set.
docs/_generated/rc-line-edit.ts(5,42): error TS6142: Module '../site/componentDemos.js' was resolved to 'C:/Users/zhang/Desktop/crab-dev/.website/docs/site/componentDemos.tsx', but '--jsx' is not set.
docs/_generated/rc-masonry.ts(5,42): error TS6142: Module '../site/componentDemos.js' was resolved to 'C:/Users/zhang/Desktop/crab-dev/.website/docs/site/componentDemos.tsx', but '--jsx' is not set.
docs/_generated/rc-menu.ts(5,42): error TS6142: Module '../site/componentDemos.js' was resolved to 'C:/Users/zhang/Desktop/crab-dev/.website/docs/site/componentDemos.tsx', but '--jsx' is not set.
docs/_generated/rc-message.ts(5,42): error TS6142: Module '../site/componentDemos.js' was resolved to 'C:/Users/zhang/Desktop/crab-dev/.website/docs/site/componentDemos.tsx', but '--jsx' is not set.
docs/_generated/rc-notification.ts(5,42): error TS6142: Module '../site/componentDemos.js' was resolved to 'C:/Users/zhang/Desktop/crab-dev/.website/docs/site/componentDemos.tsx', but '--jsx' is not set.
docs/_generated/rc-number-edit.ts(5,42): error TS6142: Module '../site/componentDemos.js' was resolved to 'C:/Users/zhang/Desktop/crab-dev/.website/docs/site/componentDemos.tsx', but '--jsx' is not set.
docs/_generated/rc-pagination.ts(5,42): error TS6142: Module '../site/componentDemos.js' was resolved to 'C:/Users/zhang/Desktop/crab-dev/.website/docs/site/componentDemos.tsx', but '--jsx' is not set.
docs/_generated/rc-prose.ts(5,42): error TS6142: Module '../site/componentDemos.js' was resolved to 'C:/Users/zhang/Desktop/crab-dev/.website/docs/site/componentDemos.tsx', but '--jsx' is not set.
docs/_generated/rc-radio.ts(5,42): error TS6142: Module '../site/componentDemos.js' was resolved to 'C:/Users/zhang/Desktop/crab-dev/.website/docs/site/componentDemos.tsx', but '--jsx' is not set.
docs/_generated/rc-realm.ts(5,42): error TS6142: Module '../site/componentDemos.js' was resolved to 'C:/Users/zhang/Desktop/crab-dev/.website/docs/site/componentDemos.tsx', but '--jsx' is not set.
docs/_generated/rc-router.ts(5,42): error TS6142: Module '../site/componentDemos.js' was resolved to 'C:/Users/zhang/Desktop/crab-dev/.website/docs/site/componentDemos.tsx', but '--jsx' is not set.
docs/_generated/rc-segmented.ts(5,42): error TS6142: Module '../site/componentDemos.js' was resolved to 'C:/Users/zhang/Desktop/crab-dev/.website/docs/site/componentDemos.tsx', but '--jsx' is not set.
docs/_generated/rc-select.ts(5,42): error TS6142: Module '../site/componentDemos.js' was resolved to 'C:/Users/zhang/Desktop/crab-dev/.website/docs/site/componentDemos.tsx', but '--jsx' is not set.
docs/_generated/rc-skeleton.ts(5,42): error TS6142: Module '../site/componentDemos.js' was resolved to 'C:/Users/zhang/Desktop/crab-dev/.website/docs/site/componentDemos.tsx', but '--jsx' is not set.
docs/_generated/rc-slider.ts(5,42): error TS6142: Module '../site/componentDemos.js' was resolved to 'C:/Users/zhang/Desktop/crab-dev/.website/docs/site/componentDemos.tsx', but '--jsx' is not set.
docs/_generated/rc-spin.ts(5,42): error TS6142: Module '../site/componentDemos.js' was resolved to 'C:/Users/zhang/Desktop/crab-dev/.website/docs/site/componentDemos.tsx', but '--jsx' is not set.
docs/_generated/rc-split-pane.ts(5,42): error TS6142: Module '../site/componentDemos.js' was resolved to 'C:/Users/zhang/Desktop/crab-dev/.website/docs/site/componentDemos.tsx', but '--jsx' is not set.
docs/_generated/rc-switch.ts(5,42): error TS6142: Module '../site/componentDemos.js' was resolved to 'C:/Users/zhang/Desktop/crab-dev/.website/docs/site/componentDemos.tsx', but '--jsx' is not set.
docs/_generated/rc-table-pro.ts(5,42): error TS6142: Module '../site/componentDemos.js' was resolved to 'C:/Users/zhang/Desktop/crab-dev/.website/docs/site/componentDemos.tsx', but '--jsx' is not set.
docs/_generated/rc-table.ts(5,42): error TS6142: Module '../site/componentDemos.js' was resolved to 'C:/Users/zhang/Desktop/crab-dev/.website/docs/site/componentDemos.tsx', but '--jsx' is not set.
docs/_generated/rc-tabs.ts(5,42): error TS6142: Module '../site/componentDemos.js' was resolved to 'C:/Users/zhang/Desktop/crab-dev/.website/docs/site/componentDemos.tsx', but '--jsx' is not set.
docs/_generated/rc-tag.ts(5,42): error TS6142: Module '../site/componentDemos.js' was resolved to 'C:/Users/zhang/Desktop/crab-dev/.website/docs/site/componentDemos.tsx', but '--jsx' is not set.
docs/_generated/rc-text-edit.ts(5,42): error TS6142: Module '../site/componentDemos.js' was resolved to 'C:/Users/zhang/Desktop/crab-dev/.website/docs/site/componentDemos.tsx', but '--jsx' is not set.
docs/_generated/rc-theme.ts(5,42): error TS6142: Module '../site/componentDemos.js' was resolved to 'C:/Users/zhang/Desktop/crab-dev/.website/docs/site/componentDemos.tsx', but '--jsx' is not set.
docs/_generated/rc-token-global.ts(5,42): error TS6142: Module '../site/componentDemos.js' was resolved to 'C:/Users/zhang/Desktop/crab-dev/.website/docs/site/componentDemos.tsx', but '--jsx' is not set.
docs/_generated/rc-token-semantic.ts(5,42): error TS6142: Module '../site/componentDemos.js' was resolved to 'C:/Users/zhang/Desktop/crab-dev/.website/docs/site/componentDemos.tsx', but '--jsx' is not set.
docs/_generated/rc-tooltip.ts(5,42): error TS6142: Module '../site/componentDemos.js' was resolved to 'C:/Users/zhang/Desktop/crab-dev/.website/docs/site/componentDemos.tsx', but '--jsx' is not set.
docs/_generated/rc-tree.ts(5,42): error TS6142: Module '../site/componentDemos.js' was resolved to 'C:/Users/zhang/Desktop/crab-dev/.website/docs/site/componentDemos.tsx', but '--jsx' is not set.
docs/_generated/rc-virtual.ts(5,42): error TS6142: Module '../site/componentDemos.js' was resolved to 'C:/Users/zhang/Desktop/crab-dev/.website/docs/site/componentDemos.tsx', but '--jsx' is not set.
docs/_generated_tutorials/practice-admin.ts(2,37): error TS6142: Module '../site/tutorial.js' was resolved to 'C:/Users/zhang/Desktop/crab-dev/.website/docs/site/tutorial.tsx', but '--jsx' is not set.
docs/_generated_tutorials/practice-admin.ts(4,1847): error TS6142: Module '../examples/practice-admin/step-1.js' was resolved to 'C:/Users/zhang/Desktop/crab-dev/.website/docs/examples/practice-admin/step-1.tsx', but '--jsx' is not set.
docs/_generated_tutorials/practice-admin.ts(5,4094): error TS6142: Module '../examples/practice-admin/step-2.js' was resolved to 'C:/Users/zhang/Desktop/crab-dev/.website/docs/examples/practice-admin/step-2.tsx', but '--jsx' is not set.
docs/_generated_tutorials/practice-admin.ts(6,7279): error TS6142: Module '../examples/practice-admin/step-3.js' was resolved to 'C:/Users/zhang/Desktop/crab-dev/.website/docs/examples/practice-admin/step-3.tsx', but '--jsx' is not set.
docs/_generated_tutorials/practice-admin.ts(7,7594): error TS6142: Module '../examples/practice-admin/step-4.js' was resolved to 'C:/Users/zhang/Desktop/crab-dev/.website/docs/examples/practice-admin/step-4.tsx', but '--jsx' is not set.
docs/_generated_tutorials/practice-data.ts(2,37): error TS6142: Module '../site/tutorial.js' was resolved to 'C:/Users/zhang/Desktop/crab-dev/.website/docs/site/tutorial.tsx', but '--jsx' is not set.
docs/_generated_tutorials/practice-data.ts(4,2342): error TS6142: Module '../examples/practice-data/step-1.js' was resolved to 'C:/Users/zhang/Desktop/crab-dev/.website/docs/examples/practice-data/step-1.tsx', but '--jsx' is not set.
docs/_generated_tutorials/practice-data.ts(5,3968): error TS6142: Module '../examples/practice-data/step-2.js' was resolved to 'C:/Users/zhang/Desktop/crab-dev/.website/docs/examples/practice-data/step-2.tsx', but '--jsx' is not set.
docs/_generated_tutorials/practice-data.ts(6,4317): error TS6142: Module '../examples/practice-data/step-3.js' was resolved to 'C:/Users/zhang/Desktop/crab-dev/.website/docs/examples/practice-data/step-3.tsx', but '--jsx' is not set.
docs/_generated_tutorials/practice-data.ts(7,7407): error TS6142: Module '../examples/practice-data/step-4.js' was resolved to 'C:/Users/zhang/Desktop/crab-dev/.website/docs/examples/practice-data/step-4.tsx', but '--jsx' is not set.
docs/_generated_tutorials/practice-profile.ts(2,37): error TS6142: Module '../site/tutorial.js' was resolved to 'C:/Users/zhang/Desktop/crab-dev/.website/docs/site/tutorial.tsx', but '--jsx' is not set.
docs/_generated_tutorials/practice-profile.ts(4,1280): error TS6142: Module '../examples/practice-profile/step-1.js' was resolved to 'C:/Users/zhang/Desktop/crab-dev/.website/docs/examples/practice-profile/step-1.tsx', but '--jsx' is not set.
docs/_generated_tutorials/practice-profile.ts(5,1833): error TS6142: Module '../examples/practice-profile/step-2.js' was resolved to 'C:/Users/zhang/Desktop/crab-dev/.website/docs/examples/practice-profile/step-2.tsx', but '--jsx' is not set.
docs/_generated_tutorials/practice-profile.ts(6,3823): error TS6142: Module '../examples/practice-profile/step-3.js' was resolved to 'C:/Users/zhang/Desktop/crab-dev/.website/docs/examples/practice-profile/step-3.tsx', but '--jsx' is not set.
docs/_generated_tutorials/practice-profile.ts(7,5440): error TS6142: Module '../examples/practice-profile/step-4.js' was resolved to 'C:/Users/zhang/Desktop/crab-dev/.website/docs/examples/practice-profile/step-4.tsx', but '--jsx' is not set.
docs/_generated_tutorials/rc-alert.ts(2,37): error TS6142: Module '../site/tutorial.js' was resolved to 'C:/Users/zhang/Desktop/crab-dev/.website/docs/site/tutorial.tsx', but '--jsx' is not set.
docs/_generated_tutorials/rc-alert.ts(4,531): error TS6142: Module '../examples/rc-alert/step-1.js' was resolved to 'C:/Users/zhang/Desktop/crab-dev/.website/docs/examples/rc-alert/step-1.tsx', but '--jsx' is not set.
docs/_generated_tutorials/rc-alert.ts(5,973): error TS6142: Module '../examples/rc-alert/step-2.js' was resolved to 'C:/Users/zhang/Desktop/crab-dev/.website/docs/examples/rc-alert/step-2.tsx', but '--jsx' is not set.
docs/_generated_tutorials/rc-app-main-layout.ts(2,37): error TS6142: Module '../site/tutorial.js' was resolved to 'C:/Users/zhang/Desktop/crab-dev/.website/docs/site/tutorial.tsx', but '--jsx' is not set.
docs/_generated_tutorials/rc-app-main-layout.ts(4,1236): error TS6142: Module '../examples/rc-app-main-layout/step-1.js' was resolved to 'C:/Users/zhang/Desktop/crab-dev/.website/docs/examples/rc-app-main-layout/step-1.tsx', but '--jsx' is not set.
docs/_generated_tutorials/rc-app-main-layout.ts(5,1961): error TS6142: Module '../examples/rc-app-main-layout/step-2.js' was resolved to 'C:/Users/zhang/Desktop/crab-dev/.website/docs/examples/rc-app-main-layout/step-2.tsx', but '--jsx' is not set.
docs/_generated_tutorials/rc-auto-sizer.ts(2,37): error TS6142: Module '../site/tutorial.js' was resolved to 'C:/Users/zhang/Desktop/crab-dev/.website/docs/site/tutorial.tsx', but '--jsx' is not set.
docs/_generated_tutorials/rc-auto-sizer.ts(4,897): error TS6142: Module '../examples/rc-auto-sizer/step-1.js' was resolved to 'C:/Users/zhang/Desktop/crab-dev/.website/docs/examples/rc-auto-sizer/step-1.tsx', but '--jsx' is not set.
docs/_generated_tutorials/rc-auto-sizer.ts(5,1449): error TS6142: Module '../examples/rc-auto-sizer/step-2.js' was resolved to 'C:/Users/zhang/Desktop/crab-dev/.website/docs/examples/rc-auto-sizer/step-2.tsx', but '--jsx' is not set.
docs/_generated_tutorials/rc-avatar.ts(2,37): error TS6142: Module '../site/tutorial.js' was resolved to 'C:/Users/zhang/Desktop/crab-dev/.website/docs/site/tutorial.tsx', but '--jsx' is not set.
docs/_generated_tutorials/rc-avatar.ts(4,708): error TS6142: Module '../examples/rc-avatar/step-1.js' was resolved to 'C:/Users/zhang/Desktop/crab-dev/.website/docs/examples/rc-avatar/step-1.tsx', but '--jsx' is not set.
docs/_generated_tutorials/rc-avatar.ts(5,1035): error TS6142: Module '../examples/rc-avatar/step-2.js' was resolved to 'C:/Users/zhang/Desktop/crab-dev/.website/docs/examples/rc-avatar/step-2.tsx', but '--jsx' is not set.
docs/_generated_tutorials/rc-badge.ts(2,37): error TS6142: Module '../site/tutorial.js' was resolved to 'C:/Users/zhang/Desktop/crab-dev/.website/docs/site/tutorial.tsx', but '--jsx' is not set.
docs/_generated_tutorials/rc-badge.ts(4,487): error TS6142: Module '../examples/rc-badge/step-1.js' was resolved to 'C:/Users/zhang/Desktop/crab-dev/.website/docs/examples/rc-badge/step-1.tsx', but '--jsx' is not set.
docs/_generated_tutorials/rc-badge.ts(5,1177): error TS6142: Module '../examples/rc-badge/step-2.js' was resolved to 'C:/Users/zhang/Desktop/crab-dev/.website/docs/examples/rc-badge/step-2.tsx', but '--jsx' is not set.
docs/_generated_tutorials/rc-bar-chart.ts(2,37): error TS6142: Module '../site/tutorial.js' was resolved to 'C:/Users/zhang/Desktop/crab-dev/.website/docs/site/tutorial.tsx', but '--jsx' is not set.
docs/_generated_tutorials/rc-bar-chart.ts(4,1072): error TS6142: Module '../examples/rc-bar-chart/step-1.js' was resolved to 'C:/Users/zhang/Desktop/crab-dev/.website/docs/examples/rc-bar-chart/step-1.tsx', but '--jsx' is not set.
docs/_generated_tutorials/rc-bar-chart.ts(5,1590): error TS6142: Module '../examples/rc-bar-chart/step-2.js' was resolved to 'C:/Users/zhang/Desktop/crab-dev/.website/docs/examples/rc-bar-chart/step-2.tsx', but '--jsx' is not set.
docs/_generated_tutorials/rc-breadcrumbs.ts(2,37): error TS6142: Module '../site/tutorial.js' was resolved to 'C:/Users/zhang/Desktop/crab-dev/.website/docs/site/tutorial.tsx', but '--jsx' is not set.
docs/_generated_tutorials/rc-breadcrumbs.ts(4,844): error TS6142: Module '../examples/rc-breadcrumbs/step-1.js' was resolved to 'C:/Users/zhang/Desktop/crab-dev/.website/docs/examples/rc-breadcrumbs/step-1.tsx', but '--jsx' is not set.
docs/_generated_tutorials/rc-breadcrumbs.ts(5,1408): error TS6142: Module '../examples/rc-breadcrumbs/step-2.js' was resolved to 'C:/Users/zhang/Desktop/crab-dev/.website/docs/examples/rc-breadcrumbs/step-2.tsx', but '--jsx' is not set.
docs/_generated_tutorials/rc-button.ts(2,37): error TS6142: Module '../site/tutorial.js' was resolved to 'C:/Users/zhang/Desktop/crab-dev/.website/docs/site/tutorial.tsx', but '--jsx' is not set.
docs/_generated_tutorials/rc-button.ts(4,492): error TS6142: Module '../examples/rc-button/step-1.js' was resolved to 'C:/Users/zhang/Desktop/crab-dev/.website/docs/examples/rc-button/step-1.tsx', but '--jsx' is not set.
docs/_generated_tutorials/rc-button.ts(5,1023): error TS6142: Module '../examples/rc-button/step-2.js' was resolved to 'C:/Users/zhang/Desktop/crab-dev/.website/docs/examples/rc-button/step-2.tsx', but '--jsx' is not set.
docs/_generated_tutorials/rc-canvas.ts(2,37): error TS6142: Module '../site/tutorial.js' was resolved to 'C:/Users/zhang/Desktop/crab-dev/.website/docs/site/tutorial.tsx', but '--jsx' is not set.
docs/_generated_tutorials/rc-canvas.ts(4,1058): error TS6142: Module '../examples/rc-canvas/step-1.js' was resolved to 'C:/Users/zhang/Desktop/crab-dev/.website/docs/examples/rc-canvas/step-1.tsx', but '--jsx' is not set.
docs/_generated_tutorials/rc-canvas.ts(5,1230): error TS6142: Module '../examples/rc-canvas/step-2.js' was resolved to 'C:/Users/zhang/Desktop/crab-dev/.website/docs/examples/rc-canvas/step-2.tsx', but '--jsx' is not set.
docs/_generated_tutorials/rc-card.ts(2,37): error TS6142: Module '../site/tutorial.js' was resolved to 'C:/Users/zhang/Desktop/crab-dev/.website/docs/site/tutorial.tsx', but '--jsx' is not set.
docs/_generated_tutorials/rc-card.ts(4,463): error TS6142: Module '../examples/rc-card/step-1.js' was resolved to 'C:/Users/zhang/Desktop/crab-dev/.website/docs/examples/rc-card/step-1.tsx', but '--jsx' is not set.
docs/_generated_tutorials/rc-card.ts(5,937): error TS6142: Module '../examples/rc-card/step-2.js' was resolved to 'C:/Users/zhang/Desktop/crab-dev/.website/docs/examples/rc-card/step-2.tsx', but '--jsx' is not set.
docs/_generated_tutorials/rc-checkbox.ts(2,37): error TS6142: Module '../site/tutorial.js' was resolved to 'C:/Users/zhang/Desktop/crab-dev/.website/docs/site/tutorial.tsx', but '--jsx' is not set.
docs/_generated_tutorials/rc-checkbox.ts(4,471): error TS6142: Module '../examples/rc-checkbox/step-1.js' was resolved to 'C:/Users/zhang/Desktop/crab-dev/.website/docs/examples/rc-checkbox/step-1.tsx', but '--jsx' is not set.
docs/_generated_tutorials/rc-checkbox.ts(5,960): error TS6142: Module '../examples/rc-checkbox/step-2.js' was resolved to 'C:/Users/zhang/Desktop/crab-dev/.website/docs/examples/rc-checkbox/step-2.tsx', but '--jsx' is not set.
docs/_generated_tutorials/rc-color-picker.ts(2,37): error TS6142: Module '../site/tutorial.js' was resolved to 'C:/Users/zhang/Desktop/crab-dev/.website/docs/site/tutorial.tsx', but '--jsx' is not set.
docs/_generated_tutorials/rc-color-picker.ts(4,616): error TS6142: Module '../examples/rc-color-picker/step-1.js' was resolved to 'C:/Users/zhang/Desktop/crab-dev/.website/docs/examples/rc-color-picker/step-1.tsx', but '--jsx' is not set.
docs/_generated_tutorials/rc-color-picker.ts(5,1514): error TS6142: Module '../examples/rc-color-picker/step-2.js' was resolved to 'C:/Users/zhang/Desktop/crab-dev/.website/docs/examples/rc-color-picker/step-2.tsx', but '--jsx' is not set.
docs/_generated_tutorials/rc-component-preview.ts(2,37): error TS6142: Module '../site/tutorial.js' was resolved to 'C:/Users/zhang/Desktop/crab-dev/.website/docs/site/tutorial.tsx', but '--jsx' is not set.
docs/_generated_tutorials/rc-component-preview.ts(4,650): error TS6142: Module '../examples/rc-component-preview/step-1.js' was resolved to 'C:/Users/zhang/Desktop/crab-dev/.website/docs/examples/rc-component-preview/step-1.tsx', but '--jsx' is not set.
docs/_generated_tutorials/rc-component-preview.ts(5,1075): error TS6142: Module '../examples/rc-component-preview/step-2.js' was resolved to 'C:/Users/zhang/Desktop/crab-dev/.website/docs/examples/rc-component-preview/step-2.tsx', but '--jsx' is not set.
docs/_generated_tutorials/rc-cron-picker.ts(2,37): error TS6142: Module '../site/tutorial.js' was resolved to 'C:/Users/zhang/Desktop/crab-dev/.website/docs/site/tutorial.tsx', but '--jsx' is not set.
docs/_generated_tutorials/rc-cron-picker.ts(4,501): error TS6142: Module '../examples/rc-cron-picker/step-1.js' was resolved to 'C:/Users/zhang/Desktop/crab-dev/.website/docs/examples/rc-cron-picker/step-1.tsx', but '--jsx' is not set.
docs/_generated_tutorials/rc-cron-picker.ts(5,1185): error TS6142: Module '../examples/rc-cron-picker/step-2.js' was resolved to 'C:/Users/zhang/Desktop/crab-dev/.website/docs/examples/rc-cron-picker/step-2.tsx', but '--jsx' is not set.
docs/_generated_tutorials/rc-date-picker.ts(2,37): error TS6142: Module '../site/tutorial.js' was resolved to 'C:/Users/zhang/Desktop/crab-dev/.website/docs/site/tutorial.tsx', but '--jsx' is not set.
docs/_generated_tutorials/rc-date-picker.ts(4,662): error TS6142: Module '../examples/rc-date-picker/step-1.js' was resolved to 'C:/Users/zhang/Desktop/crab-dev/.website/docs/examples/rc-date-picker/step-1.tsx', but '--jsx' is not set.
docs/_generated_tutorials/rc-date-picker.ts(5,1140): error TS6142: Module '../examples/rc-date-picker/step-2.js' was resolved to 'C:/Users/zhang/Desktop/crab-dev/.website/docs/examples/rc-date-picker/step-2.tsx', but '--jsx' is not set.
docs/_generated_tutorials/rc-dialog.ts(2,37): error TS6142: Module '../site/tutorial.js' was resolved to 'C:/Users/zhang/Desktop/crab-dev/.website/docs/site/tutorial.tsx', but '--jsx' is not set.
docs/_generated_tutorials/rc-dialog.ts(4,1039): error TS6142: Module '../examples/rc-dialog/step-1.js' was resolved to 'C:/Users/zhang/Desktop/crab-dev/.website/docs/examples/rc-dialog/step-1.tsx', but '--jsx' is not set.
docs/_generated_tutorials/rc-dialog.ts(5,1482): error TS6142: Module '../examples/rc-dialog/step-2.js' was resolved to 'C:/Users/zhang/Desktop/crab-dev/.website/docs/examples/rc-dialog/step-2.tsx', but '--jsx' is not set.
docs/_generated_tutorials/rc-divider.ts(2,37): error TS6142: Module '../site/tutorial.js' was resolved to 'C:/Users/zhang/Desktop/crab-dev/.website/docs/site/tutorial.tsx', but '--jsx' is not set.
docs/_generated_tutorials/rc-divider.ts(4,714): error TS6142: Module '../examples/rc-divider/step-1.js' was resolved to 'C:/Users/zhang/Desktop/crab-dev/.website/docs/examples/rc-divider/step-1.tsx', but '--jsx' is not set.
docs/_generated_tutorials/rc-divider.ts(5,777): error TS6142: Module '../examples/rc-divider/step-2.js' was resolved to 'C:/Users/zhang/Desktop/crab-dev/.website/docs/examples/rc-divider/step-2.tsx', but '--jsx' is not set.
docs/_generated_tutorials/rc-drawer.ts(2,37): error TS6142: Module '../site/tutorial.js' was resolved to 'C:/Users/zhang/Desktop/crab-dev/.website/docs/site/tutorial.tsx', but '--jsx' is not set.
docs/_generated_tutorials/rc-drawer.ts(4,1029): error TS6142: Module '../examples/rc-drawer/step-1.js' was resolved to 'C:/Users/zhang/Desktop/crab-dev/.website/docs/examples/rc-drawer/step-1.tsx', but '--jsx' is not set.
docs/_generated_tutorials/rc-drawer.ts(5,1373): error TS6142: Module '../examples/rc-drawer/step-2.js' was resolved to 'C:/Users/zhang/Desktop/crab-dev/.website/docs/examples/rc-drawer/step-2.tsx', but '--jsx' is not set.
docs/_generated_tutorials/rc-dropdown-container.ts(2,37): error TS6142: Module '../site/tutorial.js' was resolved to 'C:/Users/zhang/Desktop/crab-dev/.website/docs/site/tutorial.tsx', but '--jsx' is not set.
docs/_generated_tutorials/rc-dropdown-container.ts(4,687): error TS6142: Module '../examples/rc-dropdown-container/step-1.js' was resolved to 'C:/Users/zhang/Desktop/crab-dev/.website/docs/examples/rc-dropdown-container/step-1.tsx', but '--jsx' is not set.
docs/_generated_tutorials/rc-dropdown-container.ts(5,1247): error TS6142: Module '../examples/rc-dropdown-container/step-2.js' was resolved to 'C:/Users/zhang/Desktop/crab-dev/.website/docs/examples/rc-dropdown-container/step-2.tsx', but '--jsx' is not set.
docs/_generated_tutorials/rc-empty.ts(2,37): error TS6142: Module '../site/tutorial.js' was resolved to 'C:/Users/zhang/Desktop/crab-dev/.website/docs/site/tutorial.tsx', but '--jsx' is not set.
docs/_generated_tutorials/rc-empty.ts(4,454): error TS6142: Module '../examples/rc-empty/step-1.js' was resolved to 'C:/Users/zhang/Desktop/crab-dev/.website/docs/examples/rc-empty/step-1.tsx', but '--jsx' is not set.
docs/_generated_tutorials/rc-empty.ts(5,934): error TS6142: Module '../examples/rc-empty/step-2.js' was resolved to 'C:/Users/zhang/Desktop/crab-dev/.website/docs/examples/rc-empty/step-2.tsx', but '--jsx' is not set.
docs/_generated_tutorials/rc-flow-diagram.ts(2,37): error TS6142: Module '../site/tutorial.js' was resolved to 'C:/Users/zhang/Desktop/crab-dev/.website/docs/site/tutorial.tsx', but '--jsx' is not set.
docs/_generated_tutorials/rc-flow-diagram.ts(4,2641): error TS6142: Module '../examples/rc-flow-diagram/step-1.js' was resolved to 'C:/Users/zhang/Desktop/crab-dev/.website/docs/examples/rc-flow-diagram/step-1.tsx', but '--jsx' is not set.
docs/_generated_tutorials/rc-flow-diagram.ts(5,2944): error TS6142: Module '../examples/rc-flow-diagram/step-2.js' was resolved to 'C:/Users/zhang/Desktop/crab-dev/.website/docs/examples/rc-flow-diagram/step-2.tsx', but '--jsx' is not set.
docs/_generated_tutorials/rc-form.ts(2,37): error TS6142: Module '../site/tutorial.js' was resolved to 'C:/Users/zhang/Desktop/crab-dev/.website/docs/site/tutorial.tsx', but '--jsx' is not set.
docs/_generated_tutorials/rc-form.ts(4,1893): error TS6142: Module '../examples/rc-form/step-1.js' was resolved to 'C:/Users/zhang/Desktop/crab-dev/.website/docs/examples/rc-form/step-1.tsx', but '--jsx' is not set.
docs/_generated_tutorials/rc-form.ts(5,2361): error TS6142: Module '../examples/rc-form/step-2.js' was resolved to 'C:/Users/zhang/Desktop/crab-dev/.website/docs/examples/rc-form/step-2.tsx', but '--jsx' is not set.
docs/_generated_tutorials/rc-hooks.ts(2,37): error TS6142: Module '../site/tutorial.js' was resolved to 'C:/Users/zhang/Desktop/crab-dev/.website/docs/site/tutorial.tsx', but '--jsx' is not set.
docs/_generated_tutorials/rc-hooks.ts(4,932): error TS6142: Module '../examples/rc-hooks/step-1.js' was resolved to 'C:/Users/zhang/Desktop/crab-dev/.website/docs/examples/rc-hooks/step-1.tsx', but '--jsx' is not set.
docs/_generated_tutorials/rc-hooks.ts(5,1125): error TS6142: Module '../examples/rc-hooks/step-2.js' was resolved to 'C:/Users/zhang/Desktop/crab-dev/.website/docs/examples/rc-hooks/step-2.tsx', but '--jsx' is not set.
docs/_generated_tutorials/rc-line-edit.ts(2,37): error TS6142: Module '../site/tutorial.js' was resolved to 'C:/Users/zhang/Desktop/crab-dev/.website/docs/site/tutorial.tsx', but '--jsx' is not set.
docs/_generated_tutorials/rc-line-edit.ts(4,560): error TS6142: Module '../examples/rc-line-edit/step-1.js' was resolved to 'C:/Users/zhang/Desktop/crab-dev/.website/docs/examples/rc-line-edit/step-1.tsx', but '--jsx' is not set.
docs/_generated_tutorials/rc-line-edit.ts(5,1207): error TS6142: Module '../examples/rc-line-edit/step-2.js' was resolved to 'C:/Users/zhang/Desktop/crab-dev/.website/docs/examples/rc-line-edit/step-2.tsx', but '--jsx' is not set.
docs/_generated_tutorials/rc-masonry.ts(2,37): error TS6142: Module '../site/tutorial.js' was resolved to 'C:/Users/zhang/Desktop/crab-dev/.website/docs/site/tutorial.tsx', but '--jsx' is not set.
docs/_generated_tutorials/rc-masonry.ts(4,830): error TS6142: Module '../examples/rc-masonry/step-1.js' was resolved to 'C:/Users/zhang/Desktop/crab-dev/.website/docs/examples/rc-masonry/step-1.tsx', but '--jsx' is not set.
docs/_generated_tutorials/rc-masonry.ts(5,1379): error TS6142: Module '../examples/rc-masonry/step-2.js' was resolved to 'C:/Users/zhang/Desktop/crab-dev/.website/docs/examples/rc-masonry/step-2.tsx', but '--jsx' is not set.
docs/_generated_tutorials/rc-menu.ts(2,37): error TS6142: Module '../site/tutorial.js' was resolved to 'C:/Users/zhang/Desktop/crab-dev/.website/docs/site/tutorial.tsx', but '--jsx' is not set.
docs/_generated_tutorials/rc-menu.ts(4,709): error TS6142: Module '../examples/rc-menu/step-1.js' was resolved to 'C:/Users/zhang/Desktop/crab-dev/.website/docs/examples/rc-menu/step-1.tsx', but '--jsx' is not set.
docs/_generated_tutorials/rc-menu.ts(5,1317): error TS6142: Module '../examples/rc-menu/step-2.js' was resolved to 'C:/Users/zhang/Desktop/crab-dev/.website/docs/examples/rc-menu/step-2.tsx', but '--jsx' is not set.
docs/_generated_tutorials/rc-message.ts(2,37): error TS6142: Module '../site/tutorial.js' was resolved to 'C:/Users/zhang/Desktop/crab-dev/.website/docs/site/tutorial.tsx', but '--jsx' is not set.
docs/_generated_tutorials/rc-message.ts(4,909): error TS6142: Module '../examples/rc-message/step-1.js' was resolved to 'C:/Users/zhang/Desktop/crab-dev/.website/docs/examples/rc-message/step-1.tsx', but '--jsx' is not set.
docs/_generated_tutorials/rc-message.ts(5,984): error TS6142: Module '../examples/rc-message/step-2.js' was resolved to 'C:/Users/zhang/Desktop/crab-dev/.website/docs/examples/rc-message/step-2.tsx', but '--jsx' is not set.
docs/_generated_tutorials/rc-notification.ts(2,37): error TS6142: Module '../site/tutorial.js' was resolved to 'C:/Users/zhang/Desktop/crab-dev/.website/docs/site/tutorial.tsx', but '--jsx' is not set.
docs/_generated_tutorials/rc-notification.ts(4,1176): error TS6142: Module '../examples/rc-notification/step-1.js' was resolved to 'C:/Users/zhang/Desktop/crab-dev/.website/docs/examples/rc-notification/step-1.tsx', but '--jsx' is not set.
docs/_generated_tutorials/rc-notification.ts(5,1456): error TS6142: Module '../examples/rc-notification/step-2.js' was resolved to 'C:/Users/zhang/Desktop/crab-dev/.website/docs/examples/rc-notification/step-2.tsx', but '--jsx' is not set.
docs/_generated_tutorials/rc-number-edit.ts(2,37): error TS6142: Module '../site/tutorial.js' was resolved to 'C:/Users/zhang/Desktop/crab-dev/.website/docs/site/tutorial.tsx', but '--jsx' is not set.
docs/_generated_tutorials/rc-number-edit.ts(4,563): error TS6142: Module '../examples/rc-number-edit/step-1.js' was resolved to 'C:/Users/zhang/Desktop/crab-dev/.website/docs/examples/rc-number-edit/step-1.tsx', but '--jsx' is not set.
docs/_generated_tutorials/rc-number-edit.ts(5,982): error TS6142: Module '../examples/rc-number-edit/step-2.js' was resolved to 'C:/Users/zhang/Desktop/crab-dev/.website/docs/examples/rc-number-edit/step-2.tsx', but '--jsx' is not set.
docs/_generated_tutorials/rc-pagination.ts(2,37): error TS6142: Module '../site/tutorial.js' was resolved to 'C:/Users/zhang/Desktop/crab-dev/.website/docs/site/tutorial.tsx', but '--jsx' is not set.
docs/_generated_tutorials/rc-pagination.ts(4,448): error TS6142: Module '../examples/rc-pagination/step-1.js' was resolved to 'C:/Users/zhang/Desktop/crab-dev/.website/docs/examples/rc-pagination/step-1.tsx', but '--jsx' is not set.
docs/_generated_tutorials/rc-pagination.ts(5,1250): error TS6142: Module '../examples/rc-pagination/step-2.js' was resolved to 'C:/Users/zhang/Desktop/crab-dev/.website/docs/examples/rc-pagination/step-2.tsx', but '--jsx' is not set.
docs/_generated_tutorials/rc-prose.ts(2,37): error TS6142: Module '../site/tutorial.js' was resolved to 'C:/Users/zhang/Desktop/crab-dev/.website/docs/site/tutorial.tsx', but '--jsx' is not set.
docs/_generated_tutorials/rc-prose.ts(4,639): error TS6142: Module '../examples/rc-prose/step-1.js' was resolved to 'C:/Users/zhang/Desktop/crab-dev/.website/docs/examples/rc-prose/step-1.tsx', but '--jsx' is not set.
docs/_generated_tutorials/rc-prose.ts(5,1049): error TS6142: Module '../examples/rc-prose/step-2.js' was resolved to 'C:/Users/zhang/Desktop/crab-dev/.website/docs/examples/rc-prose/step-2.tsx', but '--jsx' is not set.
docs/_generated_tutorials/rc-radio.ts(2,37): error TS6142: Module '../site/tutorial.js' was resolved to 'C:/Users/zhang/Desktop/crab-dev/.website/docs/site/tutorial.tsx', but '--jsx' is not set.
docs/_generated_tutorials/rc-radio.ts(4,611): error TS6142: Module '../examples/rc-radio/step-1.js' was resolved to 'C:/Users/zhang/Desktop/crab-dev/.website/docs/examples/rc-radio/step-1.tsx', but '--jsx' is not set.
docs/_generated_tutorials/rc-radio.ts(5,1007): error TS6142: Module '../examples/rc-radio/step-2.js' was resolved to 'C:/Users/zhang/Desktop/crab-dev/.website/docs/examples/rc-radio/step-2.tsx', but '--jsx' is not set.
docs/_generated_tutorials/rc-realm.ts(2,37): error TS6142: Module '../site/tutorial.js' was resolved to 'C:/Users/zhang/Desktop/crab-dev/.website/docs/site/tutorial.tsx', but '--jsx' is not set.
docs/_generated_tutorials/rc-realm.ts(4,1367): error TS6142: Module '../examples/rc-realm/step-1.js' was resolved to 'C:/Users/zhang/Desktop/crab-dev/.website/docs/examples/rc-realm/step-1.tsx', but '--jsx' is not set.
docs/_generated_tutorials/rc-realm.ts(5,2047): error TS6142: Module '../examples/rc-realm/step-2.js' was resolved to 'C:/Users/zhang/Desktop/crab-dev/.website/docs/examples/rc-realm/step-2.tsx', but '--jsx' is not set.
docs/_generated_tutorials/rc-router.ts(2,37): error TS6142: Module '../site/tutorial.js' was resolved to 'C:/Users/zhang/Desktop/crab-dev/.website/docs/site/tutorial.tsx', but '--jsx' is not set.
docs/_generated_tutorials/rc-router.ts(4,3750): error TS6142: Module '../examples/rc-router/step-1.js' was resolved to 'C:/Users/zhang/Desktop/crab-dev/.website/docs/examples/rc-router/step-1.tsx', but '--jsx' is not set.
docs/_generated_tutorials/rc-router.ts(5,3942): error TS6142: Module '../examples/rc-router/step-2.js' was resolved to 'C:/Users/zhang/Desktop/crab-dev/.website/docs/examples/rc-router/step-2.tsx', but '--jsx' is not set.
docs/_generated_tutorials/rc-segmented.ts(2,37): error TS6142: Module '../site/tutorial.js' was resolved to 'C:/Users/zhang/Desktop/crab-dev/.website/docs/site/tutorial.tsx', but '--jsx' is not set.
docs/_generated_tutorials/rc-segmented.ts(4,468): error TS6142: Module '../examples/rc-segmented/step-1.js' was resolved to 'C:/Users/zhang/Desktop/crab-dev/.website/docs/examples/rc-segmented/step-1.tsx', but '--jsx' is not set.
docs/_generated_tutorials/rc-segmented.ts(5,893): error TS6142: Module '../examples/rc-segmented/step-2.js' was resolved to 'C:/Users/zhang/Desktop/crab-dev/.website/docs/examples/rc-segmented/step-2.tsx', but '--jsx' is not set.
docs/_generated_tutorials/rc-select.ts(2,37): error TS6142: Module '../site/tutorial.js' was resolved to 'C:/Users/zhang/Desktop/crab-dev/.website/docs/site/tutorial.tsx', but '--jsx' is not set.
docs/_generated_tutorials/rc-select.ts(4,714): error TS6142: Module '../examples/rc-select/step-1.js' was resolved to 'C:/Users/zhang/Desktop/crab-dev/.website/docs/examples/rc-select/step-1.tsx', but '--jsx' is not set.
docs/_generated_tutorials/rc-select.ts(5,1319): error TS6142: Module '../examples/rc-select/step-2.js' was resolved to 'C:/Users/zhang/Desktop/crab-dev/.website/docs/examples/rc-select/step-2.tsx', but '--jsx' is not set.
docs/_generated_tutorials/rc-skeleton.ts(2,37): error TS6142: Module '../site/tutorial.js' was resolved to 'C:/Users/zhang/Desktop/crab-dev/.website/docs/site/tutorial.tsx', but '--jsx' is not set.
docs/_generated_tutorials/rc-skeleton.ts(4,427): error TS6142: Module '../examples/rc-skeleton/step-1.js' was resolved to 'C:/Users/zhang/Desktop/crab-dev/.website/docs/examples/rc-skeleton/step-1.tsx', but '--jsx' is not set.
docs/_generated_tutorials/rc-skeleton.ts(5,1109): error TS6142: Module '../examples/rc-skeleton/step-2.js' was resolved to 'C:/Users/zhang/Desktop/crab-dev/.website/docs/examples/rc-skeleton/step-2.tsx', but '--jsx' is not set.
docs/_generated_tutorials/rc-slider.ts(2,37): error TS6142: Module '../site/tutorial.js' was resolved to 'C:/Users/zhang/Desktop/crab-dev/.website/docs/site/tutorial.tsx', but '--jsx' is not set.
docs/_generated_tutorials/rc-slider.ts(4,861): error TS6142: Module '../examples/rc-slider/step-1.js' was resolved to 'C:/Users/zhang/Desktop/crab-dev/.website/docs/examples/rc-slider/step-1.tsx', but '--jsx' is not set.
docs/_generated_tutorials/rc-slider.ts(5,1030): error TS6142: Module '../examples/rc-slider/step-2.js' was resolved to 'C:/Users/zhang/Desktop/crab-dev/.website/docs/examples/rc-slider/step-2.tsx', but '--jsx' is not set.
docs/_generated_tutorials/rc-spin.ts(2,37): error TS6142: Module '../site/tutorial.js' was resolved to 'C:/Users/zhang/Desktop/crab-dev/.website/docs/site/tutorial.tsx', but '--jsx' is not set.
docs/_generated_tutorials/rc-spin.ts(4,420): error TS6142: Module '../examples/rc-spin/step-1.js' was resolved to 'C:/Users/zhang/Desktop/crab-dev/.website/docs/examples/rc-spin/step-1.tsx', but '--jsx' is not set.
docs/_generated_tutorials/rc-spin.ts(5,1434): error TS6142: Module '../examples/rc-spin/step-2.js' was resolved to 'C:/Users/zhang/Desktop/crab-dev/.website/docs/examples/rc-spin/step-2.tsx', but '--jsx' is not set.
docs/_generated_tutorials/rc-split-pane.ts(2,37): error TS6142: Module '../site/tutorial.js' was resolved to 'C:/Users/zhang/Desktop/crab-dev/.website/docs/site/tutorial.tsx', but '--jsx' is not set.
docs/_generated_tutorials/rc-split-pane.ts(4,858): error TS6142: Module '../examples/rc-split-pane/step-1.js' was resolved to 'C:/Users/zhang/Desktop/crab-dev/.website/docs/examples/rc-split-pane/step-1.tsx', but '--jsx' is not set.
docs/_generated_tutorials/rc-split-pane.ts(5,1320): error TS6142: Module '../examples/rc-split-pane/step-2.js' was resolved to 'C:/Users/zhang/Desktop/crab-dev/.website/docs/examples/rc-split-pane/step-2.tsx', but '--jsx' is not set.
docs/_generated_tutorials/rc-switch.ts(2,37): error TS6142: Module '../site/tutorial.js' was resolved to 'C:/Users/zhang/Desktop/crab-dev/.website/docs/site/tutorial.tsx', but '--jsx' is not set.
docs/_generated_tutorials/rc-switch.ts(4,461): error TS6142: Module '../examples/rc-switch/step-1.js' was resolved to 'C:/Users/zhang/Desktop/crab-dev/.website/docs/examples/rc-switch/step-1.tsx', but '--jsx' is not set.
docs/_generated_tutorials/rc-switch.ts(5,950): error TS6142: Module '../examples/rc-switch/step-2.js' was resolved to 'C:/Users/zhang/Desktop/crab-dev/.website/docs/examples/rc-switch/step-2.tsx', but '--jsx' is not set.
docs/_generated_tutorials/rc-table-pro.ts(2,37): error TS6142: Module '../site/tutorial.js' was resolved to 'C:/Users/zhang/Desktop/crab-dev/.website/docs/site/tutorial.tsx', but '--jsx' is not set.
docs/_generated_tutorials/rc-table-pro.ts(4,1565): error TS6142: Module '../examples/rc-table-pro/step-1.js' was resolved to 'C:/Users/zhang/Desktop/crab-dev/.website/docs/examples/rc-table-pro/step-1.tsx', but '--jsx' is not set.
docs/_generated_tutorials/rc-table-pro.ts(5,1833): error TS6142: Module '../examples/rc-table-pro/step-2.js' was resolved to 'C:/Users/zhang/Desktop/crab-dev/.website/docs/examples/rc-table-pro/step-2.tsx', but '--jsx' is not set.
docs/_generated_tutorials/rc-table.ts(2,37): error TS6142: Module '../site/tutorial.js' was resolved to 'C:/Users/zhang/Desktop/crab-dev/.website/docs/site/tutorial.tsx', but '--jsx' is not set.
docs/_generated_tutorials/rc-table.ts(4,1891): error TS6142: Module '../examples/rc-table/step-1.js' was resolved to 'C:/Users/zhang/Desktop/crab-dev/.website/docs/examples/rc-table/step-1.tsx', but '--jsx' is not set.
docs/_generated_tutorials/rc-table.ts(5,2551): error TS6142: Module '../examples/rc-table/step-2.js' was resolved to 'C:/Users/zhang/Desktop/crab-dev/.website/docs/examples/rc-table/step-2.tsx', but '--jsx' is not set.
docs/_generated_tutorials/rc-tabs.ts(2,37): error TS6142: Module '../site/tutorial.js' was resolved to 'C:/Users/zhang/Desktop/crab-dev/.website/docs/site/tutorial.tsx', but '--jsx' is not set.
docs/_generated_tutorials/rc-tabs.ts(4,666): error TS6142: Module '../examples/rc-tabs/step-1.js' was resolved to 'C:/Users/zhang/Desktop/crab-dev/.website/docs/examples/rc-tabs/step-1.tsx', but '--jsx' is not set.
docs/_generated_tutorials/rc-tabs.ts(5,1263): error TS6142: Module '../examples/rc-tabs/step-2.js' was resolved to 'C:/Users/zhang/Desktop/crab-dev/.website/docs/examples/rc-tabs/step-2.tsx', but '--jsx' is not set.
docs/_generated_tutorials/rc-tag.ts(2,37): error TS6142: Module '../site/tutorial.js' was resolved to 'C:/Users/zhang/Desktop/crab-dev/.website/docs/site/tutorial.tsx', but '--jsx' is not set.
docs/_generated_tutorials/rc-tag.ts(4,690): error TS6142: Module '../examples/rc-tag/step-1.js' was resolved to 'C:/Users/zhang/Desktop/crab-dev/.website/docs/examples/rc-tag/step-1.tsx', but '--jsx' is not set.
docs/_generated_tutorials/rc-tag.ts(5,965): error TS6142: Module '../examples/rc-tag/step-2.js' was resolved to 'C:/Users/zhang/Desktop/crab-dev/.website/docs/examples/rc-tag/step-2.tsx', but '--jsx' is not set.
docs/_generated_tutorials/rc-text-edit.ts(2,37): error TS6142: Module '../site/tutorial.js' was resolved to 'C:/Users/zhang/Desktop/crab-dev/.website/docs/site/tutorial.tsx', but '--jsx' is not set.
docs/_generated_tutorials/rc-text-edit.ts(4,551): error TS6142: Module '../examples/rc-text-edit/step-1.js' was resolved to 'C:/Users/zhang/Desktop/crab-dev/.website/docs/examples/rc-text-edit/step-1.tsx', but '--jsx' is not set.
docs/_generated_tutorials/rc-text-edit.ts(5,1092): error TS6142: Module '../examples/rc-text-edit/step-2.js' was resolved to 'C:/Users/zhang/Desktop/crab-dev/.website/docs/examples/rc-text-edit/step-2.tsx', but '--jsx' is not set.
docs/_generated_tutorials/rc-theme.ts(2,37): error TS6142: Module '../site/tutorial.js' was resolved to 'C:/Users/zhang/Desktop/crab-dev/.website/docs/site/tutorial.tsx', but '--jsx' is not set.
docs/_generated_tutorials/rc-theme.ts(4,583): error TS6142: Module '../examples/rc-theme/step-1.js' was resolved to 'C:/Users/zhang/Desktop/crab-dev/.website/docs/examples/rc-theme/step-1.tsx', but '--jsx' is not set.
docs/_generated_tutorials/rc-theme.ts(5,1149): error TS6142: Module '../examples/rc-theme/step-2.js' was resolved to 'C:/Users/zhang/Desktop/crab-dev/.website/docs/examples/rc-theme/step-2.tsx', but '--jsx' is not set.
docs/_generated_tutorials/rc-token-global.ts(2,37): error TS6142: Module '../site/tutorial.js' was resolved to 'C:/Users/zhang/Desktop/crab-dev/.website/docs/site/tutorial.tsx', but '--jsx' is not set.
docs/_generated_tutorials/rc-token-global.ts(4,498): error TS6142: Module '../examples/rc-token-global/step-1.js' was resolved to 'C:/Users/zhang/Desktop/crab-dev/.website/docs/examples/rc-token-global/step-1.tsx', but '--jsx' is not set.
docs/_generated_tutorials/rc-token-global.ts(5,813): error TS6142: Module '../examples/rc-token-global/step-2.js' was resolved to 'C:/Users/zhang/Desktop/crab-dev/.website/docs/examples/rc-token-global/step-2.tsx', but '--jsx' is not set.
docs/_generated_tutorials/rc-token-semantic.ts(2,37): error TS6142: Module '../site/tutorial.js' was resolved to 'C:/Users/zhang/Desktop/crab-dev/.website/docs/site/tutorial.tsx', but '--jsx' is not set.
docs/_generated_tutorials/rc-token-semantic.ts(4,480): error TS6142: Module '../examples/rc-token-semantic/step-1.js' was resolved to 'C:/Users/zhang/Desktop/crab-dev/.website/docs/examples/rc-token-semantic/step-1.tsx', but '--jsx' is not set.
docs/_generated_tutorials/rc-token-semantic.ts(5,802): error TS6142: Module '../examples/rc-token-semantic/step-2.js' was resolved to 'C:/Users/zhang/Desktop/crab-dev/.website/docs/examples/rc-token-semantic/step-2.tsx', but '--jsx' is not set.
docs/_generated_tutorials/rc-tooltip.ts(2,37): error TS6142: Module '../site/tutorial.js' was resolved to 'C:/Users/zhang/Desktop/crab-dev/.website/docs/site/tutorial.tsx', but '--jsx' is not set.
docs/_generated_tutorials/rc-tooltip.ts(4,602): error TS6142: Module '../examples/rc-tooltip/step-1.js' was resolved to 'C:/Users/zhang/Desktop/crab-dev/.website/docs/examples/rc-tooltip/step-1.tsx', but '--jsx' is not set.
docs/_generated_tutorials/rc-tooltip.ts(5,1058): error TS6142: Module '../examples/rc-tooltip/step-2.js' was resolved to 'C:/Users/zhang/Desktop/crab-dev/.website/docs/examples/rc-tooltip/step-2.tsx', but '--jsx' is not set.
docs/_generated_tutorials/rc-tree.ts(2,37): error TS6142: Module '../site/tutorial.js' was resolved to 'C:/Users/zhang/Desktop/crab-dev/.website/docs/site/tutorial.tsx', but '--jsx' is not set.
docs/_generated_tutorials/rc-tree.ts(4,3020): error TS6142: Module '../examples/rc-tree/step-1.js' was resolved to 'C:/Users/zhang/Desktop/crab-dev/.website/docs/examples/rc-tree/step-1.tsx', but '--jsx' is not set.
docs/_generated_tutorials/rc-tree.ts(5,3415): error TS6142: Module '../examples/rc-tree/step-2.js' was resolved to 'C:/Users/zhang/Desktop/crab-dev/.website/docs/examples/rc-tree/step-2.tsx', but '--jsx' is not set.
docs/_generated_tutorials/rc-virtual.ts(2,37): error TS6142: Module '../site/tutorial.js' was resolved to 'C:/Users/zhang/Desktop/crab-dev/.website/docs/site/tutorial.tsx', but '--jsx' is not set.
docs/_generated_tutorials/rc-virtual.ts(4,1634): error TS6142: Module '../examples/rc-virtual/step-1.js' was resolved to 'C:/Users/zhang/Desktop/crab-dev/.website/docs/examples/rc-virtual/step-1.tsx', but '--jsx' is not set.
docs/_generated_tutorials/rc-virtual.ts(5,2209): error TS6142: Module '../examples/rc-virtual/step-2.js' was resolved to 'C:/Users/zhang/Desktop/crab-dev/.website/docs/examples/rc-virtual/step-2.tsx', but '--jsx' is not set.
docs/examples/home/profile.tsx(1,48): error TS2307: Cannot find module 'react' or its corresponding type declarations.
docs/examples/home/profile.tsx(2,21): error TS2307: Cannot find module '@crab-dev/css' or its corresponding type declarations.
docs/examples/home/profile.tsx(3,19): error TS2307: Cannot find module '@crab-dev/rc-token-semantic' or its corresponding type declarations.
docs/examples/home/profile.tsx(4,18): error TS2307: Cannot find module '@crab-dev/rc-form' or its corresponding type declarations.
docs/examples/home/profile.tsx(5,22): error TS2307: Cannot find module '@crab-dev/rc-line-edit' or its corresponding type declarations.
docs/examples/home/profile.tsx(6,20): error TS2307: Cannot find module '@crab-dev/rc-button' or its corresponding type declarations.
docs/examples/home/profile.tsx(43,9): error TS17004: Cannot use JSX unless the '--jsx' flag is provided.
docs/examples/home/profile.tsx(44,13): error TS7026: JSX element implicitly has type 'any' because no interface 'JSX.IntrinsicElements' exists.
docs/examples/home/profile.tsx(44,13): error TS17004: Cannot use JSX unless the '--jsx' flag is provided.
docs/examples/home/profile.tsx(47,17): error TS17004: Cannot use JSX unless the '--jsx' flag is provided.
docs/examples/home/profile.tsx(50,32): error TS7006: Parameter 'event' implicitly has an 'any' type.
docs/examples/home/profile.tsx(59,13): error TS7026: JSX element implicitly has type 'any' because no interface 'JSX.IntrinsicElements' exists.
docs/examples/home/profile.tsx(60,13): error TS7026: JSX element implicitly has type 'any' because no interface 'JSX.IntrinsicElements' exists.
docs/examples/home/profile.tsx(60,13): error TS17004: Cannot use JSX unless the '--jsx' flag is provided.
docs/examples/home/profile.tsx(62,17): error TS17004: Cannot use JSX unless the '--jsx' flag is provided.
docs/examples/home/profile.tsx(65,32): error TS7006: Parameter 'event' implicitly has an 'any' type.
docs/examples/home/profile.tsx(73,13): error TS7026: JSX element implicitly has type 'any' because no interface 'JSX.IntrinsicElements' exists.
docs/examples/home/profile.tsx(74,13): error TS17004: Cannot use JSX unless the '--jsx' flag is provided.
docs/examples/home/profile.tsx(77,13): error TS7026: JSX element implicitly has type 'any' because no interface 'JSX.IntrinsicElements' exists.
docs/examples/home/profile.tsx(77,13): error TS17004: Cannot use JSX unless the '--jsx' flag is provided.
docs/examples/home/profile.tsx(77,63): error TS7026: JSX element implicitly has type 'any' because no interface 'JSX.IntrinsicElements' exists.
docs/examples/practice-admin/step-1.tsx(1,21): error TS2307: Cannot find module '@crab-dev/css' or its corresponding type declarations.
docs/examples/practice-admin/step-1.tsx(2,19): error TS2307: Cannot find module '@crab-dev/rc-token-semantic' or its corresponding type declarations.
docs/examples/practice-admin/step-1.tsx(3,54): error TS2307: Cannot find module '@crab-dev/rc-app-main-layout' or its corresponding type declarations.
docs/examples/practice-admin/step-1.tsx(4,18): error TS2307: Cannot find module '@crab-dev/rc-card' or its corresponding type declarations.
docs/examples/practice-admin/step-1.tsx(20,5): error TS17004: Cannot use JSX unless the '--jsx' flag is provided.
docs/examples/practice-admin/step-1.tsx(21,9): error TS7026: JSX element implicitly has type 'any' because no interface 'JSX.IntrinsicElements' exists.
docs/examples/practice-admin/step-1.tsx(21,9): error TS17004: Cannot use JSX unless the '--jsx' flag is provided.
docs/examples/practice-admin/step-1.tsx(21,27): error TS7026: JSX element implicitly has type 'any' because no interface 'JSX.IntrinsicElements' exists.
docs/examples/practice-admin/step-1.tsx(22,9): error TS7026: JSX element implicitly has type 'any' because no interface 'JSX.IntrinsicElements' exists.
docs/examples/practice-admin/step-1.tsx(22,9): error TS17004: Cannot use JSX unless the '--jsx' flag is provided.
docs/examples/practice-admin/step-1.tsx(22,32): error TS7026: JSX element implicitly has type 'any' because no interface 'JSX.IntrinsicElements' exists.
docs/examples/practice-admin/step-1.tsx(27,9): error TS7026: JSX element implicitly has type 'any' because no interface 'JSX.IntrinsicElements' exists.
docs/examples/practice-admin/step-1.tsx(27,9): error TS17004: Cannot use JSX unless the '--jsx' flag is provided.
docs/examples/practice-admin/step-1.tsx(28,13): error TS7026: JSX element implicitly has type 'any' because no interface 'JSX.IntrinsicElements' exists.
docs/examples/practice-admin/step-1.tsx(28,13): error TS17004: Cannot use JSX unless the '--jsx' flag is provided.
docs/examples/practice-admin/step-1.tsx(28,34): error TS7026: JSX element implicitly has type 'any' because no interface 'JSX.IntrinsicElements' exists.
docs/examples/practice-admin/step-1.tsx(29,13): error TS7026: JSX element implicitly has type 'any' because no interface 'JSX.IntrinsicElements' exists.
docs/examples/practice-admin/step-1.tsx(29,13): error TS17004: Cannot use JSX unless the '--jsx' flag is provided.
docs/examples/practice-admin/step-1.tsx(30,17): error TS17004: Cannot use JSX unless the '--jsx' flag is provided.
docs/examples/practice-admin/step-1.tsx(41,21): error TS17004: Cannot use JSX unless the '--jsx' flag is provided.
docs/examples/practice-admin/step-1.tsx(43,13): error TS7026: JSX element implicitly has type 'any' because no interface 'JSX.IntrinsicElements' exists.
docs/examples/practice-admin/step-1.tsx(44,9): error TS7026: JSX element implicitly has type 'any' because no interface 'JSX.IntrinsicElements' exists.
docs/examples/practice-admin/step-2.tsx(1,20): error TS2307: Cannot find module '@crab-dev/rc-button' or its corresponding type declarations.
docs/examples/practice-admin/step-2.tsx(3,21): error TS2307: Cannot find module '@crab-dev/css' or its corresponding type declarations.
docs/examples/practice-admin/step-2.tsx(4,19): error TS2307: Cannot find module '@crab-dev/rc-token-semantic' or its corresponding type declarations.
docs/examples/practice-admin/step-2.tsx(8,8): error TS2307: Cannot find module '@crab-dev/rc-app-main-layout' or its corresponding type declarations.
docs/examples/practice-admin/step-2.tsx(9,30): error TS2307: Cannot find module '@crab-dev/rc-menu' or its corresponding type declarations.
docs/examples/practice-admin/step-2.tsx(10,18): error TS2307: Cannot find module '@crab-dev/rc-card' or its corresponding type declarations.
docs/examples/practice-admin/step-2.tsx(28,9): error TS17004: Cannot use JSX unless the '--jsx' flag is provided.
docs/examples/practice-admin/step-2.tsx(29,13): error TS7026: JSX element implicitly has type 'any' because no interface 'JSX.IntrinsicElements' exists.
docs/examples/practice-admin/step-2.tsx(29,13): error TS17004: Cannot use JSX unless the '--jsx' flag is provided.
docs/examples/practice-admin/step-2.tsx(29,31): error TS7026: JSX element implicitly has type 'any' because no interface 'JSX.IntrinsicElements' exists.
docs/examples/practice-admin/step-2.tsx(30,13): error TS7026: JSX element implicitly has type 'any' because no interface 'JSX.IntrinsicElements' exists.
docs/examples/practice-admin/step-2.tsx(30,13): error TS17004: Cannot use JSX unless the '--jsx' flag is provided.
docs/examples/practice-admin/step-2.tsx(30,32): error TS7026: JSX element implicitly has type 'any' because no interface 'JSX.IntrinsicElements' exists.
docs/examples/practice-admin/step-2.tsx(31,13): error TS17004: Cannot use JSX unless the '--jsx' flag is provided.
docs/examples/practice-admin/step-2.tsx(37,35): error TS17004: Cannot use JSX unless the '--jsx' flag is provided.
docs/examples/practice-admin/step-2.tsx(47,18): error TS17004: Cannot use JSX unless the '--jsx' flag is provided.
docs/examples/practice-admin/step-2.tsx(58,9): error TS17004: Cannot use JSX unless the '--jsx' flag is provided.
docs/examples/practice-admin/step-2.tsx(72,31): error TS17004: Cannot use JSX unless the '--jsx' flag is provided.
docs/examples/practice-admin/step-2.tsx(80,31): error TS17004: Cannot use JSX unless the '--jsx' flag is provided.
docs/examples/practice-admin/step-2.tsx(90,31): error TS17004: Cannot use JSX unless the '--jsx' flag is provided.
docs/examples/practice-admin/step-2.tsx(98,12): error TS17004: Cannot use JSX unless the '--jsx' flag is provided.
docs/examples/practice-admin/step-2.tsx(102,9): error TS7026: JSX element implicitly has type 'any' because no interface 'JSX.IntrinsicElements' exists.
docs/examples/practice-admin/step-2.tsx(102,9): error TS17004: Cannot use JSX unless the '--jsx' flag is provided.
docs/examples/practice-admin/step-2.tsx(103,13): error TS7026: JSX element implicitly has type 'any' because no interface 'JSX.IntrinsicElements' exists.
docs/examples/practice-admin/step-2.tsx(103,13): error TS17004: Cannot use JSX unless the '--jsx' flag is provided.
docs/examples/practice-admin/step-2.tsx(103,34): error TS7026: JSX element implicitly has type 'any' because no interface 'JSX.IntrinsicElements' exists.
docs/examples/practice-admin/step-2.tsx(104,13): error TS7026: JSX element implicitly has type 'any' because no interface 'JSX.IntrinsicElements' exists.
docs/examples/practice-admin/step-2.tsx(104,13): error TS17004: Cannot use JSX unless the '--jsx' flag is provided.
docs/examples/practice-admin/step-2.tsx(105,17): error TS17004: Cannot use JSX unless the '--jsx' flag is provided.
docs/examples/practice-admin/step-2.tsx(116,21): error TS17004: Cannot use JSX unless the '--jsx' flag is provided.
docs/examples/practice-admin/step-2.tsx(118,13): error TS7026: JSX element implicitly has type 'any' because no interface 'JSX.IntrinsicElements' exists.
docs/examples/practice-admin/step-2.tsx(119,9): error TS7026: JSX element implicitly has type 'any' because no interface 'JSX.IntrinsicElements' exists.
docs/examples/practice-admin/step-3.tsx(1,33): error TS2307: Cannot find module 'react' or its corresponding type declarations.
docs/examples/practice-admin/step-3.tsx(2,21): error TS2307: Cannot find module '@crab-dev/css' or its corresponding type declarations.
docs/examples/practice-admin/step-3.tsx(3,19): error TS2307: Cannot find module '@crab-dev/rc-token-semantic' or its corresponding type declarations.
docs/examples/practice-admin/step-3.tsx(7,8): error TS2307: Cannot find module '@crab-dev/rc-app-main-layout' or its corresponding type declarations.
docs/examples/practice-admin/step-3.tsx(8,30): error TS2307: Cannot find module '@crab-dev/rc-menu' or its corresponding type declarations.
docs/examples/practice-admin/step-3.tsx(9,18): error TS2307: Cannot find module '@crab-dev/rc-card' or its corresponding type declarations.
docs/examples/practice-admin/step-3.tsx(10,20): error TS2307: Cannot find module '@crab-dev/rc-button' or its corresponding type declarations.
docs/examples/practice-admin/step-3.tsx(11,20): error TS2307: Cannot find module '@crab-dev/rc-drawer' or its corresponding type declarations.
docs/examples/practice-admin/step-3.tsx(12,22): error TS2307: Cannot find module '@crab-dev/rc-line-edit' or its corresponding type declarations.
docs/examples/practice-admin/step-3.tsx(33,9): error TS17004: Cannot use JSX unless the '--jsx' flag is provided.
docs/examples/practice-admin/step-3.tsx(34,13): error TS7026: JSX element implicitly has type 'any' because no interface 'JSX.IntrinsicElements' exists.
docs/examples/practice-admin/step-3.tsx(34,13): error TS17004: Cannot use JSX unless the '--jsx' flag is provided.
docs/examples/practice-admin/step-3.tsx(34,31): error TS7026: JSX element implicitly has type 'any' because no interface 'JSX.IntrinsicElements' exists.
docs/examples/practice-admin/step-3.tsx(35,13): error TS7026: JSX element implicitly has type 'any' because no interface 'JSX.IntrinsicElements' exists.
docs/examples/practice-admin/step-3.tsx(35,13): error TS17004: Cannot use JSX unless the '--jsx' flag is provided.
docs/examples/practice-admin/step-3.tsx(35,32): error TS7026: JSX element implicitly has type 'any' because no interface 'JSX.IntrinsicElements' exists.
docs/examples/practice-admin/step-3.tsx(36,13): error TS17004: Cannot use JSX unless the '--jsx' flag is provided.
docs/examples/practice-admin/step-3.tsx(42,35): error TS17004: Cannot use JSX unless the '--jsx' flag is provided.
docs/examples/practice-admin/step-3.tsx(52,18): error TS17004: Cannot use JSX unless the '--jsx' flag is provided.
docs/examples/practice-admin/step-3.tsx(63,9): error TS17004: Cannot use JSX unless the '--jsx' flag is provided.
docs/examples/practice-admin/step-3.tsx(77,31): error TS17004: Cannot use JSX unless the '--jsx' flag is provided.
docs/examples/practice-admin/step-3.tsx(85,31): error TS17004: Cannot use JSX unless the '--jsx' flag is provided.
docs/examples/practice-admin/step-3.tsx(95,31): error TS17004: Cannot use JSX unless the '--jsx' flag is provided.
docs/examples/practice-admin/step-3.tsx(120,9): error TS7026: JSX element implicitly has type 'any' because no interface 'JSX.IntrinsicElements' exists.
docs/examples/practice-admin/step-3.tsx(120,9): error TS17004: Cannot use JSX unless the '--jsx' flag is provided.
docs/examples/practice-admin/step-3.tsx(121,26): error TS7006: Parameter 'person' implicitly has an 'any' type.
docs/examples/practice-admin/step-3.tsx(122,17): error TS17004: Cannot use JSX unless the '--jsx' flag is provided.
docs/examples/practice-admin/step-3.tsx(126,25): error TS17004: Cannot use JSX unless the '--jsx' flag is provided.
docs/examples/practice-admin/step-3.tsx(139,13): error TS7026: JSX element implicitly has type 'any' because no interface 'JSX.IntrinsicElements' exists.
docs/examples/practice-admin/step-3.tsx(139,13): error TS17004: Cannot use JSX unless the '--jsx' flag is provided.
docs/examples/practice-admin/step-3.tsx(139,47): error TS7026: JSX element implicitly has type 'any' because no interface 'JSX.IntrinsicElements' exists.
docs/examples/practice-admin/step-3.tsx(140,13): error TS17004: Cannot use JSX unless the '--jsx' flag is provided.
docs/examples/practice-admin/step-3.tsx(143,32): error TS7006: Parameter 'open' implicitly has an 'any' type.
docs/examples/practice-admin/step-3.tsx(147,17): error TS7026: JSX element implicitly has type 'any' because no interface 'JSX.IntrinsicElements' exists.
docs/examples/practice-admin/step-3.tsx(147,17): error TS17004: Cannot use JSX unless the '--jsx' flag is provided.
docs/examples/practice-admin/step-3.tsx(148,21): error TS7026: JSX element implicitly has type 'any' because no interface 'JSX.IntrinsicElements' exists.
docs/examples/practice-admin/step-3.tsx(148,21): error TS17004: Cannot use JSX unless the '--jsx' flag is provided.
docs/examples/practice-admin/step-3.tsx(150,25): error TS17004: Cannot use JSX unless the '--jsx' flag is provided.
docs/examples/practice-admin/step-3.tsx(153,40): error TS7006: Parameter 'event' implicitly has an 'any' type.
docs/examples/practice-admin/step-3.tsx(156,21): error TS7026: JSX element implicitly has type 'any' because no interface 'JSX.IntrinsicElements' exists.
docs/examples/practice-admin/step-3.tsx(157,21): error TS7026: JSX element implicitly has type 'any' because no interface 'JSX.IntrinsicElements' exists.
docs/examples/practice-admin/step-3.tsx(157,21): error TS17004: Cannot use JSX unless the '--jsx' flag is provided.
docs/examples/practice-admin/step-3.tsx(161,21): error TS7026: JSX element implicitly has type 'any' because no interface 'JSX.IntrinsicElements' exists.
docs/examples/practice-admin/step-3.tsx(162,21): error TS17004: Cannot use JSX unless the '--jsx' flag is provided.
docs/examples/practice-admin/step-3.tsx(167,40): error TS7006: Parameter 'current' implicitly has an 'any' type.
docs/examples/practice-admin/step-3.tsx(168,46): error TS7006: Parameter 'person' implicitly has an 'any' type.
docs/examples/practice-admin/step-3.tsx(183,17): error TS7026: JSX element implicitly has type 'any' because no interface 'JSX.IntrinsicElements' exists.
docs/examples/practice-admin/step-3.tsx(185,9): error TS7026: JSX element implicitly has type 'any' because no interface 'JSX.IntrinsicElements' exists.
docs/examples/practice-admin/step-3.tsx(190,9): error TS7026: JSX element implicitly has type 'any' because no interface 'JSX.IntrinsicElements' exists.
docs/examples/practice-admin/step-3.tsx(190,9): error TS17004: Cannot use JSX unless the '--jsx' flag is provided.
docs/examples/practice-admin/step-3.tsx(191,13): error TS7026: JSX element implicitly has type 'any' because no interface 'JSX.IntrinsicElements' exists.
docs/examples/practice-admin/step-3.tsx(191,13): error TS17004: Cannot use JSX unless the '--jsx' flag is provided.
docs/examples/practice-admin/step-3.tsx(191,34): error TS7026: JSX element implicitly has type 'any' because no interface 'JSX.IntrinsicElements' exists.
docs/examples/practice-admin/step-3.tsx(192,13): error TS7026: JSX element implicitly has type 'any' because no interface 'JSX.IntrinsicElements' exists.
docs/examples/practice-admin/step-3.tsx(192,13): error TS17004: Cannot use JSX unless the '--jsx' flag is provided.
docs/examples/practice-admin/step-3.tsx(193,17): error TS17004: Cannot use JSX unless the '--jsx' flag is provided.
docs/examples/practice-admin/step-3.tsx(204,21): error TS17004: Cannot use JSX unless the '--jsx' flag is provided.
docs/examples/practice-admin/step-3.tsx(206,13): error TS7026: JSX element implicitly has type 'any' because no interface 'JSX.IntrinsicElements' exists.
docs/examples/practice-admin/step-3.tsx(207,9): error TS7026: JSX element implicitly has type 'any' because no interface 'JSX.IntrinsicElements' exists.
docs/examples/practice-admin/step-4.tsx(1,33): error TS2307: Cannot find module 'react' or its corresponding type declarations.
docs/examples/practice-admin/step-4.tsx(2,21): error TS2307: Cannot find module '@crab-dev/css' or its corresponding type declarations.
docs/examples/practice-admin/step-4.tsx(3,19): error TS2307: Cannot find module '@crab-dev/rc-token-semantic' or its corresponding type declarations.
docs/examples/practice-admin/step-4.tsx(7,8): error TS2307: Cannot find module '@crab-dev/rc-app-main-layout' or its corresponding type declarations.
docs/examples/practice-admin/step-4.tsx(8,30): error TS2307: Cannot find module '@crab-dev/rc-menu' or its corresponding type declarations.
docs/examples/practice-admin/step-4.tsx(9,18): error TS2307: Cannot find module '@crab-dev/rc-card' or its corresponding type declarations.
docs/examples/practice-admin/step-4.tsx(10,20): error TS2307: Cannot find module '@crab-dev/rc-button' or its corresponding type declarations.
docs/examples/practice-admin/step-4.tsx(11,20): error TS2307: Cannot find module '@crab-dev/rc-drawer' or its corresponding type declarations.
docs/examples/practice-admin/step-4.tsx(12,22): error TS2307: Cannot find module '@crab-dev/rc-line-edit' or its corresponding type declarations.
docs/examples/practice-admin/step-4.tsx(43,9): error TS17004: Cannot use JSX unless the '--jsx' flag is provided.
docs/examples/practice-admin/step-4.tsx(44,13): error TS7026: JSX element implicitly has type 'any' because no interface 'JSX.IntrinsicElements' exists.
docs/examples/practice-admin/step-4.tsx(44,13): error TS17004: Cannot use JSX unless the '--jsx' flag is provided.
docs/examples/practice-admin/step-4.tsx(44,31): error TS7026: JSX element implicitly has type 'any' because no interface 'JSX.IntrinsicElements' exists.
docs/examples/practice-admin/step-4.tsx(45,13): error TS7026: JSX element implicitly has type 'any' because no interface 'JSX.IntrinsicElements' exists.
docs/examples/practice-admin/step-4.tsx(45,13): error TS17004: Cannot use JSX unless the '--jsx' flag is provided.
docs/examples/practice-admin/step-4.tsx(45,32): error TS7026: JSX element implicitly has type 'any' because no interface 'JSX.IntrinsicElements' exists.
docs/examples/practice-admin/step-4.tsx(46,13): error TS17004: Cannot use JSX unless the '--jsx' flag is provided.
docs/examples/practice-admin/step-4.tsx(52,35): error TS17004: Cannot use JSX unless the '--jsx' flag is provided.
docs/examples/practice-admin/step-4.tsx(62,18): error TS17004: Cannot use JSX unless the '--jsx' flag is provided.
docs/examples/practice-admin/step-4.tsx(73,9): error TS17004: Cannot use JSX unless the '--jsx' flag is provided.
docs/examples/practice-admin/step-4.tsx(87,31): error TS17004: Cannot use JSX unless the '--jsx' flag is provided.
docs/examples/practice-admin/step-4.tsx(95,31): error TS17004: Cannot use JSX unless the '--jsx' flag is provided.
docs/examples/practice-admin/step-4.tsx(105,31): error TS17004: Cannot use JSX unless the '--jsx' flag is provided.
docs/examples/practice-admin/step-4.tsx(130,9): error TS7026: JSX element implicitly has type 'any' because no interface 'JSX.IntrinsicElements' exists.
docs/examples/practice-admin/step-4.tsx(130,9): error TS17004: Cannot use JSX unless the '--jsx' flag is provided.
docs/examples/practice-admin/step-4.tsx(131,26): error TS7006: Parameter 'person' implicitly has an 'any' type.
docs/examples/practice-admin/step-4.tsx(132,17): error TS17004: Cannot use JSX unless the '--jsx' flag is provided.
docs/examples/practice-admin/step-4.tsx(136,25): error TS17004: Cannot use JSX unless the '--jsx' flag is provided.
docs/examples/practice-admin/step-4.tsx(149,13): error TS7026: JSX element implicitly has type 'any' because no interface 'JSX.IntrinsicElements' exists.
docs/examples/practice-admin/step-4.tsx(149,13): error TS17004: Cannot use JSX unless the '--jsx' flag is provided.
docs/examples/practice-admin/step-4.tsx(149,47): error TS7026: JSX element implicitly has type 'any' because no interface 'JSX.IntrinsicElements' exists.
docs/examples/practice-admin/step-4.tsx(150,13): error TS17004: Cannot use JSX unless the '--jsx' flag is provided.
docs/examples/practice-admin/step-4.tsx(153,32): error TS7006: Parameter 'open' implicitly has an 'any' type.
docs/examples/practice-admin/step-4.tsx(157,17): error TS7026: JSX element implicitly has type 'any' because no interface 'JSX.IntrinsicElements' exists.
docs/examples/practice-admin/step-4.tsx(157,17): error TS17004: Cannot use JSX unless the '--jsx' flag is provided.
docs/examples/practice-admin/step-4.tsx(158,21): error TS7026: JSX element implicitly has type 'any' because no interface 'JSX.IntrinsicElements' exists.
docs/examples/practice-admin/step-4.tsx(158,21): error TS17004: Cannot use JSX unless the '--jsx' flag is provided.
docs/examples/practice-admin/step-4.tsx(160,25): error TS17004: Cannot use JSX unless the '--jsx' flag is provided.
docs/examples/practice-admin/step-4.tsx(163,40): error TS7006: Parameter 'event' implicitly has an 'any' type.
docs/examples/practice-admin/step-4.tsx(166,21): error TS7026: JSX element implicitly has type 'any' because no interface 'JSX.IntrinsicElements' exists.
docs/examples/practice-admin/step-4.tsx(167,21): error TS7026: JSX element implicitly has type 'any' because no interface 'JSX.IntrinsicElements' exists.
docs/examples/practice-admin/step-4.tsx(167,21): error TS17004: Cannot use JSX unless the '--jsx' flag is provided.
docs/examples/practice-admin/step-4.tsx(171,21): error TS7026: JSX element implicitly has type 'any' because no interface 'JSX.IntrinsicElements' exists.
docs/examples/practice-admin/step-4.tsx(172,21): error TS17004: Cannot use JSX unless the '--jsx' flag is provided.
docs/examples/practice-admin/step-4.tsx(177,40): error TS7006: Parameter 'current' implicitly has an 'any' type.
docs/examples/practice-admin/step-4.tsx(178,46): error TS7006: Parameter 'person' implicitly has an 'any' type.
docs/examples/practice-admin/step-4.tsx(193,17): error TS7026: JSX element implicitly has type 'any' because no interface 'JSX.IntrinsicElements' exists.
docs/examples/practice-admin/step-4.tsx(195,9): error TS7026: JSX element implicitly has type 'any' because no interface 'JSX.IntrinsicElements' exists.
docs/examples/practice-admin/step-4.tsx(200,9): error TS7026: JSX element implicitly has type 'any' because no interface 'JSX.IntrinsicElements' exists.
docs/examples/practice-admin/step-4.tsx(200,9): error TS17004: Cannot use JSX unless the '--jsx' flag is provided.
docs/examples/practice-admin/step-4.tsx(201,13): error TS7026: JSX element implicitly has type 'any' because no interface 'JSX.IntrinsicElements' exists.
docs/examples/practice-admin/step-4.tsx(201,13): error TS17004: Cannot use JSX unless the '--jsx' flag is provided.
docs/examples/practice-admin/step-4.tsx(201,34): error TS7026: JSX element implicitly has type 'any' because no interface 'JSX.IntrinsicElements' exists.
docs/examples/practice-admin/step-4.tsx(202,13): error TS7026: JSX element implicitly has type 'any' because no interface 'JSX.IntrinsicElements' exists.
docs/examples/practice-admin/step-4.tsx(202,13): error TS17004: Cannot use JSX unless the '--jsx' flag is provided.
docs/examples/practice-admin/step-4.tsx(203,17): error TS17004: Cannot use JSX unless the '--jsx' flag is provided.
docs/examples/practice-admin/step-4.tsx(214,21): error TS17004: Cannot use JSX unless the '--jsx' flag is provided.
docs/examples/practice-admin/step-4.tsx(216,13): error TS7026: JSX element implicitly has type 'any' because no interface 'JSX.IntrinsicElements' exists.
docs/examples/practice-admin/step-4.tsx(217,9): error TS7026: JSX element implicitly has type 'any' because no interface 'JSX.IntrinsicElements' exists.
docs/examples/practice-data/step-1.tsx(1,21): error TS2307: Cannot find module '@crab-dev/css' or its corresponding type declarations.
docs/examples/practice-data/step-1.tsx(2,19): error TS2307: Cannot find module '@crab-dev/rc-token-semantic' or its corresponding type declarations.
docs/examples/practice-data/step-1.tsx(3,50): error TS2307: Cannot find module '@crab-dev/rc-table' or its corresponding type declarations.
docs/examples/practice-data/step-1.tsx(4,23): error TS2307: Cannot find module '@crab-dev/rc-auto-sizer' or its corresponding type declarations.
docs/examples/practice-data/step-1.tsx(46,20): error TS7031: Binding element 'row' implicitly has an 'any' type.
docs/examples/practice-data/step-1.tsx(57,9): error TS7026: JSX element implicitly has type 'any' because no interface 'JSX.IntrinsicElements' exists.
docs/examples/practice-data/step-1.tsx(57,9): error TS17004: Cannot use JSX unless the '--jsx' flag is provided.
docs/examples/practice-data/step-1.tsx(58,13): error TS7026: JSX element implicitly has type 'any' because no interface 'JSX.IntrinsicElements' exists.
docs/examples/practice-data/step-1.tsx(58,13): error TS17004: Cannot use JSX unless the '--jsx' flag is provided.
docs/examples/practice-data/step-1.tsx(58,44): error TS7026: JSX element implicitly has type 'any' because no interface 'JSX.IntrinsicElements' exists.
docs/examples/practice-data/step-1.tsx(59,13): error TS7026: JSX element implicitly has type 'any' because no interface 'JSX.IntrinsicElements' exists.
docs/examples/practice-data/step-1.tsx(59,13): error TS17004: Cannot use JSX unless the '--jsx' flag is provided.
docs/examples/practice-data/step-1.tsx(60,17): error TS17004: Cannot use JSX unless the '--jsx' flag is provided.
docs/examples/practice-data/step-1.tsx(61,25): error TS7031: Binding element 'width' implicitly has an 'any' type.
docs/examples/practice-data/step-1.tsx(61,32): error TS7031: Binding element 'height' implicitly has an 'any' type.
docs/examples/practice-data/step-1.tsx(62,25): error TS17004: Cannot use JSX unless the '--jsx' flag is provided.
docs/examples/practice-data/step-1.tsx(71,13): error TS7026: JSX element implicitly has type 'any' because no interface 'JSX.IntrinsicElements' exists.
docs/examples/practice-data/step-1.tsx(72,9): error TS7026: JSX element implicitly has type 'any' because no interface 'JSX.IntrinsicElements' exists.
docs/examples/practice-data/step-2.tsx(1,26): error TS2307: Cannot find module 'react' or its corresponding type declarations.
docs/examples/practice-data/step-2.tsx(2,21): error TS2307: Cannot find module '@crab-dev/css' or its corresponding type declarations.
docs/examples/practice-data/step-2.tsx(3,19): error TS2307: Cannot find module '@crab-dev/rc-token-semantic' or its corresponding type declarations.
docs/examples/practice-data/step-2.tsx(4,50): error TS2307: Cannot find module '@crab-dev/rc-table' or its corresponding type declarations.
docs/examples/practice-data/step-2.tsx(5,23): error TS2307: Cannot find module '@crab-dev/rc-auto-sizer' or its corresponding type declarations.
docs/examples/practice-data/step-2.tsx(6,22): error TS2307: Cannot find module '@crab-dev/rc-line-edit' or its corresponding type declarations.
docs/examples/practice-data/step-2.tsx(7,20): error TS2307: Cannot find module '@crab-dev/rc-select' or its corresponding type declarations.
docs/examples/practice-data/step-2.tsx(51,20): error TS7031: Binding element 'row' implicitly has an 'any' type.
docs/examples/practice-data/step-2.tsx(68,9): error TS7026: JSX element implicitly has type 'any' because no interface 'JSX.IntrinsicElements' exists.
docs/examples/practice-data/step-2.tsx(68,9): error TS17004: Cannot use JSX unless the '--jsx' flag is provided.
docs/examples/practice-data/step-2.tsx(69,13): error TS7026: JSX element implicitly has type 'any' because no interface 'JSX.IntrinsicElements' exists.
docs/examples/practice-data/step-2.tsx(69,13): error TS17004: Cannot use JSX unless the '--jsx' flag is provided.
docs/examples/practice-data/step-2.tsx(71,17): error TS17004: Cannot use JSX unless the '--jsx' flag is provided.
docs/examples/practice-data/step-2.tsx(73,32): error TS7006: Parameter 'event' implicitly has an 'any' type.
docs/examples/practice-data/step-2.tsx(79,13): error TS7026: JSX element implicitly has type 'any' because no interface 'JSX.IntrinsicElements' exists.
docs/examples/practice-data/step-2.tsx(80,13): error TS7026: JSX element implicitly has type 'any' because no interface 'JSX.IntrinsicElements' exists.
docs/examples/practice-data/step-2.tsx(80,13): error TS17004: Cannot use JSX unless the '--jsx' flag is provided.
docs/examples/practice-data/step-2.tsx(82,17): error TS17004: Cannot use JSX unless the '--jsx' flag is provided.
docs/examples/practice-data/step-2.tsx(84,32): error TS7006: Parameter 'value' implicitly has an 'any' type.
docs/examples/practice-data/step-2.tsx(102,13): error TS7026: JSX element implicitly has type 'any' because no interface 'JSX.IntrinsicElements' exists.
docs/examples/practice-data/step-2.tsx(104,13): error TS7026: JSX element implicitly has type 'any' because no interface 'JSX.IntrinsicElements' exists.
docs/examples/practice-data/step-2.tsx(104,13): error TS17004: Cannot use JSX unless the '--jsx' flag is provided.
docs/examples/practice-data/step-2.tsx(104,44): error TS7026: JSX element implicitly has type 'any' because no interface 'JSX.IntrinsicElements' exists.
docs/examples/practice-data/step-2.tsx(105,13): error TS7026: JSX element implicitly has type 'any' because no interface 'JSX.IntrinsicElements' exists.
docs/examples/practice-data/step-2.tsx(105,13): error TS17004: Cannot use JSX unless the '--jsx' flag is provided.
docs/examples/practice-data/step-2.tsx(106,17): error TS17004: Cannot use JSX unless the '--jsx' flag is provided.
docs/examples/practice-data/step-2.tsx(107,25): error TS7031: Binding element 'width' implicitly has an 'any' type.
docs/examples/practice-data/step-2.tsx(107,32): error TS7031: Binding element 'height' implicitly has an 'any' type.
docs/examples/practice-data/step-2.tsx(108,25): error TS17004: Cannot use JSX unless the '--jsx' flag is provided.
docs/examples/practice-data/step-2.tsx(117,13): error TS7026: JSX element implicitly has type 'any' because no interface 'JSX.IntrinsicElements' exists.
docs/examples/practice-data/step-2.tsx(118,9): error TS7026: JSX element implicitly has type 'any' because no interface 'JSX.IntrinsicElements' exists.
docs/examples/practice-data/step-3.tsx(1,26): error TS2307: Cannot find module 'react' or its corresponding type declarations.
docs/examples/practice-data/step-3.tsx(2,21): error TS2307: Cannot find module '@crab-dev/css' or its corresponding type declarations.
docs/examples/practice-data/step-3.tsx(3,19): error TS2307: Cannot find module '@crab-dev/rc-token-semantic' or its corresponding type declarations.
docs/examples/practice-data/step-3.tsx(4,50): error TS2307: Cannot find module '@crab-dev/rc-table' or its corresponding type declarations.
docs/examples/practice-data/step-3.tsx(5,23): error TS2307: Cannot find module '@crab-dev/rc-auto-sizer' or its corresponding type declarations.
docs/examples/practice-data/step-3.tsx(6,22): error TS2307: Cannot find module '@crab-dev/rc-line-edit' or its corresponding type declarations.
docs/examples/practice-data/step-3.tsx(7,20): error TS2307: Cannot find module '@crab-dev/rc-select' or its corresponding type declarations.
docs/examples/practice-data/step-3.tsx(8,24): error TS2307: Cannot find module '@crab-dev/rc-pagination' or its corresponding type declarations.
docs/examples/practice-data/step-3.tsx(53,20): error TS7031: Binding element 'row' implicitly has an 'any' type.
docs/examples/practice-data/step-3.tsx(71,9): error TS7026: JSX element implicitly has type 'any' because no interface 'JSX.IntrinsicElements' exists.
docs/examples/practice-data/step-3.tsx(71,9): error TS17004: Cannot use JSX unless the '--jsx' flag is provided.
docs/examples/practice-data/step-3.tsx(72,13): error TS7026: JSX element implicitly has type 'any' because no interface 'JSX.IntrinsicElements' exists.
docs/examples/practice-data/step-3.tsx(72,13): error TS17004: Cannot use JSX unless the '--jsx' flag is provided.
docs/examples/practice-data/step-3.tsx(74,17): error TS17004: Cannot use JSX unless the '--jsx' flag is provided.
docs/examples/practice-data/step-3.tsx(76,32): error TS7006: Parameter 'event' implicitly has an 'any' type.
docs/examples/practice-data/step-3.tsx(83,13): error TS7026: JSX element implicitly has type 'any' because no interface 'JSX.IntrinsicElements' exists.
docs/examples/practice-data/step-3.tsx(84,13): error TS7026: JSX element implicitly has type 'any' because no interface 'JSX.IntrinsicElements' exists.
docs/examples/practice-data/step-3.tsx(84,13): error TS17004: Cannot use JSX unless the '--jsx' flag is provided.
docs/examples/practice-data/step-3.tsx(86,17): error TS17004: Cannot use JSX unless the '--jsx' flag is provided.
docs/examples/practice-data/step-3.tsx(88,32): error TS7006: Parameter 'value' implicitly has an 'any' type.
docs/examples/practice-data/step-3.tsx(107,13): error TS7026: JSX element implicitly has type 'any' because no interface 'JSX.IntrinsicElements' exists.
docs/examples/practice-data/step-3.tsx(109,13): error TS7026: JSX element implicitly has type 'any' because no interface 'JSX.IntrinsicElements' exists.
docs/examples/practice-data/step-3.tsx(109,13): error TS17004: Cannot use JSX unless the '--jsx' flag is provided.
docs/examples/practice-data/step-3.tsx(109,44): error TS7026: JSX element implicitly has type 'any' because no interface 'JSX.IntrinsicElements' exists.
docs/examples/practice-data/step-3.tsx(110,13): error TS7026: JSX element implicitly has type 'any' because no interface 'JSX.IntrinsicElements' exists.
docs/examples/practice-data/step-3.tsx(110,13): error TS17004: Cannot use JSX unless the '--jsx' flag is provided.
docs/examples/practice-data/step-3.tsx(111,17): error TS17004: Cannot use JSX unless the '--jsx' flag is provided.
docs/examples/practice-data/step-3.tsx(112,25): error TS7031: Binding element 'width' implicitly has an 'any' type.
docs/examples/practice-data/step-3.tsx(112,32): error TS7031: Binding element 'height' implicitly has an 'any' type.
docs/examples/practice-data/step-3.tsx(113,25): error TS17004: Cannot use JSX unless the '--jsx' flag is provided.
docs/examples/practice-data/step-3.tsx(122,13): error TS7026: JSX element implicitly has type 'any' because no interface 'JSX.IntrinsicElements' exists.
docs/examples/practice-data/step-3.tsx(123,13): error TS17004: Cannot use JSX unless the '--jsx' flag is provided.
docs/examples/practice-data/step-3.tsx(124,9): error TS7026: JSX element implicitly has type 'any' because no interface 'JSX.IntrinsicElements' exists.
docs/examples/practice-data/step-4.tsx(1,41): error TS2307: Cannot find module 'react' or its corresponding type declarations.
docs/examples/practice-data/step-4.tsx(2,21): error TS2307: Cannot find module '@crab-dev/css' or its corresponding type declarations.
docs/examples/practice-data/step-4.tsx(3,19): error TS2307: Cannot find module '@crab-dev/rc-token-semantic' or its corresponding type declarations.
docs/examples/practice-data/step-4.tsx(4,50): error TS2307: Cannot find module '@crab-dev/rc-table' or its corresponding type declarations.
docs/examples/practice-data/step-4.tsx(5,23): error TS2307: Cannot find module '@crab-dev/rc-auto-sizer' or its corresponding type declarations.
docs/examples/practice-data/step-4.tsx(6,22): error TS2307: Cannot find module '@crab-dev/rc-line-edit' or its corresponding type declarations.
docs/examples/practice-data/step-4.tsx(7,20): error TS2307: Cannot find module '@crab-dev/rc-select' or its corresponding type declarations.
docs/examples/practice-data/step-4.tsx(8,24): error TS2307: Cannot find module '@crab-dev/rc-pagination' or its corresponding type declarations.
docs/examples/practice-data/step-4.tsx(9,20): error TS2307: Cannot find module '@crab-dev/rc-button' or its corresponding type declarations.
docs/examples/practice-data/step-4.tsx(10,19): error TS2307: Cannot find module '@crab-dev/rc-empty' or its corresponding type declarations.
docs/examples/practice-data/step-4.tsx(11,19): error TS2307: Cannot find module '@crab-dev/rc-alert' or its corresponding type declarations.
docs/examples/practice-data/step-4.tsx(12,18): error TS2307: Cannot find module '@crab-dev/rc-spin' or its corresponding type declarations.
docs/examples/practice-data/step-4.tsx(61,20): error TS7031: Binding element 'row' implicitly has an 'any' type.
docs/examples/practice-data/step-4.tsx(82,10): error TS7006: Parameter 'row' implicitly has an 'any' type.
docs/examples/practice-data/step-4.tsx(99,9): error TS7026: JSX element implicitly has type 'any' because no interface 'JSX.IntrinsicElements' exists.
docs/examples/practice-data/step-4.tsx(99,9): error TS17004: Cannot use JSX unless the '--jsx' flag is provided.
docs/examples/practice-data/step-4.tsx(100,13): error TS7026: JSX element implicitly has type 'any' because no interface 'JSX.IntrinsicElements' exists.
docs/examples/practice-data/step-4.tsx(100,13): error TS17004: Cannot use JSX unless the '--jsx' flag is provided.
docs/examples/practice-data/step-4.tsx(102,17): error TS17004: Cannot use JSX unless the '--jsx' flag is provided.
docs/examples/practice-data/step-4.tsx(104,32): error TS7006: Parameter 'event' implicitly has an 'any' type.
docs/examples/practice-data/step-4.tsx(112,13): error TS7026: JSX element implicitly has type 'any' because no interface 'JSX.IntrinsicElements' exists.
docs/examples/practice-data/step-4.tsx(113,13): error TS7026: JSX element implicitly has type 'any' because no interface 'JSX.IntrinsicElements' exists.
docs/examples/practice-data/step-4.tsx(113,13): error TS17004: Cannot use JSX unless the '--jsx' flag is provided.
docs/examples/practice-data/step-4.tsx(115,17): error TS17004: Cannot use JSX unless the '--jsx' flag is provided.
docs/examples/practice-data/step-4.tsx(117,32): error TS7006: Parameter 'value' implicitly has an 'any' type.
docs/examples/practice-data/step-4.tsx(137,13): error TS7026: JSX element implicitly has type 'any' because no interface 'JSX.IntrinsicElements' exists.
docs/examples/practice-data/step-4.tsx(138,13): error TS7026: JSX element implicitly has type 'any' because no interface 'JSX.IntrinsicElements' exists.
docs/examples/practice-data/step-4.tsx(138,13): error TS17004: Cannot use JSX unless the '--jsx' flag is provided.
docs/examples/practice-data/step-4.tsx(138,44): error TS7026: JSX element implicitly has type 'any' because no interface 'JSX.IntrinsicElements' exists.
docs/examples/practice-data/step-4.tsx(139,13): error TS7026: JSX element implicitly has type 'any' because no interface 'JSX.IntrinsicElements' exists.
docs/examples/practice-data/step-4.tsx(139,13): error TS17004: Cannot use JSX unless the '--jsx' flag is provided.
docs/examples/practice-data/step-4.tsx(140,17): error TS17004: Cannot use JSX unless the '--jsx' flag is provided.
docs/examples/practice-data/step-4.tsx(143,17): error TS17004: Cannot use JSX unless the '--jsx' flag is provided.
docs/examples/practice-data/step-4.tsx(146,17): error TS17004: Cannot use JSX unless the '--jsx' flag is provided.
docs/examples/practice-data/step-4.tsx(149,13): error TS7026: JSX element implicitly has type 'any' because no interface 'JSX.IntrinsicElements' exists.
docs/examples/practice-data/step-4.tsx(150,13): error TS7026: JSX element implicitly has type 'any' because no interface 'JSX.IntrinsicElements' exists.
docs/examples/practice-data/step-4.tsx(150,13): error TS17004: Cannot use JSX unless the '--jsx' flag is provided.
docs/examples/practice-data/step-4.tsx(151,17): error TS7026: JSX element implicitly has type 'any' because no interface 'JSX.IntrinsicElements' exists.
docs/examples/practice-data/step-4.tsx(151,17): error TS17004: Cannot use JSX unless the '--jsx' flag is provided.
docs/examples/practice-data/step-4.tsx(153,25): error TS17004: Cannot use JSX unless the '--jsx' flag is provided.
docs/examples/practice-data/step-4.tsx(155,25): error TS17004: Cannot use JSX unless the '--jsx' flag is provided.
docs/examples/practice-data/step-4.tsx(158,37): error TS17004: Cannot use JSX unless the '--jsx' flag is provided.
docs/examples/practice-data/step-4.tsx(163,25): error TS17004: Cannot use JSX unless the '--jsx' flag is provided.
docs/examples/practice-data/step-4.tsx(168,17): error TS7026: JSX element implicitly has type 'any' because no interface 'JSX.IntrinsicElements' exists.
docs/examples/practice-data/step-4.tsx(170,21): error TS17004: Cannot use JSX unless the '--jsx' flag is provided.
docs/examples/practice-data/step-4.tsx(171,25): error TS7026: JSX element implicitly has type 'any' because no interface 'JSX.IntrinsicElements' exists.
docs/examples/practice-data/step-4.tsx(171,25): error TS17004: Cannot use JSX unless the '--jsx' flag is provided.
docs/examples/practice-data/step-4.tsx(171,56): error TS7026: JSX element implicitly has type 'any' because no interface 'JSX.IntrinsicElements' exists.
docs/examples/practice-data/step-4.tsx(172,25): error TS7026: JSX element implicitly has type 'any' because no interface 'JSX.IntrinsicElements' exists.
docs/examples/practice-data/step-4.tsx(172,25): error TS17004: Cannot use JSX unless the '--jsx' flag is provided.
docs/examples/practice-data/step-4.tsx(173,29): error TS17004: Cannot use JSX unless the '--jsx' flag is provided.
docs/examples/practice-data/step-4.tsx(174,37): error TS7031: Binding element 'width' implicitly has an 'any' type.
docs/examples/practice-data/step-4.tsx(174,44): error TS7031: Binding element 'height' implicitly has an 'any' type.
docs/examples/practice-data/step-4.tsx(175,37): error TS17004: Cannot use JSX unless the '--jsx' flag is provided.
docs/examples/practice-data/step-4.tsx(184,25): error TS7026: JSX element implicitly has type 'any' because no interface 'JSX.IntrinsicElements' exists.
docs/examples/practice-data/step-4.tsx(185,25): error TS17004: Cannot use JSX unless the '--jsx' flag is provided.
docs/examples/practice-data/step-4.tsx(193,13): error TS7026: JSX element implicitly has type 'any' because no interface 'JSX.IntrinsicElements' exists.
docs/examples/practice-data/step-4.tsx(194,9): error TS7026: JSX element implicitly has type 'any' because no interface 'JSX.IntrinsicElements' exists.
docs/examples/practice-profile/step-1.tsx(1,21): error TS2307: Cannot find module '@crab-dev/css' or its corresponding type declarations.
docs/examples/practice-profile/step-1.tsx(2,19): error TS2307: Cannot find module '@crab-dev/rc-token-semantic' or its corresponding type declarations.
docs/examples/practice-profile/step-1.tsx(3,18): error TS2307: Cannot find module '@crab-dev/rc-card' or its corresponding type declarations.
docs/examples/practice-profile/step-1.tsx(4,18): error TS2307: Cannot find module '@crab-dev/rc-form' or its corresponding type declarations.
docs/examples/practice-profile/step-1.tsx(5,22): error TS2307: Cannot find module '@crab-dev/rc-line-edit' or its corresponding type declarations.
docs/examples/practice-profile/step-1.tsx(16,9): error TS17004: Cannot use JSX unless the '--jsx' flag is provided.
docs/examples/practice-profile/step-1.tsx(17,13): error TS17004: Cannot use JSX unless the '--jsx' flag is provided.
docs/examples/practice-profile/step-1.tsx(18,17): error TS7026: JSX element implicitly has type 'any' because no interface 'JSX.IntrinsicElements' exists.
docs/examples/practice-profile/step-1.tsx(18,17): error TS17004: Cannot use JSX unless the '--jsx' flag is provided.
docs/examples/practice-profile/step-1.tsx(20,21): error TS17004: Cannot use JSX unless the '--jsx' flag is provided.
docs/examples/practice-profile/step-1.tsx(21,17): error TS7026: JSX element implicitly has type 'any' because no interface 'JSX.IntrinsicElements' exists.
docs/examples/practice-profile/step-1.tsx(23,17): error TS7026: JSX element implicitly has type 'any' because no interface 'JSX.IntrinsicElements' exists.
docs/examples/practice-profile/step-1.tsx(23,17): error TS17004: Cannot use JSX unless the '--jsx' flag is provided.
docs/examples/practice-profile/step-1.tsx(25,21): error TS17004: Cannot use JSX unless the '--jsx' flag is provided.
docs/examples/practice-profile/step-1.tsx(26,17): error TS7026: JSX element implicitly has type 'any' because no interface 'JSX.IntrinsicElements' exists.
docs/examples/practice-profile/step-2.tsx(1,26): error TS2307: Cannot find module 'react' or its corresponding type declarations.
docs/examples/practice-profile/step-2.tsx(2,21): error TS2307: Cannot find module '@crab-dev/css' or its corresponding type declarations.
docs/examples/practice-profile/step-2.tsx(3,19): error TS2307: Cannot find module '@crab-dev/rc-token-semantic' or its corresponding type declarations.
docs/examples/practice-profile/step-2.tsx(4,18): error TS2307: Cannot find module '@crab-dev/rc-card' or its corresponding type declarations.
docs/examples/practice-profile/step-2.tsx(5,18): error TS2307: Cannot find module '@crab-dev/rc-form' or its corresponding type declarations.
docs/examples/practice-profile/step-2.tsx(6,22): error TS2307: Cannot find module '@crab-dev/rc-line-edit' or its corresponding type declarations.
docs/examples/practice-profile/step-2.tsx(19,9): error TS17004: Cannot use JSX unless the '--jsx' flag is provided.
docs/examples/practice-profile/step-2.tsx(20,13): error TS17004: Cannot use JSX unless the '--jsx' flag is provided.
docs/examples/practice-profile/step-2.tsx(21,17): error TS7026: JSX element implicitly has type 'any' because no interface 'JSX.IntrinsicElements' exists.
docs/examples/practice-profile/step-2.tsx(21,17): error TS17004: Cannot use JSX unless the '--jsx' flag is provided.
docs/examples/practice-profile/step-2.tsx(23,21): error TS17004: Cannot use JSX unless the '--jsx' flag is provided.
docs/examples/practice-profile/step-2.tsx(25,36): error TS7006: Parameter 'event' implicitly has an 'any' type.
docs/examples/practice-profile/step-2.tsx(28,17): error TS7026: JSX element implicitly has type 'any' because no interface 'JSX.IntrinsicElements' exists.
docs/examples/practice-profile/step-2.tsx(30,17): error TS7026: JSX element implicitly has type 'any' because no interface 'JSX.IntrinsicElements' exists.
docs/examples/practice-profile/step-2.tsx(30,17): error TS17004: Cannot use JSX unless the '--jsx' flag is provided.
docs/examples/practice-profile/step-2.tsx(32,21): error TS17004: Cannot use JSX unless the '--jsx' flag is provided.
docs/examples/practice-profile/step-2.tsx(34,36): error TS7006: Parameter 'event' implicitly has an 'any' type.
docs/examples/practice-profile/step-2.tsx(37,17): error TS7026: JSX element implicitly has type 'any' because no interface 'JSX.IntrinsicElements' exists.
docs/examples/practice-profile/step-2.tsx(39,17): error TS7026: JSX element implicitly has type 'any' because no interface 'JSX.IntrinsicElements' exists.
docs/examples/practice-profile/step-2.tsx(39,17): error TS17004: Cannot use JSX unless the '--jsx' flag is provided.
docs/examples/practice-profile/step-2.tsx(41,17): error TS7026: JSX element implicitly has type 'any' because no interface 'JSX.IntrinsicElements' exists.
docs/examples/practice-profile/step-3.tsx(1,33): error TS2307: Cannot find module 'react' or its corresponding type declarations.
docs/examples/practice-profile/step-3.tsx(2,21): error TS2307: Cannot find module '@crab-dev/css' or its corresponding type declarations.
docs/examples/practice-profile/step-3.tsx(3,19): error TS2307: Cannot find module '@crab-dev/rc-token-semantic' or its corresponding type declarations.
docs/examples/practice-profile/step-3.tsx(4,18): error TS2307: Cannot find module '@crab-dev/rc-card' or its corresponding type declarations.
docs/examples/practice-profile/step-3.tsx(5,18): error TS2307: Cannot find module '@crab-dev/rc-form' or its corresponding type declarations.
docs/examples/practice-profile/step-3.tsx(6,22): error TS2307: Cannot find module '@crab-dev/rc-line-edit' or its corresponding type declarations.
docs/examples/practice-profile/step-3.tsx(7,20): error TS2307: Cannot find module '@crab-dev/rc-button' or its corresponding type declarations.
docs/examples/practice-profile/step-3.tsx(8,19): error TS2307: Cannot find module '@crab-dev/rc-alert' or its corresponding type declarations.
docs/examples/practice-profile/step-3.tsx(36,9): error TS17004: Cannot use JSX unless the '--jsx' flag is provided.
docs/examples/practice-profile/step-3.tsx(37,13): error TS17004: Cannot use JSX unless the '--jsx' flag is provided.
docs/examples/practice-profile/step-3.tsx(47,17): error TS7026: JSX element implicitly has type 'any' because no interface 'JSX.IntrinsicElements' exists.
docs/examples/practice-profile/step-3.tsx(47,17): error TS17004: Cannot use JSX unless the '--jsx' flag is provided.
docs/examples/practice-profile/step-3.tsx(49,21): error TS17004: Cannot use JSX unless the '--jsx' flag is provided.
docs/examples/practice-profile/step-3.tsx(51,36): error TS7006: Parameter 'event' implicitly has an 'any' type.
docs/examples/practice-profile/step-3.tsx(57,17): error TS7026: JSX element implicitly has type 'any' because no interface 'JSX.IntrinsicElements' exists.
docs/examples/practice-profile/step-3.tsx(58,17): error TS7026: JSX element implicitly has type 'any' because no interface 'JSX.IntrinsicElements' exists.
docs/examples/practice-profile/step-3.tsx(58,17): error TS17004: Cannot use JSX unless the '--jsx' flag is provided.
docs/examples/practice-profile/step-3.tsx(60,17): error TS7026: JSX element implicitly has type 'any' because no interface 'JSX.IntrinsicElements' exists.
docs/examples/practice-profile/step-3.tsx(61,17): error TS7026: JSX element implicitly has type 'any' because no interface 'JSX.IntrinsicElements' exists.
docs/examples/practice-profile/step-3.tsx(61,17): error TS17004: Cannot use JSX unless the '--jsx' flag is provided.
docs/examples/practice-profile/step-3.tsx(63,21): error TS17004: Cannot use JSX unless the '--jsx' flag is provided.
docs/examples/practice-profile/step-3.tsx(65,36): error TS7006: Parameter 'event' implicitly has an 'any' type.
docs/examples/practice-profile/step-3.tsx(71,17): error TS7026: JSX element implicitly has type 'any' because no interface 'JSX.IntrinsicElements' exists.
docs/examples/practice-profile/step-3.tsx(72,17): error TS7026: JSX element implicitly has type 'any' because no interface 'JSX.IntrinsicElements' exists.
docs/examples/practice-profile/step-3.tsx(72,17): error TS17004: Cannot use JSX unless the '--jsx' flag is provided.
docs/examples/practice-profile/step-3.tsx(74,17): error TS7026: JSX element implicitly has type 'any' because no interface 'JSX.IntrinsicElements' exists.
docs/examples/practice-profile/step-3.tsx(75,17): error TS7026: JSX element implicitly has type 'any' because no interface 'JSX.IntrinsicElements' exists.
docs/examples/practice-profile/step-3.tsx(75,17): error TS17004: Cannot use JSX unless the '--jsx' flag is provided.
docs/examples/practice-profile/step-3.tsx(77,17): error TS7026: JSX element implicitly has type 'any' because no interface 'JSX.IntrinsicElements' exists.
docs/examples/practice-profile/step-3.tsx(79,17): error TS17004: Cannot use JSX unless the '--jsx' flag is provided.
docs/examples/practice-profile/step-3.tsx(83,13): error TS7026: JSX element implicitly has type 'any' because no interface 'JSX.IntrinsicElements' exists.
docs/examples/practice-profile/step-3.tsx(83,13): error TS17004: Cannot use JSX unless the '--jsx' flag is provided.
docs/examples/practice-profile/step-3.tsx(85,21): error TS17004: Cannot use JSX unless the '--jsx' flag is provided.
docs/examples/practice-profile/step-3.tsx(89,13): error TS7026: JSX element implicitly has type 'any' because no interface 'JSX.IntrinsicElements' exists.
docs/examples/practice-profile/step-4.tsx(1,48): error TS2307: Cannot find module 'react' or its corresponding type declarations.
docs/examples/practice-profile/step-4.tsx(2,21): error TS2307: Cannot find module '@crab-dev/css' or its corresponding type declarations.
docs/examples/practice-profile/step-4.tsx(3,19): error TS2307: Cannot find module '@crab-dev/rc-token-semantic' or its corresponding type declarations.
docs/examples/practice-profile/step-4.tsx(4,18): error TS2307: Cannot find module '@crab-dev/rc-card' or its corresponding type declarations.
docs/examples/practice-profile/step-4.tsx(5,18): error TS2307: Cannot find module '@crab-dev/rc-form' or its corresponding type declarations.
docs/examples/practice-profile/step-4.tsx(6,22): error TS2307: Cannot find module '@crab-dev/rc-line-edit' or its corresponding type declarations.
docs/examples/practice-profile/step-4.tsx(7,20): error TS2307: Cannot find module '@crab-dev/rc-button' or its corresponding type declarations.
docs/examples/practice-profile/step-4.tsx(8,19): error TS2307: Cannot find module '@crab-dev/rc-alert' or its corresponding type declarations.
docs/examples/practice-profile/step-4.tsx(9,20): error TS2307: Cannot find module '@crab-dev/rc-switch' or its corresponding type declarations.
docs/examples/practice-profile/step-4.tsx(53,9): error TS17004: Cannot use JSX unless the '--jsx' flag is provided.
docs/examples/practice-profile/step-4.tsx(54,13): error TS17004: Cannot use JSX unless the '--jsx' flag is provided.
docs/examples/practice-profile/step-4.tsx(80,17): error TS7026: JSX element implicitly has type 'any' because no interface 'JSX.IntrinsicElements' exists.
docs/examples/practice-profile/step-4.tsx(80,17): error TS17004: Cannot use JSX unless the '--jsx' flag is provided.
docs/examples/practice-profile/step-4.tsx(82,21): error TS17004: Cannot use JSX unless the '--jsx' flag is provided.
docs/examples/practice-profile/step-4.tsx(84,36): error TS7006: Parameter 'event' implicitly has an 'any' type.
docs/examples/practice-profile/step-4.tsx(91,17): error TS7026: JSX element implicitly has type 'any' because no interface 'JSX.IntrinsicElements' exists.
docs/examples/practice-profile/step-4.tsx(92,17): error TS7026: JSX element implicitly has type 'any' because no interface 'JSX.IntrinsicElements' exists.
docs/examples/practice-profile/step-4.tsx(92,17): error TS17004: Cannot use JSX unless the '--jsx' flag is provided.
docs/examples/practice-profile/step-4.tsx(94,17): error TS7026: JSX element implicitly has type 'any' because no interface 'JSX.IntrinsicElements' exists.
docs/examples/practice-profile/step-4.tsx(95,17): error TS7026: JSX element implicitly has type 'any' because no interface 'JSX.IntrinsicElements' exists.
docs/examples/practice-profile/step-4.tsx(95,17): error TS17004: Cannot use JSX unless the '--jsx' flag is provided.
docs/examples/practice-profile/step-4.tsx(97,21): error TS17004: Cannot use JSX unless the '--jsx' flag is provided.
docs/examples/practice-profile/step-4.tsx(99,36): error TS7006: Parameter 'event' implicitly has an 'any' type.
docs/examples/practice-profile/step-4.tsx(106,17): error TS7026: JSX element implicitly has type 'any' because no interface 'JSX.IntrinsicElements' exists.
docs/examples/practice-profile/step-4.tsx(107,17): error TS7026: JSX element implicitly has type 'any' because no interface 'JSX.IntrinsicElements' exists.
docs/examples/practice-profile/step-4.tsx(107,17): error TS17004: Cannot use JSX unless the '--jsx' flag is provided.
docs/examples/practice-profile/step-4.tsx(109,17): error TS7026: JSX element implicitly has type 'any' because no interface 'JSX.IntrinsicElements' exists.
docs/examples/practice-profile/step-4.tsx(110,17): error TS7026: JSX element implicitly has type 'any' because no interface 'JSX.IntrinsicElements' exists.
docs/examples/practice-profile/step-4.tsx(110,17): error TS17004: Cannot use JSX unless the '--jsx' flag is provided.
docs/examples/practice-profile/step-4.tsx(112,17): error TS7026: JSX element implicitly has type 'any' because no interface 'JSX.IntrinsicElements' exists.
docs/examples/practice-profile/step-4.tsx(113,17): error TS17004: Cannot use JSX unless the '--jsx' flag is provided.
docs/examples/practice-profile/step-4.tsx(116,17): error TS7026: JSX element implicitly has type 'any' because no interface 'JSX.IntrinsicElements' exists.
docs/examples/practice-profile/step-4.tsx(116,17): error TS17004: Cannot use JSX unless the '--jsx' flag is provided.
docs/examples/practice-profile/step-4.tsx(116,45): error TS7026: JSX element implicitly has type 'any' because no interface 'JSX.IntrinsicElements' exists.
docs/examples/practice-profile/step-4.tsx(117,17): error TS17004: Cannot use JSX unless the '--jsx' flag is provided.
docs/examples/practice-profile/step-4.tsx(121,13): error TS7026: JSX element implicitly has type 'any' because no interface 'JSX.IntrinsicElements' exists.
docs/examples/practice-profile/step-4.tsx(121,13): error TS17004: Cannot use JSX unless the '--jsx' flag is provided.
docs/examples/practice-profile/step-4.tsx(123,21): error TS17004: Cannot use JSX unless the '--jsx' flag is provided.
docs/examples/practice-profile/step-4.tsx(127,13): error TS7026: JSX element implicitly has type 'any' because no interface 'JSX.IntrinsicElements' exists.
docs/examples/rc-alert/step-1.tsx(1,19): error TS2307: Cannot find module '@crab-dev/rc-alert' or its corresponding type declarations.
docs/examples/rc-alert/step-1.tsx(5,9): error TS17004: Cannot use JSX unless the '--jsx' flag is provided.
docs/examples/rc-alert/step-2.tsx(1,26): error TS2307: Cannot find module 'react' or its corresponding type declarations.
docs/examples/rc-alert/step-2.tsx(2,21): error TS2307: Cannot find module '@crab-dev/css' or its corresponding type declarations.
docs/examples/rc-alert/step-2.tsx(3,19): error TS2307: Cannot find module '@crab-dev/rc-token-semantic' or its corresponding type declarations.
docs/examples/rc-alert/step-2.tsx(4,19): error TS2307: Cannot find module '@crab-dev/rc-alert' or its corresponding type declarations.
docs/examples/rc-alert/step-2.tsx(13,9): error TS7026: JSX element implicitly has type 'any' because no interface 'JSX.IntrinsicElements' exists.
docs/examples/rc-alert/step-2.tsx(13,9): error TS17004: Cannot use JSX unless the '--jsx' flag is provided.
docs/examples/rc-alert/step-2.tsx(14,13): error TS17004: Cannot use JSX unless the '--jsx' flag is provided.
docs/examples/rc-alert/step-2.tsx(17,13): error TS7026: JSX element implicitly has type 'any' because no interface 'JSX.IntrinsicElements' exists.
docs/examples/rc-alert/step-2.tsx(17,13): error TS17004: Cannot use JSX unless the '--jsx' flag is provided.
docs/examples/rc-alert/step-2.tsx(17,69): error TS7026: JSX element implicitly has type 'any' because no interface 'JSX.IntrinsicElements' exists.
docs/examples/rc-alert/step-2.tsx(18,9): error TS7026: JSX element implicitly has type 'any' because no interface 'JSX.IntrinsicElements' exists.
docs/examples/rc-app-main-layout/step-1.tsx(1,21): error TS2307: Cannot find module '@crab-dev/css' or its corresponding type declarations.
docs/examples/rc-app-main-layout/step-1.tsx(2,19): error TS2307: Cannot find module '@crab-dev/rc-token-semantic' or its corresponding type declarations.
docs/examples/rc-app-main-layout/step-1.tsx(3,54): error TS2307: Cannot find module '@crab-dev/rc-app-main-layout' or its corresponding type declarations.
docs/examples/rc-app-main-layout/step-1.tsx(13,9): error TS7026: JSX element implicitly has type 'any' because no interface 'JSX.IntrinsicElements' exists.
docs/examples/rc-app-main-layout/step-1.tsx(13,9): error TS17004: Cannot use JSX unless the '--jsx' flag is provided.
docs/examples/rc-app-main-layout/step-1.tsx(14,13): error TS17004: Cannot use JSX unless the '--jsx' flag is provided.
docs/examples/rc-app-main-layout/step-1.tsx(19,35): error TS7026: JSX element implicitly has type 'any' because no interface 'JSX.IntrinsicElements' exists.
docs/examples/rc-app-main-layout/step-1.tsx(19,35): error TS17004: Cannot use JSX unless the '--jsx' flag is provided.
docs/examples/rc-app-main-layout/step-1.tsx(19,48): error TS7026: JSX element implicitly has type 'any' because no interface 'JSX.IntrinsicElements' exists.
docs/examples/rc-app-main-layout/step-1.tsx(24,17): error TS17004: Cannot use JSX unless the '--jsx' flag is provided.
docs/examples/rc-app-main-layout/step-1.tsx(26,9): error TS7026: JSX element implicitly has type 'any' because no interface 'JSX.IntrinsicElements' exists.
docs/examples/rc-app-main-layout/step-2.tsx(1,21): error TS2307: Cannot find module '@crab-dev/css' or its corresponding type declarations.
docs/examples/rc-app-main-layout/step-2.tsx(2,19): error TS2307: Cannot find module '@crab-dev/rc-token-semantic' or its corresponding type declarations.
docs/examples/rc-app-main-layout/step-2.tsx(6,8): error TS2307: Cannot find module '@crab-dev/rc-app-main-layout' or its corresponding type declarations.
docs/examples/rc-app-main-layout/step-2.tsx(7,30): error TS2307: Cannot find module '@crab-dev/rc-menu' or its corresponding type declarations.
docs/examples/rc-app-main-layout/step-2.tsx(25,9): error TS17004: Cannot use JSX unless the '--jsx' flag is provided.
docs/examples/rc-app-main-layout/step-2.tsx(33,31): error TS7026: JSX element implicitly has type 'any' because no interface 'JSX.IntrinsicElements' exists.
docs/examples/rc-app-main-layout/step-2.tsx(33,31): error TS17004: Cannot use JSX unless the '--jsx' flag is provided.
docs/examples/rc-app-main-layout/step-2.tsx(33,41): error TS7026: JSX element implicitly has type 'any' because no interface 'JSX.IntrinsicElements' exists.
docs/examples/rc-app-main-layout/step-2.tsx(42,9): error TS7026: JSX element implicitly has type 'any' because no interface 'JSX.IntrinsicElements' exists.
docs/examples/rc-app-main-layout/step-2.tsx(42,9): error TS17004: Cannot use JSX unless the '--jsx' flag is provided.
docs/examples/rc-app-main-layout/step-2.tsx(43,13): error TS17004: Cannot use JSX unless the '--jsx' flag is provided.
docs/examples/rc-app-main-layout/step-2.tsx(48,35): error TS7026: JSX element implicitly has type 'any' because no interface 'JSX.IntrinsicElements' exists.
docs/examples/rc-app-main-layout/step-2.tsx(48,35): error TS17004: Cannot use JSX unless the '--jsx' flag is provided.
docs/examples/rc-app-main-layout/step-2.tsx(48,48): error TS7026: JSX element implicitly has type 'any' because no interface 'JSX.IntrinsicElements' exists.
docs/examples/rc-app-main-layout/step-2.tsx(53,17): error TS17004: Cannot use JSX unless the '--jsx' flag is provided.
docs/examples/rc-app-main-layout/step-2.tsx(55,9): error TS7026: JSX element implicitly has type 'any' because no interface 'JSX.IntrinsicElements' exists.
docs/examples/rc-auto-sizer/step-1.tsx(1,21): error TS2307: Cannot find module '@crab-dev/css' or its corresponding type declarations.
docs/examples/rc-auto-sizer/step-1.tsx(2,19): error TS2307: Cannot find module '@crab-dev/rc-token-semantic' or its corresponding type declarations.
docs/examples/rc-auto-sizer/step-1.tsx(3,23): error TS2307: Cannot find module '@crab-dev/rc-auto-sizer' or its corresponding type declarations.
docs/examples/rc-auto-sizer/step-1.tsx(10,9): error TS7026: JSX element implicitly has type 'any' because no interface 'JSX.IntrinsicElements' exists.
docs/examples/rc-auto-sizer/step-1.tsx(10,9): error TS17004: Cannot use JSX unless the '--jsx' flag is provided.
docs/examples/rc-auto-sizer/step-1.tsx(11,13): error TS17004: Cannot use JSX unless the '--jsx' flag is provided.
docs/examples/rc-auto-sizer/step-1.tsx(12,21): error TS7031: Binding element 'width' implicitly has an 'any' type.
docs/examples/rc-auto-sizer/step-1.tsx(12,28): error TS7031: Binding element 'height' implicitly has an 'any' type.
docs/examples/rc-auto-sizer/step-1.tsx(13,21): error TS7026: JSX element implicitly has type 'any' because no interface 'JSX.IntrinsicElements' exists.
docs/examples/rc-auto-sizer/step-1.tsx(13,21): error TS17004: Cannot use JSX unless the '--jsx' flag is provided.
docs/examples/rc-auto-sizer/step-1.tsx(15,21): error TS7026: JSX element implicitly has type 'any' because no interface 'JSX.IntrinsicElements' exists.
docs/examples/rc-auto-sizer/step-1.tsx(18,9): error TS7026: JSX element implicitly has type 'any' because no interface 'JSX.IntrinsicElements' exists.
docs/examples/rc-auto-sizer/step-2.tsx(1,26): error TS2307: Cannot find module 'react' or its corresponding type declarations.
docs/examples/rc-auto-sizer/step-2.tsx(2,21): error TS2307: Cannot find module '@crab-dev/css' or its corresponding type declarations.
docs/examples/rc-auto-sizer/step-2.tsx(3,19): error TS2307: Cannot find module '@crab-dev/rc-token-semantic' or its corresponding type declarations.
docs/examples/rc-auto-sizer/step-2.tsx(4,23): error TS2307: Cannot find module '@crab-dev/rc-auto-sizer' or its corresponding type declarations.
docs/examples/rc-auto-sizer/step-2.tsx(5,20): error TS2307: Cannot find module '@crab-dev/rc-button' or its corresponding type declarations.
docs/examples/rc-auto-sizer/step-2.tsx(22,9): error TS7026: JSX element implicitly has type 'any' because no interface 'JSX.IntrinsicElements' exists.
docs/examples/rc-auto-sizer/step-2.tsx(22,9): error TS17004: Cannot use JSX unless the '--jsx' flag is provided.
docs/examples/rc-auto-sizer/step-2.tsx(23,13): error TS17004: Cannot use JSX unless the '--jsx' flag is provided.
docs/examples/rc-auto-sizer/step-2.tsx(23,47): error TS7006: Parameter 'value' implicitly has an 'any' type.
docs/examples/rc-auto-sizer/step-2.tsx(24,13): error TS7026: JSX element implicitly has type 'any' because no interface 'JSX.IntrinsicElements' exists.
docs/examples/rc-auto-sizer/step-2.tsx(24,13): error TS17004: Cannot use JSX unless the '--jsx' flag is provided.
docs/examples/rc-auto-sizer/step-2.tsx(25,17): error TS17004: Cannot use JSX unless the '--jsx' flag is provided.
docs/examples/rc-auto-sizer/step-2.tsx(26,25): error TS7031: Binding element 'width' implicitly has an 'any' type.
docs/examples/rc-auto-sizer/step-2.tsx(26,32): error TS7031: Binding element 'height' implicitly has an 'any' type.
docs/examples/rc-auto-sizer/step-2.tsx(27,25): error TS7026: JSX element implicitly has type 'any' because no interface 'JSX.IntrinsicElements' exists.
docs/examples/rc-auto-sizer/step-2.tsx(27,25): error TS17004: Cannot use JSX unless the '--jsx' flag is provided.
docs/examples/rc-auto-sizer/step-2.tsx(29,25): error TS7026: JSX element implicitly has type 'any' because no interface 'JSX.IntrinsicElements' exists.
docs/examples/rc-auto-sizer/step-2.tsx(32,13): error TS7026: JSX element implicitly has type 'any' because no interface 'JSX.IntrinsicElements' exists.
docs/examples/rc-auto-sizer/step-2.tsx(33,9): error TS7026: JSX element implicitly has type 'any' because no interface 'JSX.IntrinsicElements' exists.
docs/examples/rc-avatar/step-1.tsx(1,21): error TS2307: Cannot find module '@crab-dev/css' or its corresponding type declarations.
docs/examples/rc-avatar/step-1.tsx(2,19): error TS2307: Cannot find module '@crab-dev/rc-token-semantic' or its corresponding type declarations.
docs/examples/rc-avatar/step-1.tsx(3,20): error TS2307: Cannot find module '@crab-dev/rc-avatar' or its corresponding type declarations.
docs/examples/rc-avatar/step-1.tsx(11,9): error TS7026: JSX element implicitly has type 'any' because no interface 'JSX.IntrinsicElements' exists.
docs/examples/rc-avatar/step-1.tsx(11,9): error TS17004: Cannot use JSX unless the '--jsx' flag is provided.
docs/examples/rc-avatar/step-1.tsx(12,13): error TS17004: Cannot use JSX unless the '--jsx' flag is provided.
docs/examples/rc-avatar/step-1.tsx(13,13): error TS7026: JSX element implicitly has type 'any' because no interface 'JSX.IntrinsicElements' exists.
docs/examples/rc-avatar/step-1.tsx(13,13): error TS17004: Cannot use JSX unless the '--jsx' flag is provided.
docs/examples/rc-avatar/step-1.tsx(13,25): error TS7026: JSX element implicitly has type 'any' because no interface 'JSX.IntrinsicElements' exists.
docs/examples/rc-avatar/step-1.tsx(14,9): error TS7026: JSX element implicitly has type 'any' because no interface 'JSX.IntrinsicElements' exists.
docs/examples/rc-avatar/step-2.tsx(1,26): error TS2307: Cannot find module 'react' or its corresponding type declarations.
docs/examples/rc-avatar/step-2.tsx(2,21): error TS2307: Cannot find module '@crab-dev/css' or its corresponding type declarations.
docs/examples/rc-avatar/step-2.tsx(3,19): error TS2307: Cannot find module '@crab-dev/rc-token-semantic' or its corresponding type declarations.
docs/examples/rc-avatar/step-2.tsx(4,20): error TS2307: Cannot find module '@crab-dev/rc-avatar' or its corresponding type declarations.
docs/examples/rc-avatar/step-2.tsx(5,20): error TS2307: Cannot find module '@crab-dev/rc-button' or its corresponding type declarations.
docs/examples/rc-avatar/step-2.tsx(15,9): error TS7026: JSX element implicitly has type 'any' because no interface 'JSX.IntrinsicElements' exists.
docs/examples/rc-avatar/step-2.tsx(15,9): error TS17004: Cannot use JSX unless the '--jsx' flag is provided.
docs/examples/rc-avatar/step-2.tsx(16,13): error TS17004: Cannot use JSX unless the '--jsx' flag is provided.
docs/examples/rc-avatar/step-2.tsx(19,13): error TS17004: Cannot use JSX unless the '--jsx' flag is provided.
docs/examples/rc-avatar/step-2.tsx(19,47): error TS7006: Parameter 'value' implicitly has an 'any' type.
docs/examples/rc-avatar/step-2.tsx(20,9): error TS7026: JSX element implicitly has type 'any' because no interface 'JSX.IntrinsicElements' exists.
docs/examples/rc-badge/step-1.tsx(1,19): error TS2307: Cannot find module '@crab-dev/rc-badge' or its corresponding type declarations.
docs/examples/rc-badge/step-1.tsx(5,9): error TS17004: Cannot use JSX unless the '--jsx' flag is provided.
docs/examples/rc-badge/step-1.tsx(6,13): error TS7026: JSX element implicitly has type 'any' because no interface 'JSX.IntrinsicElements' exists.
docs/examples/rc-badge/step-1.tsx(6,13): error TS17004: Cannot use JSX unless the '--jsx' flag is provided.
docs/examples/rc-badge/step-1.tsx(6,23): error TS7026: JSX element implicitly has type 'any' because no interface 'JSX.IntrinsicElements' exists.
docs/examples/rc-badge/step-2.tsx(1,26): error TS2307: Cannot find module 'react' or its corresponding type declarations.
docs/examples/rc-badge/step-2.tsx(2,21): error TS2307: Cannot find module '@crab-dev/css' or its corresponding type declarations.
docs/examples/rc-badge/step-2.tsx(3,19): error TS2307: Cannot find module '@crab-dev/rc-token-semantic' or its corresponding type declarations.
docs/examples/rc-badge/step-2.tsx(4,19): error TS2307: Cannot find module '@crab-dev/rc-badge' or its corresponding type declarations.
docs/examples/rc-badge/step-2.tsx(5,20): error TS2307: Cannot find module '@crab-dev/rc-button' or its corresponding type declarations.
docs/examples/rc-badge/step-2.tsx(15,9): error TS7026: JSX element implicitly has type 'any' because no interface 'JSX.IntrinsicElements' exists.
docs/examples/rc-badge/step-2.tsx(15,9): error TS17004: Cannot use JSX unless the '--jsx' flag is provided.
docs/examples/rc-badge/step-2.tsx(16,13): error TS17004: Cannot use JSX unless the '--jsx' flag is provided.
docs/examples/rc-badge/step-2.tsx(17,17): error TS7026: JSX element implicitly has type 'any' because no interface 'JSX.IntrinsicElements' exists.
docs/examples/rc-badge/step-2.tsx(17,17): error TS17004: Cannot use JSX unless the '--jsx' flag is provided.
docs/examples/rc-badge/step-2.tsx(17,27): error TS7026: JSX element implicitly has type 'any' because no interface 'JSX.IntrinsicElements' exists.
docs/examples/rc-badge/step-2.tsx(19,13): error TS17004: Cannot use JSX unless the '--jsx' flag is provided.
docs/examples/rc-badge/step-2.tsx(21,42): error TS7006: Parameter 'value' implicitly has an 'any' type.
docs/examples/rc-badge/step-2.tsx(25,13): error TS7026: JSX element implicitly has type 'any' because no interface 'JSX.IntrinsicElements' exists.
docs/examples/rc-badge/step-2.tsx(25,13): error TS17004: Cannot use JSX unless the '--jsx' flag is provided.
docs/examples/rc-badge/step-2.tsx(25,54): error TS7026: JSX element implicitly has type 'any' because no interface 'JSX.IntrinsicElements' exists.
docs/examples/rc-badge/step-2.tsx(26,9): error TS7026: JSX element implicitly has type 'any' because no interface 'JSX.IntrinsicElements' exists.
docs/examples/rc-bar-chart/step-1.tsx(1,21): error TS2307: Cannot find module '@crab-dev/css' or its corresponding type declarations.
docs/examples/rc-bar-chart/step-1.tsx(2,19): error TS2307: Cannot find module '@crab-dev/rc-token-semantic' or its corresponding type declarations.
docs/examples/rc-bar-chart/step-1.tsx(3,22): error TS2307: Cannot find module '@crab-dev/rc-bar-chart' or its corresponding type declarations.
docs/examples/rc-bar-chart/step-1.tsx(11,9): error TS7026: JSX element implicitly has type 'any' because no interface 'JSX.IntrinsicElements' exists.
docs/examples/rc-bar-chart/step-1.tsx(11,9): error TS17004: Cannot use JSX unless the '--jsx' flag is provided.
docs/examples/rc-bar-chart/step-1.tsx(12,13): error TS17004: Cannot use JSX unless the '--jsx' flag is provided.
docs/examples/rc-bar-chart/step-1.tsx(24,13): error TS7026: JSX element implicitly has type 'any' because no interface 'JSX.IntrinsicElements' exists.
docs/examples/rc-bar-chart/step-1.tsx(24,13): error TS17004: Cannot use JSX unless the '--jsx' flag is provided.
docs/examples/rc-bar-chart/step-1.tsx(24,38): error TS7026: JSX element implicitly has type 'any' because no interface 'JSX.IntrinsicElements' exists.
docs/examples/rc-bar-chart/step-1.tsx(25,9): error TS7026: JSX element implicitly has type 'any' because no interface 'JSX.IntrinsicElements' exists.
docs/examples/rc-bar-chart/step-2.tsx(1,26): error TS2307: Cannot find module 'react' or its corresponding type declarations.
docs/examples/rc-bar-chart/step-2.tsx(2,21): error TS2307: Cannot find module '@crab-dev/css' or its corresponding type declarations.
docs/examples/rc-bar-chart/step-2.tsx(3,19): error TS2307: Cannot find module '@crab-dev/rc-token-semantic' or its corresponding type declarations.
docs/examples/rc-bar-chart/step-2.tsx(4,22): error TS2307: Cannot find module '@crab-dev/rc-bar-chart' or its corresponding type declarations.
docs/examples/rc-bar-chart/step-2.tsx(5,20): error TS2307: Cannot find module '@crab-dev/rc-button' or its corresponding type declarations.
docs/examples/rc-bar-chart/step-2.tsx(15,9): error TS7026: JSX element implicitly has type 'any' because no interface 'JSX.IntrinsicElements' exists.
docs/examples/rc-bar-chart/step-2.tsx(15,9): error TS17004: Cannot use JSX unless the '--jsx' flag is provided.
docs/examples/rc-bar-chart/step-2.tsx(16,13): error TS17004: Cannot use JSX unless the '--jsx' flag is provided.
docs/examples/rc-bar-chart/step-2.tsx(16,48): error TS7006: Parameter 'value' implicitly has an 'any' type.
docs/examples/rc-bar-chart/step-2.tsx(19,13): error TS17004: Cannot use JSX unless the '--jsx' flag is provided.
docs/examples/rc-bar-chart/step-2.tsx(36,13): error TS7026: JSX element implicitly has type 'any' because no interface 'JSX.IntrinsicElements' exists.
docs/examples/rc-bar-chart/step-2.tsx(36,13): error TS17004: Cannot use JSX unless the '--jsx' flag is provided.
docs/examples/rc-bar-chart/step-2.tsx(36,44): error TS7026: JSX element implicitly has type 'any' because no interface 'JSX.IntrinsicElements' exists.
docs/examples/rc-bar-chart/step-2.tsx(37,9): error TS7026: JSX element implicitly has type 'any' because no interface 'JSX.IntrinsicElements' exists.
docs/examples/rc-breadcrumbs/step-1.tsx(1,25): error TS2307: Cannot find module '@crab-dev/rc-breadcrumbs' or its corresponding type declarations.
docs/examples/rc-breadcrumbs/step-1.tsx(5,9): error TS17004: Cannot use JSX unless the '--jsx' flag is provided.
docs/examples/rc-breadcrumbs/step-2.tsx(1,26): error TS2307: Cannot find module 'react' or its corresponding type declarations.
docs/examples/rc-breadcrumbs/step-2.tsx(2,21): error TS2307: Cannot find module '@crab-dev/css' or its corresponding type declarations.
docs/examples/rc-breadcrumbs/step-2.tsx(3,19): error TS2307: Cannot find module '@crab-dev/rc-token-semantic' or its corresponding type declarations.
docs/examples/rc-breadcrumbs/step-2.tsx(4,25): error TS2307: Cannot find module '@crab-dev/rc-breadcrumbs' or its corresponding type declarations.
docs/examples/rc-breadcrumbs/step-2.tsx(13,9): error TS7026: JSX element implicitly has type 'any' because no interface 'JSX.IntrinsicElements' exists.
docs/examples/rc-breadcrumbs/step-2.tsx(13,9): error TS17004: Cannot use JSX unless the '--jsx' flag is provided.
docs/examples/rc-breadcrumbs/step-2.tsx(14,13): error TS17004: Cannot use JSX unless the '--jsx' flag is provided.
docs/examples/rc-breadcrumbs/step-2.tsx(32,13): error TS7026: JSX element implicitly has type 'any' because no interface 'JSX.IntrinsicElements' exists.
docs/examples/rc-breadcrumbs/step-2.tsx(32,13): error TS17004: Cannot use JSX unless the '--jsx' flag is provided.
docs/examples/rc-breadcrumbs/step-2.tsx(32,53): error TS7026: JSX element implicitly has type 'any' because no interface 'JSX.IntrinsicElements' exists.
docs/examples/rc-breadcrumbs/step-2.tsx(33,9): error TS7026: JSX element implicitly has type 'any' because no interface 'JSX.IntrinsicElements' exists.
docs/examples/rc-button/step-1.tsx(1,20): error TS2307: Cannot find module '@crab-dev/rc-button' or its corresponding type declarations.
docs/examples/rc-button/step-1.tsx(5,12): error TS17004: Cannot use JSX unless the '--jsx' flag is provided.
docs/examples/rc-button/step-2.tsx(1,26): error TS2307: Cannot find module 'react' or its corresponding type declarations.
docs/examples/rc-button/step-2.tsx(2,20): error TS2307: Cannot find module '@crab-dev/rc-button' or its corresponding type declarations.
docs/examples/rc-button/step-2.tsx(9,9): error TS17004: Cannot use JSX unless the '--jsx' flag is provided.
docs/examples/rc-button/step-2.tsx(10,13): error TS17004: Cannot use JSX unless the '--jsx' flag is provided.
docs/examples/rc-button/step-2.tsx(12,42): error TS7006: Parameter 'value' implicitly has an 'any' type.
docs/examples/rc-button/step-2.tsx(16,13): error TS7026: JSX element implicitly has type 'any' because no interface 'JSX.IntrinsicElements' exists.
docs/examples/rc-button/step-2.tsx(16,13): error TS17004: Cannot use JSX unless the '--jsx' flag is provided.
docs/examples/rc-button/step-2.tsx(17,17): error TS7026: JSX element implicitly has type 'any' because no interface 'JSX.IntrinsicElements' exists.
docs/examples/rc-button/step-2.tsx(17,17): error TS17004: Cannot use JSX unless the '--jsx' flag is provided.
docs/examples/rc-button/step-2.tsx(17,57): error TS7026: JSX element implicitly has type 'any' because no interface 'JSX.IntrinsicElements' exists.
docs/examples/rc-button/step-2.tsx(18,13): error TS7026: JSX element implicitly has type 'any' because no interface 'JSX.IntrinsicElements' exists.
docs/examples/rc-button/step-2.tsx(19,13): error TS17004: Cannot use JSX unless the '--jsx' flag is provided.
docs/examples/rc-button/step-2.tsx(19,48): error TS7006: Parameter 'value' implicitly has an 'any' type.
docs/examples/rc-canvas/step-1.tsx(1,21): error TS2307: Cannot find module '@crab-dev/css' or its corresponding type declarations.
docs/examples/rc-canvas/step-1.tsx(2,19): error TS2307: Cannot find module '@crab-dev/rc-token-semantic' or its corresponding type declarations.
docs/examples/rc-canvas/step-1.tsx(3,38): error TS2307: Cannot find module '@crab-dev/rc-canvas' or its corresponding type declarations.
docs/examples/rc-canvas/step-1.tsx(10,9): error TS7026: JSX element implicitly has type 'any' because no interface 'JSX.IntrinsicElements' exists.
docs/examples/rc-canvas/step-1.tsx(10,9): error TS17004: Cannot use JSX unless the '--jsx' flag is provided.
docs/examples/rc-canvas/step-1.tsx(11,13): error TS17004: Cannot use JSX unless the '--jsx' flag is provided.
docs/examples/rc-canvas/step-1.tsx(12,17): error TS17004: Cannot use JSX unless the '--jsx' flag is provided.
docs/examples/rc-canvas/step-1.tsx(19,17): error TS17004: Cannot use JSX unless the '--jsx' flag is provided.
docs/examples/rc-canvas/step-1.tsx(21,13): error TS7026: JSX element implicitly has type 'any' because no interface 'JSX.IntrinsicElements' exists.
docs/examples/rc-canvas/step-1.tsx(21,13): error TS17004: Cannot use JSX unless the '--jsx' flag is provided.
docs/examples/rc-canvas/step-1.tsx(21,26): error TS7026: JSX element implicitly has type 'any' because no interface 'JSX.IntrinsicElements' exists.
docs/examples/rc-canvas/step-1.tsx(22,9): error TS7026: JSX element implicitly has type 'any' because no interface 'JSX.IntrinsicElements' exists.
docs/examples/rc-canvas/step-2.tsx(1,26): error TS2307: Cannot find module 'react' or its corresponding type declarations.
docs/examples/rc-canvas/step-2.tsx(2,21): error TS2307: Cannot find module '@crab-dev/css' or its corresponding type declarations.
docs/examples/rc-canvas/step-2.tsx(3,19): error TS2307: Cannot find module '@crab-dev/rc-token-semantic' or its corresponding type declarations.
docs/examples/rc-canvas/step-2.tsx(4,30): error TS2307: Cannot find module '@crab-dev/rc-canvas' or its corresponding type declarations.
docs/examples/rc-canvas/step-2.tsx(5,20): error TS2307: Cannot find module '@crab-dev/rc-button' or its corresponding type declarations.
docs/examples/rc-canvas/step-2.tsx(14,9): error TS7026: JSX element implicitly has type 'any' because no interface 'JSX.IntrinsicElements' exists.
docs/examples/rc-canvas/step-2.tsx(14,9): error TS17004: Cannot use JSX unless the '--jsx' flag is provided.
docs/examples/rc-canvas/step-2.tsx(15,13): error TS17004: Cannot use JSX unless the '--jsx' flag is provided.
docs/examples/rc-canvas/step-2.tsx(15,46): error TS7006: Parameter 'value' implicitly has an 'any' type.
docs/examples/rc-canvas/step-2.tsx(16,13): error TS17004: Cannot use JSX unless the '--jsx' flag is provided.
docs/examples/rc-canvas/step-2.tsx(17,17): error TS17004: Cannot use JSX unless the '--jsx' flag is provided.
docs/examples/rc-canvas/step-2.tsx(25,13): error TS7026: JSX element implicitly has type 'any' because no interface 'JSX.IntrinsicElements' exists.
docs/examples/rc-canvas/step-2.tsx(25,13): error TS17004: Cannot use JSX unless the '--jsx' flag is provided.
docs/examples/rc-canvas/step-2.tsx(25,45): error TS7026: JSX element implicitly has type 'any' because no interface 'JSX.IntrinsicElements' exists.
docs/examples/rc-canvas/step-2.tsx(26,9): error TS7026: JSX element implicitly has type 'any' because no interface 'JSX.IntrinsicElements' exists.
docs/examples/rc-card/step-1.tsx(1,18): error TS2307: Cannot find module '@crab-dev/rc-card' or its corresponding type declarations.
docs/examples/rc-card/step-1.tsx(4,12): error TS17004: Cannot use JSX unless the '--jsx' flag is provided.
docs/examples/rc-card/step-2.tsx(1,26): error TS2307: Cannot find module 'react' or its corresponding type declarations.
docs/examples/rc-card/step-2.tsx(2,18): error TS2307: Cannot find module '@crab-dev/rc-card' or its corresponding type declarations.
docs/examples/rc-card/step-2.tsx(3,20): error TS2307: Cannot find module '@crab-dev/rc-button' or its corresponding type declarations.
docs/examples/rc-card/step-2.tsx(9,9): error TS17004: Cannot use JSX unless the '--jsx' flag is provided.
docs/examples/rc-card/step-2.tsx(12,17): error TS17004: Cannot use JSX unless the '--jsx' flag is provided.
docs/examples/rc-card/step-2.tsx(12,50): error TS7006: Parameter 'value' implicitly has an 'any' type.
docs/examples/rc-card/step-2.tsx(18,13): error TS7026: JSX element implicitly has type 'any' because no interface 'JSX.IntrinsicElements' exists.
docs/examples/rc-card/step-2.tsx(18,13): error TS17004: Cannot use JSX unless the '--jsx' flag is provided.
docs/examples/rc-card/step-2.tsx(18,59): error TS7026: JSX element implicitly has type 'any' because no interface 'JSX.IntrinsicElements' exists.
docs/examples/rc-checkbox/step-1.tsx(1,22): error TS2307: Cannot find module '@crab-dev/rc-checkbox' or its corresponding type declarations.
docs/examples/rc-checkbox/step-1.tsx(4,12): error TS17004: Cannot use JSX unless the '--jsx' flag is provided.
docs/examples/rc-checkbox/step-2.tsx(1,26): error TS2307: Cannot find module 'react' or its corresponding type declarations.
docs/examples/rc-checkbox/step-2.tsx(2,21): error TS2307: Cannot find module '@crab-dev/css' or its corresponding type declarations.
docs/examples/rc-checkbox/step-2.tsx(3,19): error TS2307: Cannot find module '@crab-dev/rc-token-semantic' or its corresponding type declarations.
docs/examples/rc-checkbox/step-2.tsx(4,22): error TS2307: Cannot find module '@crab-dev/rc-checkbox' or its corresponding type declarations.
docs/examples/rc-checkbox/step-2.tsx(13,9): error TS7026: JSX element implicitly has type 'any' because no interface 'JSX.IntrinsicElements' exists.
docs/examples/rc-checkbox/step-2.tsx(13,9): error TS17004: Cannot use JSX unless the '--jsx' flag is provided.
docs/examples/rc-checkbox/step-2.tsx(14,13): error TS17004: Cannot use JSX unless the '--jsx' flag is provided.
docs/examples/rc-checkbox/step-2.tsx(17,13): error TS7026: JSX element implicitly has type 'any' because no interface 'JSX.IntrinsicElements' exists.
docs/examples/rc-checkbox/step-2.tsx(17,13): error TS17004: Cannot use JSX unless the '--jsx' flag is provided.
docs/examples/rc-checkbox/step-2.tsx(17,67): error TS7026: JSX element implicitly has type 'any' because no interface 'JSX.IntrinsicElements' exists.
docs/examples/rc-checkbox/step-2.tsx(18,9): error TS7026: JSX element implicitly has type 'any' because no interface 'JSX.IntrinsicElements' exists.
docs/examples/rc-color-picker/step-1.tsx(1,25): error TS2307: Cannot find module '@crab-dev/rc-color-picker' or its corresponding type declarations.
docs/examples/rc-color-picker/step-1.tsx(5,9): error TS17004: Cannot use JSX unless the '--jsx' flag is provided.
docs/examples/rc-color-picker/step-2.tsx(1,26): error TS2307: Cannot find module 'react' or its corresponding type declarations.
docs/examples/rc-color-picker/step-2.tsx(2,21): error TS2307: Cannot find module '@crab-dev/css' or its corresponding type declarations.
docs/examples/rc-color-picker/step-2.tsx(3,19): error TS2307: Cannot find module '@crab-dev/rc-token-semantic' or its corresponding type declarations.
docs/examples/rc-color-picker/step-2.tsx(4,46): error TS2307: Cannot find module '@crab-dev/rc-color-picker' or its corresponding type declarations.
docs/examples/rc-color-picker/step-2.tsx(5,20): error TS2307: Cannot find module '@crab-dev/rc-button' or its corresponding type declarations.
docs/examples/rc-color-picker/step-2.tsx(19,9): error TS7026: JSX element implicitly has type 'any' because no interface 'JSX.IntrinsicElements' exists.
docs/examples/rc-color-picker/step-2.tsx(19,9): error TS17004: Cannot use JSX unless the '--jsx' flag is provided.
docs/examples/rc-color-picker/step-2.tsx(20,13): error TS17004: Cannot use JSX unless the '--jsx' flag is provided.
docs/examples/rc-color-picker/step-2.tsx(21,13): error TS7026: JSX element implicitly has type 'any' because no interface 'JSX.IntrinsicElements' exists.
docs/examples/rc-color-picker/step-2.tsx(21,13): error TS17004: Cannot use JSX unless the '--jsx' flag is provided.
docs/examples/rc-color-picker/step-2.tsx(24,13): error TS7026: JSX element implicitly has type 'any' because no interface 'JSX.IntrinsicElements' exists.
docs/examples/rc-color-picker/step-2.tsx(25,13): error TS17004: Cannot use JSX unless the '--jsx' flag is provided.
docs/examples/rc-color-picker/step-2.tsx(36,9): error TS7026: JSX element implicitly has type 'any' because no interface 'JSX.IntrinsicElements' exists.
docs/examples/rc-component-preview/step-1.tsx(1,21): error TS2307: Cannot find module '@crab-dev/rc-component-preview' or its corresponding type declarations.
docs/examples/rc-component-preview/step-1.tsx(6,9): error TS17004: Cannot use JSX unless the '--jsx' flag is provided.
docs/examples/rc-component-preview/step-1.tsx(7,13): error TS7026: JSX element implicitly has type 'any' because no interface 'JSX.IntrinsicElements' exists.
docs/examples/rc-component-preview/step-1.tsx(7,13): error TS17004: Cannot use JSX unless the '--jsx' flag is provided.
docs/examples/rc-component-preview/step-1.tsx(7,28): error TS7026: JSX element implicitly has type 'any' because no interface 'JSX.IntrinsicElements' exists.
docs/examples/rc-component-preview/step-2.tsx(1,26): error TS2307: Cannot find module 'react' or its corresponding type declarations.
docs/examples/rc-component-preview/step-2.tsx(2,21): error TS2307: Cannot find module '@crab-dev/rc-component-preview' or its corresponding type declarations.
docs/examples/rc-component-preview/step-2.tsx(3,20): error TS2307: Cannot find module '@crab-dev/rc-button' or its corresponding type declarations.
docs/examples/rc-component-preview/step-2.tsx(11,9): error TS17004: Cannot use JSX unless the '--jsx' flag is provided.
docs/examples/rc-component-preview/step-2.tsx(17,13): error TS17004: Cannot use JSX unless the '--jsx' flag is provided.
docs/examples/rc-component-preview/step-2.tsx(17,46): error TS7006: Parameter 'value' implicitly has an 'any' type.
docs/examples/rc-cron-picker/step-1.tsx(1,24): error TS2307: Cannot find module '@crab-dev/rc-cron-picker' or its corresponding type declarations.
docs/examples/rc-cron-picker/step-1.tsx(4,12): error TS17004: Cannot use JSX unless the '--jsx' flag is provided.
docs/examples/rc-cron-picker/step-2.tsx(1,26): error TS2307: Cannot find module 'react' or its corresponding type declarations.
docs/examples/rc-cron-picker/step-2.tsx(2,21): error TS2307: Cannot find module '@crab-dev/css' or its corresponding type declarations.
docs/examples/rc-cron-picker/step-2.tsx(3,19): error TS2307: Cannot find module '@crab-dev/rc-token-semantic' or its corresponding type declarations.
docs/examples/rc-cron-picker/step-2.tsx(4,24): error TS2307: Cannot find module '@crab-dev/rc-cron-picker' or its corresponding type declarations.
docs/examples/rc-cron-picker/step-2.tsx(5,20): error TS2307: Cannot find module '@crab-dev/rc-button' or its corresponding type declarations.
docs/examples/rc-cron-picker/step-2.tsx(15,9): error TS7026: JSX element implicitly has type 'any' because no interface 'JSX.IntrinsicElements' exists.
docs/examples/rc-cron-picker/step-2.tsx(15,9): error TS17004: Cannot use JSX unless the '--jsx' flag is provided.
docs/examples/rc-cron-picker/step-2.tsx(16,13): error TS17004: Cannot use JSX unless the '--jsx' flag is provided.
docs/examples/rc-cron-picker/step-2.tsx(22,13): error TS7026: JSX element implicitly has type 'any' because no interface 'JSX.IntrinsicElements' exists.
docs/examples/rc-cron-picker/step-2.tsx(22,13): error TS17004: Cannot use JSX unless the '--jsx' flag is provided.
docs/examples/rc-cron-picker/step-2.tsx(22,34): error TS7026: JSX element implicitly has type 'any' because no interface 'JSX.IntrinsicElements' exists.
docs/examples/rc-cron-picker/step-2.tsx(23,13): error TS17004: Cannot use JSX unless the '--jsx' flag is provided.
docs/examples/rc-cron-picker/step-2.tsx(24,9): error TS7026: JSX element implicitly has type 'any' because no interface 'JSX.IntrinsicElements' exists.
docs/examples/rc-date-picker/step-1.tsx(1,26): error TS2307: Cannot find module 'react' or its corresponding type declarations.
docs/examples/rc-date-picker/step-1.tsx(2,28): error TS2307: Cannot find module '@crab-dev/rc-date-picker' or its corresponding type declarations.
docs/examples/rc-date-picker/step-1.tsx(5,40): error TS2503: Cannot find namespace 'Temporal'.
docs/examples/rc-date-picker/step-1.tsx(6,12): error TS17004: Cannot use JSX unless the '--jsx' flag is provided.
docs/examples/rc-date-picker/step-2.tsx(1,26): error TS2307: Cannot find module 'react' or its corresponding type declarations.
docs/examples/rc-date-picker/step-2.tsx(2,21): error TS2307: Cannot find module '@crab-dev/css' or its corresponding type declarations.
docs/examples/rc-date-picker/step-2.tsx(3,19): error TS2307: Cannot find module '@crab-dev/rc-token-semantic' or its corresponding type declarations.
docs/examples/rc-date-picker/step-2.tsx(4,28): error TS2307: Cannot find module '@crab-dev/rc-date-picker' or its corresponding type declarations.
docs/examples/rc-date-picker/step-2.tsx(5,20): error TS2307: Cannot find module '@crab-dev/rc-button' or its corresponding type declarations.
docs/examples/rc-date-picker/step-2.tsx(13,40): error TS2503: Cannot find namespace 'Temporal'.
docs/examples/rc-date-picker/step-2.tsx(15,9): error TS7026: JSX element implicitly has type 'any' because no interface 'JSX.IntrinsicElements' exists.
docs/examples/rc-date-picker/step-2.tsx(15,9): error TS17004: Cannot use JSX unless the '--jsx' flag is provided.
docs/examples/rc-date-picker/step-2.tsx(16,13): error TS17004: Cannot use JSX unless the '--jsx' flag is provided.
docs/examples/rc-date-picker/step-2.tsx(17,13): error TS7026: JSX element implicitly has type 'any' because no interface 'JSX.IntrinsicElements' exists.
docs/examples/rc-date-picker/step-2.tsx(17,13): error TS17004: Cannot use JSX unless the '--jsx' flag is provided.
docs/examples/rc-date-picker/step-2.tsx(17,68): error TS7026: JSX element implicitly has type 'any' because no interface 'JSX.IntrinsicElements' exists.
docs/examples/rc-date-picker/step-2.tsx(18,13): error TS17004: Cannot use JSX unless the '--jsx' flag is provided.
docs/examples/rc-date-picker/step-2.tsx(19,9): error TS7026: JSX element implicitly has type 'any' because no interface 'JSX.IntrinsicElements' exists.
docs/examples/rc-dialog/step-1.tsx(1,26): error TS2307: Cannot find module 'react' or its corresponding type declarations.
docs/examples/rc-dialog/step-1.tsx(2,21): error TS2307: Cannot find module '@crab-dev/css' or its corresponding type declarations.
docs/examples/rc-dialog/step-1.tsx(3,19): error TS2307: Cannot find module '@crab-dev/rc-token-semantic' or its corresponding type declarations.
docs/examples/rc-dialog/step-1.tsx(4,20): error TS2307: Cannot find module '@crab-dev/rc-dialog' or its corresponding type declarations.
docs/examples/rc-dialog/step-1.tsx(5,20): error TS2307: Cannot find module '@crab-dev/rc-button' or its corresponding type declarations.
docs/examples/rc-dialog/step-1.tsx(15,9): error TS7026: JSX element implicitly has type 'any' because no interface 'JSX.IntrinsicElements' exists.
docs/examples/rc-dialog/step-1.tsx(15,9): error TS17004: Cannot use JSX unless the '--jsx' flag is provided.
docs/examples/rc-dialog/step-1.tsx(16,13): error TS17004: Cannot use JSX unless the '--jsx' flag is provided.
docs/examples/rc-dialog/step-1.tsx(17,13): error TS17004: Cannot use JSX unless the '--jsx' flag is provided.
docs/examples/rc-dialog/step-1.tsx(20,9): error TS7026: JSX element implicitly has type 'any' because no interface 'JSX.IntrinsicElements' exists.
docs/examples/rc-dialog/step-2.tsx(1,26): error TS2307: Cannot find module 'react' or its corresponding type declarations.
docs/examples/rc-dialog/step-2.tsx(2,21): error TS2307: Cannot find module '@crab-dev/css' or its corresponding type declarations.
docs/examples/rc-dialog/step-2.tsx(3,19): error TS2307: Cannot find module '@crab-dev/rc-token-semantic' or its corresponding type declarations.
docs/examples/rc-dialog/step-2.tsx(4,20): error TS2307: Cannot find module '@crab-dev/rc-dialog' or its corresponding type declarations.
docs/examples/rc-dialog/step-2.tsx(5,20): error TS2307: Cannot find module '@crab-dev/rc-button' or its corresponding type declarations.
docs/examples/rc-dialog/step-2.tsx(16,9): error TS7026: JSX element implicitly has type 'any' because no interface 'JSX.IntrinsicElements' exists.
docs/examples/rc-dialog/step-2.tsx(16,9): error TS17004: Cannot use JSX unless the '--jsx' flag is provided.
docs/examples/rc-dialog/step-2.tsx(17,13): error TS17004: Cannot use JSX unless the '--jsx' flag is provided.
docs/examples/rc-dialog/step-2.tsx(18,13): error TS17004: Cannot use JSX unless the '--jsx' flag is provided.
docs/examples/rc-dialog/step-2.tsx(19,17): error TS7026: JSX element implicitly has type 'any' because no interface 'JSX.IntrinsicElements' exists.
docs/examples/rc-dialog/step-2.tsx(19,17): error TS17004: Cannot use JSX unless the '--jsx' flag is provided.
docs/examples/rc-dialog/step-2.tsx(19,29): error TS7026: JSX element implicitly has type 'any' because no interface 'JSX.IntrinsicElements' exists.
docs/examples/rc-dialog/step-2.tsx(20,17): error TS17004: Cannot use JSX unless the '--jsx' flag is provided.
docs/examples/rc-dialog/step-2.tsx(30,13): error TS7026: JSX element implicitly has type 'any' because no interface 'JSX.IntrinsicElements' exists.
docs/examples/rc-dialog/step-2.tsx(30,13): error TS17004: Cannot use JSX unless the '--jsx' flag is provided.
docs/examples/rc-dialog/step-2.tsx(32,13): error TS7026: JSX element implicitly has type 'any' because no interface 'JSX.IntrinsicElements' exists.
docs/examples/rc-dialog/step-2.tsx(33,9): error TS7026: JSX element implicitly has type 'any' because no interface 'JSX.IntrinsicElements' exists.
docs/examples/rc-divider/step-1.tsx(1,21): error TS2307: Cannot find module '@crab-dev/css' or its corresponding type declarations.
docs/examples/rc-divider/step-1.tsx(2,19): error TS2307: Cannot find module '@crab-dev/rc-token-semantic' or its corresponding type declarations.
docs/examples/rc-divider/step-1.tsx(3,21): error TS2307: Cannot find module '@crab-dev/rc-divider' or its corresponding type declarations.
docs/examples/rc-divider/step-1.tsx(11,9): error TS7026: JSX element implicitly has type 'any' because no interface 'JSX.IntrinsicElements' exists.
docs/examples/rc-divider/step-1.tsx(11,9): error TS17004: Cannot use JSX unless the '--jsx' flag is provided.
docs/examples/rc-divider/step-1.tsx(12,13): error TS7026: JSX element implicitly has type 'any' because no interface 'JSX.IntrinsicElements' exists.
docs/examples/rc-divider/step-1.tsx(12,13): error TS17004: Cannot use JSX unless the '--jsx' flag is provided.
docs/examples/rc-divider/step-1.tsx(12,20): error TS7026: JSX element implicitly has type 'any' because no interface 'JSX.IntrinsicElements' exists.
docs/examples/rc-divider/step-1.tsx(13,13): error TS17004: Cannot use JSX unless the '--jsx' flag is provided.
docs/examples/rc-divider/step-1.tsx(14,13): error TS7026: JSX element implicitly has type 'any' because no interface 'JSX.IntrinsicElements' exists.
docs/examples/rc-divider/step-1.tsx(14,13): error TS17004: Cannot use JSX unless the '--jsx' flag is provided.
docs/examples/rc-divider/step-1.tsx(14,20): error TS7026: JSX element implicitly has type 'any' because no interface 'JSX.IntrinsicElements' exists.
docs/examples/rc-divider/step-1.tsx(15,9): error TS7026: JSX element implicitly has type 'any' because no interface 'JSX.IntrinsicElements' exists.
docs/examples/rc-divider/step-2.tsx(1,21): error TS2307: Cannot find module '@crab-dev/css' or its corresponding type declarations.
docs/examples/rc-divider/step-2.tsx(2,19): error TS2307: Cannot find module '@crab-dev/rc-token-semantic' or its corresponding type declarations.
docs/examples/rc-divider/step-2.tsx(3,21): error TS2307: Cannot find module '@crab-dev/rc-divider' or its corresponding type declarations.
docs/examples/rc-divider/step-2.tsx(11,9): error TS7026: JSX element implicitly has type 'any' because no interface 'JSX.IntrinsicElements' exists.
docs/examples/rc-divider/step-2.tsx(11,9): error TS17004: Cannot use JSX unless the '--jsx' flag is provided.
docs/examples/rc-divider/step-2.tsx(12,13): error TS17004: Cannot use JSX unless the '--jsx' flag is provided.
docs/examples/rc-divider/step-2.tsx(13,13): error TS7026: JSX element implicitly has type 'any' because no interface 'JSX.IntrinsicElements' exists.
docs/examples/rc-divider/step-2.tsx(13,13): error TS17004: Cannot use JSX unless the '--jsx' flag is provided.
docs/examples/rc-divider/step-2.tsx(13,28): error TS7026: JSX element implicitly has type 'any' because no interface 'JSX.IntrinsicElements' exists.
docs/examples/rc-divider/step-2.tsx(14,13): error TS17004: Cannot use JSX unless the '--jsx' flag is provided.
docs/examples/rc-divider/step-2.tsx(15,9): error TS7026: JSX element implicitly has type 'any' because no interface 'JSX.IntrinsicElements' exists.
docs/examples/rc-drawer/step-1.tsx(1,26): error TS2307: Cannot find module 'react' or its corresponding type declarations.
docs/examples/rc-drawer/step-1.tsx(2,21): error TS2307: Cannot find module '@crab-dev/css' or its corresponding type declarations.
docs/examples/rc-drawer/step-1.tsx(3,19): error TS2307: Cannot find module '@crab-dev/rc-token-semantic' or its corresponding type declarations.
docs/examples/rc-drawer/step-1.tsx(4,20): error TS2307: Cannot find module '@crab-dev/rc-drawer' or its corresponding type declarations.
docs/examples/rc-drawer/step-1.tsx(5,20): error TS2307: Cannot find module '@crab-dev/rc-button' or its corresponding type declarations.
docs/examples/rc-drawer/step-1.tsx(15,9): error TS7026: JSX element implicitly has type 'any' because no interface 'JSX.IntrinsicElements' exists.
docs/examples/rc-drawer/step-1.tsx(15,9): error TS17004: Cannot use JSX unless the '--jsx' flag is provided.
docs/examples/rc-drawer/step-1.tsx(16,13): error TS17004: Cannot use JSX unless the '--jsx' flag is provided.
docs/examples/rc-drawer/step-1.tsx(17,13): error TS17004: Cannot use JSX unless the '--jsx' flag is provided.
docs/examples/rc-drawer/step-1.tsx(18,17): error TS7026: JSX element implicitly has type 'any' because no interface 'JSX.IntrinsicElements' exists.
docs/examples/rc-drawer/step-1.tsx(18,17): error TS17004: Cannot use JSX unless the '--jsx' flag is provided.
docs/examples/rc-drawer/step-1.tsx(18,27): error TS7026: JSX element implicitly has type 'any' because no interface 'JSX.IntrinsicElements' exists.
docs/examples/rc-drawer/step-1.tsx(20,9): error TS7026: JSX element implicitly has type 'any' because no interface 'JSX.IntrinsicElements' exists.
docs/examples/rc-drawer/step-2.tsx(1,26): error TS2307: Cannot find module 'react' or its corresponding type declarations.
docs/examples/rc-drawer/step-2.tsx(2,21): error TS2307: Cannot find module '@crab-dev/css' or its corresponding type declarations.
docs/examples/rc-drawer/step-2.tsx(3,19): error TS2307: Cannot find module '@crab-dev/rc-token-semantic' or its corresponding type declarations.
docs/examples/rc-drawer/step-2.tsx(4,20): error TS2307: Cannot find module '@crab-dev/rc-drawer' or its corresponding type declarations.
docs/examples/rc-drawer/step-2.tsx(5,20): error TS2307: Cannot find module '@crab-dev/rc-button' or its corresponding type declarations.
docs/examples/rc-drawer/step-2.tsx(16,9): error TS7026: JSX element implicitly has type 'any' because no interface 'JSX.IntrinsicElements' exists.
docs/examples/rc-drawer/step-2.tsx(16,9): error TS17004: Cannot use JSX unless the '--jsx' flag is provided.
docs/examples/rc-drawer/step-2.tsx(17,13): error TS17004: Cannot use JSX unless the '--jsx' flag is provided.
docs/examples/rc-drawer/step-2.tsx(18,13): error TS17004: Cannot use JSX unless the '--jsx' flag is provided.
docs/examples/rc-drawer/step-2.tsx(19,17): error TS7026: JSX element implicitly has type 'any' because no interface 'JSX.IntrinsicElements' exists.
docs/examples/rc-drawer/step-2.tsx(19,17): error TS17004: Cannot use JSX unless the '--jsx' flag is provided.
docs/examples/rc-drawer/step-2.tsx(19,30): error TS7026: JSX element implicitly has type 'any' because no interface 'JSX.IntrinsicElements' exists.
docs/examples/rc-drawer/step-2.tsx(20,17): error TS17004: Cannot use JSX unless the '--jsx' flag is provided.
docs/examples/rc-drawer/step-2.tsx(29,13): error TS7026: JSX element implicitly has type 'any' because no interface 'JSX.IntrinsicElements' exists.
docs/examples/rc-drawer/step-2.tsx(29,13): error TS17004: Cannot use JSX unless the '--jsx' flag is provided.
docs/examples/rc-drawer/step-2.tsx(29,66): error TS7026: JSX element implicitly has type 'any' because no interface 'JSX.IntrinsicElements' exists.
docs/examples/rc-drawer/step-2.tsx(30,9): error TS7026: JSX element implicitly has type 'any' because no interface 'JSX.IntrinsicElements' exists.
docs/examples/rc-dropdown-container/step-1.tsx(1,31): error TS2307: Cannot find module '@crab-dev/rc-dropdown-container' or its corresponding type declarations.
docs/examples/rc-dropdown-container/step-1.tsx(2,20): error TS2307: Cannot find module '@crab-dev/rc-button' or its corresponding type declarations.
docs/examples/rc-dropdown-container/step-1.tsx(7,9): error TS17004: Cannot use JSX unless the '--jsx' flag is provided.
docs/examples/rc-dropdown-container/step-1.tsx(7,37): error TS7026: JSX element implicitly has type 'any' because no interface 'JSX.IntrinsicElements' exists.
docs/examples/rc-dropdown-container/step-1.tsx(7,37): error TS17004: Cannot use JSX unless the '--jsx' flag is provided.
docs/examples/rc-dropdown-container/step-1.tsx(7,48): error TS7026: JSX element implicitly has type 'any' because no interface 'JSX.IntrinsicElements' exists.
docs/examples/rc-dropdown-container/step-1.tsx(8,13): error TS17004: Cannot use JSX unless the '--jsx' flag is provided.
docs/examples/rc-dropdown-container/step-2.tsx(1,26): error TS2307: Cannot find module 'react' or its corresponding type declarations.
docs/examples/rc-dropdown-container/step-2.tsx(2,21): error TS2307: Cannot find module '@crab-dev/css' or its corresponding type declarations.
docs/examples/rc-dropdown-container/step-2.tsx(3,19): error TS2307: Cannot find module '@crab-dev/rc-token-semantic' or its corresponding type declarations.
docs/examples/rc-dropdown-container/step-2.tsx(4,31): error TS2307: Cannot find module '@crab-dev/rc-dropdown-container' or its corresponding type declarations.
docs/examples/rc-dropdown-container/step-2.tsx(5,20): error TS2307: Cannot find module '@crab-dev/rc-button' or its corresponding type declarations.
docs/examples/rc-dropdown-container/step-2.tsx(15,9): error TS7026: JSX element implicitly has type 'any' because no interface 'JSX.IntrinsicElements' exists.
docs/examples/rc-dropdown-container/step-2.tsx(15,9): error TS17004: Cannot use JSX unless the '--jsx' flag is provided.
docs/examples/rc-dropdown-container/step-2.tsx(16,13): error TS17004: Cannot use JSX unless the '--jsx' flag is provided.
docs/examples/rc-dropdown-container/step-2.tsx(18,21): error TS17004: Cannot use JSX unless the '--jsx' flag is provided.
docs/examples/rc-dropdown-container/step-2.tsx(18,54): error TS7006: Parameter 'value' implicitly has an 'any' type.
docs/examples/rc-dropdown-container/step-2.tsx(23,17): error TS17004: Cannot use JSX unless the '--jsx' flag is provided.
docs/examples/rc-dropdown-container/step-2.tsx(25,13): error TS7026: JSX element implicitly has type 'any' because no interface 'JSX.IntrinsicElements' exists.
docs/examples/rc-dropdown-container/step-2.tsx(25,13): error TS17004: Cannot use JSX unless the '--jsx' flag is provided.
docs/examples/rc-dropdown-container/step-2.tsx(25,44): error TS7026: JSX element implicitly has type 'any' because no interface 'JSX.IntrinsicElements' exists.
docs/examples/rc-dropdown-container/step-2.tsx(26,9): error TS7026: JSX element implicitly has type 'any' because no interface 'JSX.IntrinsicElements' exists.
docs/examples/rc-empty/step-1.tsx(1,19): error TS2307: Cannot find module '@crab-dev/rc-empty' or its corresponding type declarations.
docs/examples/rc-empty/step-1.tsx(4,12): error TS17004: Cannot use JSX unless the '--jsx' flag is provided.
docs/examples/rc-empty/step-2.tsx(1,26): error TS2307: Cannot find module 'react' or its corresponding type declarations.
docs/examples/rc-empty/step-2.tsx(2,19): error TS2307: Cannot find module '@crab-dev/rc-empty' or its corresponding type declarations.
docs/examples/rc-empty/step-2.tsx(3,20): error TS2307: Cannot find module '@crab-dev/rc-button' or its corresponding type declarations.
docs/examples/rc-empty/step-2.tsx(9,9): error TS7026: JSX element implicitly has type 'any' because no interface 'JSX.IntrinsicElements' exists.
docs/examples/rc-empty/step-2.tsx(9,9): error TS17004: Cannot use JSX unless the '--jsx' flag is provided.
docs/examples/rc-empty/step-2.tsx(9,38): error TS7026: JSX element implicitly has type 'any' because no interface 'JSX.IntrinsicElements' exists.
docs/examples/rc-empty/step-2.tsx(11,9): error TS17004: Cannot use JSX unless the '--jsx' flag is provided.
docs/examples/rc-empty/step-2.tsx(15,17): error TS17004: Cannot use JSX unless the '--jsx' flag is provided.
docs/examples/rc-flow-diagram/step-1.tsx(1,21): error TS2307: Cannot find module '@crab-dev/css' or its corresponding type declarations.
docs/examples/rc-flow-diagram/step-1.tsx(2,19): error TS2307: Cannot find module '@crab-dev/rc-token-semantic' or its corresponding type declarations.
docs/examples/rc-flow-diagram/step-1.tsx(3,49): error TS2307: Cannot find module '@crab-dev/rc-flow-diagram' or its corresponding type declarations.
docs/examples/rc-flow-diagram/step-1.tsx(29,9): error TS7026: JSX element implicitly has type 'any' because no interface 'JSX.IntrinsicElements' exists.
docs/examples/rc-flow-diagram/step-1.tsx(29,9): error TS17004: Cannot use JSX unless the '--jsx' flag is provided.
docs/examples/rc-flow-diagram/step-1.tsx(30,13): error TS17004: Cannot use JSX unless the '--jsx' flag is provided.
docs/examples/rc-flow-diagram/step-1.tsx(40,21): error TS7031: Binding element 'nodeRects' implicitly has an 'any' type.
docs/examples/rc-flow-diagram/step-1.tsx(40,32): error TS7031: Binding element 'routes' implicitly has an 'any' type.
docs/examples/rc-flow-diagram/step-1.tsx(40,40): error TS7031: Binding element 'crossings' implicitly has an 'any' type.
docs/examples/rc-flow-diagram/step-1.tsx(41,21): error TS17004: Cannot use JSX unless the '--jsx' flag is provided.
docs/examples/rc-flow-diagram/step-1.tsx(45,33): error TS17004: Cannot use JSX unless the '--jsx' flag is provided.
docs/examples/rc-flow-diagram/step-1.tsx(55,33): error TS17004: Cannot use JSX unless the '--jsx' flag is provided.
docs/examples/rc-flow-diagram/step-1.tsx(68,13): error TS7026: JSX element implicitly has type 'any' because no interface 'JSX.IntrinsicElements' exists.
docs/examples/rc-flow-diagram/step-1.tsx(68,13): error TS17004: Cannot use JSX unless the '--jsx' flag is provided.
docs/examples/rc-flow-diagram/step-1.tsx(68,27): error TS7026: JSX element implicitly has type 'any' because no interface 'JSX.IntrinsicElements' exists.
docs/examples/rc-flow-diagram/step-1.tsx(69,9): error TS7026: JSX element implicitly has type 'any' because no interface 'JSX.IntrinsicElements' exists.
docs/examples/rc-flow-diagram/step-2.tsx(1,26): error TS2307: Cannot find module 'react' or its corresponding type declarations.
docs/examples/rc-flow-diagram/step-2.tsx(2,21): error TS2307: Cannot find module '@crab-dev/css' or its corresponding type declarations.
docs/examples/rc-flow-diagram/step-2.tsx(3,19): error TS2307: Cannot find module '@crab-dev/rc-token-semantic' or its corresponding type declarations.
docs/examples/rc-flow-diagram/step-2.tsx(4,49): error TS2307: Cannot find module '@crab-dev/rc-flow-diagram' or its corresponding type declarations.
docs/examples/rc-flow-diagram/step-2.tsx(5,20): error TS2307: Cannot find module '@crab-dev/rc-button' or its corresponding type declarations.
docs/examples/rc-flow-diagram/step-2.tsx(33,9): error TS7026: JSX element implicitly has type 'any' because no interface 'JSX.IntrinsicElements' exists.
docs/examples/rc-flow-diagram/step-2.tsx(33,9): error TS17004: Cannot use JSX unless the '--jsx' flag is provided.
docs/examples/rc-flow-diagram/step-2.tsx(34,13): error TS17004: Cannot use JSX unless the '--jsx' flag is provided.
docs/examples/rc-flow-diagram/step-2.tsx(34,45): error TS7006: Parameter 'value' implicitly has an 'any' type.
docs/examples/rc-flow-diagram/step-2.tsx(37,13): error TS17004: Cannot use JSX unless the '--jsx' flag is provided.
docs/examples/rc-flow-diagram/step-2.tsx(47,21): error TS7031: Binding element 'nodeRects' implicitly has an 'any' type.
docs/examples/rc-flow-diagram/step-2.tsx(47,32): error TS7031: Binding element 'routes' implicitly has an 'any' type.
docs/examples/rc-flow-diagram/step-2.tsx(47,40): error TS7031: Binding element 'crossings' implicitly has an 'any' type.
docs/examples/rc-flow-diagram/step-2.tsx(48,21): error TS17004: Cannot use JSX unless the '--jsx' flag is provided.
docs/examples/rc-flow-diagram/step-2.tsx(52,33): error TS17004: Cannot use JSX unless the '--jsx' flag is provided.
docs/examples/rc-flow-diagram/step-2.tsx(62,33): error TS17004: Cannot use JSX unless the '--jsx' flag is provided.
docs/examples/rc-flow-diagram/step-2.tsx(75,13): error TS7026: JSX element implicitly has type 'any' because no interface 'JSX.IntrinsicElements' exists.
docs/examples/rc-flow-diagram/step-2.tsx(75,13): error TS17004: Cannot use JSX unless the '--jsx' flag is provided.
docs/examples/rc-flow-diagram/step-2.tsx(75,27): error TS7026: JSX element implicitly has type 'any' because no interface 'JSX.IntrinsicElements' exists.
docs/examples/rc-flow-diagram/step-2.tsx(76,9): error TS7026: JSX element implicitly has type 'any' because no interface 'JSX.IntrinsicElements' exists.
docs/examples/rc-form/step-1.tsx(1,26): error TS2307: Cannot find module 'react' or its corresponding type declarations.
docs/examples/rc-form/step-1.tsx(2,21): error TS2307: Cannot find module '@crab-dev/css' or its corresponding type declarations.
docs/examples/rc-form/step-1.tsx(3,19): error TS2307: Cannot find module '@crab-dev/rc-token-semantic' or its corresponding type declarations.
docs/examples/rc-form/step-1.tsx(4,58): error TS2307: Cannot find module '@crab-dev/rc-form' or its corresponding type declarations.
docs/examples/rc-form/step-1.tsx(5,22): error TS2307: Cannot find module '@crab-dev/rc-line-edit' or its corresponding type declarations.
docs/examples/rc-form/step-1.tsx(6,20): error TS2307: Cannot find module '@crab-dev/rc-button' or its corresponding type declarations.
docs/examples/rc-form/step-1.tsx(16,9): error TS17004: Cannot use JSX unless the '--jsx' flag is provided.
docs/examples/rc-form/step-1.tsx(21,24): error TS7006: Parameter 'event' implicitly has an 'any' type.
docs/examples/rc-form/step-1.tsx(31,9): error TS7026: JSX element implicitly has type 'any' because no interface 'JSX.IntrinsicElements' exists.
docs/examples/rc-form/step-1.tsx(31,9): error TS17004: Cannot use JSX unless the '--jsx' flag is provided.
docs/examples/rc-form/step-1.tsx(32,13): error TS17004: Cannot use JSX unless the '--jsx' flag is provided.
docs/examples/rc-form/step-1.tsx(37,41): error TS7006: Parameter 'record' implicitly has an 'any' type.
docs/examples/rc-form/step-1.tsx(41,17): error TS17004: Cannot use JSX unless the '--jsx' flag is provided.
docs/examples/rc-form/step-1.tsx(42,21): error TS17004: Cannot use JSX unless the '--jsx' flag is provided.
docs/examples/rc-form/step-1.tsx(44,17): error TS17004: Cannot use JSX unless the '--jsx' flag is provided.
docs/examples/rc-form/step-1.tsx(46,13): error TS7026: JSX element implicitly has type 'any' because no interface 'JSX.IntrinsicElements' exists.
docs/examples/rc-form/step-1.tsx(46,13): error TS17004: Cannot use JSX unless the '--jsx' flag is provided.
docs/examples/rc-form/step-1.tsx(46,44): error TS7026: JSX element implicitly has type 'any' because no interface 'JSX.IntrinsicElements' exists.
docs/examples/rc-form/step-1.tsx(47,9): error TS7026: JSX element implicitly has type 'any' because no interface 'JSX.IntrinsicElements' exists.
docs/examples/rc-form/step-2.tsx(1,26): error TS2307: Cannot find module 'react' or its corresponding type declarations.
docs/examples/rc-form/step-2.tsx(2,21): error TS2307: Cannot find module '@crab-dev/css' or its corresponding type declarations.
docs/examples/rc-form/step-2.tsx(3,19): error TS2307: Cannot find module '@crab-dev/rc-token-semantic' or its corresponding type declarations.
docs/examples/rc-form/step-2.tsx(4,68): error TS2307: Cannot find module '@crab-dev/rc-form' or its corresponding type declarations.
docs/examples/rc-form/step-2.tsx(5,22): error TS2307: Cannot find module '@crab-dev/rc-line-edit' or its corresponding type declarations.
docs/examples/rc-form/step-2.tsx(6,20): error TS2307: Cannot find module '@crab-dev/rc-button' or its corresponding type declarations.
docs/examples/rc-form/step-2.tsx(16,9): error TS17004: Cannot use JSX unless the '--jsx' flag is provided.
docs/examples/rc-form/step-2.tsx(21,24): error TS7006: Parameter 'event' implicitly has an 'any' type.
docs/examples/rc-form/step-2.tsx(31,9): error TS7026: JSX element implicitly has type 'any' because no interface 'JSX.IntrinsicElements' exists.
docs/examples/rc-form/step-2.tsx(31,9): error TS17004: Cannot use JSX unless the '--jsx' flag is provided.
docs/examples/rc-form/step-2.tsx(32,13): error TS17004: Cannot use JSX unless the '--jsx' flag is provided.
docs/examples/rc-form/step-2.tsx(37,41): error TS7006: Parameter 'record' implicitly has an 'any' type.
docs/examples/rc-form/step-2.tsx(41,17): error TS17004: Cannot use JSX unless the '--jsx' flag is provided.
docs/examples/rc-form/step-2.tsx(54,21): error TS17004: Cannot use JSX unless the '--jsx' flag is provided.
docs/examples/rc-form/step-2.tsx(56,17): error TS17004: Cannot use JSX unless the '--jsx' flag is provided.
docs/examples/rc-form/step-2.tsx(58,13): error TS7026: JSX element implicitly has type 'any' because no interface 'JSX.IntrinsicElements' exists.
docs/examples/rc-form/step-2.tsx(58,13): error TS17004: Cannot use JSX unless the '--jsx' flag is provided.
docs/examples/rc-form/step-2.tsx(58,46): error TS7026: JSX element implicitly has type 'any' because no interface 'JSX.IntrinsicElements' exists.
docs/examples/rc-form/step-2.tsx(59,9): error TS7026: JSX element implicitly has type 'any' because no interface 'JSX.IntrinsicElements' exists.
docs/examples/rc-hooks/step-1.tsx(1,21): error TS2307: Cannot find module '@crab-dev/css' or its corresponding type declarations.
docs/examples/rc-hooks/step-1.tsx(2,19): error TS2307: Cannot find module '@crab-dev/rc-token-semantic' or its corresponding type declarations.
docs/examples/rc-hooks/step-1.tsx(3,38): error TS2307: Cannot find module '@crab-dev/rc-hooks' or its corresponding type declarations.
docs/examples/rc-hooks/step-1.tsx(4,20): error TS2307: Cannot find module '@crab-dev/rc-button' or its corresponding type declarations.
docs/examples/rc-hooks/step-1.tsx(15,9): error TS7026: JSX element implicitly has type 'any' because no interface 'JSX.IntrinsicElements' exists.
docs/examples/rc-hooks/step-1.tsx(15,9): error TS17004: Cannot use JSX unless the '--jsx' flag is provided.
docs/examples/rc-hooks/step-1.tsx(16,13): error TS17004: Cannot use JSX unless the '--jsx' flag is provided.
docs/examples/rc-hooks/step-1.tsx(17,13): error TS7026: JSX element implicitly has type 'any' because no interface 'JSX.IntrinsicElements' exists.
docs/examples/rc-hooks/step-1.tsx(17,13): error TS17004: Cannot use JSX unless the '--jsx' flag is provided.
docs/examples/rc-hooks/step-1.tsx(17,31): error TS7026: JSX element implicitly has type 'any' because no interface 'JSX.IntrinsicElements' exists.
docs/examples/rc-hooks/step-1.tsx(18,9): error TS7026: JSX element implicitly has type 'any' because no interface 'JSX.IntrinsicElements' exists.
docs/examples/rc-hooks/step-2.tsx(1,26): error TS2307: Cannot find module 'react' or its corresponding type declarations.
docs/examples/rc-hooks/step-2.tsx(2,21): error TS2307: Cannot find module '@crab-dev/css' or its corresponding type declarations.
docs/examples/rc-hooks/step-2.tsx(3,19): error TS2307: Cannot find module '@crab-dev/rc-token-semantic' or its corresponding type declarations.
docs/examples/rc-hooks/step-2.tsx(4,38): error TS2307: Cannot find module '@crab-dev/rc-hooks' or its corresponding type declarations.
docs/examples/rc-hooks/step-2.tsx(5,20): error TS2307: Cannot find module '@crab-dev/rc-button' or its corresponding type declarations.
docs/examples/rc-hooks/step-2.tsx(18,9): error TS7026: JSX element implicitly has type 'any' because no interface 'JSX.IntrinsicElements' exists.
docs/examples/rc-hooks/step-2.tsx(18,9): error TS17004: Cannot use JSX unless the '--jsx' flag is provided.
docs/examples/rc-hooks/step-2.tsx(19,13): error TS17004: Cannot use JSX unless the '--jsx' flag is provided.
docs/examples/rc-hooks/step-2.tsx(20,13): error TS17004: Cannot use JSX unless the '--jsx' flag is provided.
docs/examples/rc-hooks/step-2.tsx(21,13): error TS7026: JSX element implicitly has type 'any' because no interface 'JSX.IntrinsicElements' exists.
docs/examples/rc-hooks/step-2.tsx(21,13): error TS17004: Cannot use JSX unless the '--jsx' flag is provided.
docs/examples/rc-hooks/step-2.tsx(21,33): error TS7026: JSX element implicitly has type 'any' because no interface 'JSX.IntrinsicElements' exists.
docs/examples/rc-hooks/step-2.tsx(22,9): error TS7026: JSX element implicitly has type 'any' because no interface 'JSX.IntrinsicElements' exists.
docs/examples/rc-line-edit/step-1.tsx(1,22): error TS2307: Cannot find module '@crab-dev/rc-line-edit' or its corresponding type declarations.
docs/examples/rc-line-edit/step-1.tsx(5,9): error TS7026: JSX element implicitly has type 'any' because no interface 'JSX.IntrinsicElements' exists.
docs/examples/rc-line-edit/step-1.tsx(5,9): error TS17004: Cannot use JSX unless the '--jsx' flag is provided.
docs/examples/rc-line-edit/step-1.tsx(7,13): error TS17004: Cannot use JSX unless the '--jsx' flag is provided.
docs/examples/rc-line-edit/step-1.tsx(8,9): error TS7026: JSX element implicitly has type 'any' because no interface 'JSX.IntrinsicElements' exists.
docs/examples/rc-line-edit/step-2.tsx(1,26): error TS2307: Cannot find module 'react' or its corresponding type declarations.
docs/examples/rc-line-edit/step-2.tsx(2,21): error TS2307: Cannot find module '@crab-dev/css' or its corresponding type declarations.
docs/examples/rc-line-edit/step-2.tsx(3,19): error TS2307: Cannot find module '@crab-dev/rc-token-semantic' or its corresponding type declarations.
docs/examples/rc-line-edit/step-2.tsx(4,22): error TS2307: Cannot find module '@crab-dev/rc-line-edit' or its corresponding type declarations.
docs/examples/rc-line-edit/step-2.tsx(13,9): error TS7026: JSX element implicitly has type 'any' because no interface 'JSX.IntrinsicElements' exists.
docs/examples/rc-line-edit/step-2.tsx(13,9): error TS17004: Cannot use JSX unless the '--jsx' flag is provided.
docs/examples/rc-line-edit/step-2.tsx(14,13): error TS7026: JSX element implicitly has type 'any' because no interface 'JSX.IntrinsicElements' exists.
docs/examples/rc-line-edit/step-2.tsx(14,13): error TS17004: Cannot use JSX unless the '--jsx' flag is provided.
docs/examples/rc-line-edit/step-2.tsx(16,17): error TS17004: Cannot use JSX unless the '--jsx' flag is provided.
docs/examples/rc-line-edit/step-2.tsx(18,32): error TS7006: Parameter 'event' implicitly has an 'any' type.
docs/examples/rc-line-edit/step-2.tsx(24,13): error TS7026: JSX element implicitly has type 'any' because no interface 'JSX.IntrinsicElements' exists.
docs/examples/rc-line-edit/step-2.tsx(25,13): error TS7026: JSX element implicitly has type 'any' because no interface 'JSX.IntrinsicElements' exists.
docs/examples/rc-line-edit/step-2.tsx(25,13): error TS17004: Cannot use JSX unless the '--jsx' flag is provided.
docs/examples/rc-line-edit/step-2.tsx(25,40): error TS7026: JSX element implicitly has type 'any' because no interface 'JSX.IntrinsicElements' exists.
docs/examples/rc-line-edit/step-2.tsx(26,9): error TS7026: JSX element implicitly has type 'any' because no interface 'JSX.IntrinsicElements' exists.
docs/examples/rc-masonry/step-1.tsx(1,21): error TS2307: Cannot find module '@crab-dev/rc-masonry' or its corresponding type declarations.
docs/examples/rc-masonry/step-1.tsx(2,18): error TS2307: Cannot find module '@crab-dev/rc-card' or its corresponding type declarations.
docs/examples/rc-masonry/step-1.tsx(11,5): error TS17004: Cannot use JSX unless the '--jsx' flag is provided.
docs/examples/rc-masonry/step-1.tsx(17,9): error TS17004: Cannot use JSX unless the '--jsx' flag is provided.
docs/examples/rc-masonry/step-2.tsx(1,26): error TS2307: Cannot find module 'react' or its corresponding type declarations.
docs/examples/rc-masonry/step-2.tsx(2,21): error TS2307: Cannot find module '@crab-dev/css' or its corresponding type declarations.
docs/examples/rc-masonry/step-2.tsx(3,19): error TS2307: Cannot find module '@crab-dev/rc-token-semantic' or its corresponding type declarations.
docs/examples/rc-masonry/step-2.tsx(4,21): error TS2307: Cannot find module '@crab-dev/rc-masonry' or its corresponding type declarations.
docs/examples/rc-masonry/step-2.tsx(5,18): error TS2307: Cannot find module '@crab-dev/rc-card' or its corresponding type declarations.
docs/examples/rc-masonry/step-2.tsx(6,20): error TS2307: Cannot find module '@crab-dev/rc-button' or its corresponding type declarations.
docs/examples/rc-masonry/step-2.tsx(20,5): error TS17004: Cannot use JSX unless the '--jsx' flag is provided.
docs/examples/rc-masonry/step-2.tsx(27,9): error TS7026: JSX element implicitly has type 'any' because no interface 'JSX.IntrinsicElements' exists.
docs/examples/rc-masonry/step-2.tsx(27,9): error TS17004: Cannot use JSX unless the '--jsx' flag is provided.
docs/examples/rc-masonry/step-2.tsx(28,13): error TS17004: Cannot use JSX unless the '--jsx' flag is provided.
docs/examples/rc-masonry/step-2.tsx(28,48): error TS7006: Parameter 'value' implicitly has an 'any' type.
docs/examples/rc-masonry/step-2.tsx(31,13): error TS17004: Cannot use JSX unless the '--jsx' flag is provided.
docs/examples/rc-masonry/step-2.tsx(34,9): error TS7026: JSX element implicitly has type 'any' because no interface 'JSX.IntrinsicElements' exists.
docs/examples/rc-menu/step-1.tsx(1,36): error TS2307: Cannot find module '@crab-dev/rc-menu' or its corresponding type declarations.
docs/examples/rc-menu/step-1.tsx(16,12): error TS17004: Cannot use JSX unless the '--jsx' flag is provided.
docs/examples/rc-menu/step-2.tsx(1,26): error TS2307: Cannot find module 'react' or its corresponding type declarations.
docs/examples/rc-menu/step-2.tsx(2,21): error TS2307: Cannot find module '@crab-dev/css' or its corresponding type declarations.
docs/examples/rc-menu/step-2.tsx(3,19): error TS2307: Cannot find module '@crab-dev/rc-token-semantic' or its corresponding type declarations.
docs/examples/rc-menu/step-2.tsx(4,36): error TS2307: Cannot find module '@crab-dev/rc-menu' or its corresponding type declarations.
docs/examples/rc-menu/step-2.tsx(25,9): error TS7026: JSX element implicitly has type 'any' because no interface 'JSX.IntrinsicElements' exists.
docs/examples/rc-menu/step-2.tsx(25,9): error TS17004: Cannot use JSX unless the '--jsx' flag is provided.
docs/examples/rc-menu/step-2.tsx(26,13): error TS17004: Cannot use JSX unless the '--jsx' flag is provided.
docs/examples/rc-menu/step-2.tsx(30,34): error TS7031: Binding element 'selectedKeys' implicitly has an 'any' type.
docs/examples/rc-menu/step-2.tsx(32,13): error TS7026: JSX element implicitly has type 'any' because no interface 'JSX.IntrinsicElements' exists.
docs/examples/rc-menu/step-2.tsx(32,13): error TS17004: Cannot use JSX unless the '--jsx' flag is provided.
docs/examples/rc-menu/step-2.tsx(32,71): error TS7026: JSX element implicitly has type 'any' because no interface 'JSX.IntrinsicElements' exists.
docs/examples/rc-menu/step-2.tsx(33,9): error TS7026: JSX element implicitly has type 'any' because no interface 'JSX.IntrinsicElements' exists.
docs/examples/rc-message/step-1.tsx(1,21): error TS2307: Cannot find module '@crab-dev/css' or its corresponding type declarations.
docs/examples/rc-message/step-1.tsx(2,19): error TS2307: Cannot find module '@crab-dev/rc-token-semantic' or its corresponding type declarations.
docs/examples/rc-message/step-1.tsx(3,28): error TS2307: Cannot find module '@crab-dev/rc-message' or its corresponding type declarations.
docs/examples/rc-message/step-1.tsx(4,20): error TS2307: Cannot find module '@crab-dev/rc-button' or its corresponding type declarations.
docs/examples/rc-message/step-1.tsx(14,9): error TS7026: JSX element implicitly has type 'any' because no interface 'JSX.IntrinsicElements' exists.
docs/examples/rc-message/step-1.tsx(14,9): error TS17004: Cannot use JSX unless the '--jsx' flag is provided.
docs/examples/rc-message/step-1.tsx(16,13): error TS17004: Cannot use JSX unless the '--jsx' flag is provided.
docs/examples/rc-message/step-1.tsx(17,9): error TS7026: JSX element implicitly has type 'any' because no interface 'JSX.IntrinsicElements' exists.
docs/examples/rc-message/step-2.tsx(1,21): error TS2307: Cannot find module '@crab-dev/css' or its corresponding type declarations.
docs/examples/rc-message/step-2.tsx(2,19): error TS2307: Cannot find module '@crab-dev/rc-token-semantic' or its corresponding type declarations.
docs/examples/rc-message/step-2.tsx(3,28): error TS2307: Cannot find module '@crab-dev/rc-message' or its corresponding type declarations.
docs/examples/rc-message/step-2.tsx(4,20): error TS2307: Cannot find module '@crab-dev/rc-button' or its corresponding type declarations.
docs/examples/rc-message/step-2.tsx(14,9): error TS7026: JSX element implicitly has type 'any' because no interface 'JSX.IntrinsicElements' exists.
docs/examples/rc-message/step-2.tsx(14,9): error TS17004: Cannot use JSX unless the '--jsx' flag is provided.
docs/examples/rc-message/step-2.tsx(16,13): error TS17004: Cannot use JSX unless the '--jsx' flag is provided.
docs/examples/rc-message/step-2.tsx(17,13): error TS17004: Cannot use JSX unless the '--jsx' flag is provided.
docs/examples/rc-message/step-2.tsx(18,9): error TS7026: JSX element implicitly has type 'any' because no interface 'JSX.IntrinsicElements' exists.
docs/examples/rc-notification/step-1.tsx(1,21): error TS2307: Cannot find module '@crab-dev/css' or its corresponding type declarations.
docs/examples/rc-notification/step-1.tsx(2,19): error TS2307: Cannot find module '@crab-dev/rc-token-semantic' or its corresponding type declarations.
docs/examples/rc-notification/step-1.tsx(3,33): error TS2307: Cannot find module '@crab-dev/rc-notification' or its corresponding type declarations.
docs/examples/rc-notification/step-1.tsx(4,20): error TS2307: Cannot find module '@crab-dev/rc-button' or its corresponding type declarations.
docs/examples/rc-notification/step-1.tsx(14,9): error TS7026: JSX element implicitly has type 'any' because no interface 'JSX.IntrinsicElements' exists.
docs/examples/rc-notification/step-1.tsx(14,9): error TS17004: Cannot use JSX unless the '--jsx' flag is provided.
docs/examples/rc-notification/step-1.tsx(16,13): error TS17004: Cannot use JSX unless the '--jsx' flag is provided.
docs/examples/rc-notification/step-1.tsx(27,9): error TS7026: JSX element implicitly has type 'any' because no interface 'JSX.IntrinsicElements' exists.
docs/examples/rc-notification/step-2.tsx(1,26): error TS2307: Cannot find module 'react' or its corresponding type declarations.
docs/examples/rc-notification/step-2.tsx(2,21): error TS2307: Cannot find module '@crab-dev/css' or its corresponding type declarations.
docs/examples/rc-notification/step-2.tsx(3,19): error TS2307: Cannot find module '@crab-dev/rc-token-semantic' or its corresponding type declarations.
docs/examples/rc-notification/step-2.tsx(4,33): error TS2307: Cannot find module '@crab-dev/rc-notification' or its corresponding type declarations.
docs/examples/rc-notification/step-2.tsx(5,20): error TS2307: Cannot find module '@crab-dev/rc-button' or its corresponding type declarations.
docs/examples/rc-notification/step-2.tsx(16,9): error TS7026: JSX element implicitly has type 'any' because no interface 'JSX.IntrinsicElements' exists.
docs/examples/rc-notification/step-2.tsx(16,9): error TS17004: Cannot use JSX unless the '--jsx' flag is provided.
docs/examples/rc-notification/step-2.tsx(18,13): error TS17004: Cannot use JSX unless the '--jsx' flag is provided.
docs/examples/rc-notification/step-2.tsx(18,45): error TS7006: Parameter 'value' implicitly has an 'any' type.
docs/examples/rc-notification/step-2.tsx(21,13): error TS17004: Cannot use JSX unless the '--jsx' flag is provided.
docs/examples/rc-notification/step-2.tsx(33,9): error TS7026: JSX element implicitly has type 'any' because no interface 'JSX.IntrinsicElements' exists.
docs/examples/rc-number-edit/step-1.tsx(1,24): error TS2307: Cannot find module '@crab-dev/rc-number-edit' or its corresponding type declarations.
docs/examples/rc-number-edit/step-1.tsx(5,9): error TS7026: JSX element implicitly has type 'any' because no interface 'JSX.IntrinsicElements' exists.
docs/examples/rc-number-edit/step-1.tsx(5,9): error TS17004: Cannot use JSX unless the '--jsx' flag is provided.
docs/examples/rc-number-edit/step-1.tsx(7,13): error TS17004: Cannot use JSX unless the '--jsx' flag is provided.
docs/examples/rc-number-edit/step-1.tsx(8,9): error TS7026: JSX element implicitly has type 'any' because no interface 'JSX.IntrinsicElements' exists.
docs/examples/rc-number-edit/step-2.tsx(1,26): error TS2307: Cannot find module 'react' or its corresponding type declarations.
docs/examples/rc-number-edit/step-2.tsx(2,21): error TS2307: Cannot find module '@crab-dev/css' or its corresponding type declarations.
docs/examples/rc-number-edit/step-2.tsx(3,19): error TS2307: Cannot find module '@crab-dev/rc-token-semantic' or its corresponding type declarations.
docs/examples/rc-number-edit/step-2.tsx(4,24): error TS2307: Cannot find module '@crab-dev/rc-number-edit' or its corresponding type declarations.
docs/examples/rc-number-edit/step-2.tsx(13,9): error TS7026: JSX element implicitly has type 'any' because no interface 'JSX.IntrinsicElements' exists.
docs/examples/rc-number-edit/step-2.tsx(13,9): error TS17004: Cannot use JSX unless the '--jsx' flag is provided.
docs/examples/rc-number-edit/step-2.tsx(14,13): error TS7026: JSX element implicitly has type 'any' because no interface 'JSX.IntrinsicElements' exists.
docs/examples/rc-number-edit/step-2.tsx(14,13): error TS17004: Cannot use JSX unless the '--jsx' flag is provided.
docs/examples/rc-number-edit/step-2.tsx(16,17): error TS17004: Cannot use JSX unless the '--jsx' flag is provided.
docs/examples/rc-number-edit/step-2.tsx(17,13): error TS7026: JSX element implicitly has type 'any' because no interface 'JSX.IntrinsicElements' exists.
docs/examples/rc-number-edit/step-2.tsx(18,13): error TS7026: JSX element implicitly has type 'any' because no interface 'JSX.IntrinsicElements' exists.
docs/examples/rc-number-edit/step-2.tsx(18,13): error TS17004: Cannot use JSX unless the '--jsx' flag is provided.
docs/examples/rc-number-edit/step-2.tsx(18,44): error TS7026: JSX element implicitly has type 'any' because no interface 'JSX.IntrinsicElements' exists.
docs/examples/rc-number-edit/step-2.tsx(19,9): error TS7026: JSX element implicitly has type 'any' because no interface 'JSX.IntrinsicElements' exists.
docs/examples/rc-pagination/step-1.tsx(1,24): error TS2307: Cannot find module '@crab-dev/rc-pagination' or its corresponding type declarations.
docs/examples/rc-pagination/step-1.tsx(4,12): error TS17004: Cannot use JSX unless the '--jsx' flag is provided.
docs/examples/rc-pagination/step-2.tsx(1,26): error TS2307: Cannot find module 'react' or its corresponding type declarations.
docs/examples/rc-pagination/step-2.tsx(2,21): error TS2307: Cannot find module '@crab-dev/css' or its corresponding type declarations.
docs/examples/rc-pagination/step-2.tsx(3,19): error TS2307: Cannot find module '@crab-dev/rc-token-semantic' or its corresponding type declarations.
docs/examples/rc-pagination/step-2.tsx(4,24): error TS2307: Cannot find module '@crab-dev/rc-pagination' or its corresponding type declarations.
docs/examples/rc-pagination/step-2.tsx(13,9): error TS7026: JSX element implicitly has type 'any' because no interface 'JSX.IntrinsicElements' exists.
docs/examples/rc-pagination/step-2.tsx(13,9): error TS17004: Cannot use JSX unless the '--jsx' flag is provided.
docs/examples/rc-pagination/step-2.tsx(14,13): error TS7026: JSX element implicitly has type 'any' because no interface 'JSX.IntrinsicElements' exists.
docs/examples/rc-pagination/step-2.tsx(14,13): error TS17004: Cannot use JSX unless the '--jsx' flag is provided.
docs/examples/rc-pagination/step-2.tsx(23,25): error TS7026: JSX element implicitly has type 'any' because no interface 'JSX.IntrinsicElements' exists.
docs/examples/rc-pagination/step-2.tsx(23,25): error TS17004: Cannot use JSX unless the '--jsx' flag is provided.
docs/examples/rc-pagination/step-2.tsx(23,46): error TS7026: JSX element implicitly has type 'any' because no interface 'JSX.IntrinsicElements' exists.
docs/examples/rc-pagination/step-2.tsx(25,13): error TS7026: JSX element implicitly has type 'any' because no interface 'JSX.IntrinsicElements' exists.
docs/examples/rc-pagination/step-2.tsx(26,13): error TS17004: Cannot use JSX unless the '--jsx' flag is provided.
docs/examples/rc-pagination/step-2.tsx(27,9): error TS7026: JSX element implicitly has type 'any' because no interface 'JSX.IntrinsicElements' exists.
docs/examples/rc-prose/step-1.tsx(1,19): error TS2307: Cannot find module '@crab-dev/rc-prose' or its corresponding type declarations.
docs/examples/rc-prose/step-1.tsx(5,9): error TS17004: Cannot use JSX unless the '--jsx' flag is provided.
docs/examples/rc-prose/step-1.tsx(6,13): error TS7026: JSX element implicitly has type 'any' because no interface 'JSX.IntrinsicElements' exists.
docs/examples/rc-prose/step-1.tsx(6,13): error TS17004: Cannot use JSX unless the '--jsx' flag is provided.
docs/examples/rc-prose/step-1.tsx(6,21): error TS7026: JSX element implicitly has type 'any' because no interface 'JSX.IntrinsicElements' exists.
docs/examples/rc-prose/step-1.tsx(7,13): error TS7026: JSX element implicitly has type 'any' because no interface 'JSX.IntrinsicElements' exists.
docs/examples/rc-prose/step-1.tsx(7,13): error TS17004: Cannot use JSX unless the '--jsx' flag is provided.
docs/examples/rc-prose/step-1.tsx(7,32): error TS7026: JSX element implicitly has type 'any' because no interface 'JSX.IntrinsicElements' exists.
docs/examples/rc-prose/step-1.tsx(8,13): error TS7026: JSX element implicitly has type 'any' because no interface 'JSX.IntrinsicElements' exists.
docs/examples/rc-prose/step-1.tsx(8,13): error TS17004: Cannot use JSX unless the '--jsx' flag is provided.
docs/examples/rc-prose/step-1.tsx(9,17): error TS7026: JSX element implicitly has type 'any' because no interface 'JSX.IntrinsicElements' exists.
docs/examples/rc-prose/step-1.tsx(9,17): error TS17004: Cannot use JSX unless the '--jsx' flag is provided.
docs/examples/rc-prose/step-1.tsx(9,28): error TS7026: JSX element implicitly has type 'any' because no interface 'JSX.IntrinsicElements' exists.
docs/examples/rc-prose/step-1.tsx(10,17): error TS7026: JSX element implicitly has type 'any' because no interface 'JSX.IntrinsicElements' exists.
docs/examples/rc-prose/step-1.tsx(10,17): error TS17004: Cannot use JSX unless the '--jsx' flag is provided.
docs/examples/rc-prose/step-1.tsx(10,28): error TS7026: JSX element implicitly has type 'any' because no interface 'JSX.IntrinsicElements' exists.
docs/examples/rc-prose/step-1.tsx(11,13): error TS7026: JSX element implicitly has type 'any' because no interface 'JSX.IntrinsicElements' exists.
docs/examples/rc-prose/step-2.tsx(1,26): error TS2307: Cannot find module 'react' or its corresponding type declarations.
docs/examples/rc-prose/step-2.tsx(2,21): error TS2307: Cannot find module '@crab-dev/css' or its corresponding type declarations.
docs/examples/rc-prose/step-2.tsx(3,19): error TS2307: Cannot find module '@crab-dev/rc-token-semantic' or its corresponding type declarations.
docs/examples/rc-prose/step-2.tsx(4,19): error TS2307: Cannot find module '@crab-dev/rc-prose' or its corresponding type declarations.
docs/examples/rc-prose/step-2.tsx(5,20): error TS2307: Cannot find module '@crab-dev/rc-button' or its corresponding type declarations.
docs/examples/rc-prose/step-2.tsx(15,9): error TS7026: JSX element implicitly has type 'any' because no interface 'JSX.IntrinsicElements' exists.
docs/examples/rc-prose/step-2.tsx(15,9): error TS17004: Cannot use JSX unless the '--jsx' flag is provided.
docs/examples/rc-prose/step-2.tsx(16,13): error TS17004: Cannot use JSX unless the '--jsx' flag is provided.
docs/examples/rc-prose/step-2.tsx(16,46): error TS7006: Parameter 'value' implicitly has an 'any' type.
docs/examples/rc-prose/step-2.tsx(17,13): error TS17004: Cannot use JSX unless the '--jsx' flag is provided.
docs/examples/rc-prose/step-2.tsx(18,17): error TS7026: JSX element implicitly has type 'any' because no interface 'JSX.IntrinsicElements' exists.
docs/examples/rc-prose/step-2.tsx(18,17): error TS17004: Cannot use JSX unless the '--jsx' flag is provided.
docs/examples/rc-prose/step-2.tsx(18,25): error TS7026: JSX element implicitly has type 'any' because no interface 'JSX.IntrinsicElements' exists.
docs/examples/rc-prose/step-2.tsx(19,17): error TS7026: JSX element implicitly has type 'any' because no interface 'JSX.IntrinsicElements' exists.
docs/examples/rc-prose/step-2.tsx(19,17): error TS17004: Cannot use JSX unless the '--jsx' flag is provided.
docs/examples/rc-prose/step-2.tsx(19,35): error TS7026: JSX element implicitly has type 'any' because no interface 'JSX.IntrinsicElements' exists.
docs/examples/rc-prose/step-2.tsx(21,9): error TS7026: JSX element implicitly has type 'any' because no interface 'JSX.IntrinsicElements' exists.
docs/examples/rc-radio/step-1.tsx(1,35): error TS2307: Cannot find module '@crab-dev/rc-radio' or its corresponding type declarations.
docs/examples/rc-radio/step-1.tsx(5,9): error TS17004: Cannot use JSX unless the '--jsx' flag is provided.
docs/examples/rc-radio/step-1.tsx(6,13): error TS17004: Cannot use JSX unless the '--jsx' flag is provided.
docs/examples/rc-radio/step-1.tsx(7,13): error TS17004: Cannot use JSX unless the '--jsx' flag is provided.
docs/examples/rc-radio/step-2.tsx(1,26): error TS2307: Cannot find module 'react' or its corresponding type declarations.
docs/examples/rc-radio/step-2.tsx(2,21): error TS2307: Cannot find module '@crab-dev/css' or its corresponding type declarations.
docs/examples/rc-radio/step-2.tsx(3,19): error TS2307: Cannot find module '@crab-dev/rc-token-semantic' or its corresponding type declarations.
docs/examples/rc-radio/step-2.tsx(4,35): error TS2307: Cannot find module '@crab-dev/rc-radio' or its corresponding type declarations.
docs/examples/rc-radio/step-2.tsx(13,9): error TS7026: JSX element implicitly has type 'any' because no interface 'JSX.IntrinsicElements' exists.
docs/examples/rc-radio/step-2.tsx(13,9): error TS17004: Cannot use JSX unless the '--jsx' flag is provided.
docs/examples/rc-radio/step-2.tsx(14,13): error TS17004: Cannot use JSX unless the '--jsx' flag is provided.
docs/examples/rc-radio/step-2.tsx(15,17): error TS17004: Cannot use JSX unless the '--jsx' flag is provided.
docs/examples/rc-radio/step-2.tsx(16,17): error TS17004: Cannot use JSX unless the '--jsx' flag is provided.
docs/examples/rc-radio/step-2.tsx(18,13): error TS7026: JSX element implicitly has type 'any' because no interface 'JSX.IntrinsicElements' exists.
docs/examples/rc-radio/step-2.tsx(18,13): error TS17004: Cannot use JSX unless the '--jsx' flag is provided.
docs/examples/rc-radio/step-2.tsx(18,32): error TS7026: JSX element implicitly has type 'any' because no interface 'JSX.IntrinsicElements' exists.
docs/examples/rc-radio/step-2.tsx(19,9): error TS7026: JSX element implicitly has type 'any' because no interface 'JSX.IntrinsicElements' exists.
docs/examples/rc-realm/step-1.tsx(1,44): error TS2307: Cannot find module 'react' or its corresponding type declarations.
docs/examples/rc-realm/step-1.tsx(2,45): error TS2307: Cannot find module '@crab-dev/rc-realm' or its corresponding type declarations.
docs/examples/rc-realm/step-1.tsx(5,12): error TS7026: JSX element implicitly has type 'any' because no interface 'JSX.IntrinsicElements' exists.
docs/examples/rc-realm/step-1.tsx(5,12): error TS17004: Cannot use JSX unless the '--jsx' flag is provided.
docs/examples/rc-realm/step-1.tsx(5,24): error TS7026: JSX element implicitly has type 'any' because no interface 'JSX.IntrinsicElements' exists.
docs/examples/rc-realm/step-1.tsx(26,9): error TS17004: Cannot use JSX unless the '--jsx' flag is provided.
docs/examples/rc-realm/step-1.tsx(35,9): error TS7026: JSX element implicitly has type 'any' because no interface 'JSX.IntrinsicElements' exists.
docs/examples/rc-realm/step-1.tsx(35,9): error TS17004: Cannot use JSX unless the '--jsx' flag is provided.
docs/examples/rc-realm/step-1.tsx(35,21): error TS7026: JSX element implicitly has type 'any' because no interface 'JSX.IntrinsicElements' exists.
docs/examples/rc-realm/step-2.tsx(1,44): error TS2307: Cannot find module 'react' or its corresponding type declarations.
docs/examples/rc-realm/step-2.tsx(2,21): error TS2307: Cannot find module '@crab-dev/css' or its corresponding type declarations.
docs/examples/rc-realm/step-2.tsx(3,19): error TS2307: Cannot find module '@crab-dev/rc-token-semantic' or its corresponding type declarations.
docs/examples/rc-realm/step-2.tsx(4,45): error TS2307: Cannot find module '@crab-dev/rc-realm' or its corresponding type declarations.
docs/examples/rc-realm/step-2.tsx(5,20): error TS2307: Cannot find module '@crab-dev/rc-button' or its corresponding type declarations.
docs/examples/rc-realm/step-2.tsx(13,12): error TS7026: JSX element implicitly has type 'any' because no interface 'JSX.IntrinsicElements' exists.
docs/examples/rc-realm/step-2.tsx(13,12): error TS17004: Cannot use JSX unless the '--jsx' flag is provided.
docs/examples/rc-realm/step-2.tsx(13,24): error TS7026: JSX element implicitly has type 'any' because no interface 'JSX.IntrinsicElements' exists.
docs/examples/rc-realm/step-2.tsx(35,9): error TS7026: JSX element implicitly has type 'any' because no interface 'JSX.IntrinsicElements' exists.
docs/examples/rc-realm/step-2.tsx(35,9): error TS17004: Cannot use JSX unless the '--jsx' flag is provided.
docs/examples/rc-realm/step-2.tsx(36,13): error TS17004: Cannot use JSX unless the '--jsx' flag is provided.
docs/examples/rc-realm/step-2.tsx(38,33): error TS7006: Parameter 'value' implicitly has an 'any' type.
docs/examples/rc-realm/step-2.tsx(44,17): error TS17004: Cannot use JSX unless the '--jsx' flag is provided.
docs/examples/rc-realm/step-2.tsx(53,17): error TS7026: JSX element implicitly has type 'any' because no interface 'JSX.IntrinsicElements' exists.
docs/examples/rc-realm/step-2.tsx(53,17): error TS17004: Cannot use JSX unless the '--jsx' flag is provided.
docs/examples/rc-realm/step-2.tsx(53,29): error TS7026: JSX element implicitly has type 'any' because no interface 'JSX.IntrinsicElements' exists.
docs/examples/rc-realm/step-2.tsx(55,9): error TS7026: JSX element implicitly has type 'any' because no interface 'JSX.IntrinsicElements' exists.
docs/examples/rc-router/step-1.tsx(1,37): error TS2307: Cannot find module 'react' or its corresponding type declarations.
docs/examples/rc-router/step-1.tsx(2,21): error TS2307: Cannot find module '@crab-dev/css' or its corresponding type declarations.
docs/examples/rc-router/step-1.tsx(3,19): error TS2307: Cannot find module '@crab-dev/rc-token-semantic' or its corresponding type declarations.
docs/examples/rc-router/step-1.tsx(4,51): error TS2307: Cannot find module '@crab-dev/rc-router' or its corresponding type declarations.
docs/examples/rc-router/step-1.tsx(13,13): error TS17004: Cannot use JSX unless the '--jsx' flag is provided.
docs/examples/rc-router/step-1.tsx(14,17): error TS7026: JSX element implicitly has type 'any' because no interface 'JSX.IntrinsicElements' exists.
docs/examples/rc-router/step-1.tsx(14,17): error TS17004: Cannot use JSX unless the '--jsx' flag is provided.
docs/examples/rc-router/step-1.tsx(14,24): error TS7026: JSX element implicitly has type 'any' because no interface 'JSX.IntrinsicElements' exists.
docs/examples/rc-router/step-1.tsx(15,17): error TS17004: Cannot use JSX unless the '--jsx' flag is provided.
docs/examples/rc-router/step-1.tsx(21,18): error TS7026: JSX element implicitly has type 'any' because no interface 'JSX.IntrinsicElements' exists.
docs/examples/rc-router/step-1.tsx(21,18): error TS17004: Cannot use JSX unless the '--jsx' flag is provided.
docs/examples/rc-router/step-1.tsx(21,29): error TS7026: JSX element implicitly has type 'any' because no interface 'JSX.IntrinsicElements' exists.
docs/examples/rc-router/step-1.tsx(86,9): error TS7026: JSX element implicitly has type 'any' because no interface 'JSX.IntrinsicElements' exists.
docs/examples/rc-router/step-1.tsx(86,9): error TS17004: Cannot use JSX unless the '--jsx' flag is provided.
docs/examples/rc-router/step-1.tsx(87,13): error TS7026: JSX element implicitly has type 'any' because no interface 'JSX.IntrinsicElements' exists.
docs/examples/rc-router/step-1.tsx(87,13): error TS17004: Cannot use JSX unless the '--jsx' flag is provided.
docs/examples/rc-router/step-1.tsx(88,30): error TS17004: Cannot use JSX unless the '--jsx' flag is provided.
docs/examples/rc-router/step-1.tsx(89,9): error TS7026: JSX element implicitly has type 'any' because no interface 'JSX.IntrinsicElements' exists.
docs/examples/rc-router/step-2.tsx(1,37): error TS2307: Cannot find module 'react' or its corresponding type declarations.
docs/examples/rc-router/step-2.tsx(2,21): error TS2307: Cannot find module '@crab-dev/css' or its corresponding type declarations.
docs/examples/rc-router/step-2.tsx(3,19): error TS2307: Cannot find module '@crab-dev/rc-token-semantic' or its corresponding type declarations.
docs/examples/rc-router/step-2.tsx(4,51): error TS2307: Cannot find module '@crab-dev/rc-router' or its corresponding type declarations.
docs/examples/rc-router/step-2.tsx(13,13): error TS17004: Cannot use JSX unless the '--jsx' flag is provided.
docs/examples/rc-router/step-2.tsx(14,17): error TS7026: JSX element implicitly has type 'any' because no interface 'JSX.IntrinsicElements' exists.
docs/examples/rc-router/step-2.tsx(14,17): error TS17004: Cannot use JSX unless the '--jsx' flag is provided.
docs/examples/rc-router/step-2.tsx(14,24): error TS7026: JSX element implicitly has type 'any' because no interface 'JSX.IntrinsicElements' exists.
docs/examples/rc-router/step-2.tsx(15,17): error TS17004: Cannot use JSX unless the '--jsx' flag is provided.
docs/examples/rc-router/step-2.tsx(21,18): error TS7026: JSX element implicitly has type 'any' because no interface 'JSX.IntrinsicElements' exists.
docs/examples/rc-router/step-2.tsx(21,18): error TS17004: Cannot use JSX unless the '--jsx' flag is provided.
docs/examples/rc-router/step-2.tsx(21,29): error TS7026: JSX element implicitly has type 'any' because no interface 'JSX.IntrinsicElements' exists.
docs/examples/rc-router/step-2.tsx(29,13): error TS17004: Cannot use JSX unless the '--jsx' flag is provided.
docs/examples/rc-router/step-2.tsx(30,17): error TS7026: JSX element implicitly has type 'any' because no interface 'JSX.IntrinsicElements' exists.
docs/examples/rc-router/step-2.tsx(30,17): error TS17004: Cannot use JSX unless the '--jsx' flag is provided.
docs/examples/rc-router/step-2.tsx(30,28): error TS7026: JSX element implicitly has type 'any' because no interface 'JSX.IntrinsicElements' exists.
docs/examples/rc-router/step-2.tsx(31,17): error TS17004: Cannot use JSX unless the '--jsx' flag is provided.
docs/examples/rc-router/step-2.tsx(99,9): error TS7026: JSX element implicitly has type 'any' because no interface 'JSX.IntrinsicElements' exists.
docs/examples/rc-router/step-2.tsx(99,9): error TS17004: Cannot use JSX unless the '--jsx' flag is provided.
docs/examples/rc-router/step-2.tsx(100,13): error TS7026: JSX element implicitly has type 'any' because no interface 'JSX.IntrinsicElements' exists.
docs/examples/rc-router/step-2.tsx(100,13): error TS17004: Cannot use JSX unless the '--jsx' flag is provided.
docs/examples/rc-router/step-2.tsx(101,30): error TS17004: Cannot use JSX unless the '--jsx' flag is provided.
docs/examples/rc-router/step-2.tsx(102,9): error TS7026: JSX element implicitly has type 'any' because no interface 'JSX.IntrinsicElements' exists.
docs/examples/rc-segmented/step-1.tsx(1,23): error TS2307: Cannot find module '@crab-dev/rc-segmented' or its corresponding type declarations.
docs/examples/rc-segmented/step-1.tsx(4,12): error TS17004: Cannot use JSX unless the '--jsx' flag is provided.
docs/examples/rc-segmented/step-2.tsx(1,26): error TS2307: Cannot find module 'react' or its corresponding type declarations.
docs/examples/rc-segmented/step-2.tsx(2,21): error TS2307: Cannot find module '@crab-dev/css' or its corresponding type declarations.
docs/examples/rc-segmented/step-2.tsx(3,19): error TS2307: Cannot find module '@crab-dev/rc-token-semantic' or its corresponding type declarations.
docs/examples/rc-segmented/step-2.tsx(4,23): error TS2307: Cannot find module '@crab-dev/rc-segmented' or its corresponding type declarations.
docs/examples/rc-segmented/step-2.tsx(13,9): error TS7026: JSX element implicitly has type 'any' because no interface 'JSX.IntrinsicElements' exists.
docs/examples/rc-segmented/step-2.tsx(13,9): error TS17004: Cannot use JSX unless the '--jsx' flag is provided.
docs/examples/rc-segmented/step-2.tsx(14,13): error TS17004: Cannot use JSX unless the '--jsx' flag is provided.
docs/examples/rc-segmented/step-2.tsx(15,13): error TS7026: JSX element implicitly has type 'any' because no interface 'JSX.IntrinsicElements' exists.
docs/examples/rc-segmented/step-2.tsx(15,13): error TS17004: Cannot use JSX unless the '--jsx' flag is provided.
docs/examples/rc-segmented/step-2.tsx(15,35): error TS7026: JSX element implicitly has type 'any' because no interface 'JSX.IntrinsicElements' exists.
docs/examples/rc-segmented/step-2.tsx(16,9): error TS7026: JSX element implicitly has type 'any' because no interface 'JSX.IntrinsicElements' exists.
docs/examples/rc-select/step-1.tsx(1,20): error TS2307: Cannot find module '@crab-dev/rc-select' or its corresponding type declarations.
docs/examples/rc-select/step-1.tsx(18,12): error TS17004: Cannot use JSX unless the '--jsx' flag is provided.
docs/examples/rc-select/step-2.tsx(1,26): error TS2307: Cannot find module 'react' or its corresponding type declarations.
docs/examples/rc-select/step-2.tsx(2,21): error TS2307: Cannot find module '@crab-dev/css' or its corresponding type declarations.
docs/examples/rc-select/step-2.tsx(3,19): error TS2307: Cannot find module '@crab-dev/rc-token-semantic' or its corresponding type declarations.
docs/examples/rc-select/step-2.tsx(4,20): error TS2307: Cannot find module '@crab-dev/rc-select' or its corresponding type declarations.
docs/examples/rc-select/step-2.tsx(27,9): error TS7026: JSX element implicitly has type 'any' because no interface 'JSX.IntrinsicElements' exists.
docs/examples/rc-select/step-2.tsx(27,9): error TS17004: Cannot use JSX unless the '--jsx' flag is provided.
docs/examples/rc-select/step-2.tsx(28,13): error TS17004: Cannot use JSX unless the '--jsx' flag is provided.
docs/examples/rc-select/step-2.tsx(37,13): error TS7026: JSX element implicitly has type 'any' because no interface 'JSX.IntrinsicElements' exists.
docs/examples/rc-select/step-2.tsx(37,13): error TS17004: Cannot use JSX unless the '--jsx' flag is provided.
docs/examples/rc-select/step-2.tsx(37,41): error TS7026: JSX element implicitly has type 'any' because no interface 'JSX.IntrinsicElements' exists.
docs/examples/rc-select/step-2.tsx(38,9): error TS7026: JSX element implicitly has type 'any' because no interface 'JSX.IntrinsicElements' exists.
docs/examples/rc-skeleton/step-1.tsx(1,22): error TS2307: Cannot find module '@crab-dev/rc-skeleton' or its corresponding type declarations.
docs/examples/rc-skeleton/step-1.tsx(4,12): error TS17004: Cannot use JSX unless the '--jsx' flag is provided.
docs/examples/rc-skeleton/step-2.tsx(1,26): error TS2307: Cannot find module 'react' or its corresponding type declarations.
docs/examples/rc-skeleton/step-2.tsx(2,21): error TS2307: Cannot find module '@crab-dev/css' or its corresponding type declarations.
docs/examples/rc-skeleton/step-2.tsx(3,19): error TS2307: Cannot find module '@crab-dev/rc-token-semantic' or its corresponding type declarations.
docs/examples/rc-skeleton/step-2.tsx(4,22): error TS2307: Cannot find module '@crab-dev/rc-skeleton' or its corresponding type declarations.
docs/examples/rc-skeleton/step-2.tsx(5,20): error TS2307: Cannot find module '@crab-dev/rc-button' or its corresponding type declarations.
docs/examples/rc-skeleton/step-2.tsx(15,9): error TS7026: JSX element implicitly has type 'any' because no interface 'JSX.IntrinsicElements' exists.
docs/examples/rc-skeleton/step-2.tsx(15,9): error TS17004: Cannot use JSX unless the '--jsx' flag is provided.
docs/examples/rc-skeleton/step-2.tsx(16,13): error TS17004: Cannot use JSX unless the '--jsx' flag is provided.
docs/examples/rc-skeleton/step-2.tsx(16,48): error TS7006: Parameter 'value' implicitly has an 'any' type.
docs/examples/rc-skeleton/step-2.tsx(19,13): error TS17004: Cannot use JSX unless the '--jsx' flag is provided.
docs/examples/rc-skeleton/step-2.tsx(20,17): error TS7026: JSX element implicitly has type 'any' because no interface 'JSX.IntrinsicElements' exists.
docs/examples/rc-skeleton/step-2.tsx(20,17): error TS17004: Cannot use JSX unless the '--jsx' flag is provided.
docs/examples/rc-skeleton/step-2.tsx(20,39): error TS7026: JSX element implicitly has type 'any' because no interface 'JSX.IntrinsicElements' exists.
docs/examples/rc-skeleton/step-2.tsx(22,9): error TS7026: JSX element implicitly has type 'any' because no interface 'JSX.IntrinsicElements' exists.
docs/examples/rc-slider/step-1.tsx(1,26): error TS2307: Cannot find module 'react' or its corresponding type declarations.
docs/examples/rc-slider/step-1.tsx(2,21): error TS2307: Cannot find module '@crab-dev/css' or its corresponding type declarations.
docs/examples/rc-slider/step-1.tsx(3,19): error TS2307: Cannot find module '@crab-dev/rc-token-semantic' or its corresponding type declarations.
docs/examples/rc-slider/step-1.tsx(4,20): error TS2307: Cannot find module '@crab-dev/rc-slider' or its corresponding type declarations.
docs/examples/rc-slider/step-1.tsx(13,9): error TS7026: JSX element implicitly has type 'any' because no interface 'JSX.IntrinsicElements' exists.
docs/examples/rc-slider/step-1.tsx(13,9): error TS17004: Cannot use JSX unless the '--jsx' flag is provided.
docs/examples/rc-slider/step-1.tsx(14,13): error TS17004: Cannot use JSX unless the '--jsx' flag is provided.
docs/examples/rc-slider/step-1.tsx(15,13): error TS7026: JSX element implicitly has type 'any' because no interface 'JSX.IntrinsicElements' exists.
docs/examples/rc-slider/step-1.tsx(15,13): error TS17004: Cannot use JSX unless the '--jsx' flag is provided.
docs/examples/rc-slider/step-1.tsx(15,32): error TS7026: JSX element implicitly has type 'any' because no interface 'JSX.IntrinsicElements' exists.
docs/examples/rc-slider/step-1.tsx(16,9): error TS7026: JSX element implicitly has type 'any' because no interface 'JSX.IntrinsicElements' exists.
docs/examples/rc-slider/step-2.tsx(1,26): error TS2307: Cannot find module 'react' or its corresponding type declarations.
docs/examples/rc-slider/step-2.tsx(2,21): error TS2307: Cannot find module '@crab-dev/css' or its corresponding type declarations.
docs/examples/rc-slider/step-2.tsx(3,19): error TS2307: Cannot find module '@crab-dev/rc-token-semantic' or its corresponding type declarations.
docs/examples/rc-slider/step-2.tsx(4,20): error TS2307: Cannot find module '@crab-dev/rc-slider' or its corresponding type declarations.
docs/examples/rc-slider/step-2.tsx(5,20): error TS2307: Cannot find module '@crab-dev/rc-button' or its corresponding type declarations.
docs/examples/rc-slider/step-2.tsx(15,9): error TS7026: JSX element implicitly has type 'any' because no interface 'JSX.IntrinsicElements' exists.
docs/examples/rc-slider/step-2.tsx(15,9): error TS17004: Cannot use JSX unless the '--jsx' flag is provided.
docs/examples/rc-slider/step-2.tsx(16,13): error TS17004: Cannot use JSX unless the '--jsx' flag is provided.
docs/examples/rc-slider/step-2.tsx(17,13): error TS17004: Cannot use JSX unless the '--jsx' flag is provided.
docs/examples/rc-slider/step-2.tsx(18,13): error TS7026: JSX element implicitly has type 'any' because no interface 'JSX.IntrinsicElements' exists.
docs/examples/rc-slider/step-2.tsx(18,13): error TS17004: Cannot use JSX unless the '--jsx' flag is provided.
docs/examples/rc-slider/step-2.tsx(18,32): error TS7026: JSX element implicitly has type 'any' because no interface 'JSX.IntrinsicElements' exists.
docs/examples/rc-slider/step-2.tsx(19,9): error TS7026: JSX element implicitly has type 'any' because no interface 'JSX.IntrinsicElements' exists.
docs/examples/rc-spin/step-1.tsx(1,18): error TS2307: Cannot find module '@crab-dev/rc-spin' or its corresponding type declarations.
docs/examples/rc-spin/step-1.tsx(4,12): error TS17004: Cannot use JSX unless the '--jsx' flag is provided.
docs/examples/rc-spin/step-2.tsx(1,41): error TS2307: Cannot find module 'react' or its corresponding type declarations.
docs/examples/rc-spin/step-2.tsx(2,21): error TS2307: Cannot find module '@crab-dev/css' or its corresponding type declarations.
docs/examples/rc-spin/step-2.tsx(3,19): error TS2307: Cannot find module '@crab-dev/rc-token-semantic' or its corresponding type declarations.
docs/examples/rc-spin/step-2.tsx(4,18): error TS2307: Cannot find module '@crab-dev/rc-spin' or its corresponding type declarations.
docs/examples/rc-spin/step-2.tsx(5,20): error TS2307: Cannot find module '@crab-dev/rc-button' or its corresponding type declarations.
docs/examples/rc-spin/step-2.tsx(16,9): error TS7026: JSX element implicitly has type 'any' because no interface 'JSX.IntrinsicElements' exists.
docs/examples/rc-spin/step-2.tsx(16,9): error TS17004: Cannot use JSX unless the '--jsx' flag is provided.
docs/examples/rc-spin/step-2.tsx(17,13): error TS17004: Cannot use JSX unless the '--jsx' flag is provided.
docs/examples/rc-spin/step-2.tsx(22,35): error TS7006: Parameter 'value' implicitly has an 'any' type.
docs/examples/rc-spin/step-2.tsx(28,13): error TS17004: Cannot use JSX unless the '--jsx' flag is provided.
docs/examples/rc-spin/step-2.tsx(29,17): error TS7026: JSX element implicitly has type 'any' because no interface 'JSX.IntrinsicElements' exists.
docs/examples/rc-spin/step-2.tsx(29,17): error TS17004: Cannot use JSX unless the '--jsx' flag is provided.
docs/examples/rc-spin/step-2.tsx(29,36): error TS7026: JSX element implicitly has type 'any' because no interface 'JSX.IntrinsicElements' exists.
docs/examples/rc-spin/step-2.tsx(31,9): error TS7026: JSX element implicitly has type 'any' because no interface 'JSX.IntrinsicElements' exists.
docs/examples/rc-split-pane/step-1.tsx(1,21): error TS2307: Cannot find module '@crab-dev/css' or its corresponding type declarations.
docs/examples/rc-split-pane/step-1.tsx(2,19): error TS2307: Cannot find module '@crab-dev/rc-token-semantic' or its corresponding type declarations.
docs/examples/rc-split-pane/step-1.tsx(3,23): error TS2307: Cannot find module '@crab-dev/rc-split-pane' or its corresponding type declarations.
docs/examples/rc-split-pane/step-1.tsx(11,9): error TS7026: JSX element implicitly has type 'any' because no interface 'JSX.IntrinsicElements' exists.
docs/examples/rc-split-pane/step-1.tsx(11,9): error TS17004: Cannot use JSX unless the '--jsx' flag is provided.
docs/examples/rc-split-pane/step-1.tsx(12,13): error TS17004: Cannot use JSX unless the '--jsx' flag is provided.
docs/examples/rc-split-pane/step-1.tsx(13,17): error TS7026: JSX element implicitly has type 'any' because no interface 'JSX.IntrinsicElements' exists.
docs/examples/rc-split-pane/step-1.tsx(13,17): error TS17004: Cannot use JSX unless the '--jsx' flag is provided.
docs/examples/rc-split-pane/step-1.tsx(13,24): error TS7026: JSX element implicitly has type 'any' because no interface 'JSX.IntrinsicElements' exists.
docs/examples/rc-split-pane/step-1.tsx(14,17): error TS7026: JSX element implicitly has type 'any' because no interface 'JSX.IntrinsicElements' exists.
docs/examples/rc-split-pane/step-1.tsx(14,17): error TS17004: Cannot use JSX unless the '--jsx' flag is provided.
docs/examples/rc-split-pane/step-1.tsx(14,35): error TS7026: JSX element implicitly has type 'any' because no interface 'JSX.IntrinsicElements' exists.
docs/examples/rc-split-pane/step-1.tsx(16,9): error TS7026: JSX element implicitly has type 'any' because no interface 'JSX.IntrinsicElements' exists.
docs/examples/rc-split-pane/step-2.tsx(1,26): error TS2307: Cannot find module 'react' or its corresponding type declarations.
docs/examples/rc-split-pane/step-2.tsx(2,21): error TS2307: Cannot find module '@crab-dev/css' or its corresponding type declarations.
docs/examples/rc-split-pane/step-2.tsx(3,19): error TS2307: Cannot find module '@crab-dev/rc-token-semantic' or its corresponding type declarations.
docs/examples/rc-split-pane/step-2.tsx(4,23): error TS2307: Cannot find module '@crab-dev/rc-split-pane' or its corresponding type declarations.
docs/examples/rc-split-pane/step-2.tsx(5,20): error TS2307: Cannot find module '@crab-dev/rc-button' or its corresponding type declarations.
docs/examples/rc-split-pane/step-2.tsx(19,9): error TS7026: JSX element implicitly has type 'any' because no interface 'JSX.IntrinsicElements' exists.
docs/examples/rc-split-pane/step-2.tsx(19,9): error TS17004: Cannot use JSX unless the '--jsx' flag is provided.
docs/examples/rc-split-pane/step-2.tsx(20,13): error TS7026: JSX element implicitly has type 'any' because no interface 'JSX.IntrinsicElements' exists.
docs/examples/rc-split-pane/step-2.tsx(20,13): error TS17004: Cannot use JSX unless the '--jsx' flag is provided.
docs/examples/rc-split-pane/step-2.tsx(20,34): error TS7026: JSX element implicitly has type 'any' because no interface 'JSX.IntrinsicElements' exists.
docs/examples/rc-split-pane/step-2.tsx(21,13): error TS7026: JSX element implicitly has type 'any' because no interface 'JSX.IntrinsicElements' exists.
docs/examples/rc-split-pane/step-2.tsx(21,13): error TS17004: Cannot use JSX unless the '--jsx' flag is provided.
docs/examples/rc-split-pane/step-2.tsx(22,17): error TS17004: Cannot use JSX unless the '--jsx' flag is provided.
docs/examples/rc-split-pane/step-2.tsx(23,21): error TS7026: JSX element implicitly has type 'any' because no interface 'JSX.IntrinsicElements' exists.
docs/examples/rc-split-pane/step-2.tsx(23,21): error TS17004: Cannot use JSX unless the '--jsx' flag is provided.
docs/examples/rc-split-pane/step-2.tsx(23,28): error TS7026: JSX element implicitly has type 'any' because no interface 'JSX.IntrinsicElements' exists.
docs/examples/rc-split-pane/step-2.tsx(24,21): error TS7026: JSX element implicitly has type 'any' because no interface 'JSX.IntrinsicElements' exists.
docs/examples/rc-split-pane/step-2.tsx(24,21): error TS17004: Cannot use JSX unless the '--jsx' flag is provided.
docs/examples/rc-split-pane/step-2.tsx(24,28): error TS7026: JSX element implicitly has type 'any' because no interface 'JSX.IntrinsicElements' exists.
docs/examples/rc-split-pane/step-2.tsx(26,13): error TS7026: JSX element implicitly has type 'any' because no interface 'JSX.IntrinsicElements' exists.
docs/examples/rc-split-pane/step-2.tsx(27,13): error TS17004: Cannot use JSX unless the '--jsx' flag is provided.
docs/examples/rc-split-pane/step-2.tsx(28,9): error TS7026: JSX element implicitly has type 'any' because no interface 'JSX.IntrinsicElements' exists.
docs/examples/rc-switch/step-1.tsx(1,20): error TS2307: Cannot find module '@crab-dev/rc-switch' or its corresponding type declarations.
docs/examples/rc-switch/step-1.tsx(4,12): error TS17004: Cannot use JSX unless the '--jsx' flag is provided.
docs/examples/rc-switch/step-2.tsx(1,26): error TS2307: Cannot find module 'react' or its corresponding type declarations.
docs/examples/rc-switch/step-2.tsx(2,21): error TS2307: Cannot find module '@crab-dev/css' or its corresponding type declarations.
docs/examples/rc-switch/step-2.tsx(3,19): error TS2307: Cannot find module '@crab-dev/rc-token-semantic' or its corresponding type declarations.
docs/examples/rc-switch/step-2.tsx(4,20): error TS2307: Cannot find module '@crab-dev/rc-switch' or its corresponding type declarations.
docs/examples/rc-switch/step-2.tsx(13,9): error TS7026: JSX element implicitly has type 'any' because no interface 'JSX.IntrinsicElements' exists.
docs/examples/rc-switch/step-2.tsx(13,9): error TS17004: Cannot use JSX unless the '--jsx' flag is provided.
docs/examples/rc-switch/step-2.tsx(14,13): error TS17004: Cannot use JSX unless the '--jsx' flag is provided.
docs/examples/rc-switch/step-2.tsx(17,13): error TS7026: JSX element implicitly has type 'any' because no interface 'JSX.IntrinsicElements' exists.
docs/examples/rc-switch/step-2.tsx(17,13): error TS17004: Cannot use JSX unless the '--jsx' flag is provided.
docs/examples/rc-switch/step-2.tsx(17,67): error TS7026: JSX element implicitly has type 'any' because no interface 'JSX.IntrinsicElements' exists.
docs/examples/rc-switch/step-2.tsx(18,9): error TS7026: JSX element implicitly has type 'any' because no interface 'JSX.IntrinsicElements' exists.
docs/examples/rc-table-pro/step-1.tsx(1,21): error TS2307: Cannot find module '@crab-dev/css' or its corresponding type declarations.
docs/examples/rc-table-pro/step-1.tsx(2,19): error TS2307: Cannot find module '@crab-dev/rc-token-semantic' or its corresponding type declarations.
docs/examples/rc-table-pro/step-1.tsx(3,51): error TS2307: Cannot find module '@crab-dev/rc-table-pro' or its corresponding type declarations.
docs/examples/rc-table-pro/step-1.tsx(50,9): error TS17004: Cannot use JSX unless the '--jsx' flag is provided.
docs/examples/rc-table-pro/step-2.tsx(1,21): error TS2307: Cannot find module '@crab-dev/css' or its corresponding type declarations.
docs/examples/rc-table-pro/step-2.tsx(2,19): error TS2307: Cannot find module '@crab-dev/rc-token-semantic' or its corresponding type declarations.
docs/examples/rc-table-pro/step-2.tsx(3,51): error TS2307: Cannot find module '@crab-dev/rc-table-pro' or its corresponding type declarations.
docs/examples/rc-table-pro/step-2.tsx(54,9): error TS17004: Cannot use JSX unless the '--jsx' flag is provided.
docs/examples/rc-table/step-1.tsx(1,21): error TS2307: Cannot find module '@crab-dev/css' or its corresponding type declarations.
docs/examples/rc-table/step-1.tsx(2,19): error TS2307: Cannot find module '@crab-dev/rc-token-semantic' or its corresponding type declarations.
docs/examples/rc-table/step-1.tsx(3,50): error TS2307: Cannot find module '@crab-dev/rc-table' or its corresponding type declarations.
docs/examples/rc-table/step-1.tsx(4,23): error TS2307: Cannot find module '@crab-dev/rc-auto-sizer' or its corresponding type declarations.
docs/examples/rc-table/step-1.tsx(15,9): error TS2353: Object literal may only specify known properties, and 'id' does not exist in type 'Member'.
docs/examples/rc-table/step-1.tsx(22,9): error TS2353: Object literal may only specify known properties, and 'id' does not exist in type 'Member'.
docs/examples/rc-table/step-1.tsx(29,9): error TS2353: Object literal may only specify known properties, and 'id' does not exist in type 'Member'.
docs/examples/rc-table/step-1.tsx(54,9): error TS7026: JSX element implicitly has type 'any' because no interface 'JSX.IntrinsicElements' exists.
docs/examples/rc-table/step-1.tsx(54,9): error TS17004: Cannot use JSX unless the '--jsx' flag is provided.
docs/examples/rc-table/step-1.tsx(55,13): error TS17004: Cannot use JSX unless the '--jsx' flag is provided.
docs/examples/rc-table/step-1.tsx(56,21): error TS7031: Binding element 'width' implicitly has an 'any' type.
docs/examples/rc-table/step-1.tsx(56,28): error TS7031: Binding element 'height' implicitly has an 'any' type.
docs/examples/rc-table/step-1.tsx(57,21): error TS17004: Cannot use JSX unless the '--jsx' flag is provided.
docs/examples/rc-table/step-1.tsx(66,9): error TS7026: JSX element implicitly has type 'any' because no interface 'JSX.IntrinsicElements' exists.
docs/examples/rc-table/step-2.tsx(1,26): error TS2307: Cannot find module 'react' or its corresponding type declarations.
docs/examples/rc-table/step-2.tsx(2,21): error TS2307: Cannot find module '@crab-dev/css' or its corresponding type declarations.
docs/examples/rc-table/step-2.tsx(3,19): error TS2307: Cannot find module '@crab-dev/rc-token-semantic' or its corresponding type declarations.
docs/examples/rc-table/step-2.tsx(4,50): error TS2307: Cannot find module '@crab-dev/rc-table' or its corresponding type declarations.
docs/examples/rc-table/step-2.tsx(5,23): error TS2307: Cannot find module '@crab-dev/rc-auto-sizer' or its corresponding type declarations.
docs/examples/rc-table/step-2.tsx(6,20): error TS2307: Cannot find module '@crab-dev/rc-button' or its corresponding type declarations.
docs/examples/rc-table/step-2.tsx(22,9): error TS2353: Object literal may only specify known properties, and 'id' does not exist in type 'Member'.
docs/examples/rc-table/step-2.tsx(29,9): error TS2353: Object literal may only specify known properties, and 'id' does not exist in type 'Member'.
docs/examples/rc-table/step-2.tsx(36,9): error TS2353: Object literal may only specify known properties, and 'id' does not exist in type 'Member'.
docs/examples/rc-table/step-2.tsx(63,9): error TS7026: JSX element implicitly has type 'any' because no interface 'JSX.IntrinsicElements' exists.
docs/examples/rc-table/step-2.tsx(63,9): error TS17004: Cannot use JSX unless the '--jsx' flag is provided.
docs/examples/rc-table/step-2.tsx(64,13): error TS17004: Cannot use JSX unless the '--jsx' flag is provided.
docs/examples/rc-table/step-2.tsx(64,47): error TS7006: Parameter 'value' implicitly has an 'any' type.
docs/examples/rc-table/step-2.tsx(67,13): error TS7026: JSX element implicitly has type 'any' because no interface 'JSX.IntrinsicElements' exists.
docs/examples/rc-table/step-2.tsx(67,13): error TS17004: Cannot use JSX unless the '--jsx' flag is provided.
docs/examples/rc-table/step-2.tsx(67,44): error TS7026: JSX element implicitly has type 'any' because no interface 'JSX.IntrinsicElements' exists.
docs/examples/rc-table/step-2.tsx(68,13): error TS7026: JSX element implicitly has type 'any' because no interface 'JSX.IntrinsicElements' exists.
docs/examples/rc-table/step-2.tsx(68,13): error TS17004: Cannot use JSX unless the '--jsx' flag is provided.
docs/examples/rc-table/step-2.tsx(69,17): error TS17004: Cannot use JSX unless the '--jsx' flag is provided.
docs/examples/rc-table/step-2.tsx(70,25): error TS7031: Binding element 'width' implicitly has an 'any' type.
docs/examples/rc-table/step-2.tsx(70,32): error TS7031: Binding element 'height' implicitly has an 'any' type.
docs/examples/rc-table/step-2.tsx(71,25): error TS17004: Cannot use JSX unless the '--jsx' flag is provided.
docs/examples/rc-table/step-2.tsx(80,13): error TS7026: JSX element implicitly has type 'any' because no interface 'JSX.IntrinsicElements' exists.
docs/examples/rc-table/step-2.tsx(81,9): error TS7026: JSX element implicitly has type 'any' because no interface 'JSX.IntrinsicElements' exists.
docs/examples/rc-tabs/step-1.tsx(1,18): error TS2307: Cannot find module '@crab-dev/rc-tabs' or its corresponding type declarations.
docs/examples/rc-tabs/step-1.tsx(7,19): error TS7026: JSX element implicitly has type 'any' because no interface 'JSX.IntrinsicElements' exists.
docs/examples/rc-tabs/step-1.tsx(7,19): error TS17004: Cannot use JSX unless the '--jsx' flag is provided.
docs/examples/rc-tabs/step-1.tsx(7,29): error TS7026: JSX element implicitly has type 'any' because no interface 'JSX.IntrinsicElements' exists.
docs/examples/rc-tabs/step-1.tsx(12,19): error TS7026: JSX element implicitly has type 'any' because no interface 'JSX.IntrinsicElements' exists.
docs/examples/rc-tabs/step-1.tsx(12,19): error TS17004: Cannot use JSX unless the '--jsx' flag is provided.
docs/examples/rc-tabs/step-1.tsx(12,30): error TS7026: JSX element implicitly has type 'any' because no interface 'JSX.IntrinsicElements' exists.
docs/examples/rc-tabs/step-1.tsx(16,12): error TS17004: Cannot use JSX unless the '--jsx' flag is provided.
docs/examples/rc-tabs/step-2.tsx(1,26): error TS2307: Cannot find module 'react' or its corresponding type declarations.
docs/examples/rc-tabs/step-2.tsx(2,21): error TS2307: Cannot find module '@crab-dev/css' or its corresponding type declarations.
docs/examples/rc-tabs/step-2.tsx(3,19): error TS2307: Cannot find module '@crab-dev/rc-token-semantic' or its corresponding type declarations.
docs/examples/rc-tabs/step-2.tsx(4,18): error TS2307: Cannot find module '@crab-dev/rc-tabs' or its corresponding type declarations.
docs/examples/rc-tabs/step-2.tsx(5,20): error TS2307: Cannot find module '@crab-dev/rc-button' or its corresponding type declarations.
docs/examples/rc-tabs/step-2.tsx(16,19): error TS7026: JSX element implicitly has type 'any' because no interface 'JSX.IntrinsicElements' exists.
docs/examples/rc-tabs/step-2.tsx(16,19): error TS17004: Cannot use JSX unless the '--jsx' flag is provided.
docs/examples/rc-tabs/step-2.tsx(16,29): error TS7026: JSX element implicitly has type 'any' because no interface 'JSX.IntrinsicElements' exists.
docs/examples/rc-tabs/step-2.tsx(21,19): error TS7026: JSX element implicitly has type 'any' because no interface 'JSX.IntrinsicElements' exists.
docs/examples/rc-tabs/step-2.tsx(21,19): error TS17004: Cannot use JSX unless the '--jsx' flag is provided.
docs/examples/rc-tabs/step-2.tsx(21,30): error TS7026: JSX element implicitly has type 'any' because no interface 'JSX.IntrinsicElements' exists.
docs/examples/rc-tabs/step-2.tsx(27,9): error TS7026: JSX element implicitly has type 'any' because no interface 'JSX.IntrinsicElements' exists.
docs/examples/rc-tabs/step-2.tsx(27,9): error TS17004: Cannot use JSX unless the '--jsx' flag is provided.
docs/examples/rc-tabs/step-2.tsx(28,13): error TS17004: Cannot use JSX unless the '--jsx' flag is provided.
docs/examples/rc-tabs/step-2.tsx(29,13): error TS17004: Cannot use JSX unless the '--jsx' flag is provided.
docs/examples/rc-tabs/step-2.tsx(30,13): error TS7026: JSX element implicitly has type 'any' because no interface 'JSX.IntrinsicElements' exists.
docs/examples/rc-tabs/step-2.tsx(30,13): error TS17004: Cannot use JSX unless the '--jsx' flag is provided.
docs/examples/rc-tabs/step-2.tsx(30,34): error TS7026: JSX element implicitly has type 'any' because no interface 'JSX.IntrinsicElements' exists.
docs/examples/rc-tabs/step-2.tsx(31,9): error TS7026: JSX element implicitly has type 'any' because no interface 'JSX.IntrinsicElements' exists.
docs/examples/rc-tag/step-1.tsx(1,21): error TS2307: Cannot find module '@crab-dev/css' or its corresponding type declarations.
docs/examples/rc-tag/step-1.tsx(2,19): error TS2307: Cannot find module '@crab-dev/rc-token-semantic' or its corresponding type declarations.
docs/examples/rc-tag/step-1.tsx(3,17): error TS2307: Cannot find module '@crab-dev/rc-tag' or its corresponding type declarations.
docs/examples/rc-tag/step-1.tsx(11,9): error TS7026: JSX element implicitly has type 'any' because no interface 'JSX.IntrinsicElements' exists.
docs/examples/rc-tag/step-1.tsx(11,9): error TS17004: Cannot use JSX unless the '--jsx' flag is provided.
docs/examples/rc-tag/step-1.tsx(12,13): error TS17004: Cannot use JSX unless the '--jsx' flag is provided.
docs/examples/rc-tag/step-1.tsx(13,13): error TS17004: Cannot use JSX unless the '--jsx' flag is provided.
docs/examples/rc-tag/step-1.tsx(14,9): error TS7026: JSX element implicitly has type 'any' because no interface 'JSX.IntrinsicElements' exists.
docs/examples/rc-tag/step-2.tsx(1,26): error TS2307: Cannot find module 'react' or its corresponding type declarations.
docs/examples/rc-tag/step-2.tsx(2,21): error TS2307: Cannot find module '@crab-dev/css' or its corresponding type declarations.
docs/examples/rc-tag/step-2.tsx(3,19): error TS2307: Cannot find module '@crab-dev/rc-token-semantic' or its corresponding type declarations.
docs/examples/rc-tag/step-2.tsx(4,30): error TS2307: Cannot find module '@crab-dev/rc-tag' or its corresponding type declarations.
docs/examples/rc-tag/step-2.tsx(13,9): error TS7026: JSX element implicitly has type 'any' because no interface 'JSX.IntrinsicElements' exists.
docs/examples/rc-tag/step-2.tsx(13,9): error TS17004: Cannot use JSX unless the '--jsx' flag is provided.
docs/examples/rc-tag/step-2.tsx(14,13): error TS17004: Cannot use JSX unless the '--jsx' flag is provided.
docs/examples/rc-tag/step-2.tsx(17,13): error TS7026: JSX element implicitly has type 'any' because no interface 'JSX.IntrinsicElements' exists.
docs/examples/rc-tag/step-2.tsx(17,13): error TS17004: Cannot use JSX unless the '--jsx' flag is provided.
docs/examples/rc-tag/step-2.tsx(17,55): error TS7026: JSX element implicitly has type 'any' because no interface 'JSX.IntrinsicElements' exists.
docs/examples/rc-tag/step-2.tsx(18,9): error TS7026: JSX element implicitly has type 'any' because no interface 'JSX.IntrinsicElements' exists.
docs/examples/rc-text-edit/step-1.tsx(1,22): error TS2307: Cannot find module '@crab-dev/rc-text-edit' or its corresponding type declarations.
docs/examples/rc-text-edit/step-1.tsx(5,9): error TS7026: JSX element implicitly has type 'any' because no interface 'JSX.IntrinsicElements' exists.
docs/examples/rc-text-edit/step-1.tsx(5,9): error TS17004: Cannot use JSX unless the '--jsx' flag is provided.
docs/examples/rc-text-edit/step-1.tsx(7,13): error TS17004: Cannot use JSX unless the '--jsx' flag is provided.
docs/examples/rc-text-edit/step-1.tsx(8,9): error TS7026: JSX element implicitly has type 'any' because no interface 'JSX.IntrinsicElements' exists.
docs/examples/rc-text-edit/step-2.tsx(1,26): error TS2307: Cannot find module 'react' or its corresponding type declarations.
docs/examples/rc-text-edit/step-2.tsx(2,21): error TS2307: Cannot find module '@crab-dev/css' or its corresponding type declarations.
docs/examples/rc-text-edit/step-2.tsx(3,19): error TS2307: Cannot find module '@crab-dev/rc-token-semantic' or its corresponding type declarations.
docs/examples/rc-text-edit/step-2.tsx(4,22): error TS2307: Cannot find module '@crab-dev/rc-text-edit' or its corresponding type declarations.
docs/examples/rc-text-edit/step-2.tsx(13,9): error TS7026: JSX element implicitly has type 'any' because no interface 'JSX.IntrinsicElements' exists.
docs/examples/rc-text-edit/step-2.tsx(13,9): error TS17004: Cannot use JSX unless the '--jsx' flag is provided.
docs/examples/rc-text-edit/step-2.tsx(14,13): error TS7026: JSX element implicitly has type 'any' because no interface 'JSX.IntrinsicElements' exists.
docs/examples/rc-text-edit/step-2.tsx(14,13): error TS17004: Cannot use JSX unless the '--jsx' flag is provided.
docs/examples/rc-text-edit/step-2.tsx(16,17): error TS17004: Cannot use JSX unless the '--jsx' flag is provided.
docs/examples/rc-text-edit/step-2.tsx(18,32): error TS7006: Parameter 'event' implicitly has an 'any' type.
docs/examples/rc-text-edit/step-2.tsx(22,13): error TS7026: JSX element implicitly has type 'any' because no interface 'JSX.IntrinsicElements' exists.
docs/examples/rc-text-edit/step-2.tsx(23,13): error TS7026: JSX element implicitly has type 'any' because no interface 'JSX.IntrinsicElements' exists.
docs/examples/rc-text-edit/step-2.tsx(23,13): error TS17004: Cannot use JSX unless the '--jsx' flag is provided.
docs/examples/rc-text-edit/step-2.tsx(23,41): error TS7026: JSX element implicitly has type 'any' because no interface 'JSX.IntrinsicElements' exists.
docs/examples/rc-text-edit/step-2.tsx(24,9): error TS7026: JSX element implicitly has type 'any' because no interface 'JSX.IntrinsicElements' exists.
docs/examples/rc-theme/step-1.tsx(2,18): error TS2307: Cannot find module '@crab-dev/rc-card' or its corresponding type declarations.
docs/examples/rc-theme/step-1.tsx(6,9): error TS7026: JSX element implicitly has type 'any' because no interface 'JSX.IntrinsicElements' exists.
docs/examples/rc-theme/step-1.tsx(6,9): error TS17004: Cannot use JSX unless the '--jsx' flag is provided.
docs/examples/rc-theme/step-1.tsx(7,13): error TS17004: Cannot use JSX unless the '--jsx' flag is provided.
docs/examples/rc-theme/step-1.tsx(8,9): error TS7026: JSX element implicitly has type 'any' because no interface 'JSX.IntrinsicElements' exists.
docs/examples/rc-theme/step-2.tsx(1,26): error TS2307: Cannot find module 'react' or its corresponding type declarations.
docs/examples/rc-theme/step-2.tsx(2,21): error TS2307: Cannot find module '@crab-dev/css' or its corresponding type declarations.
docs/examples/rc-theme/step-2.tsx(3,19): error TS2307: Cannot find module '@crab-dev/rc-token-semantic' or its corresponding type declarations.
docs/examples/rc-theme/step-2.tsx(5,18): error TS2307: Cannot find module '@crab-dev/rc-card' or its corresponding type declarations.
docs/examples/rc-theme/step-2.tsx(6,20): error TS2307: Cannot find module '@crab-dev/rc-button' or its corresponding type declarations.
docs/examples/rc-theme/step-2.tsx(16,9): error TS7026: JSX element implicitly has type 'any' because no interface 'JSX.IntrinsicElements' exists.
docs/examples/rc-theme/step-2.tsx(16,9): error TS17004: Cannot use JSX unless the '--jsx' flag is provided.
docs/examples/rc-theme/step-2.tsx(17,13): error TS17004: Cannot use JSX unless the '--jsx' flag is provided.
docs/examples/rc-theme/step-2.tsx(17,45): error TS7006: Parameter 'value' implicitly has an 'any' type.
docs/examples/rc-theme/step-2.tsx(20,13): error TS7026: JSX element implicitly has type 'any' because no interface 'JSX.IntrinsicElements' exists.
docs/examples/rc-theme/step-2.tsx(20,13): error TS17004: Cannot use JSX unless the '--jsx' flag is provided.
docs/examples/rc-theme/step-2.tsx(21,17): error TS17004: Cannot use JSX unless the '--jsx' flag is provided.
docs/examples/rc-theme/step-2.tsx(22,13): error TS7026: JSX element implicitly has type 'any' because no interface 'JSX.IntrinsicElements' exists.
docs/examples/rc-theme/step-2.tsx(23,9): error TS7026: JSX element implicitly has type 'any' because no interface 'JSX.IntrinsicElements' exists.
docs/examples/rc-token-global/step-1.tsx(1,25): error TS2307: Cannot find module '@crab-dev/rc-token-global' or its corresponding type declarations.
docs/examples/rc-token-global/step-1.tsx(4,9): error TS7026: JSX element implicitly has type 'any' because no interface 'JSX.IntrinsicElements' exists.
docs/examples/rc-token-global/step-1.tsx(4,9): error TS17004: Cannot use JSX unless the '--jsx' flag is provided.
docs/examples/rc-token-global/step-1.tsx(5,26): error TS7026: JSX element implicitly has type 'any' because no interface 'JSX.IntrinsicElements' exists.
docs/examples/rc-token-global/step-1.tsx(5,26): error TS17004: Cannot use JSX unless the '--jsx' flag is provided.
docs/examples/rc-token-global/step-1.tsx(5,55): error TS7026: JSX element implicitly has type 'any' because no interface 'JSX.IntrinsicElements' exists.
docs/examples/rc-token-global/step-1.tsx(6,9): error TS7026: JSX element implicitly has type 'any' because no interface 'JSX.IntrinsicElements' exists.
docs/examples/rc-token-global/step-2.tsx(1,21): error TS2307: Cannot find module '@crab-dev/css' or its corresponding type declarations.
docs/examples/rc-token-global/step-2.tsx(2,19): error TS2307: Cannot find module '@crab-dev/rc-token-semantic' or its corresponding type declarations.
docs/examples/rc-token-global/step-2.tsx(12,9): error TS7026: JSX element implicitly has type 'any' because no interface 'JSX.IntrinsicElements' exists.
docs/examples/rc-token-global/step-2.tsx(12,9): error TS17004: Cannot use JSX unless the '--jsx' flag is provided.
docs/examples/rc-token-global/step-2.tsx(13,13): error TS7026: JSX element implicitly has type 'any' because no interface 'JSX.IntrinsicElements' exists.
docs/examples/rc-token-global/step-2.tsx(13,13): error TS17004: Cannot use JSX unless the '--jsx' flag is provided.
docs/examples/rc-token-global/step-2.tsx(13,25): error TS7026: JSX element implicitly has type 'any' because no interface 'JSX.IntrinsicElements' exists.
docs/examples/rc-token-global/step-2.tsx(14,13): error TS7026: JSX element implicitly has type 'any' because no interface 'JSX.IntrinsicElements' exists.
docs/examples/rc-token-global/step-2.tsx(14,13): error TS17004: Cannot use JSX unless the '--jsx' flag is provided.
docs/examples/rc-token-global/step-2.tsx(14,32): error TS7026: JSX element implicitly has type 'any' because no interface 'JSX.IntrinsicElements' exists.
docs/examples/rc-token-global/step-2.tsx(15,9): error TS7026: JSX element implicitly has type 'any' because no interface 'JSX.IntrinsicElements' exists.
docs/examples/rc-token-semantic/step-1.tsx(1,19): error TS2307: Cannot find module '@crab-dev/rc-token-semantic' or its corresponding type declarations.
docs/examples/rc-token-semantic/step-1.tsx(4,9): error TS7026: JSX element implicitly has type 'any' because no interface 'JSX.IntrinsicElements' exists.
docs/examples/rc-token-semantic/step-1.tsx(4,9): error TS17004: Cannot use JSX unless the '--jsx' flag is provided.
docs/examples/rc-token-semantic/step-1.tsx(5,20): error TS7026: JSX element implicitly has type 'any' because no interface 'JSX.IntrinsicElements' exists.
docs/examples/rc-token-semantic/step-1.tsx(5,20): error TS17004: Cannot use JSX unless the '--jsx' flag is provided.
docs/examples/rc-token-semantic/step-1.tsx(5,52): error TS7026: JSX element implicitly has type 'any' because no interface 'JSX.IntrinsicElements' exists.
docs/examples/rc-token-semantic/step-1.tsx(6,9): error TS7026: JSX element implicitly has type 'any' because no interface 'JSX.IntrinsicElements' exists.
docs/examples/rc-token-semantic/step-2.tsx(1,21): error TS2307: Cannot find module '@crab-dev/css' or its corresponding type declarations.
docs/examples/rc-token-semantic/step-2.tsx(2,19): error TS2307: Cannot find module '@crab-dev/rc-token-semantic' or its corresponding type declarations.
docs/examples/rc-token-semantic/step-2.tsx(12,9): error TS7026: JSX element implicitly has type 'any' because no interface 'JSX.IntrinsicElements' exists.
docs/examples/rc-token-semantic/step-2.tsx(12,9): error TS17004: Cannot use JSX unless the '--jsx' flag is provided.
docs/examples/rc-token-semantic/step-2.tsx(13,13): error TS7026: JSX element implicitly has type 'any' because no interface 'JSX.IntrinsicElements' exists.
docs/examples/rc-token-semantic/step-2.tsx(13,13): error TS17004: Cannot use JSX unless the '--jsx' flag is provided.
docs/examples/rc-token-semantic/step-2.tsx(13,25): error TS7026: JSX element implicitly has type 'any' because no interface 'JSX.IntrinsicElements' exists.
docs/examples/rc-token-semantic/step-2.tsx(14,13): error TS7026: JSX element implicitly has type 'any' because no interface 'JSX.IntrinsicElements' exists.
docs/examples/rc-token-semantic/step-2.tsx(14,13): error TS17004: Cannot use JSX unless the '--jsx' flag is provided.
docs/examples/rc-token-semantic/step-2.tsx(14,32): error TS7026: JSX element implicitly has type 'any' because no interface 'JSX.IntrinsicElements' exists.
docs/examples/rc-token-semantic/step-2.tsx(15,9): error TS7026: JSX element implicitly has type 'any' because no interface 'JSX.IntrinsicElements' exists.
docs/examples/rc-tooltip/step-1.tsx(1,21): error TS2307: Cannot find module '@crab-dev/rc-tooltip' or its corresponding type declarations.
docs/examples/rc-tooltip/step-1.tsx(2,20): error TS2307: Cannot find module '@crab-dev/rc-button' or its corresponding type declarations.
docs/examples/rc-tooltip/step-1.tsx(7,9): error TS17004: Cannot use JSX unless the '--jsx' flag is provided.
docs/examples/rc-tooltip/step-1.tsx(8,13): error TS17004: Cannot use JSX unless the '--jsx' flag is provided.
docs/examples/rc-tooltip/step-2.tsx(1,26): error TS2307: Cannot find module 'react' or its corresponding type declarations.
docs/examples/rc-tooltip/step-2.tsx(2,21): error TS2307: Cannot find module '@crab-dev/css' or its corresponding type declarations.
docs/examples/rc-tooltip/step-2.tsx(3,19): error TS2307: Cannot find module '@crab-dev/rc-token-semantic' or its corresponding type declarations.
docs/examples/rc-tooltip/step-2.tsx(4,21): error TS2307: Cannot find module '@crab-dev/rc-tooltip' or its corresponding type declarations.
docs/examples/rc-tooltip/step-2.tsx(5,20): error TS2307: Cannot find module '@crab-dev/rc-button' or its corresponding type declarations.
docs/examples/rc-tooltip/step-2.tsx(15,9): error TS7026: JSX element implicitly has type 'any' because no interface 'JSX.IntrinsicElements' exists.
docs/examples/rc-tooltip/step-2.tsx(15,9): error TS17004: Cannot use JSX unless the '--jsx' flag is provided.
docs/examples/rc-tooltip/step-2.tsx(16,13): error TS17004: Cannot use JSX unless the '--jsx' flag is provided.
docs/examples/rc-tooltip/step-2.tsx(17,17): error TS17004: Cannot use JSX unless the '--jsx' flag is provided.
docs/examples/rc-tooltip/step-2.tsx(19,13): error TS17004: Cannot use JSX unless the '--jsx' flag is provided.
docs/examples/rc-tooltip/step-2.tsx(19,47): error TS7006: Parameter 'value' implicitly has an 'any' type.
docs/examples/rc-tooltip/step-2.tsx(20,9): error TS7026: JSX element implicitly has type 'any' because no interface 'JSX.IntrinsicElements' exists.
docs/examples/rc-tree/step-1.tsx(1,33): error TS2307: Cannot find module 'react' or its corresponding type declarations.
docs/examples/rc-tree/step-1.tsx(2,21): error TS2307: Cannot find module '@crab-dev/css' or its corresponding type declarations.
docs/examples/rc-tree/step-1.tsx(3,19): error TS2307: Cannot find module '@crab-dev/rc-token-semantic' or its corresponding type declarations.
docs/examples/rc-tree/step-1.tsx(4,58): error TS2307: Cannot find module '@crab-dev/rc-tree' or its corresponding type declarations.
docs/examples/rc-tree/step-1.tsx(5,20): error TS2307: Cannot find module '@crab-dev/rc-button' or its corresponding type declarations.
docs/examples/rc-tree/step-1.tsx(6,23): error TS2307: Cannot find module '@crab-dev/rc-auto-sizer' or its corresponding type declarations.
docs/examples/rc-tree/step-1.tsx(47,9): error TS7026: JSX element implicitly has type 'any' because no interface 'JSX.IntrinsicElements' exists.
docs/examples/rc-tree/step-1.tsx(47,9): error TS17004: Cannot use JSX unless the '--jsx' flag is provided.
docs/examples/rc-tree/step-1.tsx(48,13): error TS17004: Cannot use JSX unless the '--jsx' flag is provided.
docs/examples/rc-tree/step-1.tsx(55,13): error TS7026: JSX element implicitly has type 'any' because no interface 'JSX.IntrinsicElements' exists.
docs/examples/rc-tree/step-1.tsx(55,13): error TS17004: Cannot use JSX unless the '--jsx' flag is provided.
docs/examples/rc-tree/step-1.tsx(56,17): error TS17004: Cannot use JSX unless the '--jsx' flag is provided.
docs/examples/rc-tree/step-1.tsx(57,25): error TS7031: Binding element 'width' implicitly has an 'any' type.
docs/examples/rc-tree/step-1.tsx(57,32): error TS7031: Binding element 'height' implicitly has an 'any' type.
docs/examples/rc-tree/step-1.tsx(58,25): error TS17004: Cannot use JSX unless the '--jsx' flag is provided.
docs/examples/rc-tree/step-1.tsx(62,44): error TS7031: Binding element 'node' implicitly has an 'any' type.
docs/examples/rc-tree/step-1.tsx(63,46): error TS7006: Parameter 'current' implicitly has an 'any' type.
docs/examples/rc-tree/step-1.tsx(65,59): error TS7006: Parameter 'id' implicitly has an 'any' type.
docs/examples/rc-tree/step-1.tsx(74,13): error TS7026: JSX element implicitly has type 'any' because no interface 'JSX.IntrinsicElements' exists.
docs/examples/rc-tree/step-1.tsx(75,9): error TS7026: JSX element implicitly has type 'any' because no interface 'JSX.IntrinsicElements' exists.
docs/examples/rc-tree/step-2.tsx(1,33): error TS2307: Cannot find module 'react' or its corresponding type declarations.
docs/examples/rc-tree/step-2.tsx(2,21): error TS2307: Cannot find module '@crab-dev/css' or its corresponding type declarations.
docs/examples/rc-tree/step-2.tsx(3,19): error TS2307: Cannot find module '@crab-dev/rc-token-semantic' or its corresponding type declarations.
docs/examples/rc-tree/step-2.tsx(4,58): error TS2307: Cannot find module '@crab-dev/rc-tree' or its corresponding type declarations.
docs/examples/rc-tree/step-2.tsx(5,20): error TS2307: Cannot find module '@crab-dev/rc-button' or its corresponding type declarations.
docs/examples/rc-tree/step-2.tsx(6,23): error TS2307: Cannot find module '@crab-dev/rc-auto-sizer' or its corresponding type declarations.
docs/examples/rc-tree/step-2.tsx(48,9): error TS7026: JSX element implicitly has type 'any' because no interface 'JSX.IntrinsicElements' exists.
docs/examples/rc-tree/step-2.tsx(48,9): error TS17004: Cannot use JSX unless the '--jsx' flag is provided.
docs/examples/rc-tree/step-2.tsx(49,13): error TS17004: Cannot use JSX unless the '--jsx' flag is provided.
docs/examples/rc-tree/step-2.tsx(56,13): error TS17004: Cannot use JSX unless the '--jsx' flag is provided.
docs/examples/rc-tree/step-2.tsx(57,13): error TS7026: JSX element implicitly has type 'any' because no interface 'JSX.IntrinsicElements' exists.
docs/examples/rc-tree/step-2.tsx(57,13): error TS17004: Cannot use JSX unless the '--jsx' flag is provided.
docs/examples/rc-tree/step-2.tsx(58,17): error TS17004: Cannot use JSX unless the '--jsx' flag is provided.
docs/examples/rc-tree/step-2.tsx(59,25): error TS7031: Binding element 'width' implicitly has an 'any' type.
docs/examples/rc-tree/step-2.tsx(59,32): error TS7031: Binding element 'height' implicitly has an 'any' type.
docs/examples/rc-tree/step-2.tsx(60,25): error TS17004: Cannot use JSX unless the '--jsx' flag is provided.
docs/examples/rc-tree/step-2.tsx(64,44): error TS7031: Binding element 'node' implicitly has an 'any' type.
docs/examples/rc-tree/step-2.tsx(65,46): error TS7006: Parameter 'current' implicitly has an 'any' type.
docs/examples/rc-tree/step-2.tsx(67,59): error TS7006: Parameter 'id' implicitly has an 'any' type.
docs/examples/rc-tree/step-2.tsx(72,42): error TS7031: Binding element 'selectKeys' implicitly has an 'any' type.
docs/examples/rc-tree/step-2.tsx(78,13): error TS7026: JSX element implicitly has type 'any' because no interface 'JSX.IntrinsicElements' exists.
docs/examples/rc-tree/step-2.tsx(79,13): error TS7026: JSX element implicitly has type 'any' because no interface 'JSX.IntrinsicElements' exists.
docs/examples/rc-tree/step-2.tsx(79,13): error TS17004: Cannot use JSX unless the '--jsx' flag is provided.
docs/examples/rc-tree/step-2.tsx(79,57): error TS7026: JSX element implicitly has type 'any' because no interface 'JSX.IntrinsicElements' exists.
docs/examples/rc-tree/step-2.tsx(80,9): error TS7026: JSX element implicitly has type 'any' because no interface 'JSX.IntrinsicElements' exists.
docs/examples/rc-virtual/step-1.tsx(1,21): error TS2307: Cannot find module '@crab-dev/css' or its corresponding type declarations.
docs/examples/rc-virtual/step-1.tsx(2,19): error TS2307: Cannot find module '@crab-dev/rc-token-semantic' or its corresponding type declarations.
docs/examples/rc-virtual/step-1.tsx(3,21): error TS2307: Cannot find module '@crab-dev/rc-virtual' or its corresponding type declarations.
docs/examples/rc-virtual/step-1.tsx(25,9): error TS17004: Cannot use JSX unless the '--jsx' flag is provided.
docs/examples/rc-virtual/step-1.tsx(30,27): error TS7031: Binding element 'start' implicitly has an 'any' type.
docs/examples/rc-virtual/step-1.tsx(30,34): error TS7031: Binding element 'end' implicitly has an 'any' type.
docs/examples/rc-virtual/step-1.tsx(31,17): error TS17004: Cannot use JSX unless the '--jsx' flag is provided.
docs/examples/rc-virtual/step-1.tsx(32,21): error TS7026: JSX element implicitly has type 'any' because no interface 'JSX.IntrinsicElements' exists.
docs/examples/rc-virtual/step-1.tsx(32,21): error TS17004: Cannot use JSX unless the '--jsx' flag is provided.
docs/examples/rc-virtual/step-1.tsx(34,25): error TS7026: JSX element implicitly has type 'any' because no interface 'JSX.IntrinsicElements' exists.
docs/examples/rc-virtual/step-1.tsx(34,25): error TS17004: Cannot use JSX unless the '--jsx' flag is provided.
docs/examples/rc-virtual/step-1.tsx(36,25): error TS7026: JSX element implicitly has type 'any' because no interface 'JSX.IntrinsicElements' exists.
docs/examples/rc-virtual/step-1.tsx(38,21): error TS7026: JSX element implicitly has type 'any' because no interface 'JSX.IntrinsicElements' exists.
docs/examples/rc-virtual/step-1.tsx(38,21): error TS17004: Cannot use JSX unless the '--jsx' flag is provided.
docs/examples/rc-virtual/step-2.tsx(1,26): error TS2307: Cannot find module 'react' or its corresponding type declarations.
docs/examples/rc-virtual/step-2.tsx(2,21): error TS2307: Cannot find module '@crab-dev/css' or its corresponding type declarations.
docs/examples/rc-virtual/step-2.tsx(3,19): error TS2307: Cannot find module '@crab-dev/rc-token-semantic' or its corresponding type declarations.
docs/examples/rc-virtual/step-2.tsx(4,21): error TS2307: Cannot find module '@crab-dev/rc-virtual' or its corresponding type declarations.
docs/examples/rc-virtual/step-2.tsx(5,20): error TS2307: Cannot find module '@crab-dev/rc-button' or its corresponding type declarations.
docs/examples/rc-virtual/step-2.tsx(33,9): error TS7026: JSX element implicitly has type 'any' because no interface 'JSX.IntrinsicElements' exists.
docs/examples/rc-virtual/step-2.tsx(33,9): error TS17004: Cannot use JSX unless the '--jsx' flag is provided.
docs/examples/rc-virtual/step-2.tsx(34,13): error TS17004: Cannot use JSX unless the '--jsx' flag is provided.
docs/examples/rc-virtual/step-2.tsx(34,49): error TS7006: Parameter 'value' implicitly has an 'any' type.
docs/examples/rc-virtual/step-2.tsx(37,13): error TS17004: Cannot use JSX unless the '--jsx' flag is provided.
docs/examples/rc-virtual/step-2.tsx(43,31): error TS7031: Binding element 'start' implicitly has an 'any' type.
docs/examples/rc-virtual/step-2.tsx(43,38): error TS7031: Binding element 'end' implicitly has an 'any' type.
docs/examples/rc-virtual/step-2.tsx(44,21): error TS17004: Cannot use JSX unless the '--jsx' flag is provided.
docs/examples/rc-virtual/step-2.tsx(45,25): error TS7026: JSX element implicitly has type 'any' because no interface 'JSX.IntrinsicElements' exists.
docs/examples/rc-virtual/step-2.tsx(45,25): error TS17004: Cannot use JSX unless the '--jsx' flag is provided.
docs/examples/rc-virtual/step-2.tsx(47,29): error TS7026: JSX element implicitly has type 'any' because no interface 'JSX.IntrinsicElements' exists.
docs/examples/rc-virtual/step-2.tsx(47,29): error TS17004: Cannot use JSX unless the '--jsx' flag is provided.
docs/examples/rc-virtual/step-2.tsx(49,29): error TS7026: JSX element implicitly has type 'any' because no interface 'JSX.IntrinsicElements' exists.
docs/examples/rc-virtual/step-2.tsx(51,25): error TS7026: JSX element implicitly has type 'any' because no interface 'JSX.IntrinsicElements' exists.
docs/examples/rc-virtual/step-2.tsx(51,25): error TS17004: Cannot use JSX unless the '--jsx' flag is provided.
docs/examples/rc-virtual/step-2.tsx(55,9): error TS7026: JSX element implicitly has type 'any' because no interface 'JSX.IntrinsicElements' exists.
docs/site/__tests__/componentDemos.test.tsx(11,8): error TS2307: Cannot find module '@crab-dev/wake/test/react' or its corresponding type declarations.
docs/site/__tests__/componentDemos.test.tsx(12,33): error TS2307: Cannot find module 'react' or its corresponding type declarations.
docs/site/__tests__/componentDemos.test.tsx(13,35): error TS2307: Cannot find module 'react' or its corresponding type declarations.
docs/site/__tests__/componentDemos.test.tsx(17,8): error TS6142: Module '../componentDemoFrame.js' was resolved to 'C:/Users/zhang/Desktop/crab-dev/.website/docs/site/componentDemoFrame.tsx', but '--jsx' is not set.
docs/site/__tests__/componentDemos.test.tsx(18,52): error TS6142: Module '../componentDemoFrame.js' was resolved to 'C:/Users/zhang/Desktop/crab-dev/.website/docs/site/componentDemoFrame.tsx', but '--jsx' is not set.
docs/site/__tests__/componentDemos.test.tsx(19,47): error TS6142: Module '../componentDemoFrame.js' was resolved to 'C:/Users/zhang/Desktop/crab-dev/.website/docs/site/componentDemoFrame.tsx', but '--jsx' is not set.
docs/site/__tests__/componentDemos.test.tsx(20,28): error TS6142: Module '../componentDemos.js' was resolved to 'C:/Users/zhang/Desktop/crab-dev/.website/docs/site/componentDemos.tsx', but '--jsx' is not set.
docs/site/__tests__/componentDemos.test.tsx(21,42): error TS6142: Module '../componentDemos.js' was resolved to 'C:/Users/zhang/Desktop/crab-dev/.website/docs/site/componentDemos.tsx', but '--jsx' is not set.
docs/site/__tests__/componentDemos.test.tsx(42,9): error TS7026: JSX element implicitly has type 'any' because no interface 'JSX.IntrinsicElements' exists.
docs/site/__tests__/componentDemos.test.tsx(42,9): error TS17004: Cannot use JSX unless the '--jsx' flag is provided.
docs/site/__tests__/componentDemos.test.tsx(68,12): error TS17004: Cannot use JSX unless the '--jsx' flag is provided.
docs/site/__tests__/componentDemos.test.tsx(115,13): error TS17004: Cannot use JSX unless the '--jsx' flag is provided.
docs/site/__tests__/componentDemos.test.tsx(161,13): error TS17004: Cannot use JSX unless the '--jsx' flag is provided.
docs/site/__tests__/componentDemos.test.tsx(194,13): error TS17004: Cannot use JSX unless the '--jsx' flag is provided.
docs/site/__tests__/componentDemos.test.tsx(228,13): error TS17004: Cannot use JSX unless the '--jsx' flag is provided.
docs/site/__tests__/componentDemos.test.tsx(250,13): error TS17004: Cannot use JSX unless the '--jsx' flag is provided.
docs/site/__tests__/componentDemos.test.tsx(267,17): error TS17004: Cannot use JSX unless the '--jsx' flag is provided.
docs/site/__tests__/componentDemos.test.tsx(302,17): error TS17004: Cannot use JSX unless the '--jsx' flag is provided.
docs/site/__tests__/componentDemos.test.tsx(346,13): error TS7026: JSX element implicitly has type 'any' because no interface 'JSX.IntrinsicElements' exists.
docs/site/__tests__/componentDemos.test.tsx(346,13): error TS17004: Cannot use JSX unless the '--jsx' flag is provided.
docs/site/__tests__/componentDemos.test.tsx(347,17): error TS17004: Cannot use JSX unless the '--jsx' flag is provided.
docs/site/__tests__/componentDemos.test.tsx(352,17): error TS17004: Cannot use JSX unless the '--jsx' flag is provided.
docs/site/__tests__/componentDemos.test.tsx(357,13): error TS7026: JSX element implicitly has type 'any' because no interface 'JSX.IntrinsicElements' exists.
docs/site/__tests__/componentDemos.test.tsx(371,22): error TS17004: Cannot use JSX unless the '--jsx' flag is provided.
docs/site/__tests__/componentDemos.test.tsx(390,22): error TS17004: Cannot use JSX unless the '--jsx' flag is provided.
docs/site/__tests__/tutorial.test.tsx(1,55): error TS2307: Cannot find module '@crab-dev/wake/test' or its corresponding type declarations.
docs/site/__tests__/tutorial.test.tsx(2,48): error TS2307: Cannot find module '@crab-dev/wake/test/react' or its corresponding type declarations.
docs/site/__tests__/tutorial.test.tsx(3,26): error TS2307: Cannot find module 'react' or its corresponding type declarations.
docs/site/__tests__/tutorial.test.tsx(4,32): error TS2307: Cannot find module 'react' or its corresponding type declarations.
docs/site/__tests__/tutorial.test.tsx(5,20): error TS2307: Cannot find module '@crab-dev/rc-button' or its corresponding type declarations.
docs/site/__tests__/tutorial.test.tsx(6,37): error TS6142: Module '../tutorial.js' was resolved to 'C:/Users/zhang/Desktop/crab-dev/.website/docs/site/tutorial.tsx', but '--jsx' is not set.
docs/site/__tests__/tutorial.test.tsx(21,9): error TS7026: JSX element implicitly has type 'any' because no interface 'JSX.IntrinsicElements' exists.
docs/site/__tests__/tutorial.test.tsx(21,9): error TS17004: Cannot use JSX unless the '--jsx' flag is provided.
docs/site/__tests__/tutorial.test.tsx(24,13): error TS7026: JSX element implicitly has type 'any' because no interface 'JSX.IntrinsicElements' exists.
docs/site/__tests__/tutorial.test.tsx(24,13): error TS17004: Cannot use JSX unless the '--jsx' flag is provided.
docs/site/__tests__/tutorial.test.tsx(24,30): error TS7026: JSX element implicitly has type 'any' because no interface 'JSX.IntrinsicElements' exists.
docs/site/__tests__/tutorial.test.tsx(25,9): error TS7026: JSX element implicitly has type 'any' because no interface 'JSX.IntrinsicElements' exists.
docs/site/__tests__/tutorial.test.tsx(29,30): error TS6142: Module '../tutorial.js' was resolved to 'C:/Users/zhang/Desktop/crab-dev/.website/docs/site/tutorial.tsx', but '--jsx' is not set.
docs/site/__tests__/tutorial.test.tsx(31,49): error TS6142: Module '../tutorial.js' was resolved to 'C:/Users/zhang/Desktop/crab-dev/.website/docs/site/tutorial.tsx', but '--jsx' is not set.
docs/site/__tests__/tutorial.test.tsx(37,9): error TS17004: Cannot use JSX unless the '--jsx' flag is provided.
docs/site/__tests__/tutorial.test.tsx(38,13): error TS17004: Cannot use JSX unless the '--jsx' flag is provided.
docs/site/__tests__/tutorial.test.tsx(38,46): error TS7006: Parameter 'value' implicitly has an 'any' type.
docs/site/__tests__/tutorial.test.tsx(39,13): error TS7026: JSX element implicitly has type 'any' because no interface 'JSX.IntrinsicElements' exists.
docs/site/__tests__/tutorial.test.tsx(39,13): error TS17004: Cannot use JSX unless the '--jsx' flag is provided.
docs/site/__tests__/tutorial.test.tsx(39,31): error TS7026: JSX element implicitly has type 'any' because no interface 'JSX.IntrinsicElements' exists.
docs/site/__tests__/tutorial.test.tsx(82,22): error TS17004: Cannot use JSX unless the '--jsx' flag is provided.
docs/site/__tests__/ui.test.tsx(1,55): error TS2307: Cannot find module '@crab-dev/wake/test' or its corresponding type declarations.
docs/site/__tests__/ui.test.tsx(2,48): error TS2307: Cannot find module '@crab-dev/wake/test/react' or its corresponding type declarations.
docs/site/__tests__/ui.test.tsx(3,26): error TS2307: Cannot find module 'react' or its corresponding type declarations.
docs/site/__tests__/ui.test.tsx(4,58): error TS2307: Cannot find module '@crab-dev/wake/docs' or its corresponding type declarations.
docs/site/__tests__/ui.test.tsx(8,54): error TS2307: Cannot find module '@crab-dev/rc-dialog' or its corresponding type declarations.
docs/site/__tests__/ui.test.tsx(9,9): error TS7026: JSX element implicitly has type 'any' because no interface 'JSX.IntrinsicElements' exists.
docs/site/__tests__/ui.test.tsx(9,9): error TS17004: Cannot use JSX unless the '--jsx' flag is provided.
docs/site/__tests__/ui.test.tsx(11,9): error TS7026: JSX element implicitly has type 'any' because no interface 'JSX.IntrinsicElements' exists.
docs/site/__tests__/ui.test.tsx(15,23): error TS6142: Module '../ui.js' was resolved to 'C:/Users/zhang/Desktop/crab-dev/.website/docs/site/ui.tsx', but '--jsx' is not set.
docs/site/__tests__/ui.test.tsx(17,42): error TS6142: Module '../ui.js' was resolved to 'C:/Users/zhang/Desktop/crab-dev/.website/docs/site/ui.tsx', but '--jsx' is not set.
docs/site/__tests__/ui.test.tsx(37,20): error TS7006: Parameter 'slug' implicitly has an 'any' type.
docs/site/__tests__/ui.test.tsx(78,13): error TS17004: Cannot use JSX unless the '--jsx' flag is provided.
docs/site/__tests__/ui.test.tsx(93,17): error TS7026: JSX element implicitly has type 'any' because no interface 'JSX.IntrinsicElements' exists.
docs/site/__tests__/ui.test.tsx(93,17): error TS17004: Cannot use JSX unless the '--jsx' flag is provided.
docs/site/__tests__/ui.test.tsx(94,21): error TS7026: JSX element implicitly has type 'any' because no interface 'JSX.IntrinsicElements' exists.
docs/site/__tests__/ui.test.tsx(94,21): error TS17004: Cannot use JSX unless the '--jsx' flag is provided.
docs/site/__tests__/ui.test.tsx(94,86): error TS7026: JSX element implicitly has type 'any' because no interface 'JSX.IntrinsicElements' exists.
docs/site/__tests__/ui.test.tsx(95,17): error TS7026: JSX element implicitly has type 'any' because no interface 'JSX.IntrinsicElements' exists.
docs/site/__tests__/ui.test.tsx(96,17): error TS7026: JSX element implicitly has type 'any' because no interface 'JSX.IntrinsicElements' exists.
docs/site/__tests__/ui.test.tsx(96,17): error TS17004: Cannot use JSX unless the '--jsx' flag is provided.
docs/site/__tests__/ui.test.tsx(97,21): error TS7026: JSX element implicitly has type 'any' because no interface 'JSX.IntrinsicElements' exists.
docs/site/__tests__/ui.test.tsx(97,21): error TS17004: Cannot use JSX unless the '--jsx' flag is provided.
docs/site/__tests__/ui.test.tsx(97,47): error TS7026: JSX element implicitly has type 'any' because no interface 'JSX.IntrinsicElements' exists.
docs/site/__tests__/ui.test.tsx(98,17): error TS7026: JSX element implicitly has type 'any' because no interface 'JSX.IntrinsicElements' exists.
docs/site/__tests__/ui.test.tsx(113,13): error TS17004: Cannot use JSX unless the '--jsx' flag is provided.
docs/site/__tests__/ui.test.tsx(157,22): error TS17004: Cannot use JSX unless the '--jsx' flag is provided.
docs/site/__tests__/ui.test.tsx(169,22): error TS17004: Cannot use JSX unless the '--jsx' flag is provided.
docs/site/__tests__/ui.test.tsx(185,22): error TS17004: Cannot use JSX unless the '--jsx' flag is provided.
docs/site/__tests__/ui.test.tsx(198,13): error TS17004: Cannot use JSX unless the '--jsx' flag is provided.
docs/site/__tests__/ui.test.tsx(222,13): error TS17004: Cannot use JSX unless the '--jsx' flag is provided.
docs/site/__tests__/ui.test.tsx(240,13): error TS17004: Cannot use JSX unless the '--jsx' flag is provided.
docs/site/__tests__/ui.test.tsx(260,22): error TS17004: Cannot use JSX unless the '--jsx' flag is provided.
docs/site/__tests__/ui.test.tsx(284,26): error TS7026: JSX element implicitly has type 'any' because no interface 'JSX.IntrinsicElements' exists.
docs/site/__tests__/ui.test.tsx(284,26): error TS17004: Cannot use JSX unless the '--jsx' flag is provided.
docs/site/__tests__/ui.test.tsx(284,65): error TS7026: JSX element implicitly has type 'any' because no interface 'JSX.IntrinsicElements' exists.
docs/site/__tests__/ui.test.tsx(291,17): error TS17004: Cannot use JSX unless the '--jsx' flag is provided.
docs/site/__tests__/ui.test.tsx(292,21): error TS17004: Cannot use JSX unless the '--jsx' flag is provided.
docs/site/__tests__/ui.test.tsx(293,21): error TS17004: Cannot use JSX unless the '--jsx' flag is provided.
docs/site/__tests__/ui.test.tsx(301,22): error TS17004: Cannot use JSX unless the '--jsx' flag is provided.
docs/site/componentDemoFrame.tsx(1,21): error TS2307: Cannot find module '@crab-dev/css' or its corresponding type declarations.
docs/site/componentDemoFrame.tsx(2,20): error TS2307: Cannot find module '@crab-dev/rc-button' or its corresponding type declarations.
docs/site/componentDemoFrame.tsx(3,19): error TS2307: Cannot find module '@crab-dev/rc-alert' or its corresponding type declarations.
docs/site/componentDemoFrame.tsx(4,19): error TS2307: Cannot find module '@crab-dev/rc-empty' or its corresponding type declarations.
docs/site/componentDemoFrame.tsx(5,18): error TS2307: Cannot find module '@crab-dev/rc-spin' or its corresponding type declarations.
docs/site/componentDemoFrame.tsx(10,19): error TS2307: Cannot find module '@crab-dev/rc-token-semantic' or its corresponding type declarations.
docs/site/componentDemoFrame.tsx(11,45): error TS2307: Cannot find module 'react' or its corresponding type declarations.
docs/site/componentDemoFrame.tsx(12,32): error TS2307: Cannot find module 'react' or its corresponding type declarations.
docs/site/componentDemoFrame.tsx(13,42): error TS6142: Module './componentDemos.js' was resolved to 'C:/Users/zhang/Desktop/crab-dev/.website/docs/site/componentDemos.tsx', but '--jsx' is not set.
docs/site/componentDemoFrame.tsx(228,9): error TS17004: Cannot use JSX unless the '--jsx' flag is provided.
docs/site/componentDemoFrame.tsx(268,32): error TS7006: Parameter 'currentHeight' implicitly has an 'any' type.
docs/site/componentDemoFrame.tsx(310,21): error TS7006: Parameter 'currentAttempt' implicitly has an 'any' type.
docs/site/componentDemoFrame.tsx(322,9): error TS7026: JSX element implicitly has type 'any' because no interface 'JSX.IntrinsicElements' exists.
docs/site/componentDemoFrame.tsx(322,9): error TS17004: Cannot use JSX unless the '--jsx' flag is provided.
docs/site/componentDemoFrame.tsx(324,17): error TS17004: Cannot use JSX unless the '--jsx' flag is provided.
docs/site/componentDemoFrame.tsx(325,21): error TS17004: Cannot use JSX unless the '--jsx' flag is provided.
docs/site/componentDemoFrame.tsx(326,25): error TS17004: Cannot use JSX unless the '--jsx' flag is provided.
docs/site/componentDemoFrame.tsx(327,25): error TS17004: Cannot use JSX unless the '--jsx' flag is provided.
docs/site/componentDemoFrame.tsx(332,17): error TS7026: JSX element implicitly has type 'any' because no interface 'JSX.IntrinsicElements' exists.
docs/site/componentDemoFrame.tsx(332,17): error TS17004: Cannot use JSX unless the '--jsx' flag is provided.
docs/site/componentDemoFrame.tsx(338,17): error TS7026: JSX element implicitly has type 'any' because no interface 'JSX.IntrinsicElements' exists.
docs/site/componentDemoFrame.tsx(341,17): error TS7026: JSX element implicitly has type 'any' because no interface 'JSX.IntrinsicElements' exists.
docs/site/componentDemoFrame.tsx(341,17): error TS17004: Cannot use JSX unless the '--jsx' flag is provided.
docs/site/componentDemoFrame.tsx(345,29): error TS7026: JSX element implicitly has type 'any' because no interface 'JSX.IntrinsicElements' exists.
docs/site/componentDemoFrame.tsx(345,29): error TS17004: Cannot use JSX unless the '--jsx' flag is provided.
docs/site/componentDemoFrame.tsx(360,25): error TS7026: JSX element implicitly has type 'any' because no interface 'JSX.IntrinsicElements' exists.
docs/site/componentDemoFrame.tsx(360,25): error TS17004: Cannot use JSX unless the '--jsx' flag is provided.
docs/site/componentDemoFrame.tsx(366,29): error TS17004: Cannot use JSX unless the '--jsx' flag is provided.
docs/site/componentDemoFrame.tsx(367,25): error TS7026: JSX element implicitly has type 'any' because no interface 'JSX.IntrinsicElements' exists.
docs/site/componentDemoFrame.tsx(369,17): error TS7026: JSX element implicitly has type 'any' because no interface 'JSX.IntrinsicElements' exists.
docs/site/componentDemoFrame.tsx(371,9): error TS7026: JSX element implicitly has type 'any' because no interface 'JSX.IntrinsicElements' exists.
docs/site/componentDemos.tsx(1,21): error TS2307: Cannot find module '@crab-dev/css' or its corresponding type declarations.
docs/site/componentDemos.tsx(2,21): error TS2307: Cannot find module '@crab-dev/rc-component-preview' or its corresponding type declarations.
docs/site/componentDemos.tsx(3,19): error TS2307: Cannot find module '@crab-dev/rc-token-semantic' or its corresponding type declarations.
docs/site/componentDemos.tsx(4,26): error TS2307: Cannot find module 'react' or its corresponding type declarations.
docs/site/componentDemos.tsx(9,8): error TS6142: Module './componentDemoFrame.js' was resolved to 'C:/Users/zhang/Desktop/crab-dev/.website/docs/site/componentDemoFrame.tsx', but '--jsx' is not set.
docs/site/componentDemos.tsx(62,9): error TS17004: Cannot use JSX unless the '--jsx' flag is provided.
docs/site/componentDemos.tsx(73,13): error TS17004: Cannot use JSX unless the '--jsx' flag is provided.
docs/site/componentDemos.tsx(98,9): error TS7026: JSX element implicitly has type 'any' because no interface 'JSX.IntrinsicElements' exists.
docs/site/componentDemos.tsx(98,9): error TS17004: Cannot use JSX unless the '--jsx' flag is provided.
docs/site/componentDemos.tsx(99,34): error TS17004: Cannot use JSX unless the '--jsx' flag is provided.
docs/site/componentDemos.tsx(99,44): error TS2322: Type '{ key: string; demo: ComponentDemoRecord; }' is not assignable to type '{ readonly demo: ComponentDemoRecord; }'.
  Property 'key' does not exist on type '{ readonly demo: ComponentDemoRecord; }'.
docs/site/componentDemos.tsx(100,9): error TS7026: JSX element implicitly has type 'any' because no interface 'JSX.IntrinsicElements' exists.
docs/site/componentDemos.tsx(105,36): error TS17004: Cannot use JSX unless the '--jsx' flag is provided.
docs/site/componentDemos.tsx(110,9): error TS7026: JSX element implicitly has type 'any' because no interface 'JSX.IntrinsicElements' exists.
docs/site/componentDemos.tsx(110,9): error TS17004: Cannot use JSX unless the '--jsx' flag is provided.
docs/site/componentDemos.tsx(113,23): error TS17004: Cannot use JSX unless the '--jsx' flag is provided.
docs/site/componentDemos.tsx(113,33): error TS2322: Type '{ key: string; demos: readonly ComponentDemoRecord[]; }' is not assignable to type '{ readonly demos: readonly ComponentDemoRecord[]; }'.
  Property 'key' does not exist on type '{ readonly demos: readonly ComponentDemoRecord[]; }'.
docs/site/componentDemos.tsx(115,25): error TS7026: JSX element implicitly has type 'any' because no interface 'JSX.IntrinsicElements' exists.
docs/site/componentDemos.tsx(115,25): error TS17004: Cannot use JSX unless the '--jsx' flag is provided.
docs/site/componentDemos.tsx(120,29): error TS7026: JSX element implicitly has type 'any' because no interface 'JSX.IntrinsicElements' exists.
docs/site/componentDemos.tsx(120,29): error TS17004: Cannot use JSX unless the '--jsx' flag is provided.
docs/site/componentDemos.tsx(120,74): error TS7026: JSX element implicitly has type 'any' because no interface 'JSX.IntrinsicElements' exists.
docs/site/componentDemos.tsx(121,29): error TS17004: Cannot use JSX unless the '--jsx' flag is provided.
docs/site/componentDemos.tsx(122,25): error TS7026: JSX element implicitly has type 'any' because no interface 'JSX.IntrinsicElements' exists.
docs/site/componentDemos.tsx(125,9): error TS7026: JSX element implicitly has type 'any' because no interface 'JSX.IntrinsicElements' exists.
docs/site/firstExample.tsx(1,25): error TS6142: Module './liveExample.js' was resolved to 'C:/Users/zhang/Desktop/crab-dev/.website/docs/site/liveExample.tsx', but '--jsx' is not set.
docs/site/firstExample.tsx(2,37): error TS6142: Module './tutorial.js' was resolved to 'C:/Users/zhang/Desktop/crab-dev/.website/docs/site/tutorial.tsx', but '--jsx' is not set.
docs/site/firstExample.tsx(8,9): error TS17004: Cannot use JSX unless the '--jsx' flag is provided.
docs/site/homeStyles.ts(1,29): error TS2307: Cannot find module '@crab-dev/css' or its corresponding type declarations.
docs/site/homeStyles.ts(2,19): error TS2307: Cannot find module '@crab-dev/rc-token-semantic' or its corresponding type declarations.
docs/site/homeStyles.ts(3,25): error TS2307: Cannot find module '@crab-dev/rc-token-global' or its corresponding type declarations.
docs/site/learningHome.tsx(1,20): error TS2307: Cannot find module '@crab-dev/rc-button' or its corresponding type declarations.
docs/site/learningHome.tsx(2,25): error TS6142: Module './liveExample.js' was resolved to 'C:/Users/zhang/Desktop/crab-dev/.website/docs/site/liveExample.tsx', but '--jsx' is not set.
docs/site/learningHome.tsx(7,34): error TS6142: Module '../examples/home/profile.js' was resolved to 'C:/Users/zhang/Desktop/crab-dev/.website/docs/examples/home/profile.tsx', but '--jsx' is not set.
docs/site/learningHome.tsx(25,9): error TS7026: JSX element implicitly has type 'any' because no interface 'JSX.IntrinsicElements' exists.
docs/site/learningHome.tsx(25,9): error TS17004: Cannot use JSX unless the '--jsx' flag is provided.
docs/site/learningHome.tsx(26,13): error TS7026: JSX element implicitly has type 'any' because no interface 'JSX.IntrinsicElements' exists.
docs/site/learningHome.tsx(26,13): error TS17004: Cannot use JSX unless the '--jsx' flag is provided.
docs/site/learningHome.tsx(27,17): error TS7026: JSX element implicitly has type 'any' because no interface 'JSX.IntrinsicElements' exists.
docs/site/learningHome.tsx(27,17): error TS17004: Cannot use JSX unless the '--jsx' flag is provided.
docs/site/learningHome.tsx(28,21): error TS7026: JSX element implicitly has type 'any' because no interface 'JSX.IntrinsicElements' exists.
docs/site/learningHome.tsx(28,21): error TS17004: Cannot use JSX unless the '--jsx' flag is provided.
docs/site/learningHome.tsx(28,56): error TS7026: JSX element implicitly has type 'any' because no interface 'JSX.IntrinsicElements' exists.
docs/site/learningHome.tsx(28,56): error TS17004: Cannot use JSX unless the '--jsx' flag is provided.
docs/site/learningHome.tsx(28,94): error TS7026: JSX element implicitly has type 'any' because no interface 'JSX.IntrinsicElements' exists.
docs/site/learningHome.tsx(28,101): error TS7026: JSX element implicitly has type 'any' because no interface 'JSX.IntrinsicElements' exists.
docs/site/learningHome.tsx(28,101): error TS17004: Cannot use JSX unless the '--jsx' flag is provided.
docs/site/learningHome.tsx(28,119): error TS7026: JSX element implicitly has type 'any' because no interface 'JSX.IntrinsicElements' exists.
docs/site/learningHome.tsx(28,126): error TS7026: JSX element implicitly has type 'any' because no interface 'JSX.IntrinsicElements' exists.
docs/site/learningHome.tsx(29,21): error TS7026: JSX element implicitly has type 'any' because no interface 'JSX.IntrinsicElements' exists.
docs/site/learningHome.tsx(29,21): error TS17004: Cannot use JSX unless the '--jsx' flag is provided.
docs/site/learningHome.tsx(29,31): error TS7026: JSX element implicitly has type 'any' because no interface 'JSX.IntrinsicElements' exists.
docs/site/learningHome.tsx(29,31): error TS17004: Cannot use JSX unless the '--jsx' flag is provided.
docs/site/learningHome.tsx(29,37): error TS7026: JSX element implicitly has type 'any' because no interface 'JSX.IntrinsicElements' exists.
docs/site/learningHome.tsx(29,37): error TS17004: Cannot use JSX unless the '--jsx' flag is provided.
docs/site/learningHome.tsx(29,49): error TS7026: JSX element implicitly has type 'any' because no interface 'JSX.IntrinsicElements' exists.
docs/site/learningHome.tsx(29,56): error TS7026: JSX element implicitly has type 'any' because no interface 'JSX.IntrinsicElements' exists.
docs/site/learningHome.tsx(30,21): error TS7026: JSX element implicitly has type 'any' because no interface 'JSX.IntrinsicElements' exists.
docs/site/learningHome.tsx(30,21): error TS17004: Cannot use JSX unless the '--jsx' flag is provided.
docs/site/learningHome.tsx(30,66): error TS7026: JSX element implicitly has type 'any' because no interface 'JSX.IntrinsicElements' exists.
docs/site/learningHome.tsx(30,66): error TS17004: Cannot use JSX unless the '--jsx' flag is provided.
docs/site/learningHome.tsx(30,95): error TS7026: JSX element implicitly has type 'any' because no interface 'JSX.IntrinsicElements' exists.
docs/site/learningHome.tsx(31,21): error TS7026: JSX element implicitly has type 'any' because no interface 'JSX.IntrinsicElements' exists.
docs/site/learningHome.tsx(31,21): error TS17004: Cannot use JSX unless the '--jsx' flag is provided.
docs/site/learningHome.tsx(32,25): error TS17004: Cannot use JSX unless the '--jsx' flag is provided.
docs/site/learningHome.tsx(32,110): error TS7026: JSX element implicitly has type 'any' because no interface 'JSX.IntrinsicElements' exists.
docs/site/learningHome.tsx(32,110): error TS17004: Cannot use JSX unless the '--jsx' flag is provided.
docs/site/learningHome.tsx(32,136): error TS7026: JSX element implicitly has type 'any' because no interface 'JSX.IntrinsicElements' exists.
docs/site/learningHome.tsx(33,25): error TS17004: Cannot use JSX unless the '--jsx' flag is provided.
docs/site/learningHome.tsx(34,21): error TS7026: JSX element implicitly has type 'any' because no interface 'JSX.IntrinsicElements' exists.
docs/site/learningHome.tsx(35,21): error TS7026: JSX element implicitly has type 'any' because no interface 'JSX.IntrinsicElements' exists.
docs/site/learningHome.tsx(35,21): error TS17004: Cannot use JSX unless the '--jsx' flag is provided.
docs/site/learningHome.tsx(35,54): error TS7026: JSX element implicitly has type 'any' because no interface 'JSX.IntrinsicElements' exists.
docs/site/learningHome.tsx(35,54): error TS17004: Cannot use JSX unless the '--jsx' flag is provided.
docs/site/learningHome.tsx(35,68): error TS7026: JSX element implicitly has type 'any' because no interface 'JSX.IntrinsicElements' exists.
docs/site/learningHome.tsx(35,75): error TS7026: JSX element implicitly has type 'any' because no interface 'JSX.IntrinsicElements' exists.
docs/site/learningHome.tsx(35,75): error TS17004: Cannot use JSX unless the '--jsx' flag is provided.
docs/site/learningHome.tsx(35,91): error TS7026: JSX element implicitly has type 'any' because no interface 'JSX.IntrinsicElements' exists.
docs/site/learningHome.tsx(35,98): error TS7026: JSX element implicitly has type 'any' because no interface 'JSX.IntrinsicElements' exists.
docs/site/learningHome.tsx(35,98): error TS17004: Cannot use JSX unless the '--jsx' flag is provided.
docs/site/learningHome.tsx(35,112): error TS7026: JSX element implicitly has type 'any' because no interface 'JSX.IntrinsicElements' exists.
docs/site/learningHome.tsx(35,119): error TS7026: JSX element implicitly has type 'any' because no interface 'JSX.IntrinsicElements' exists.
docs/site/learningHome.tsx(36,17): error TS7026: JSX element implicitly has type 'any' because no interface 'JSX.IntrinsicElements' exists.
docs/site/learningHome.tsx(37,17): error TS7026: JSX element implicitly has type 'any' because no interface 'JSX.IntrinsicElements' exists.
docs/site/learningHome.tsx(37,17): error TS17004: Cannot use JSX unless the '--jsx' flag is provided.
docs/site/learningHome.tsx(38,21): error TS7026: JSX element implicitly has type 'any' because no interface 'JSX.IntrinsicElements' exists.
docs/site/learningHome.tsx(38,21): error TS17004: Cannot use JSX unless the '--jsx' flag is provided.
docs/site/learningHome.tsx(38,65): error TS7026: JSX element implicitly has type 'any' because no interface 'JSX.IntrinsicElements' exists.
docs/site/learningHome.tsx(38,65): error TS17004: Cannot use JSX unless the '--jsx' flag is provided.
docs/site/learningHome.tsx(38,81): error TS7026: JSX element implicitly has type 'any' because no interface 'JSX.IntrinsicElements' exists.
docs/site/learningHome.tsx(38,88): error TS7026: JSX element implicitly has type 'any' because no interface 'JSX.IntrinsicElements' exists.
docs/site/learningHome.tsx(38,88): error TS17004: Cannot use JSX unless the '--jsx' flag is provided.
docs/site/learningHome.tsx(38,136): error TS7026: JSX element implicitly has type 'any' because no interface 'JSX.IntrinsicElements' exists.
docs/site/learningHome.tsx(38,143): error TS7026: JSX element implicitly has type 'any' because no interface 'JSX.IntrinsicElements' exists.
docs/site/learningHome.tsx(39,21): error TS17004: Cannot use JSX unless the '--jsx' flag is provided.
docs/site/learningHome.tsx(40,21): error TS7026: JSX element implicitly has type 'any' because no interface 'JSX.IntrinsicElements' exists.
docs/site/learningHome.tsx(40,21): error TS17004: Cannot use JSX unless the '--jsx' flag is provided.
docs/site/learningHome.tsx(40,65): error TS7026: JSX element implicitly has type 'any' because no interface 'JSX.IntrinsicElements' exists.
docs/site/learningHome.tsx(40,65): error TS17004: Cannot use JSX unless the '--jsx' flag is provided.
docs/site/learningHome.tsx(40,84): error TS7026: JSX element implicitly has type 'any' because no interface 'JSX.IntrinsicElements' exists.
docs/site/learningHome.tsx(40,91): error TS17004: Cannot use JSX unless the '--jsx' flag is provided.
docs/site/learningHome.tsx(40,185): error TS7026: JSX element implicitly has type 'any' because no interface 'JSX.IntrinsicElements' exists.
docs/site/learningHome.tsx(41,17): error TS7026: JSX element implicitly has type 'any' because no interface 'JSX.IntrinsicElements' exists.
docs/site/learningHome.tsx(42,13): error TS7026: JSX element implicitly has type 'any' because no interface 'JSX.IntrinsicElements' exists.
docs/site/learningHome.tsx(43,13): error TS7026: JSX element implicitly has type 'any' because no interface 'JSX.IntrinsicElements' exists.
docs/site/learningHome.tsx(43,13): error TS17004: Cannot use JSX unless the '--jsx' flag is provided.
docs/site/learningHome.tsx(44,17): error TS7026: JSX element implicitly has type 'any' because no interface 'JSX.IntrinsicElements' exists.
docs/site/learningHome.tsx(44,17): error TS17004: Cannot use JSX unless the '--jsx' flag is provided.
docs/site/learningHome.tsx(44,22): error TS7026: JSX element implicitly has type 'any' because no interface 'JSX.IntrinsicElements' exists.
docs/site/learningHome.tsx(44,22): error TS17004: Cannot use JSX unless the '--jsx' flag is provided.
docs/site/learningHome.tsx(44,32): error TS7026: JSX element implicitly has type 'any' because no interface 'JSX.IntrinsicElements' exists.
docs/site/learningHome.tsx(44,41): error TS7026: JSX element implicitly has type 'any' because no interface 'JSX.IntrinsicElements' exists.
docs/site/learningHome.tsx(44,41): error TS17004: Cannot use JSX unless the '--jsx' flag is provided.
docs/site/learningHome.tsx(44,54): error TS7026: JSX element implicitly has type 'any' because no interface 'JSX.IntrinsicElements' exists.
docs/site/learningHome.tsx(44,61): error TS7026: JSX element implicitly has type 'any' because no interface 'JSX.IntrinsicElements' exists.
docs/site/learningHome.tsx(45,17): error TS7026: JSX element implicitly has type 'any' because no interface 'JSX.IntrinsicElements' exists.
docs/site/learningHome.tsx(45,17): error TS17004: Cannot use JSX unless the '--jsx' flag is provided.
docs/site/learningHome.tsx(45,22): error TS7026: JSX element implicitly has type 'any' because no interface 'JSX.IntrinsicElements' exists.
docs/site/learningHome.tsx(45,22): error TS17004: Cannot use JSX unless the '--jsx' flag is provided.
docs/site/learningHome.tsx(45,33): error TS7026: JSX element implicitly has type 'any' because no interface 'JSX.IntrinsicElements' exists.
docs/site/learningHome.tsx(45,42): error TS7026: JSX element implicitly has type 'any' because no interface 'JSX.IntrinsicElements' exists.
docs/site/learningHome.tsx(45,42): error TS17004: Cannot use JSX unless the '--jsx' flag is provided.
docs/site/learningHome.tsx(45,52): error TS7026: JSX element implicitly has type 'any' because no interface 'JSX.IntrinsicElements' exists.
docs/site/learningHome.tsx(45,59): error TS7026: JSX element implicitly has type 'any' because no interface 'JSX.IntrinsicElements' exists.
docs/site/learningHome.tsx(46,17): error TS7026: JSX element implicitly has type 'any' because no interface 'JSX.IntrinsicElements' exists.
docs/site/learningHome.tsx(46,17): error TS17004: Cannot use JSX unless the '--jsx' flag is provided.
docs/site/learningHome.tsx(46,22): error TS7026: JSX element implicitly has type 'any' because no interface 'JSX.IntrinsicElements' exists.
docs/site/learningHome.tsx(46,22): error TS17004: Cannot use JSX unless the '--jsx' flag is provided.
docs/site/learningHome.tsx(46,32): error TS7026: JSX element implicitly has type 'any' because no interface 'JSX.IntrinsicElements' exists.
docs/site/learningHome.tsx(46,41): error TS7026: JSX element implicitly has type 'any' because no interface 'JSX.IntrinsicElements' exists.
docs/site/learningHome.tsx(46,41): error TS17004: Cannot use JSX unless the '--jsx' flag is provided.
docs/site/learningHome.tsx(46,51): error TS7026: JSX element implicitly has type 'any' because no interface 'JSX.IntrinsicElements' exists.
docs/site/learningHome.tsx(46,58): error TS7026: JSX element implicitly has type 'any' because no interface 'JSX.IntrinsicElements' exists.
docs/site/learningHome.tsx(47,17): error TS7026: JSX element implicitly has type 'any' because no interface 'JSX.IntrinsicElements' exists.
docs/site/learningHome.tsx(47,17): error TS17004: Cannot use JSX unless the '--jsx' flag is provided.
docs/site/learningHome.tsx(47,40): error TS7026: JSX element implicitly has type 'any' because no interface 'JSX.IntrinsicElements' exists.
docs/site/learningHome.tsx(48,13): error TS7026: JSX element implicitly has type 'any' because no interface 'JSX.IntrinsicElements' exists.
docs/site/learningHome.tsx(49,13): error TS7026: JSX element implicitly has type 'any' because no interface 'JSX.IntrinsicElements' exists.
docs/site/learningHome.tsx(49,13): error TS17004: Cannot use JSX unless the '--jsx' flag is provided.
docs/site/learningHome.tsx(50,17): error TS7026: JSX element implicitly has type 'any' because no interface 'JSX.IntrinsicElements' exists.
docs/site/learningHome.tsx(50,17): error TS17004: Cannot use JSX unless the '--jsx' flag is provided.
docs/site/learningHome.tsx(51,21): error TS7026: JSX element implicitly has type 'any' because no interface 'JSX.IntrinsicElements' exists.
docs/site/learningHome.tsx(51,21): error TS17004: Cannot use JSX unless the '--jsx' flag is provided.
docs/site/learningHome.tsx(51,26): error TS7026: JSX element implicitly has type 'any' because no interface 'JSX.IntrinsicElements' exists.
docs/site/learningHome.tsx(51,26): error TS17004: Cannot use JSX unless the '--jsx' flag is provided.
docs/site/learningHome.tsx(51,72): error TS7026: JSX element implicitly has type 'any' because no interface 'JSX.IntrinsicElements' exists.
docs/site/learningHome.tsx(51,79): error TS7026: JSX element implicitly has type 'any' because no interface 'JSX.IntrinsicElements' exists.
docs/site/learningHome.tsx(51,79): error TS17004: Cannot use JSX unless the '--jsx' flag is provided.
docs/site/learningHome.tsx(51,114): error TS7026: JSX element implicitly has type 'any' because no interface 'JSX.IntrinsicElements' exists.
docs/site/learningHome.tsx(51,119): error TS7026: JSX element implicitly has type 'any' because no interface 'JSX.IntrinsicElements' exists.
docs/site/learningHome.tsx(52,21): error TS17004: Cannot use JSX unless the '--jsx' flag is provided.
docs/site/learningHome.tsx(53,17): error TS7026: JSX element implicitly has type 'any' because no interface 'JSX.IntrinsicElements' exists.
docs/site/learningHome.tsx(54,17): error TS7026: JSX element implicitly has type 'any' because no interface 'JSX.IntrinsicElements' exists.
docs/site/learningHome.tsx(54,17): error TS17004: Cannot use JSX unless the '--jsx' flag is provided.
docs/site/learningHome.tsx(56,25): error TS7026: JSX element implicitly has type 'any' because no interface 'JSX.IntrinsicElements' exists.
docs/site/learningHome.tsx(56,25): error TS17004: Cannot use JSX unless the '--jsx' flag is provided.
docs/site/learningHome.tsx(57,29): error TS7026: JSX element implicitly has type 'any' because no interface 'JSX.IntrinsicElements' exists.
docs/site/learningHome.tsx(57,29): error TS17004: Cannot use JSX unless the '--jsx' flag is provided.
docs/site/learningHome.tsx(57,71): error TS7026: JSX element implicitly has type 'any' because no interface 'JSX.IntrinsicElements' exists.
docs/site/learningHome.tsx(57,71): error TS17004: Cannot use JSX unless the '--jsx' flag is provided.
docs/site/learningHome.tsx(57,108): error TS7026: JSX element implicitly has type 'any' because no interface 'JSX.IntrinsicElements' exists.
docs/site/learningHome.tsx(57,115): error TS7026: JSX element implicitly has type 'any' because no interface 'JSX.IntrinsicElements' exists.
docs/site/learningHome.tsx(57,115): error TS17004: Cannot use JSX unless the '--jsx' flag is provided.
docs/site/learningHome.tsx(57,135): error TS7026: JSX element implicitly has type 'any' because no interface 'JSX.IntrinsicElements' exists.
docs/site/learningHome.tsx(57,140): error TS17004: Cannot use JSX unless the '--jsx' flag is provided.
docs/site/learningHome.tsx(57,285): error TS7026: JSX element implicitly has type 'any' because no interface 'JSX.IntrinsicElements' exists.
docs/site/learningHome.tsx(58,29): error TS7026: JSX element implicitly has type 'any' because no interface 'JSX.IntrinsicElements' exists.
docs/site/learningHome.tsx(58,29): error TS17004: Cannot use JSX unless the '--jsx' flag is provided.
docs/site/learningHome.tsx(58,49): error TS7026: JSX element implicitly has type 'any' because no interface 'JSX.IntrinsicElements' exists.
docs/site/learningHome.tsx(59,29): error TS7026: JSX element implicitly has type 'any' because no interface 'JSX.IntrinsicElements' exists.
docs/site/learningHome.tsx(59,29): error TS17004: Cannot use JSX unless the '--jsx' flag is provided.
docs/site/learningHome.tsx(59,110): error TS17004: Cannot use JSX unless the '--jsx' flag is provided.
docs/site/learningHome.tsx(59,201): error TS7026: JSX element implicitly has type 'any' because no interface 'JSX.IntrinsicElements' exists.
docs/site/learningHome.tsx(60,25): error TS7026: JSX element implicitly has type 'any' because no interface 'JSX.IntrinsicElements' exists.
docs/site/learningHome.tsx(62,17): error TS7026: JSX element implicitly has type 'any' because no interface 'JSX.IntrinsicElements' exists.
docs/site/learningHome.tsx(63,13): error TS7026: JSX element implicitly has type 'any' because no interface 'JSX.IntrinsicElements' exists.
docs/site/learningHome.tsx(64,13): error TS7026: JSX element implicitly has type 'any' because no interface 'JSX.IntrinsicElements' exists.
docs/site/learningHome.tsx(64,13): error TS17004: Cannot use JSX unless the '--jsx' flag is provided.
docs/site/learningHome.tsx(65,17): error TS7026: JSX element implicitly has type 'any' because no interface 'JSX.IntrinsicElements' exists.
docs/site/learningHome.tsx(65,17): error TS17004: Cannot use JSX unless the '--jsx' flag is provided.
docs/site/learningHome.tsx(65,22): error TS7026: JSX element implicitly has type 'any' because no interface 'JSX.IntrinsicElements' exists.
docs/site/learningHome.tsx(65,22): error TS17004: Cannot use JSX unless the '--jsx' flag is provided.
docs/site/learningHome.tsx(65,69): error TS7026: JSX element implicitly has type 'any' because no interface 'JSX.IntrinsicElements' exists.
docs/site/learningHome.tsx(65,76): error TS7026: JSX element implicitly has type 'any' because no interface 'JSX.IntrinsicElements' exists.
docs/site/learningHome.tsx(65,76): error TS17004: Cannot use JSX unless the '--jsx' flag is provided.
docs/site/learningHome.tsx(65,113): error TS7026: JSX element implicitly has type 'any' because no interface 'JSX.IntrinsicElements' exists.
docs/site/learningHome.tsx(65,118): error TS7026: JSX element implicitly has type 'any' because no interface 'JSX.IntrinsicElements' exists.
docs/site/learningHome.tsx(65,118): error TS17004: Cannot use JSX unless the '--jsx' flag is provided.
docs/site/learningHome.tsx(65,142): error TS7026: JSX element implicitly has type 'any' because no interface 'JSX.IntrinsicElements' exists.
docs/site/learningHome.tsx(65,146): error TS7026: JSX element implicitly has type 'any' because no interface 'JSX.IntrinsicElements' exists.
docs/site/learningHome.tsx(66,17): error TS7026: JSX element implicitly has type 'any' because no interface 'JSX.IntrinsicElements' exists.
docs/site/learningHome.tsx(66,17): error TS17004: Cannot use JSX unless the '--jsx' flag is provided.
docs/site/learningHome.tsx(66,40): error TS17004: Cannot use JSX unless the '--jsx' flag is provided.
docs/site/learningHome.tsx(66,104): error TS7026: JSX element implicitly has type 'any' because no interface 'JSX.IntrinsicElements' exists.
docs/site/learningHome.tsx(66,104): error TS17004: Cannot use JSX unless the '--jsx' flag is provided.
docs/site/learningHome.tsx(66,112): error TS7026: JSX element implicitly has type 'any' because no interface 'JSX.IntrinsicElements' exists.
docs/site/learningHome.tsx(66,136): error TS17004: Cannot use JSX unless the '--jsx' flag is provided.
docs/site/learningHome.tsx(66,198): error TS7026: JSX element implicitly has type 'any' because no interface 'JSX.IntrinsicElements' exists.
docs/site/learningHome.tsx(66,198): error TS17004: Cannot use JSX unless the '--jsx' flag is provided.
docs/site/learningHome.tsx(66,206): error TS7026: JSX element implicitly has type 'any' because no interface 'JSX.IntrinsicElements' exists.
docs/site/learningHome.tsx(66,230): error TS17004: Cannot use JSX unless the '--jsx' flag is provided.
docs/site/learningHome.tsx(66,273): error TS7026: JSX element implicitly has type 'any' because no interface 'JSX.IntrinsicElements' exists.
docs/site/learningHome.tsx(66,273): error TS17004: Cannot use JSX unless the '--jsx' flag is provided.
docs/site/learningHome.tsx(66,281): error TS7026: JSX element implicitly has type 'any' because no interface 'JSX.IntrinsicElements' exists.
docs/site/learningHome.tsx(66,305): error TS7026: JSX element implicitly has type 'any' because no interface 'JSX.IntrinsicElements' exists.
docs/site/learningHome.tsx(67,13): error TS7026: JSX element implicitly has type 'any' because no interface 'JSX.IntrinsicElements' exists.
docs/site/learningHome.tsx(68,13): error TS7026: JSX element implicitly has type 'any' because no interface 'JSX.IntrinsicElements' exists.
docs/site/learningHome.tsx(68,13): error TS17004: Cannot use JSX unless the '--jsx' flag is provided.
docs/site/learningHome.tsx(69,17): error TS7026: JSX element implicitly has type 'any' because no interface 'JSX.IntrinsicElements' exists.
docs/site/learningHome.tsx(69,17): error TS17004: Cannot use JSX unless the '--jsx' flag is provided.
docs/site/learningHome.tsx(69,63): error TS7026: JSX element implicitly has type 'any' because no interface 'JSX.IntrinsicElements' exists.
docs/site/learningHome.tsx(69,63): error TS17004: Cannot use JSX unless the '--jsx' flag is provided.
docs/site/learningHome.tsx(69,68): error TS7026: JSX element implicitly has type 'any' because no interface 'JSX.IntrinsicElements' exists.
docs/site/learningHome.tsx(69,68): error TS17004: Cannot use JSX unless the '--jsx' flag is provided.
docs/site/learningHome.tsx(69,119): error TS7026: JSX element implicitly has type 'any' because no interface 'JSX.IntrinsicElements' exists.
docs/site/learningHome.tsx(69,126): error TS7026: JSX element implicitly has type 'any' because no interface 'JSX.IntrinsicElements' exists.
docs/site/learningHome.tsx(69,126): error TS17004: Cannot use JSX unless the '--jsx' flag is provided.
docs/site/learningHome.tsx(69,161): error TS7026: JSX element implicitly has type 'any' because no interface 'JSX.IntrinsicElements' exists.
docs/site/learningHome.tsx(69,166): error TS7026: JSX element implicitly has type 'any' because no interface 'JSX.IntrinsicElements' exists.
docs/site/learningHome.tsx(69,172): error TS7026: JSX element implicitly has type 'any' because no interface 'JSX.IntrinsicElements' exists.
docs/site/learningHome.tsx(69,172): error TS17004: Cannot use JSX unless the '--jsx' flag is provided.
docs/site/learningHome.tsx(69,220): error TS7026: JSX element implicitly has type 'any' because no interface 'JSX.IntrinsicElements' exists.
docs/site/learningHome.tsx(69,227): error TS7026: JSX element implicitly has type 'any' because no interface 'JSX.IntrinsicElements' exists.
docs/site/learningHome.tsx(70,17): error TS7026: JSX element implicitly has type 'any' because no interface 'JSX.IntrinsicElements' exists.
docs/site/learningHome.tsx(70,17): error TS17004: Cannot use JSX unless the '--jsx' flag is provided.
docs/site/learningHome.tsx(71,48): error TS7026: JSX element implicitly has type 'any' because no interface 'JSX.IntrinsicElements' exists.
docs/site/learningHome.tsx(71,48): error TS17004: Cannot use JSX unless the '--jsx' flag is provided.
docs/site/learningHome.tsx(71,77): error TS7026: JSX element implicitly has type 'any' because no interface 'JSX.IntrinsicElements' exists.
docs/site/learningHome.tsx(71,77): error TS17004: Cannot use JSX unless the '--jsx' flag is provided.
docs/site/learningHome.tsx(71,135): error TS7026: JSX element implicitly has type 'any' because no interface 'JSX.IntrinsicElements' exists.
docs/site/learningHome.tsx(71,142): error TS7026: JSX element implicitly has type 'any' because no interface 'JSX.IntrinsicElements' exists.
docs/site/learningHome.tsx(71,142): error TS17004: Cannot use JSX unless the '--jsx' flag is provided.
docs/site/learningHome.tsx(71,146): error TS17004: Cannot use JSX unless the '--jsx' flag is provided.
docs/site/learningHome.tsx(71,226): error TS7026: JSX element implicitly has type 'any' because no interface 'JSX.IntrinsicElements' exists.
docs/site/learningHome.tsx(71,226): error TS17004: Cannot use JSX unless the '--jsx' flag is provided.
docs/site/learningHome.tsx(71,252): error TS7026: JSX element implicitly has type 'any' because no interface 'JSX.IntrinsicElements' exists.
docs/site/learningHome.tsx(71,268): error TS7026: JSX element implicitly has type 'any' because no interface 'JSX.IntrinsicElements' exists.
docs/site/learningHome.tsx(71,273): error TS7026: JSX element implicitly has type 'any' because no interface 'JSX.IntrinsicElements' exists.
docs/site/learningHome.tsx(71,273): error TS17004: Cannot use JSX unless the '--jsx' flag is provided.
docs/site/learningHome.tsx(71,293): error TS7026: JSX element implicitly has type 'any' because no interface 'JSX.IntrinsicElements' exists.
docs/site/learningHome.tsx(71,297): error TS7026: JSX element implicitly has type 'any' because no interface 'JSX.IntrinsicElements' exists.
docs/site/learningHome.tsx(71,297): error TS17004: Cannot use JSX unless the '--jsx' flag is provided.
docs/site/learningHome.tsx(71,366): error TS7026: JSX element implicitly has type 'any' because no interface 'JSX.IntrinsicElements' exists.
docs/site/learningHome.tsx(71,373): error TS7026: JSX element implicitly has type 'any' because no interface 'JSX.IntrinsicElements' exists.
docs/site/learningHome.tsx(72,17): error TS7026: JSX element implicitly has type 'any' because no interface 'JSX.IntrinsicElements' exists.
docs/site/learningHome.tsx(73,13): error TS7026: JSX element implicitly has type 'any' because no interface 'JSX.IntrinsicElements' exists.
docs/site/learningHome.tsx(74,13): error TS7026: JSX element implicitly has type 'any' because no interface 'JSX.IntrinsicElements' exists.
docs/site/learningHome.tsx(74,13): error TS17004: Cannot use JSX unless the '--jsx' flag is provided.
docs/site/learningHome.tsx(74,50): error TS7026: JSX element implicitly has type 'any' because no interface 'JSX.IntrinsicElements' exists.
docs/site/learningHome.tsx(74,50): error TS17004: Cannot use JSX unless the '--jsx' flag is provided.
docs/site/learningHome.tsx(74,56): error TS7026: JSX element implicitly has type 'any' because no interface 'JSX.IntrinsicElements' exists.
docs/site/learningHome.tsx(74,56): error TS17004: Cannot use JSX unless the '--jsx' flag is provided.
docs/site/learningHome.tsx(74,71): error TS7026: JSX element implicitly has type 'any' because no interface 'JSX.IntrinsicElements' exists.
docs/site/learningHome.tsx(74,92): error TS7026: JSX element implicitly has type 'any' because no interface 'JSX.IntrinsicElements' exists.
docs/site/learningHome.tsx(74,99): error TS7026: JSX element implicitly has type 'any' because no interface 'JSX.IntrinsicElements' exists.
docs/site/learningHome.tsx(74,99): error TS17004: Cannot use JSX unless the '--jsx' flag is provided.
docs/site/learningHome.tsx(74,122): error TS17004: Cannot use JSX unless the '--jsx' flag is provided.
docs/site/learningHome.tsx(74,196): error TS17004: Cannot use JSX unless the '--jsx' flag is provided.
docs/site/learningHome.tsx(74,268): error TS17004: Cannot use JSX unless the '--jsx' flag is provided.
docs/site/learningHome.tsx(74,353): error TS7026: JSX element implicitly has type 'any' because no interface 'JSX.IntrinsicElements' exists.
docs/site/learningHome.tsx(74,359): error TS7026: JSX element implicitly has type 'any' because no interface 'JSX.IntrinsicElements' exists.
docs/site/learningHome.tsx(75,9): error TS7026: JSX element implicitly has type 'any' because no interface 'JSX.IntrinsicElements' exists.
docs/site/liveExample.tsx(1,64): error TS2307: Cannot find module 'react' or its corresponding type declarations.
docs/site/liveExample.tsx(2,47): error TS2307: Cannot find module 'react' or its corresponding type declarations.
docs/site/liveExample.tsx(3,20): error TS2307: Cannot find module '@crab-dev/rc-button' or its corresponding type declarations.
docs/site/liveExample.tsx(4,19): error TS2307: Cannot find module '@crab-dev/rc-alert' or its corresponding type declarations.
docs/site/liveExample.tsx(5,18): error TS2307: Cannot find module '@crab-dev/rc-spin' or its corresponding type declarations.
docs/site/liveExample.tsx(6,21): error TS2307: Cannot find module '@crab-dev/rc-component-preview' or its corresponding type declarations.
docs/site/liveExample.tsx(7,21): error TS2307: Cannot find module '@crab-dev/css' or its corresponding type declarations.
docs/site/liveExample.tsx(8,32): error TS6142: Module './componentDemoFrame.js' was resolved to 'C:/Users/zhang/Desktop/crab-dev/.website/docs/site/componentDemoFrame.tsx', but '--jsx' is not set.
docs/site/liveExample.tsx(30,13): error TS17004: Cannot use JSX unless the '--jsx' flag is provided.
docs/site/liveExample.tsx(33,25): error TS17004: Cannot use JSX unless the '--jsx' flag is provided.
docs/site/liveExample.tsx(33,47): error TS2339: Property 'props' does not exist on type 'PreviewBoundary'.
docs/site/liveExample.tsx(37,18): error TS2339: Property 'props' does not exist on type 'PreviewBoundary'.
docs/site/liveExample.tsx(44,9): error TS17004: Cannot use JSX unless the '--jsx' flag is provided.
docs/site/liveExample.tsx(44,29): error TS17004: Cannot use JSX unless the '--jsx' flag is provided.
docs/site/liveExample.tsx(45,13): error TS17004: Cannot use JSX unless the '--jsx' flag is provided.
docs/site/liveExample.tsx(65,36): error TS7006: Parameter 'value' implicitly has an 'any' type.
docs/site/liveExample.tsx(67,9): error TS7026: JSX element implicitly has type 'any' because no interface 'JSX.IntrinsicElements' exists.
docs/site/liveExample.tsx(67,9): error TS17004: Cannot use JSX unless the '--jsx' flag is provided.
docs/site/liveExample.tsx(68,13): error TS17004: Cannot use JSX unless the '--jsx' flag is provided.
docs/site/liveExample.tsx(69,24): error TS17004: Cannot use JSX unless the '--jsx' flag is provided.
docs/site/liveExample.tsx(69,34): error TS17004: Cannot use JSX unless the '--jsx' flag is provided.
docs/site/liveExample.tsx(74,35): error TS7006: Parameter 'code' implicitly has an 'any' type.
docs/site/liveExample.tsx(84,17): error TS17004: Cannot use JSX unless the '--jsx' flag is provided.
docs/site/liveExample.tsx(85,21): error TS17004: Cannot use JSX unless the '--jsx' flag is provided.
docs/site/liveExample.tsx(88,27): error TS17004: Cannot use JSX unless the '--jsx' flag is provided.
docs/site/liveExample.tsx(89,9): error TS7026: JSX element implicitly has type 'any' because no interface 'JSX.IntrinsicElements' exists.
docs/site/practiceGallery.tsx(1,26): error TS2307: Cannot find module 'react' or its corresponding type declarations.
docs/site/practiceGallery.tsx(2,18): error TS2307: Cannot find module '@crab-dev/rc-tabs' or its corresponding type declarations.
docs/site/practiceGallery.tsx(3,20): error TS2307: Cannot find module '@crab-dev/rc-button' or its corresponding type declarations.
docs/site/practiceGallery.tsx(4,19): error TS2307: Cannot find module '@crab-dev/rc-alert' or its corresponding type declarations.
docs/site/practiceGallery.tsx(5,21): error TS2307: Cannot find module '@crab-dev/css' or its corresponding type declarations.
docs/site/practiceGallery.tsx(6,19): error TS2307: Cannot find module '@crab-dev/rc-token-semantic' or its corresponding type declarations.
docs/site/practiceGallery.tsx(10,25): error TS6142: Module './liveExample.js' was resolved to 'C:/Users/zhang/Desktop/crab-dev/.website/docs/site/liveExample.tsx', but '--jsx' is not set.
docs/site/practiceGallery.tsx(26,9): error TS17004: Cannot use JSX unless the '--jsx' flag is provided.
docs/site/practiceGallery.tsx(37,25): error TS7026: JSX element implicitly has type 'any' because no interface 'JSX.IntrinsicElements' exists.
docs/site/practiceGallery.tsx(37,25): error TS17004: Cannot use JSX unless the '--jsx' flag is provided.
docs/site/practiceGallery.tsx(38,29): error TS7026: JSX element implicitly has type 'any' because no interface 'JSX.IntrinsicElements' exists.
docs/site/practiceGallery.tsx(38,29): error TS17004: Cannot use JSX unless the '--jsx' flag is provided.
docs/site/practiceGallery.tsx(39,33): error TS17004: Cannot use JSX unless the '--jsx' flag is provided.
docs/site/practiceGallery.tsx(42,29): error TS7026: JSX element implicitly has type 'any' because no interface 'JSX.IntrinsicElements' exists.
docs/site/practiceGallery.tsx(44,33): error TS17004: Cannot use JSX unless the '--jsx' flag is provided.
docs/site/practiceGallery.tsx(45,37): error TS2322: Type '{ key: string; title: string; description: string; sourceCode: string; load: () => Promise<typeof import("C:/Users/zhang/Desktop/crab-dev/.website/docs/examples/practice-admin/step-1")>; }' is not assignable to type '{ readonly title: string; readonly description?: any; readonly sourceCode: string; readonly load: ExampleLoader; }'.
  Property 'key' does not exist on type '{ readonly title: string; readonly description?: any; readonly sourceCode: string; readonly load: ExampleLoader; }'.
docs/site/practiceGallery.tsx(51,33): error TS17004: Cannot use JSX unless the '--jsx' flag is provided.
docs/site/practiceGallery.tsx(52,25): error TS7026: JSX element implicitly has type 'any' because no interface 'JSX.IntrinsicElements' exists.
docs/site/siteContext.ts(1,36): error TS2307: Cannot find module 'react' or its corresponding type declarations.
docs/site/siteContext.ts(2,34): error TS2307: Cannot find module '@crab-dev/wake/docs' or its corresponding type declarations.
docs/site/siteStyles.ts(1,29): error TS2307: Cannot find module '@crab-dev/css' or its corresponding type declarations.
docs/site/siteStyles.ts(2,19): error TS2307: Cannot find module '@crab-dev/rc-token-semantic' or its corresponding type declarations.
docs/site/siteStyles.ts(3,25): error TS2307: Cannot find module '@crab-dev/rc-token-global' or its corresponding type declarations.
docs/site/tutorial.tsx(1,49): error TS2307: Cannot find module 'react' or its corresponding type declarations.
docs/site/tutorial.tsx(3,36): error TS2307: Cannot find module 'react' or its corresponding type declarations.
docs/site/tutorial.tsx(4,30): error TS2307: Cannot find module 'react-dom' or its corresponding type declarations.
docs/site/tutorial.tsx(5,21): error TS2307: Cannot find module '@crab-dev/css' or its corresponding type declarations.
docs/site/tutorial.tsx(6,20): error TS2307: Cannot find module '@crab-dev/rc-button' or its corresponding type declarations.
docs/site/tutorial.tsx(7,19): error TS2307: Cannot find module '@crab-dev/rc-alert' or its corresponding type declarations.
docs/site/tutorial.tsx(8,48): error TS6142: Module './liveExample.js' was resolved to 'C:/Users/zhang/Desktop/crab-dev/.website/docs/site/liveExample.tsx', but '--jsx' is not set.
docs/site/tutorial.tsx(9,21): error TS2307: Cannot find module '@crab-dev/rc-component-preview' or its corresponding type declarations.
docs/site/tutorial.tsx(10,19): error TS2307: Cannot find module '@crab-dev/rc-token-semantic' or its corresponding type declarations.
docs/site/tutorial.tsx(11,52): error TS6142: Module './componentDemoFrame.js' was resolved to 'C:/Users/zhang/Desktop/crab-dev/.website/docs/site/componentDemoFrame.tsx', but '--jsx' is not set.
docs/site/tutorial.tsx(16,42): error TS6142: Module './componentDemos.js' was resolved to 'C:/Users/zhang/Desktop/crab-dev/.website/docs/site/componentDemos.tsx', but '--jsx' is not set.
docs/site/tutorial.tsx(172,13): error TS7026: JSX element implicitly has type 'any' because no interface 'JSX.IntrinsicElements' exists.
docs/site/tutorial.tsx(172,13): error TS17004: Cannot use JSX unless the '--jsx' flag is provided.
docs/site/tutorial.tsx(173,17): error TS7026: JSX element implicitly has type 'any' because no interface 'JSX.IntrinsicElements' exists.
docs/site/tutorial.tsx(173,17): error TS17004: Cannot use JSX unless the '--jsx' flag is provided.
docs/site/tutorial.tsx(173,29): error TS7026: JSX element implicitly has type 'any' because no interface 'JSX.IntrinsicElements' exists.
docs/site/tutorial.tsx(175,21): error TS17004: Cannot use JSX unless the '--jsx' flag is provided.
docs/site/tutorial.tsx(189,13): error TS7026: JSX element implicitly has type 'any' because no interface 'JSX.IntrinsicElements' exists.
docs/site/tutorial.tsx(205,13): error TS17004: Cannot use JSX unless the '--jsx' flag is provided.
docs/site/tutorial.tsx(209,37): error TS7006: Parameter 'value' implicitly has an 'any' type.
docs/site/tutorial.tsx(218,9): error TS7026: JSX element implicitly has type 'any' because no interface 'JSX.IntrinsicElements' exists.
docs/site/tutorial.tsx(218,9): error TS17004: Cannot use JSX unless the '--jsx' flag is provided.
docs/site/tutorial.tsx(223,13): error TS17004: Cannot use JSX unless the '--jsx' flag is provided.
docs/site/tutorial.tsx(224,13): error TS7026: JSX element implicitly has type 'any' because no interface 'JSX.IntrinsicElements' exists.
docs/site/tutorial.tsx(224,13): error TS17004: Cannot use JSX unless the '--jsx' flag is provided.
docs/site/tutorial.tsx(226,21): error TS7026: JSX element implicitly has type 'any' because no interface 'JSX.IntrinsicElements' exists.
docs/site/tutorial.tsx(226,21): error TS17004: Cannot use JSX unless the '--jsx' flag is provided.
docs/site/tutorial.tsx(227,25): error TS17004: Cannot use JSX unless the '--jsx' flag is provided.
docs/site/tutorial.tsx(235,21): error TS7026: JSX element implicitly has type 'any' because no interface 'JSX.IntrinsicElements' exists.
docs/site/tutorial.tsx(237,13): error TS7026: JSX element implicitly has type 'any' because no interface 'JSX.IntrinsicElements' exists.
docs/site/tutorial.tsx(238,13): error TS7026: JSX element implicitly has type 'any' because no interface 'JSX.IntrinsicElements' exists.
docs/site/tutorial.tsx(238,13): error TS17004: Cannot use JSX unless the '--jsx' flag is provided.
docs/site/tutorial.tsx(239,17): error TS7026: JSX element implicitly has type 'any' because no interface 'JSX.IntrinsicElements' exists.
docs/site/tutorial.tsx(239,17): error TS17004: Cannot use JSX unless the '--jsx' flag is provided.
docs/site/tutorial.tsx(241,17): error TS7026: JSX element implicitly has type 'any' because no interface 'JSX.IntrinsicElements' exists.
docs/site/tutorial.tsx(242,17): error TS7026: JSX element implicitly has type 'any' because no interface 'JSX.IntrinsicElements' exists.
docs/site/tutorial.tsx(242,17): error TS17004: Cannot use JSX unless the '--jsx' flag is provided.
docs/site/tutorial.tsx(243,21): error TS7026: JSX element implicitly has type 'any' because no interface 'JSX.IntrinsicElements' exists.
docs/site/tutorial.tsx(243,21): error TS17004: Cannot use JSX unless the '--jsx' flag is provided.
docs/site/tutorial.tsx(243,36): error TS7026: JSX element implicitly has type 'any' because no interface 'JSX.IntrinsicElements' exists.
docs/site/tutorial.tsx(244,21): error TS7026: JSX element implicitly has type 'any' because no interface 'JSX.IntrinsicElements' exists.
docs/site/tutorial.tsx(244,21): error TS17004: Cannot use JSX unless the '--jsx' flag is provided.
docs/site/tutorial.tsx(244,34): error TS7026: JSX element implicitly has type 'any' because no interface 'JSX.IntrinsicElements' exists.
docs/site/tutorial.tsx(246,25): error TS7026: JSX element implicitly has type 'any' because no interface 'JSX.IntrinsicElements' exists.
docs/site/tutorial.tsx(246,25): error TS17004: Cannot use JSX unless the '--jsx' flag is provided.
docs/site/tutorial.tsx(247,29): error TS7026: JSX element implicitly has type 'any' because no interface 'JSX.IntrinsicElements' exists.
docs/site/tutorial.tsx(247,29): error TS17004: Cannot use JSX unless the '--jsx' flag is provided.
docs/site/tutorial.tsx(247,42): error TS7026: JSX element implicitly has type 'any' because no interface 'JSX.IntrinsicElements' exists.
docs/site/tutorial.tsx(249,25): error TS7026: JSX element implicitly has type 'any' because no interface 'JSX.IntrinsicElements' exists.
docs/site/tutorial.tsx(252,25): error TS17004: Cannot use JSX unless the '--jsx' flag is provided.
docs/site/tutorial.tsx(253,29): error TS7026: JSX element implicitly has type 'any' because no interface 'JSX.IntrinsicElements' exists.
docs/site/tutorial.tsx(253,29): error TS17004: Cannot use JSX unless the '--jsx' flag is provided.
docs/site/tutorial.tsx(253,37): error TS7026: JSX element implicitly has type 'any' because no interface 'JSX.IntrinsicElements' exists.
docs/site/tutorial.tsx(254,29): error TS7026: JSX element implicitly has type 'any' because no interface 'JSX.IntrinsicElements' exists.
docs/site/tutorial.tsx(254,29): error TS17004: Cannot use JSX unless the '--jsx' flag is provided.
docs/site/tutorial.tsx(256,37): error TS7026: JSX element implicitly has type 'any' because no interface 'JSX.IntrinsicElements' exists.
docs/site/tutorial.tsx(256,37): error TS17004: Cannot use JSX unless the '--jsx' flag is provided.
docs/site/tutorial.tsx(256,62): error TS7026: JSX element implicitly has type 'any' because no interface 'JSX.IntrinsicElements' exists.
docs/site/tutorial.tsx(258,29): error TS7026: JSX element implicitly has type 'any' because no interface 'JSX.IntrinsicElements' exists.
docs/site/tutorial.tsx(261,17): error TS7026: JSX element implicitly has type 'any' because no interface 'JSX.IntrinsicElements' exists.
docs/site/tutorial.tsx(262,17): error TS7026: JSX element implicitly has type 'any' because no interface 'JSX.IntrinsicElements' exists.
docs/site/tutorial.tsx(262,17): error TS17004: Cannot use JSX unless the '--jsx' flag is provided.
docs/site/tutorial.tsx(263,21): error TS7026: JSX element implicitly has type 'any' because no interface 'JSX.IntrinsicElements' exists.
docs/site/tutorial.tsx(263,21): error TS17004: Cannot use JSX unless the '--jsx' flag is provided.
docs/site/tutorial.tsx(264,25): error TS7026: JSX element implicitly has type 'any' because no interface 'JSX.IntrinsicElements' exists.
docs/site/tutorial.tsx(264,25): error TS17004: Cannot use JSX unless the '--jsx' flag is provided.
docs/site/tutorial.tsx(264,37): error TS7026: JSX element implicitly has type 'any' because no interface 'JSX.IntrinsicElements' exists.
docs/site/tutorial.tsx(265,21): error TS7026: JSX element implicitly has type 'any' because no interface 'JSX.IntrinsicElements' exists.
docs/site/tutorial.tsx(266,21): error TS7026: JSX element implicitly has type 'any' because no interface 'JSX.IntrinsicElements' exists.
docs/site/tutorial.tsx(266,21): error TS17004: Cannot use JSX unless the '--jsx' flag is provided.
docs/site/tutorial.tsx(267,25): error TS7026: JSX element implicitly has type 'any' because no interface 'JSX.IntrinsicElements' exists.
docs/site/tutorial.tsx(267,25): error TS17004: Cannot use JSX unless the '--jsx' flag is provided.
docs/site/tutorial.tsx(267,37): error TS7026: JSX element implicitly has type 'any' because no interface 'JSX.IntrinsicElements' exists.
docs/site/tutorial.tsx(268,21): error TS7026: JSX element implicitly has type 'any' because no interface 'JSX.IntrinsicElements' exists.
docs/site/tutorial.tsx(269,17): error TS7026: JSX element implicitly has type 'any' because no interface 'JSX.IntrinsicElements' exists.
docs/site/tutorial.tsx(270,17): error TS17004: Cannot use JSX unless the '--jsx' flag is provided.
docs/site/tutorial.tsx(274,25): error TS7026: JSX element implicitly has type 'any' because no interface 'JSX.IntrinsicElements' exists.
docs/site/tutorial.tsx(274,25): error TS17004: Cannot use JSX unless the '--jsx' flag is provided.
docs/site/tutorial.tsx(275,29): error TS7026: JSX element implicitly has type 'any' because no interface 'JSX.IntrinsicElements' exists.
docs/site/tutorial.tsx(275,29): error TS17004: Cannot use JSX unless the '--jsx' flag is provided.
docs/site/tutorial.tsx(275,39): error TS7026: JSX element implicitly has type 'any' because no interface 'JSX.IntrinsicElements' exists.
docs/site/tutorial.tsx(276,29): error TS17004: Cannot use JSX unless the '--jsx' flag is provided.
docs/site/tutorial.tsx(285,25): error TS7026: JSX element implicitly has type 'any' because no interface 'JSX.IntrinsicElements' exists.
docs/site/tutorial.tsx(294,40): error TS7006: Parameter 'source' implicitly has an 'any' type.
docs/site/tutorial.tsx(304,21): error TS7026: JSX element implicitly has type 'any' because no interface 'JSX.IntrinsicElements' exists.
docs/site/tutorial.tsx(304,21): error TS17004: Cannot use JSX unless the '--jsx' flag is provided.
docs/site/tutorial.tsx(305,25): error TS17004: Cannot use JSX unless the '--jsx' flag is provided.
docs/site/tutorial.tsx(307,33): error TS17004: Cannot use JSX unless the '--jsx' flag is provided.
docs/site/tutorial.tsx(309,33): error TS17004: Cannot use JSX unless the '--jsx' flag is provided.
docs/site/tutorial.tsx(315,21): error TS7026: JSX element implicitly has type 'any' because no interface 'JSX.IntrinsicElements' exists.
docs/site/tutorial.tsx(317,31): error TS7026: JSX element implicitly has type 'any' because no interface 'JSX.IntrinsicElements' exists.
docs/site/tutorial.tsx(317,31): error TS17004: Cannot use JSX unless the '--jsx' flag is provided.
docs/site/tutorial.tsx(317,59): error TS7026: JSX element implicitly has type 'any' because no interface 'JSX.IntrinsicElements' exists.
docs/site/tutorial.tsx(318,17): error TS7026: JSX element implicitly has type 'any' because no interface 'JSX.IntrinsicElements' exists.
docs/site/tutorial.tsx(318,17): error TS17004: Cannot use JSX unless the '--jsx' flag is provided.
docs/site/tutorial.tsx(319,21): error TS17004: Cannot use JSX unless the '--jsx' flag is provided.
docs/site/tutorial.tsx(322,21): error TS17004: Cannot use JSX unless the '--jsx' flag is provided.
docs/site/tutorial.tsx(329,17): error TS7026: JSX element implicitly has type 'any' because no interface 'JSX.IntrinsicElements' exists.
docs/site/tutorial.tsx(330,13): error TS7026: JSX element implicitly has type 'any' because no interface 'JSX.IntrinsicElements' exists.
docs/site/tutorial.tsx(331,9): error TS7026: JSX element implicitly has type 'any' because no interface 'JSX.IntrinsicElements' exists.
docs/site/ui.tsx(1,52): error TS2307: Cannot find module 'react' or its corresponding type declarations.
docs/site/ui.tsx(2,33): error TS2307: Cannot find module 'react' or its corresponding type declarations.
docs/site/ui.tsx(3,30): error TS2307: Cannot find module '@crab-dev/wake/docs' or its corresponding type declarations.
docs/site/ui.tsx(4,26): error TS2307: Cannot find module '@crab-dev/wake/docs' or its corresponding type declarations.
docs/site/ui.tsx(5,20): error TS2307: Cannot find module '@crab-dev/rc-button' or its corresponding type declarations.
docs/site/ui.tsx(6,20): error TS2307: Cannot find module '@crab-dev/rc-dialog' or its corresponding type declarations.
docs/site/ui.tsx(7,22): error TS2307: Cannot find module '@crab-dev/rc-line-edit' or its corresponding type declarations.
docs/site/ui.tsx(8,23): error TS2307: Cannot find module '@crab-dev/rc-segmented' or its corresponding type declarations.
docs/site/ui.tsx(9,19): error TS2307: Cannot find module '@crab-dev/rc-alert' or its corresponding type declarations.
docs/site/ui.tsx(10,19): error TS2307: Cannot find module '@crab-dev/rc-empty' or its corresponding type declarations.
docs/site/ui.tsx(11,18): error TS2307: Cannot find module '@crab-dev/rc-spin' or its corresponding type declarations.
docs/site/ui.tsx(32,9): error TS17004: Cannot use JSX unless the '--jsx' flag is provided.
docs/site/ui.tsx(33,13): error TS7026: JSX element implicitly has type 'any' because no interface 'JSX.IntrinsicElements' exists.
docs/site/ui.tsx(33,13): error TS17004: Cannot use JSX unless the '--jsx' flag is provided.
docs/site/ui.tsx(35,13): error TS7026: JSX element implicitly has type 'any' because no interface 'JSX.IntrinsicElements' exists.
docs/site/ui.tsx(44,9): error TS17004: Cannot use JSX unless the '--jsx' flag is provided.
docs/site/ui.tsx(45,13): error TS7026: JSX element implicitly has type 'any' because no interface 'JSX.IntrinsicElements' exists.
docs/site/ui.tsx(45,13): error TS17004: Cannot use JSX unless the '--jsx' flag is provided.
docs/site/ui.tsx(46,17): error TS7026: JSX element implicitly has type 'any' because no interface 'JSX.IntrinsicElements' exists.
docs/site/ui.tsx(46,17): error TS17004: Cannot use JSX unless the '--jsx' flag is provided.
docs/site/ui.tsx(46,65): error TS7026: JSX element implicitly has type 'any' because no interface 'JSX.IntrinsicElements' exists.
docs/site/ui.tsx(47,17): error TS7026: JSX element implicitly has type 'any' because no interface 'JSX.IntrinsicElements' exists.
docs/site/ui.tsx(47,17): error TS17004: Cannot use JSX unless the '--jsx' flag is provided.
docs/site/ui.tsx(48,21): error TS7026: JSX element implicitly has type 'any' because no interface 'JSX.IntrinsicElements' exists.
docs/site/ui.tsx(48,21): error TS17004: Cannot use JSX unless the '--jsx' flag is provided.
docs/site/ui.tsx(48,76): error TS7026: JSX element implicitly has type 'any' because no interface 'JSX.IntrinsicElements' exists.
docs/site/ui.tsx(49,21): error TS7026: JSX element implicitly has type 'any' because no interface 'JSX.IntrinsicElements' exists.
docs/site/ui.tsx(49,21): error TS17004: Cannot use JSX unless the '--jsx' flag is provided.
docs/site/ui.tsx(49,72): error TS7026: JSX element implicitly has type 'any' because no interface 'JSX.IntrinsicElements' exists.
docs/site/ui.tsx(50,21): error TS7026: JSX element implicitly has type 'any' because no interface 'JSX.IntrinsicElements' exists.
docs/site/ui.tsx(50,21): error TS17004: Cannot use JSX unless the '--jsx' flag is provided.
docs/site/ui.tsx(51,25): error TS7026: JSX element implicitly has type 'any' because no interface 'JSX.IntrinsicElements' exists.
docs/site/ui.tsx(51,25): error TS17004: Cannot use JSX unless the '--jsx' flag is provided.
docs/site/ui.tsx(53,21): error TS7026: JSX element implicitly has type 'any' because no interface 'JSX.IntrinsicElements' exists.
docs/site/ui.tsx(54,17): error TS7026: JSX element implicitly has type 'any' because no interface 'JSX.IntrinsicElements' exists.
docs/site/ui.tsx(57,13): error TS7026: JSX element implicitly has type 'any' because no interface 'JSX.IntrinsicElements' exists.
docs/site/ui.tsx(64,9): error TS7026: JSX element implicitly has type 'any' because no interface 'JSX.IntrinsicElements' exists.
docs/site/ui.tsx(64,9): error TS17004: Cannot use JSX unless the '--jsx' flag is provided.
docs/site/ui.tsx(65,13): error TS17004: Cannot use JSX unless the '--jsx' flag is provided.
docs/site/ui.tsx(70,27): error TS7006: Parameter 'event' implicitly has an 'any' type.
docs/site/ui.tsx(72,17): error TS7026: JSX element implicitly has type 'any' because no interface 'JSX.IntrinsicElements' exists.
docs/site/ui.tsx(72,17): error TS17004: Cannot use JSX unless the '--jsx' flag is provided.
docs/site/ui.tsx(72,76): error TS7026: JSX element implicitly has type 'any' because no interface 'JSX.IntrinsicElements' exists.
docs/site/ui.tsx(74,13): error TS7026: JSX element implicitly has type 'any' because no interface 'JSX.IntrinsicElements' exists.
docs/site/ui.tsx(74,13): error TS17004: Cannot use JSX unless the '--jsx' flag is provided.
docs/site/ui.tsx(75,17): error TS17004: Cannot use JSX unless the '--jsx' flag is provided.
docs/site/ui.tsx(79,31): error TS7006: Parameter 'event' implicitly has an 'any' type.
docs/site/ui.tsx(83,17): error TS17004: Cannot use JSX unless the '--jsx' flag is provided.
docs/site/ui.tsx(87,31): error TS7006: Parameter 'event' implicitly has an 'any' type.
docs/site/ui.tsx(92,21): error TS17004: Cannot use JSX unless the '--jsx' flag is provided.
docs/site/ui.tsx(96,13): error TS7026: JSX element implicitly has type 'any' because no interface 'JSX.IntrinsicElements' exists.
docs/site/ui.tsx(97,13): error TS7026: JSX element implicitly has type 'any' because no interface 'JSX.IntrinsicElements' exists.
docs/site/ui.tsx(97,13): error TS17004: Cannot use JSX unless the '--jsx' flag is provided.
docs/site/ui.tsx(98,17): error TS17004: Cannot use JSX unless the '--jsx' flag is provided.
docs/site/ui.tsx(104,21): error TS7026: JSX element implicitly has type 'any' because no interface 'JSX.IntrinsicElements' exists.
docs/site/ui.tsx(104,21): error TS17004: Cannot use JSX unless the '--jsx' flag is provided.
docs/site/ui.tsx(104,66): error TS7026: JSX element implicitly has type 'any' because no interface 'JSX.IntrinsicElements' exists.
docs/site/ui.tsx(105,21): error TS7026: JSX element implicitly has type 'any' because no interface 'JSX.IntrinsicElements' exists.
docs/site/ui.tsx(105,21): error TS17004: Cannot use JSX unless the '--jsx' flag is provided.
docs/site/ui.tsx(107,21): error TS7026: JSX element implicitly has type 'any' because no interface 'JSX.IntrinsicElements' exists.
docs/site/ui.tsx(108,21): error TS7026: JSX element implicitly has type 'any' because no interface 'JSX.IntrinsicElements' exists.
docs/site/ui.tsx(108,21): error TS17004: Cannot use JSX unless the '--jsx' flag is provided.
docs/site/ui.tsx(108,62): error TS7026: JSX element implicitly has type 'any' because no interface 'JSX.IntrinsicElements' exists.
docs/site/ui.tsx(110,17): error TS17004: Cannot use JSX unless the '--jsx' flag is provided.
docs/site/ui.tsx(119,32): error TS7006: Parameter 'value' implicitly has an 'any' type.
docs/site/ui.tsx(124,17): error TS17004: Cannot use JSX unless the '--jsx' flag is provided.
docs/site/ui.tsx(133,13): error TS7026: JSX element implicitly has type 'any' because no interface 'JSX.IntrinsicElements' exists.
docs/site/ui.tsx(134,9): error TS7026: JSX element implicitly has type 'any' because no interface 'JSX.IntrinsicElements' exists.
docs/site/ui.tsx(141,9): error TS17004: Cannot use JSX unless the '--jsx' flag is provided.
docs/site/ui.tsx(146,23): error TS7006: Parameter 'event' implicitly has an 'any' type.
docs/site/ui.tsx(152,9): error TS7026: JSX element implicitly has type 'any' because no interface 'JSX.IntrinsicElements' exists.
docs/site/ui.tsx(152,9): error TS17004: Cannot use JSX unless the '--jsx' flag is provided.
docs/site/ui.tsx(153,26): error TS7006: Parameter 'group' implicitly has an 'any' type.
docs/site/ui.tsx(154,17): error TS7026: JSX element implicitly has type 'any' because no interface 'JSX.IntrinsicElements' exists.
docs/site/ui.tsx(154,17): error TS17004: Cannot use JSX unless the '--jsx' flag is provided.
docs/site/ui.tsx(155,21): error TS7026: JSX element implicitly has type 'any' because no interface 'JSX.IntrinsicElements' exists.
docs/site/ui.tsx(155,21): error TS17004: Cannot use JSX unless the '--jsx' flag is provided.
docs/site/ui.tsx(155,38): error TS7026: JSX element implicitly has type 'any' because no interface 'JSX.IntrinsicElements' exists.
docs/site/ui.tsx(157,42): error TS7006: Parameter 'section' implicitly has an 'any' type.
docs/site/ui.tsx(158,25): error TS7026: JSX element implicitly has type 'any' because no interface 'JSX.IntrinsicElements' exists.
docs/site/ui.tsx(158,25): error TS17004: Cannot use JSX unless the '--jsx' flag is provided.
docs/site/ui.tsx(159,29): error TS17004: Cannot use JSX unless the '--jsx' flag is provided.
docs/site/ui.tsx(166,33): error TS7026: JSX element implicitly has type 'any' because no interface 'JSX.IntrinsicElements' exists.
docs/site/ui.tsx(166,33): error TS17004: Cannot use JSX unless the '--jsx' flag is provided.
docs/site/ui.tsx(166,88): error TS7026: JSX element implicitly has type 'any' because no interface 'JSX.IntrinsicElements' exists.
docs/site/ui.tsx(169,29): error TS7026: JSX element implicitly has type 'any' because no interface 'JSX.IntrinsicElements' exists.
docs/site/ui.tsx(169,29): error TS17004: Cannot use JSX unless the '--jsx' flag is provided.
docs/site/ui.tsx(175,29): error TS7026: JSX element implicitly has type 'any' because no interface 'JSX.IntrinsicElements' exists.
docs/site/ui.tsx(176,25): error TS7026: JSX element implicitly has type 'any' because no interface 'JSX.IntrinsicElements' exists.
docs/site/ui.tsx(178,17): error TS7026: JSX element implicitly has type 'any' because no interface 'JSX.IntrinsicElements' exists.
docs/site/ui.tsx(180,9): error TS7026: JSX element implicitly has type 'any' because no interface 'JSX.IntrinsicElements' exists.
docs/site/ui.tsx(200,9): error TS17004: Cannot use JSX unless the '--jsx' flag is provided.
docs/site/ui.tsx(205,28): error TS7006: Parameter 'value' implicitly has an 'any' type.
docs/site/ui.tsx(209,19): error TS7006: Parameter 'node' implicitly has an 'any' type.
docs/site/ui.tsx(214,13): error TS7026: JSX element implicitly has type 'any' because no interface 'JSX.IntrinsicElements' exists.
docs/site/ui.tsx(214,13): error TS17004: Cannot use JSX unless the '--jsx' flag is provided.
docs/site/ui.tsx(214,70): error TS7026: JSX element implicitly has type 'any' because no interface 'JSX.IntrinsicElements' exists.
docs/site/ui.tsx(240,9): error TS17004: Cannot use JSX unless the '--jsx' flag is provided.
docs/site/ui.tsx(246,19): error TS7006: Parameter 'node' implicitly has an 'any' type.
docs/site/ui.tsx(257,13): error TS7026: JSX element implicitly has type 'any' because no interface 'JSX.IntrinsicElements' exists.
docs/site/ui.tsx(257,13): error TS17004: Cannot use JSX unless the '--jsx' flag is provided.
docs/site/ui.tsx(258,17): error TS17004: Cannot use JSX unless the '--jsx' flag is provided.
docs/site/ui.tsx(263,32): error TS7006: Parameter 'event' implicitly has an 'any' type.
docs/site/ui.tsx(264,33): error TS7006: Parameter 'event' implicitly has an 'any' type.
docs/site/ui.tsx(282,21): error TS7026: JSX element implicitly has type 'any' because no interface 'JSX.IntrinsicElements' exists.
docs/site/ui.tsx(282,21): error TS17004: Cannot use JSX unless the '--jsx' flag is provided.
docs/site/ui.tsx(283,25): error TS17004: Cannot use JSX unless the '--jsx' flag is provided.
docs/site/ui.tsx(284,21): error TS7026: JSX element implicitly has type 'any' because no interface 'JSX.IntrinsicElements' exists.
docs/site/ui.tsx(287,21): error TS17004: Cannot use JSX unless the '--jsx' flag is provided.
docs/site/ui.tsx(292,21): error TS17004: Cannot use JSX unless the '--jsx' flag is provided.
docs/site/ui.tsx(298,17): error TS7026: JSX element implicitly has type 'any' because no interface 'JSX.IntrinsicElements' exists.
docs/site/ui.tsx(298,17): error TS17004: Cannot use JSX unless the '--jsx' flag is provided.
docs/site/ui.tsx(299,42): error TS7006: Parameter 'result' implicitly has an 'any' type.
docs/site/ui.tsx(299,50): error TS7006: Parameter 'index' implicitly has an 'any' type.
docs/site/ui.tsx(300,25): error TS7026: JSX element implicitly has type 'any' because no interface 'JSX.IntrinsicElements' exists.
docs/site/ui.tsx(300,25): error TS17004: Cannot use JSX unless the '--jsx' flag is provided.
docs/site/ui.tsx(301,29): error TS17004: Cannot use JSX unless the '--jsx' flag is provided.
docs/site/ui.tsx(306,33): error TS7026: JSX element implicitly has type 'any' because no interface 'JSX.IntrinsicElements' exists.
docs/site/ui.tsx(306,33): error TS17004: Cannot use JSX unless the '--jsx' flag is provided.
docs/site/ui.tsx(307,37): error TS7026: JSX element implicitly has type 'any' because no interface 'JSX.IntrinsicElements' exists.
docs/site/ui.tsx(307,37): error TS17004: Cannot use JSX unless the '--jsx' flag is provided.
docs/site/ui.tsx(307,59): error TS7026: JSX element implicitly has type 'any' because no interface 'JSX.IntrinsicElements' exists.
docs/site/ui.tsx(308,37): error TS7026: JSX element implicitly has type 'any' because no interface 'JSX.IntrinsicElements' exists.
docs/site/ui.tsx(308,37): error TS17004: Cannot use JSX unless the '--jsx' flag is provided.
docs/site/ui.tsx(308,94): error TS7026: JSX element implicitly has type 'any' because no interface 'JSX.IntrinsicElements' exists.
docs/site/ui.tsx(309,33): error TS7026: JSX element implicitly has type 'any' because no interface 'JSX.IntrinsicElements' exists.
docs/site/ui.tsx(311,25): error TS7026: JSX element implicitly has type 'any' because no interface 'JSX.IntrinsicElements' exists.
docs/site/ui.tsx(313,17): error TS7026: JSX element implicitly has type 'any' because no interface 'JSX.IntrinsicElements' exists.
docs/site/ui.tsx(314,17): error TS7026: JSX element implicitly has type 'any' because no interface 'JSX.IntrinsicElements' exists.
docs/site/ui.tsx(314,17): error TS17004: Cannot use JSX unless the '--jsx' flag is provided.
docs/site/ui.tsx(318,17): error TS7026: JSX element implicitly has type 'any' because no interface 'JSX.IntrinsicElements' exists.
docs/site/ui.tsx(319,13): error TS7026: JSX element implicitly has type 'any' because no interface 'JSX.IntrinsicElements' exists.
docs/site/ui.tsx(330,38): error TS7006: Parameter 'heading' implicitly has an 'any' type.
docs/site/ui.tsx(333,9): error TS7026: JSX element implicitly has type 'any' because no interface 'JSX.IntrinsicElements' exists.
docs/site/ui.tsx(333,9): error TS17004: Cannot use JSX unless the '--jsx' flag is provided.
docs/site/ui.tsx(334,13): error TS7026: JSX element implicitly has type 'any' because no interface 'JSX.IntrinsicElements' exists.
docs/site/ui.tsx(334,13): error TS17004: Cannot use JSX unless the '--jsx' flag is provided.
docs/site/ui.tsx(334,25): error TS7026: JSX element implicitly has type 'any' because no interface 'JSX.IntrinsicElements' exists.
docs/site/ui.tsx(335,27): error TS7006: Parameter 'heading' implicitly has an 'any' type.
docs/site/ui.tsx(336,17): error TS17004: Cannot use JSX unless the '--jsx' flag is provided.
docs/site/ui.tsx(341,31): error TS7006: Parameter 'event' implicitly has an 'any' type.
docs/site/ui.tsx(346,9): error TS7026: JSX element implicitly has type 'any' because no interface 'JSX.IntrinsicElements' exists.
docs/site/ui.tsx(374,9): error TS7026: JSX element implicitly has type 'any' because no interface 'JSX.IntrinsicElements' exists.
docs/site/ui.tsx(374,9): error TS17004: Cannot use JSX unless the '--jsx' flag is provided.
docs/site/ui.tsx(376,17): error TS7026: JSX element implicitly has type 'any' because no interface 'JSX.IntrinsicElements' exists.
docs/site/ui.tsx(376,17): error TS17004: Cannot use JSX unless the '--jsx' flag is provided.
docs/site/ui.tsx(377,21): error TS7026: JSX element implicitly has type 'any' because no interface 'JSX.IntrinsicElements' exists.
docs/site/ui.tsx(377,21): error TS17004: Cannot use JSX unless the '--jsx' flag is provided.
docs/site/ui.tsx(377,77): error TS7026: JSX element implicitly has type 'any' because no interface 'JSX.IntrinsicElements' exists.
docs/site/ui.tsx(378,21): error TS7026: JSX element implicitly has type 'any' because no interface 'JSX.IntrinsicElements' exists.
docs/site/ui.tsx(378,21): error TS17004: Cannot use JSX unless the '--jsx' flag is provided.
docs/site/ui.tsx(378,37): error TS7026: JSX element implicitly has type 'any' because no interface 'JSX.IntrinsicElements' exists.
docs/site/ui.tsx(379,21): error TS7026: JSX element implicitly has type 'any' because no interface 'JSX.IntrinsicElements' exists.
docs/site/ui.tsx(379,21): error TS17004: Cannot use JSX unless the '--jsx' flag is provided.
docs/site/ui.tsx(379,42): error TS7026: JSX element implicitly has type 'any' because no interface 'JSX.IntrinsicElements' exists.
docs/site/ui.tsx(381,25): error TS17004: Cannot use JSX unless the '--jsx' flag is provided.
docs/site/ui.tsx(382,29): error TS7026: JSX element implicitly has type 'any' because no interface 'JSX.IntrinsicElements' exists.
docs/site/ui.tsx(382,29): error TS17004: Cannot use JSX unless the '--jsx' flag is provided.
docs/site/ui.tsx(382,74): error TS7026: JSX element implicitly has type 'any' because no interface 'JSX.IntrinsicElements' exists.
docs/site/ui.tsx(383,29): error TS7026: JSX element implicitly has type 'any' because no interface 'JSX.IntrinsicElements' exists.
docs/site/ui.tsx(383,29): error TS17004: Cannot use JSX unless the '--jsx' flag is provided.
docs/site/ui.tsx(384,33): error TS17004: Cannot use JSX unless the '--jsx' flag is provided.
docs/site/ui.tsx(390,54): error TS7006: Parameter 'item' implicitly has an 'any' type.
docs/site/ui.tsx(391,37): error TS17004: Cannot use JSX unless the '--jsx' flag is provided.
docs/site/ui.tsx(395,33): error TS17004: Cannot use JSX unless the '--jsx' flag is provided.
docs/site/ui.tsx(401,29): error TS7026: JSX element implicitly has type 'any' because no interface 'JSX.IntrinsicElements' exists.
docs/site/ui.tsx(404,17): error TS7026: JSX element implicitly has type 'any' because no interface 'JSX.IntrinsicElements' exists.
docs/site/ui.tsx(407,17): error TS7026: JSX element implicitly has type 'any' because no interface 'JSX.IntrinsicElements' exists.
docs/site/ui.tsx(407,17): error TS17004: Cannot use JSX unless the '--jsx' flag is provided.
docs/site/ui.tsx(408,21): error TS7026: JSX element implicitly has type 'any' because no interface 'JSX.IntrinsicElements' exists.
docs/site/ui.tsx(408,21): error TS17004: Cannot use JSX unless the '--jsx' flag is provided.
docs/site/ui.tsx(408,34): error TS7026: JSX element implicitly has type 'any' because no interface 'JSX.IntrinsicElements' exists.
docs/site/ui.tsx(409,21): error TS7026: JSX element implicitly has type 'any' because no interface 'JSX.IntrinsicElements' exists.
docs/site/ui.tsx(409,21): error TS17004: Cannot use JSX unless the '--jsx' flag is provided.
docs/site/ui.tsx(411,38): error TS7006: Parameter 'item' implicitly has an 'any' type.
docs/site/ui.tsx(412,35): error TS7006: Parameter 'item' implicitly has an 'any' type.
docs/site/ui.tsx(413,33): error TS17004: Cannot use JSX unless the '--jsx' flag is provided.
docs/site/ui.tsx(417,21): error TS7026: JSX element implicitly has type 'any' because no interface 'JSX.IntrinsicElements' exists.
docs/site/ui.tsx(418,17): error TS7026: JSX element implicitly has type 'any' because no interface 'JSX.IntrinsicElements' exists.
docs/site/ui.tsx(420,13): error TS7026: JSX element implicitly has type 'any' because no interface 'JSX.IntrinsicElements' exists.
docs/site/ui.tsx(420,13): error TS17004: Cannot use JSX unless the '--jsx' flag is provided.
docs/site/ui.tsx(420,56): error TS7026: JSX element implicitly has type 'any' because no interface 'JSX.IntrinsicElements' exists.
docs/site/ui.tsx(422,17): error TS7026: JSX element implicitly has type 'any' because no interface 'JSX.IntrinsicElements' exists.
docs/site/ui.tsx(422,17): error TS17004: Cannot use JSX unless the '--jsx' flag is provided.
docs/site/ui.tsx(424,25): error TS17004: Cannot use JSX unless the '--jsx' flag is provided.
docs/site/ui.tsx(427,39): error TS7006: Parameter 'event' implicitly has an 'any' type.
docs/site/ui.tsx(433,25): error TS17004: Cannot use JSX unless the '--jsx' flag is provided.
docs/site/ui.tsx(436,39): error TS7006: Parameter 'event' implicitly has an 'any' type.
docs/site/ui.tsx(441,17): error TS7026: JSX element implicitly has type 'any' because no interface 'JSX.IntrinsicElements' exists.
docs/site/ui.tsx(443,9): error TS7026: JSX element implicitly has type 'any' because no interface 'JSX.IntrinsicElements' exists.
docs/site/ui.tsx(449,9): error TS7026: JSX element implicitly has type 'any' because no interface 'JSX.IntrinsicElements' exists.
docs/site/ui.tsx(449,9): error TS17004: Cannot use JSX unless the '--jsx' flag is provided.
docs/site/ui.tsx(450,13): error TS7026: JSX element implicitly has type 'any' because no interface 'JSX.IntrinsicElements' exists.
docs/site/ui.tsx(450,13): error TS17004: Cannot use JSX unless the '--jsx' flag is provided.
docs/site/ui.tsx(451,17): error TS7026: JSX element implicitly has type 'any' because no interface 'JSX.IntrinsicElements' exists.
docs/site/ui.tsx(451,17): error TS17004: Cannot use JSX unless the '--jsx' flag is provided.
docs/site/ui.tsx(451,50): error TS7026: JSX element implicitly has type 'any' because no interface 'JSX.IntrinsicElements' exists.
docs/site/ui.tsx(452,17): error TS17004: Cannot use JSX unless the '--jsx' flag is provided.
docs/site/ui.tsx(459,13): error TS7026: JSX element implicitly has type 'any' because no interface 'JSX.IntrinsicElements' exists.
docs/site/ui.tsx(460,13): error TS7026: JSX element implicitly has type 'any' because no interface 'JSX.IntrinsicElements' exists.
docs/site/ui.tsx(460,13): error TS17004: Cannot use JSX unless the '--jsx' flag is provided.
docs/site/ui.tsx(461,17): error TS7026: JSX element implicitly has type 'any' because no interface 'JSX.IntrinsicElements' exists.
docs/site/ui.tsx(461,17): error TS17004: Cannot use JSX unless the '--jsx' flag is provided.
docs/site/ui.tsx(461,33): error TS7026: JSX element implicitly has type 'any' because no interface 'JSX.IntrinsicElements' exists.
docs/site/ui.tsx(462,13): error TS7026: JSX element implicitly has type 'any' because no interface 'JSX.IntrinsicElements' exists.
docs/site/ui.tsx(463,40): error TS7026: JSX element implicitly has type 'any' because no interface 'JSX.IntrinsicElements' exists.
docs/site/ui.tsx(463,40): error TS17004: Cannot use JSX unless the '--jsx' flag is provided.
docs/site/ui.tsx(463,73): error TS7026: JSX element implicitly has type 'any' because no interface 'JSX.IntrinsicElements' exists.
docs/site/ui.tsx(464,9): error TS7026: JSX element implicitly has type 'any' because no interface 'JSX.IntrinsicElements' exists.
docs/site/ui.tsx(470,9): error TS7026: JSX element implicitly has type 'any' because no interface 'JSX.IntrinsicElements' exists.
docs/site/ui.tsx(470,9): error TS17004: Cannot use JSX unless the '--jsx' flag is provided.
docs/site/ui.tsx(471,13): error TS7026: JSX element implicitly has type 'any' because no interface 'JSX.IntrinsicElements' exists.
docs/site/ui.tsx(471,13): error TS17004: Cannot use JSX unless the '--jsx' flag is provided.
docs/site/ui.tsx(472,17): error TS7026: JSX element implicitly has type 'any' because no interface 'JSX.IntrinsicElements' exists.
docs/site/ui.tsx(472,17): error TS17004: Cannot use JSX unless the '--jsx' flag is provided.
docs/site/ui.tsx(472,39): error TS7026: JSX element implicitly has type 'any' because no interface 'JSX.IntrinsicElements' exists.
docs/site/ui.tsx(473,17): error TS7026: JSX element implicitly has type 'any' because no interface 'JSX.IntrinsicElements' exists.
docs/site/ui.tsx(473,17): error TS17004: Cannot use JSX unless the '--jsx' flag is provided.
docs/site/ui.tsx(475,17): error TS7026: JSX element implicitly has type 'any' because no interface 'JSX.IntrinsicElements' exists.
docs/site/ui.tsx(476,13): error TS7026: JSX element implicitly has type 'any' because no interface 'JSX.IntrinsicElements' exists.
docs/site/ui.tsx(477,35): error TS7026: JSX element implicitly has type 'any' because no interface 'JSX.IntrinsicElements' exists.
docs/site/ui.tsx(477,35): error TS17004: Cannot use JSX unless the '--jsx' flag is provided.
docs/site/ui.tsx(477,57): error TS7026: JSX element implicitly has type 'any' because no interface 'JSX.IntrinsicElements' exists.
docs/site/ui.tsx(478,13): error TS17004: Cannot use JSX unless the '--jsx' flag is provided.
docs/site/ui.tsx(482,28): error TS7006: Parameter 'event' implicitly has an 'any' type.
docs/site/ui.tsx(485,17): error TS17004: Cannot use JSX unless the '--jsx' flag is provided.
docs/site/ui.tsx(489,13): error TS7026: JSX element implicitly has type 'any' because no interface 'JSX.IntrinsicElements' exists.
docs/site/ui.tsx(489,13): error TS17004: Cannot use JSX unless the '--jsx' flag is provided.
docs/site/ui.tsx(490,40): error TS7006: Parameter 'property' implicitly has an 'any' type.
docs/site/ui.tsx(491,21): error TS7026: JSX element implicitly has type 'any' because no interface 'JSX.IntrinsicElements' exists.
docs/site/ui.tsx(491,21): error TS17004: Cannot use JSX unless the '--jsx' flag is provided.
docs/site/ui.tsx(492,25): error TS7026: JSX element implicitly has type 'any' because no interface 'JSX.IntrinsicElements' exists.
docs/site/ui.tsx(492,25): error TS17004: Cannot use JSX unless the '--jsx' flag is provided.
docs/site/ui.tsx(493,29): error TS7026: JSX element implicitly has type 'any' because no interface 'JSX.IntrinsicElements' exists.
docs/site/ui.tsx(493,29): error TS17004: Cannot use JSX unless the '--jsx' flag is provided.
docs/site/ui.tsx(493,50): error TS7026: JSX element implicitly has type 'any' because no interface 'JSX.IntrinsicElements' exists.
docs/site/ui.tsx(494,51): error TS7026: JSX element implicitly has type 'any' because no interface 'JSX.IntrinsicElements' exists.
docs/site/ui.tsx(494,51): error TS17004: Cannot use JSX unless the '--jsx' flag is provided.
docs/site/ui.tsx(494,59): error TS7026: JSX element implicitly has type 'any' because no interface 'JSX.IntrinsicElements' exists.
docs/site/ui.tsx(495,53): error TS7026: JSX element implicitly has type 'any' because no interface 'JSX.IntrinsicElements' exists.
docs/site/ui.tsx(495,53): error TS17004: Cannot use JSX unless the '--jsx' flag is provided.
docs/site/ui.tsx(495,62): error TS7026: JSX element implicitly has type 'any' because no interface 'JSX.IntrinsicElements' exists.
docs/site/ui.tsx(496,25): error TS7026: JSX element implicitly has type 'any' because no interface 'JSX.IntrinsicElements' exists.
docs/site/ui.tsx(497,25): error TS7026: JSX element implicitly has type 'any' because no interface 'JSX.IntrinsicElements' exists.
docs/site/ui.tsx(497,25): error TS17004: Cannot use JSX unless the '--jsx' flag is provided.
docs/site/ui.tsx(498,29): error TS7026: JSX element implicitly has type 'any' because no interface 'JSX.IntrinsicElements' exists.
docs/site/ui.tsx(498,29): error TS17004: Cannot use JSX unless the '--jsx' flag is provided.
docs/site/ui.tsx(498,55): error TS7026: JSX element implicitly has type 'any' because no interface 'JSX.IntrinsicElements' exists.
docs/site/ui.tsx(499,29): error TS7026: JSX element implicitly has type 'any' because no interface 'JSX.IntrinsicElements' exists.
docs/site/ui.tsx(499,29): error TS17004: Cannot use JSX unless the '--jsx' flag is provided.
docs/site/ui.tsx(499,64): error TS7026: JSX element implicitly has type 'any' because no interface 'JSX.IntrinsicElements' exists.
docs/site/ui.tsx(500,29): error TS7026: JSX element implicitly has type 'any' because no interface 'JSX.IntrinsicElements' exists.
docs/site/ui.tsx(500,29): error TS17004: Cannot use JSX unless the '--jsx' flag is provided.
docs/site/ui.tsx(503,29): error TS7026: JSX element implicitly has type 'any' because no interface 'JSX.IntrinsicElements' exists.
docs/site/ui.tsx(504,25): error TS7026: JSX element implicitly has type 'any' because no interface 'JSX.IntrinsicElements' exists.
docs/site/ui.tsx(505,21): error TS7026: JSX element implicitly has type 'any' because no interface 'JSX.IntrinsicElements' exists.
docs/site/ui.tsx(507,13): error TS7026: JSX element implicitly has type 'any' because no interface 'JSX.IntrinsicElements' exists.
docs/site/ui.tsx(509,17): error TS17004: Cannot use JSX unless the '--jsx' flag is provided.
docs/site/ui.tsx(512,17): error TS7026: JSX element implicitly has type 'any' because no interface 'JSX.IntrinsicElements' exists.
docs/site/ui.tsx(512,17): error TS17004: Cannot use JSX unless the '--jsx' flag is provided.
docs/site/ui.tsx(513,21): error TS7026: JSX element implicitly has type 'any' because no interface 'JSX.IntrinsicElements' exists.
docs/site/ui.tsx(513,21): error TS17004: Cannot use JSX unless the '--jsx' flag is provided.
docs/site/ui.tsx(513,60): error TS7026: JSX element implicitly has type 'any' because no interface 'JSX.IntrinsicElements' exists.
docs/site/ui.tsx(514,21): error TS7026: JSX element implicitly has type 'any' because no interface 'JSX.IntrinsicElements' exists.
docs/site/ui.tsx(514,21): error TS17004: Cannot use JSX unless the '--jsx' flag is provided.
docs/site/ui.tsx(515,47): error TS7006: Parameter 'item' implicitly has an 'any' type.
docs/site/ui.tsx(515,53): error TS7006: Parameter 'index' implicitly has an 'any' type.
docs/site/ui.tsx(516,29): error TS7026: JSX element implicitly has type 'any' because no interface 'JSX.IntrinsicElements' exists.
docs/site/ui.tsx(516,29): error TS17004: Cannot use JSX unless the '--jsx' flag is provided.
docs/site/ui.tsx(517,33): error TS7026: JSX element implicitly has type 'any' because no interface 'JSX.IntrinsicElements' exists.
docs/site/ui.tsx(517,33): error TS17004: Cannot use JSX unless the '--jsx' flag is provided.
docs/site/ui.tsx(519,33): error TS7026: JSX element implicitly has type 'any' because no interface 'JSX.IntrinsicElements' exists.
docs/site/ui.tsx(521,29): error TS7026: JSX element implicitly has type 'any' because no interface 'JSX.IntrinsicElements' exists.
docs/site/ui.tsx(523,21): error TS7026: JSX element implicitly has type 'any' because no interface 'JSX.IntrinsicElements' exists.
docs/site/ui.tsx(524,17): error TS7026: JSX element implicitly has type 'any' because no interface 'JSX.IntrinsicElements' exists.
docs/site/ui.tsx(527,17): error TS7026: JSX element implicitly has type 'any' because no interface 'JSX.IntrinsicElements' exists.
docs/site/ui.tsx(527,17): error TS17004: Cannot use JSX unless the '--jsx' flag is provided.
docs/site/ui.tsx(528,21): error TS7026: JSX element implicitly has type 'any' because no interface 'JSX.IntrinsicElements' exists.
docs/site/ui.tsx(528,21): error TS17004: Cannot use JSX unless the '--jsx' flag is provided.
docs/site/ui.tsx(528,36): error TS7026: JSX element implicitly has type 'any' because no interface 'JSX.IntrinsicElements' exists.
docs/site/ui.tsx(529,21): error TS7026: JSX element implicitly has type 'any' because no interface 'JSX.IntrinsicElements' exists.
docs/site/ui.tsx(529,21): error TS17004: Cannot use JSX unless the '--jsx' flag is provided.
docs/site/ui.tsx(530,46): error TS7006: Parameter 'warning' implicitly has an 'any' type.
docs/site/ui.tsx(530,55): error TS7006: Parameter 'index' implicitly has an 'any' type.
docs/site/ui.tsx(531,29): error TS7026: JSX element implicitly has type 'any' because no interface 'JSX.IntrinsicElements' exists.
docs/site/ui.tsx(531,29): error TS17004: Cannot use JSX unless the '--jsx' flag is provided.
docs/site/ui.tsx(531,54): error TS7026: JSX element implicitly has type 'any' because no interface 'JSX.IntrinsicElements' exists.
docs/site/ui.tsx(533,21): error TS7026: JSX element implicitly has type 'any' because no interface 'JSX.IntrinsicElements' exists.
docs/site/ui.tsx(534,17): error TS7026: JSX element implicitly has type 'any' because no interface 'JSX.IntrinsicElements' exists.
docs/site/ui.tsx(536,9): error TS7026: JSX element implicitly has type 'any' because no interface 'JSX.IntrinsicElements' exists.
docs/site/ui.tsx(549,9): error TS7026: JSX element implicitly has type 'any' because no interface 'JSX.IntrinsicElements' exists.
docs/site/ui.tsx(549,9): error TS17004: Cannot use JSX unless the '--jsx' flag is provided.
docs/site/ui.tsx(557,9): error TS7026: JSX element implicitly has type 'any' because no interface 'JSX.IntrinsicElements' exists.
docs/site/ui.tsx(560,9): error TS7026: JSX element implicitly has type 'any' because no interface 'JSX.IntrinsicElements' exists.
docs/site/ui.tsx(560,9): error TS17004: Cannot use JSX unless the '--jsx' flag is provided.
docs/site/ui.tsx(561,13): error TS7026: JSX element implicitly has type 'any' because no interface 'JSX.IntrinsicElements' exists.
docs/site/ui.tsx(561,13): error TS17004: Cannot use JSX unless the '--jsx' flag is provided.
docs/site/ui.tsx(561,30): error TS7026: JSX element implicitly has type 'any' because no interface 'JSX.IntrinsicElements' exists.
docs/site/ui.tsx(562,13): error TS7026: JSX element implicitly has type 'any' because no interface 'JSX.IntrinsicElements' exists.
docs/site/ui.tsx(562,13): error TS17004: Cannot use JSX unless the '--jsx' flag is provided.
docs/site/ui.tsx(562,35): error TS7026: JSX element implicitly has type 'any' because no interface 'JSX.IntrinsicElements' exists.
docs/site/ui.tsx(564,17): error TS7026: JSX element implicitly has type 'any' because no interface 'JSX.IntrinsicElements' exists.
docs/site/ui.tsx(564,17): error TS17004: Cannot use JSX unless the '--jsx' flag is provided.
docs/site/ui.tsx(565,21): error TS17004: Cannot use JSX unless the '--jsx' flag is provided.
docs/site/ui.tsx(566,17): error TS7026: JSX element implicitly has type 'any' because no interface 'JSX.IntrinsicElements' exists.
docs/site/ui.tsx(569,17): error TS17004: Cannot use JSX unless the '--jsx' flag is provided.
docs/site/ui.tsx(574,13): error TS7026: JSX element implicitly has type 'any' because no interface 'JSX.IntrinsicElements' exists.
docs/site/ui.tsx(574,13): error TS17004: Cannot use JSX unless the '--jsx' flag is provided.
docs/site/ui.tsx(575,17): error TS17004: Cannot use JSX unless the '--jsx' flag is provided.
docs/site/ui.tsx(582,17): error TS17004: Cannot use JSX unless the '--jsx' flag is provided.
docs/site/ui.tsx(591,32): error TS7006: Parameter 'value' implicitly has an 'any' type.
docs/site/ui.tsx(596,17): error TS17004: Cannot use JSX unless the '--jsx' flag is provided.
docs/site/ui.tsx(597,17): error TS17004: Cannot use JSX unless the '--jsx' flag is provided.
docs/site/ui.tsx(598,13): error TS7026: JSX element implicitly has type 'any' because no interface 'JSX.IntrinsicElements' exists.
docs/site/ui.tsx(599,13): error TS7026: JSX element implicitly has type 'any' because no interface 'JSX.IntrinsicElements' exists.
docs/site/ui.tsx(599,13): error TS17004: Cannot use JSX unless the '--jsx' flag is provided.
docs/site/ui.tsx(600,17): error TS7026: JSX element implicitly has type 'any' because no interface 'JSX.IntrinsicElements' exists.
docs/site/ui.tsx(600,17): error TS17004: Cannot use JSX unless the '--jsx' flag is provided.
docs/site/ui.tsx(601,21): error TS7026: JSX element implicitly has type 'any' because no interface 'JSX.IntrinsicElements' exists.
docs/site/ui.tsx(601,21): error TS17004: Cannot use JSX unless the '--jsx' flag is provided.
docs/site/ui.tsx(601,68): error TS7026: JSX element implicitly has type 'any' because no interface 'JSX.IntrinsicElements' exists.
docs/site/ui.tsx(602,17): error TS7026: JSX element implicitly has type 'any' because no interface 'JSX.IntrinsicElements' exists.
docs/site/ui.tsx(603,13): error TS7026: JSX element implicitly has type 'any' because no interface 'JSX.IntrinsicElements' exists.
docs/site/ui.tsx(604,13): error TS17004: Cannot use JSX unless the '--jsx' flag is provided.
docs/site/ui.tsx(610,23): error TS7006: Parameter 'node' implicitly has an 'any' type.
docs/site/ui.tsx(618,9): error TS7026: JSX element implicitly has type 'any' because no interface 'JSX.IntrinsicElements' exists.
docs/site/ui.tsx(624,9): error TS7026: JSX element implicitly has type 'any' because no interface 'JSX.IntrinsicElements' exists.
docs/site/ui.tsx(624,9): error TS17004: Cannot use JSX unless the '--jsx' flag is provided.
docs/site/ui.tsx(625,13): error TS17004: Cannot use JSX unless the '--jsx' flag is provided.
docs/site/ui.tsx(626,9): error TS7026: JSX element implicitly has type 'any' because no interface 'JSX.IntrinsicElements' exists.
docs/site/ui.tsx(631,9): error TS7026: JSX element implicitly has type 'any' because no interface 'JSX.IntrinsicElements' exists.
docs/site/ui.tsx(631,9): error TS17004: Cannot use JSX unless the '--jsx' flag is provided.
docs/site/ui.tsx(632,13): error TS17004: Cannot use JSX unless the '--jsx' flag is provided.
docs/site/ui.tsx(635,13): error TS17004: Cannot use JSX unless the '--jsx' flag is provided.
docs/site/ui.tsx(636,9): error TS7026: JSX element implicitly has type 'any' because no interface 'JSX.IntrinsicElements' exists.
docs/site/ui.tsx(641,9): error TS7026: JSX element implicitly has type 'any' because no interface 'JSX.IntrinsicElements' exists.
docs/site/ui.tsx(641,9): error TS17004: Cannot use JSX unless the '--jsx' flag is provided.
docs/site/ui.tsx(642,13): error TS17004: Cannot use JSX unless the '--jsx' flag is provided.
docs/site/ui.tsx(643,13): error TS17004: Cannot use JSX unless the '--jsx' flag is provided.
docs/site/ui.tsx(644,9): error TS7026: JSX element implicitly has type 'any' because no interface 'JSX.IntrinsicElements' exists.
tsconfig.json(2,16): error TS6053: File '@crab-dev/standards-typescript-preset/tsconfig.browser.react.json' not found.
