docs/_generated/rc-alert.ts(5,42): error TS6142: Module '../site/componentDemos.js' was resolved to 'C:/Users/zhang/Desktop/crab-dev/.website/docs/site/componentDemos.tsx', but '--jsx' is not set.
docs/_generated/rc-app-main-layout.ts(5,42): error TS6142: Module '../site/componentDemos.js' was resolved to 'C:/Users/zhang/Desktop/crab-dev/.website/docs/site/componentDemos.tsx', but '--jsx' is not set.
docs/_generated/rc-auto-sizer.ts(5,42): error TS6142: Module '../site/componentDemos.js' was resolved to 'C:/Users/zhang/Desktop/crab-dev/.website/docs/site/componentDemos.tsx', but '--jsx' is not set.
docs/_generated/rc-avatar.ts(5,42): error TS6142: Module '../site/componentDemos.js' was resolved to 'C:/Users/zhang/Desktop/crab-dev/.website/docs/site/componentDemos.tsx', but '--jsx' is not set.
docs/_generated/rc-badge.ts(5,42): error TS6142: Module '../site/componentDemos.js' was resolved to 'C:/Users/zhang/Desktop/crab-dev/.website/docs/site/componentDemos.tsx', but '--jsx' is not set.
docs/_generated/rc-bar-chart.ts(5,42): error TS6142: Module '../site/componentDemos.js' was resolved to 'C:/Users/zhang/Desktop/crab-dev/.website/docs/site/componentDemos.tsx', but '--jsx' is not set.
docs/_generated/rc-breadcrumbs.ts(5,42): error TS6142: Module '../site/componentDemos.js' was resolved to 'C:/Users/zhang/Desktop/crab-dev/.website/docs/site/componentDemos.tsx', but '--jsx' is not set.
docs/_generated/rc-button.ts(5,42): error TS6142: Module '../site/componentDemos.js' was resolved to 'C:/Users/zhang/Desktop/crab-dev/.website/docs/site/componentDemos.tsx', but '--jsx' is not set.
docs/_generated/rc-canvas.ts(5,42): error TS6142: Module '../site/componentDemos.js' was resolved to 'C:/Users/zhang/Desktop/crab-dev/.website/docs/site/componentDemos.tsx', but '--jsx' is not set.
docs/_generated/rc-card.ts(5,42): error TS6142: Module '../site/componentDemos.js' was resolved to 'C:/Users/zhang/Desktop/crab-dev/.website/docs/site/componentDemos.tsx', but '--jsx' is not set.
docs/_generated/rc-checkbox.ts(5,42): error TS6142: Module '../site/componentDemos.js' was resolved to 'C:/Users/zhang/Desktop/crab-dev/.website/docs/site/componentDemos.tsx', but '--jsx' is not set.
docs/_generated/rc-color-picker.ts(5,42): error TS6142: Module '../site/componentDemos.js' was resolved to 'C:/Users/zhang/Desktop/crab-dev/.website/docs/site/componentDemos.tsx', but '--jsx' is not set.
docs/_generated/rc-component-preview.ts(5,42): error TS6142: Module '../site/componentDemos.js' was resolved to 'C:/Users/zhang/Desktop/crab-dev/.website/docs/site/componentDemos.tsx', but '--jsx' is not set.
docs/_generated/rc-cron-picker.ts(5,42): error TS6142: Module '../site/componentDemos.js' was resolved to 'C:/Users/zhang/Desktop/crab-dev/.website/docs/site/componentDemos.tsx', but '--jsx' is not set.
docs/_generated/rc-date-picker.ts(5,42): error TS6142: Module '../site/componentDemos.js' was resolved to 'C:/Users/zhang/Desktop/crab-dev/.website/docs/site/componentDemos.tsx', but '--jsx' is not set.
docs/_generated/rc-dialog.ts(5,42): error TS6142: Module '../site/componentDemos.js' was resolved to 'C:/Users/zhang/Desktop/crab-dev/.website/docs/site/componentDemos.tsx', but '--jsx' is not set.
docs/_generated/rc-divider.ts(5,42): error TS6142: Module '../site/componentDemos.js' was resolved to 'C:/Users/zhang/Desktop/crab-dev/.website/docs/site/componentDemos.tsx', but '--jsx' is not set.
docs/_generated/rc-drawer.ts(5,42): error TS6142: Module '../site/componentDemos.js' was resolved to 'C:/Users/zhang/Desktop/crab-dev/.website/docs/site/componentDemos.tsx', but '--jsx' is not set.
docs/_generated/rc-dropdown-container.ts(5,42): error TS6142: Module '../site/componentDemos.js' was resolved to 'C:/Users/zhang/Desktop/crab-dev/.website/docs/site/componentDemos.tsx', but '--jsx' is not set.
docs/_generated/rc-empty.ts(5,42): error TS6142: Module '../site/componentDemos.js' was resolved to 'C:/Users/zhang/Desktop/crab-dev/.website/docs/site/componentDemos.tsx', but '--jsx' is not set.
docs/_generated/rc-flow-diagram.ts(5,42): error TS6142: Module '../site/componentDemos.js' was resolved to 'C:/Users/zhang/Desktop/crab-dev/.website/docs/site/componentDemos.tsx', but '--jsx' is not set.
docs/_generated/rc-form.ts(5,42): error TS6142: Module '../site/componentDemos.js' was resolved to 'C:/Users/zhang/Desktop/crab-dev/.website/docs/site/componentDemos.tsx', but '--jsx' is not set.
docs/_generated/rc-hooks.ts(5,42): error TS6142: Module '../site/componentDemos.js' was resolved to 'C:/Users/zhang/Desktop/crab-dev/.website/docs/site/componentDemos.tsx', but '--jsx' is not set.
docs/_generated/rc-line-edit.ts(5,42): error TS6142: Module '../site/componentDemos.js' was resolved to 'C:/Users/zhang/Desktop/crab-dev/.website/docs/site/componentDemos.tsx', but '--jsx' is not set.
docs/_generated/rc-masonry.ts(5,42): error TS6142: Module '../site/componentDemos.js' was resolved to 'C:/Users/zhang/Desktop/crab-dev/.website/docs/site/componentDemos.tsx', but '--jsx' is not set.
docs/_generated/rc-menu.ts(5,42): error TS6142: Module '../site/componentDemos.js' was resolved to 'C:/Users/zhang/Desktop/crab-dev/.website/docs/site/componentDemos.tsx', but '--jsx' is not set.
docs/_generated/rc-message.ts(5,42): error TS6142: Module '../site/componentDemos.js' was resolved to 'C:/Users/zhang/Desktop/crab-dev/.website/docs/site/componentDemos.tsx', but '--jsx' is not set.
docs/_generated/rc-notification.ts(5,42): error TS6142: Module '../site/componentDemos.js' was resolved to 'C:/Users/zhang/Desktop/crab-dev/.website/docs/site/componentDemos.tsx', but '--jsx' is not set.
docs/_generated/rc-number-edit.ts(5,42): error TS6142: Module '../site/componentDemos.js' was resolved to 'C:/Users/zhang/Desktop/crab-dev/.website/docs/site/componentDemos.tsx', but '--jsx' is not set.
docs/_generated/rc-pagination.ts(5,42): error TS6142: Module '../site/componentDemos.js' was resolved to 'C:/Users/zhang/Desktop/crab-dev/.website/docs/site/componentDemos.tsx', but '--jsx' is not set.
docs/_generated/rc-prose.ts(5,42): error TS6142: Module '../site/componentDemos.js' was resolved to 'C:/Users/zhang/Desktop/crab-dev/.website/docs/site/componentDemos.tsx', but '--jsx' is not set.
docs/_generated/rc-radio.ts(5,42): error TS6142: Module '../site/componentDemos.js' was resolved to 'C:/Users/zhang/Desktop/crab-dev/.website/docs/site/componentDemos.tsx', but '--jsx' is not set.
docs/_generated/rc-realm.ts(5,42): error TS6142: Module '../site/componentDemos.js' was resolved to 'C:/Users/zhang/Desktop/crab-dev/.website/docs/site/componentDemos.tsx', but '--jsx' is not set.
docs/_generated/rc-router.ts(5,42): error TS6142: Module '../site/componentDemos.js' was resolved to 'C:/Users/zhang/Desktop/crab-dev/.website/docs/site/componentDemos.tsx', but '--jsx' is not set.
docs/_generated/rc-segmented.ts(5,42): error TS6142: Module '../site/componentDemos.js' was resolved to 'C:/Users/zhang/Desktop/crab-dev/.website/docs/site/componentDemos.tsx', but '--jsx' is not set.
docs/_generated/rc-select.ts(5,42): error TS6142: Module '../site/componentDemos.js' was resolved to 'C:/Users/zhang/Desktop/crab-dev/.website/docs/site/componentDemos.tsx', but '--jsx' is not set.
docs/_generated/rc-skeleton.ts(5,42): error TS6142: Module '../site/componentDemos.js' was resolved to 'C:/Users/zhang/Desktop/crab-dev/.website/docs/site/componentDemos.tsx', but '--jsx' is not set.
docs/_generated/rc-slider.ts(5,42): error TS6142: Module '../site/componentDemos.js' was resolved to 'C:/Users/zhang/Desktop/crab-dev/.website/docs/site/componentDemos.tsx', but '--jsx' is not set.
docs/_generated/rc-spin.ts(5,42): error TS6142: Module '../site/componentDemos.js' was resolved to 'C:/Users/zhang/Desktop/crab-dev/.website/docs/site/componentDemos.tsx', but '--jsx' is not set.
docs/_generated/rc-split-pane.ts(5,42): error TS6142: Module '../site/componentDemos.js' was resolved to 'C:/Users/zhang/Desktop/crab-dev/.website/docs/site/componentDemos.tsx', but '--jsx' is not set.
docs/_generated/rc-switch.ts(5,42): error TS6142: Module '../site/componentDemos.js' was resolved to 'C:/Users/zhang/Desktop/crab-dev/.website/docs/site/componentDemos.tsx', but '--jsx' is not set.
docs/_generated/rc-table-pro.ts(5,42): error TS6142: Module '../site/componentDemos.js' was resolved to 'C:/Users/zhang/Desktop/crab-dev/.website/docs/site/componentDemos.tsx', but '--jsx' is not set.
docs/_generated/rc-table.ts(5,42): error TS6142: Module '../site/componentDemos.js' was resolved to 'C:/Users/zhang/Desktop/crab-dev/.website/docs/site/componentDemos.tsx', but '--jsx' is not set.
docs/_generated/rc-tabs.ts(5,42): error TS6142: Module '../site/componentDemos.js' was resolved to 'C:/Users/zhang/Desktop/crab-dev/.website/docs/site/componentDemos.tsx', but '--jsx' is not set.
docs/_generated/rc-tag.ts(5,42): error TS6142: Module '../site/componentDemos.js' was resolved to 'C:/Users/zhang/Desktop/crab-dev/.website/docs/site/componentDemos.tsx', but '--jsx' is not set.
docs/_generated/rc-text-edit.ts(5,42): error TS6142: Module '../site/componentDemos.js' was resolved to 'C:/Users/zhang/Desktop/crab-dev/.website/docs/site/componentDemos.tsx', but '--jsx' is not set.
docs/_generated/rc-theme.ts(5,42): error TS6142: Module '../site/componentDemos.js' was resolved to 'C:/Users/zhang/Desktop/crab-dev/.website/docs/site/componentDemos.tsx', but '--jsx' is not set.
docs/_generated/rc-token-global.ts(5,42): error TS6142: Module '../site/componentDemos.js' was resolved to 'C:/Users/zhang/Desktop/crab-dev/.website/docs/site/componentDemos.tsx', but '--jsx' is not set.
docs/_generated/rc-token-semantic.ts(5,42): error TS6142: Module '../site/componentDemos.js' was resolved to 'C:/Users/zhang/Desktop/crab-dev/.website/docs/site/componentDemos.tsx', but '--jsx' is not set.
docs/_generated/rc-tooltip.ts(5,42): error TS6142: Module '../site/componentDemos.js' was resolved to 'C:/Users/zhang/Desktop/crab-dev/.website/docs/site/componentDemos.tsx', but '--jsx' is not set.
docs/_generated/rc-tree.ts(5,42): error TS6142: Module '../site/componentDemos.js' was resolved to 'C:/Users/zhang/Desktop/crab-dev/.website/docs/site/componentDemos.tsx', but '--jsx' is not set.
docs/_generated/rc-virtual.ts(5,42): error TS6142: Module '../site/componentDemos.js' was resolved to 'C:/Users/zhang/Desktop/crab-dev/.website/docs/site/componentDemos.tsx', but '--jsx' is not set.
docs/_generated_tutorials/practice-admin.ts(2,37): error TS6142: Module '../site/tutorial.js' was resolved to 'C:/Users/zhang/Desktop/crab-dev/.website/docs/site/tutorial.tsx', but '--jsx' is not set.
docs/_generated_tutorials/practice-admin.ts(4,1847): error TS6142: Module '../examples/practice-admin/step-1.js' was resolved to 'C:/Users/zhang/Desktop/crab-dev/.website/docs/examples/practice-admin/step-1.tsx', but '--jsx' is not set.
docs/_generated_tutorials/practice-admin.ts(5,4094): error TS6142: Module '../examples/practice-admin/step-2.js' was resolved to 'C:/Users/zhang/Desktop/crab-dev/.website/docs/examples/practice-admin/step-2.tsx', but '--jsx' is not set.
docs/_generated_tutorials/practice-admin.ts(6,8032): error TS6142: Module '../examples/practice-admin/step-3.js' was resolved to 'C:/Users/zhang/Desktop/crab-dev/.website/docs/examples/practice-admin/step-3.tsx', but '--jsx' is not set.
docs/_generated_tutorials/practice-admin.ts(7,8347): error TS6142: Module '../examples/practice-admin/step-4.js' was resolved to 'C:/Users/zhang/Desktop/crab-dev/.website/docs/examples/practice-admin/step-4.tsx', but '--jsx' is not set.
docs/_generated_tutorials/practice-data.ts(2,37): error TS6142: Module '../site/tutorial.js' was resolved to 'C:/Users/zhang/Desktop/crab-dev/.website/docs/site/tutorial.tsx', but '--jsx' is not set.
docs/_generated_tutorials/practice-data.ts(4,2835): error TS6142: Module '../examples/practice-data/step-1.js' was resolved to 'C:/Users/zhang/Desktop/crab-dev/.website/docs/examples/practice-data/step-1.tsx', but '--jsx' is not set.
docs/_generated_tutorials/practice-data.ts(5,5278): error TS6142: Module '../examples/practice-data/step-2.js' was resolved to 'C:/Users/zhang/Desktop/crab-dev/.website/docs/examples/practice-data/step-2.tsx', but '--jsx' is not set.
docs/_generated_tutorials/practice-data.ts(6,5635): error TS6142: Module '../examples/practice-data/step-3.js' was resolved to 'C:/Users/zhang/Desktop/crab-dev/.website/docs/examples/practice-data/step-3.tsx', but '--jsx' is not set.
docs/_generated_tutorials/practice-data.ts(7,9153): error TS6142: Module '../examples/practice-data/step-4.js' was resolved to 'C:/Users/zhang/Desktop/crab-dev/.website/docs/examples/practice-data/step-4.tsx', but '--jsx' is not set.
docs/_generated_tutorials/practice-profile.ts(2,37): error TS6142: Module '../site/tutorial.js' was resolved to 'C:/Users/zhang/Desktop/crab-dev/.website/docs/site/tutorial.tsx', but '--jsx' is not set.
docs/_generated_tutorials/practice-profile.ts(4,2410): error TS6142: Module '../examples/practice-profile/step-1.js' was resolved to 'C:/Users/zhang/Desktop/crab-dev/.website/docs/examples/practice-profile/step-1.tsx', but '--jsx' is not set.
docs/_generated_tutorials/practice-profile.ts(5,2963): error TS6142: Module '../examples/practice-profile/step-2.js' was resolved to 'C:/Users/zhang/Desktop/crab-dev/.website/docs/examples/practice-profile/step-2.tsx', but '--jsx' is not set.
docs/_generated_tutorials/practice-profile.ts(6,5169): error TS6142: Module '../examples/practice-profile/step-3.js' was resolved to 'C:/Users/zhang/Desktop/crab-dev/.website/docs/examples/practice-profile/step-3.tsx', but '--jsx' is not set.
docs/_generated_tutorials/practice-profile.ts(7,6780): error TS6142: Module '../examples/practice-profile/step-4.js' was resolved to 'C:/Users/zhang/Desktop/crab-dev/.website/docs/examples/practice-profile/step-4.tsx', but '--jsx' is not set.
docs/_generated_tutorials/rc-alert.ts(2,37): error TS6142: Module '../site/tutorial.js' was resolved to 'C:/Users/zhang/Desktop/crab-dev/.website/docs/site/tutorial.tsx', but '--jsx' is not set.
docs/_generated_tutorials/rc-alert.ts(4,531): error TS6142: Module '../examples/rc-alert/step-1.js' was resolved to 'C:/Users/zhang/Desktop/crab-dev/.website/docs/examples/rc-alert/step-1.tsx', but '--jsx' is not set.
docs/_generated_tutorials/rc-alert.ts(5,973): error TS6142: Module '../examples/rc-alert/step-2.js' was resolved to 'C:/Users/zhang/Desktop/crab-dev/.website/docs/examples/rc-alert/step-2.tsx', but '--jsx' is not set.
docs/_generated_tutorials/rc-app-main-layout.ts(2,37): error TS6142: Module '../site/tutorial.js' was resolved to 'C:/Users/zhang/Desktop/crab-dev/.website/docs/site/tutorial.tsx', but '--jsx' is not set.
docs/_generated_tutorials/rc-app-main-layout.ts(4,1236): error TS6142: Module '../examples/rc-app-main-layout/step-1.js' was resolved to 'C:/Users/zhang/Desktop/crab-dev/.website/docs/examples/rc-app-main-layout/step-1.tsx', but '--jsx' is not set.
docs/_generated_tutorials/rc-app-main-layout.ts(5,1961): error TS6142: Module '../examples/rc-app-main-layout/step-2.js' was resolved to 'C:/Users/zhang/Desktop/crab-dev/.website/docs/examples/rc-app-main-layout/step-2.tsx', but '--jsx' is not set.
docs/_generated_tutorials/rc-auto-sizer.ts(2,37): error TS6142: Module '../site/tutorial.js' was resolved to 'C:/Users/zhang/Desktop/crab-dev/.website/docs/site/tutorial.tsx', but '--jsx' is not set.
docs/_generated_tutorials/rc-auto-sizer.ts(4,897): error TS6142: Module '../examples/rc-auto-sizer/step-1.js' was resolved to 'C:/Users/zhang/Desktop/crab-dev/.website/docs/examples/rc-auto-sizer/step-1.tsx', but '--jsx' is not set.
docs/_generated_tutorials/rc-auto-sizer.ts(5,1449): error TS6142: Module '../examples/rc-auto-sizer/step-2.js' was resolved to 'C:/Users/zhang/Desktop/crab-dev/.website/docs/examples/rc-auto-sizer/step-2.tsx', but '--jsx' is not set.
docs/_generated_tutorials/rc-avatar.ts(2,37): error TS6142: Module '../site/tutorial.js' was resolved to 'C:/Users/zhang/Desktop/crab-dev/.website/docs/site/tutorial.tsx', but '--jsx' is not set.
docs/_generated_tutorials/rc-avatar.ts(4,708): error TS6142: Module '../examples/rc-avatar/step-1.js' was resolved to 'C:/Users/zhang/Desktop/crab-dev/.website/docs/examples/rc-avatar/step-1.tsx', but '--jsx' is not set.
docs/_generated_tutorials/rc-avatar.ts(5,1035): error TS6142: Module '../examples/rc-avatar/step-2.js' was resolved to 'C:/Users/zhang/Desktop/crab-dev/.website/docs/examples/rc-avatar/step-2.tsx', but '--jsx' is not set.
docs/_generated_tutorials/rc-badge.ts(2,37): error TS6142: Module '../site/tutorial.js' was resolved to 'C:/Users/zhang/Desktop/crab-dev/.website/docs/site/tutorial.tsx', but '--jsx' is not set.
docs/_generated_tutorials/rc-badge.ts(4,487): error TS6142: Module '../examples/rc-badge/step-1.js' was resolved to 'C:/Users/zhang/Desktop/crab-dev/.website/docs/examples/rc-badge/step-1.tsx', but '--jsx' is not set.
docs/_generated_tutorials/rc-badge.ts(5,1177): error TS6142: Module '../examples/rc-badge/step-2.js' was resolved to 'C:/Users/zhang/Desktop/crab-dev/.website/docs/examples/rc-badge/step-2.tsx', but '--jsx' is not set.
docs/_generated_tutorials/rc-bar-chart.ts(2,37): error TS6142: Module '../site/tutorial.js' was resolved to 'C:/Users/zhang/Desktop/crab-dev/.website/docs/site/tutorial.tsx', but '--jsx' is not set.
docs/_generated_tutorials/rc-bar-chart.ts(4,1072): error TS6142: Module '../examples/rc-bar-chart/step-1.js' was resolved to 'C:/Users/zhang/Desktop/crab-dev/.website/docs/examples/rc-bar-chart/step-1.tsx', but '--jsx' is not set.
docs/_generated_tutorials/rc-bar-chart.ts(5,1590): error TS6142: Module '../examples/rc-bar-chart/step-2.js' was resolved to 'C:/Users/zhang/Desktop/crab-dev/.website/docs/examples/rc-bar-chart/step-2.tsx', but '--jsx' is not set.
docs/_generated_tutorials/rc-breadcrumbs.ts(2,37): error TS6142: Module '../site/tutorial.js' was resolved to 'C:/Users/zhang/Desktop/crab-dev/.website/docs/site/tutorial.tsx', but '--jsx' is not set.
docs/_generated_tutorials/rc-breadcrumbs.ts(4,844): error TS6142: Module '../examples/rc-breadcrumbs/step-1.js' was resolved to 'C:/Users/zhang/Desktop/crab-dev/.website/docs/examples/rc-breadcrumbs/step-1.tsx', but '--jsx' is not set.
docs/_generated_tutorials/rc-breadcrumbs.ts(5,1408): error TS6142: Module '../examples/rc-breadcrumbs/step-2.js' was resolved to 'C:/Users/zhang/Desktop/crab-dev/.website/docs/examples/rc-breadcrumbs/step-2.tsx', but '--jsx' is not set.
docs/_generated_tutorials/rc-button.ts(2,37): error TS6142: Module '../site/tutorial.js' was resolved to 'C:/Users/zhang/Desktop/crab-dev/.website/docs/site/tutorial.tsx', but '--jsx' is not set.
docs/_generated_tutorials/rc-button.ts(4,492): error TS6142: Module '../examples/rc-button/step-1.js' was resolved to 'C:/Users/zhang/Desktop/crab-dev/.website/docs/examples/rc-button/step-1.tsx', but '--jsx' is not set.
docs/_generated_tutorials/rc-button.ts(5,1023): error TS6142: Module '../examples/rc-button/step-2.js' was resolved to 'C:/Users/zhang/Desktop/crab-dev/.website/docs/examples/rc-button/step-2.tsx', but '--jsx' is not set.
docs/_generated_tutorials/rc-canvas.ts(2,37): error TS6142: Module '../site/tutorial.js' was resolved to 'C:/Users/zhang/Desktop/crab-dev/.website/docs/site/tutorial.tsx', but '--jsx' is not set.
docs/_generated_tutorials/rc-canvas.ts(4,1058): error TS6142: Module '../examples/rc-canvas/step-1.js' was resolved to 'C:/Users/zhang/Desktop/crab-dev/.website/docs/examples/rc-canvas/step-1.tsx', but '--jsx' is not set.
docs/_generated_tutorials/rc-canvas.ts(5,1230): error TS6142: Module '../examples/rc-canvas/step-2.js' was resolved to 'C:/Users/zhang/Desktop/crab-dev/.website/docs/examples/rc-canvas/step-2.tsx', but '--jsx' is not set.
docs/_generated_tutorials/rc-card.ts(2,37): error TS6142: Module '../site/tutorial.js' was resolved to 'C:/Users/zhang/Desktop/crab-dev/.website/docs/site/tutorial.tsx', but '--jsx' is not set.
docs/_generated_tutorials/rc-card.ts(4,463): error TS6142: Module '../examples/rc-card/step-1.js' was resolved to 'C:/Users/zhang/Desktop/crab-dev/.website/docs/examples/rc-card/step-1.tsx', but '--jsx' is not set.
docs/_generated_tutorials/rc-card.ts(5,937): error TS6142: Module '../examples/rc-card/step-2.js' was resolved to 'C:/Users/zhang/Desktop/crab-dev/.website/docs/examples/rc-card/step-2.tsx', but '--jsx' is not set.
docs/_generated_tutorials/rc-checkbox.ts(2,37): error TS6142: Module '../site/tutorial.js' was resolved to 'C:/Users/zhang/Desktop/crab-dev/.website/docs/site/tutorial.tsx', but '--jsx' is not set.
docs/_generated_tutorials/rc-checkbox.ts(4,471): error TS6142: Module '../examples/rc-checkbox/step-1.js' was resolved to 'C:/Users/zhang/Desktop/crab-dev/.website/docs/examples/rc-checkbox/step-1.tsx', but '--jsx' is not set.
docs/_generated_tutorials/rc-checkbox.ts(5,960): error TS6142: Module '../examples/rc-checkbox/step-2.js' was resolved to 'C:/Users/zhang/Desktop/crab-dev/.website/docs/examples/rc-checkbox/step-2.tsx', but '--jsx' is not set.
docs/_generated_tutorials/rc-color-picker.ts(2,37): error TS6142: Module '../site/tutorial.js' was resolved to 'C:/Users/zhang/Desktop/crab-dev/.website/docs/site/tutorial.tsx', but '--jsx' is not set.
docs/_generated_tutorials/rc-color-picker.ts(4,616): error TS6142: Module '../examples/rc-color-picker/step-1.js' was resolved to 'C:/Users/zhang/Desktop/crab-dev/.website/docs/examples/rc-color-picker/step-1.tsx', but '--jsx' is not set.
docs/_generated_tutorials/rc-color-picker.ts(5,1514): error TS6142: Module '../examples/rc-color-picker/step-2.js' was resolved to 'C:/Users/zhang/Desktop/crab-dev/.website/docs/examples/rc-color-picker/step-2.tsx', but '--jsx' is not set.
docs/_generated_tutorials/rc-component-preview.ts(2,37): error TS6142: Module '../site/tutorial.js' was resolved to 'C:/Users/zhang/Desktop/crab-dev/.website/docs/site/tutorial.tsx', but '--jsx' is not set.
docs/_generated_tutorials/rc-component-preview.ts(4,650): error TS6142: Module '../examples/rc-component-preview/step-1.js' was resolved to 'C:/Users/zhang/Desktop/crab-dev/.website/docs/examples/rc-component-preview/step-1.tsx', but '--jsx' is not set.
docs/_generated_tutorials/rc-component-preview.ts(5,1075): error TS6142: Module '../examples/rc-component-preview/step-2.js' was resolved to 'C:/Users/zhang/Desktop/crab-dev/.website/docs/examples/rc-component-preview/step-2.tsx', but '--jsx' is not set.
docs/_generated_tutorials/rc-cron-picker.ts(2,37): error TS6142: Module '../site/tutorial.js' was resolved to 'C:/Users/zhang/Desktop/crab-dev/.website/docs/site/tutorial.tsx', but '--jsx' is not set.
docs/_generated_tutorials/rc-cron-picker.ts(4,501): error TS6142: Module '../examples/rc-cron-picker/step-1.js' was resolved to 'C:/Users/zhang/Desktop/crab-dev/.website/docs/examples/rc-cron-picker/step-1.tsx', but '--jsx' is not set.
docs/_generated_tutorials/rc-cron-picker.ts(5,1185): error TS6142: Module '../examples/rc-cron-picker/step-2.js' was resolved to 'C:/Users/zhang/Desktop/crab-dev/.website/docs/examples/rc-cron-picker/step-2.tsx', but '--jsx' is not set.
docs/_generated_tutorials/rc-date-picker.ts(2,37): error TS6142: Module '../site/tutorial.js' was resolved to 'C:/Users/zhang/Desktop/crab-dev/.website/docs/site/tutorial.tsx', but '--jsx' is not set.
docs/_generated_tutorials/rc-date-picker.ts(4,1100): error TS6142: Module '../examples/rc-date-picker/step-1.js' was resolved to 'C:/Users/zhang/Desktop/crab-dev/.website/docs/examples/rc-date-picker/step-1.tsx', but '--jsx' is not set.
docs/_generated_tutorials/rc-date-picker.ts(5,1300): error TS6142: Module '../examples/rc-date-picker/step-2.js' was resolved to 'C:/Users/zhang/Desktop/crab-dev/.website/docs/examples/rc-date-picker/step-2.tsx', but '--jsx' is not set.
docs/_generated_tutorials/rc-dialog.ts(2,37): error TS6142: Module '../site/tutorial.js' was resolved to 'C:/Users/zhang/Desktop/crab-dev/.website/docs/site/tutorial.tsx', but '--jsx' is not set.
docs/_generated_tutorials/rc-dialog.ts(4,1039): error TS6142: Module '../examples/rc-dialog/step-1.js' was resolved to 'C:/Users/zhang/Desktop/crab-dev/.website/docs/examples/rc-dialog/step-1.tsx', but '--jsx' is not set.
docs/_generated_tutorials/rc-dialog.ts(5,1482): error TS6142: Module '../examples/rc-dialog/step-2.js' was resolved to 'C:/Users/zhang/Desktop/crab-dev/.website/docs/examples/rc-dialog/step-2.tsx', but '--jsx' is not set.
docs/_generated_tutorials/rc-divider.ts(2,37): error TS6142: Module '../site/tutorial.js' was resolved to 'C:/Users/zhang/Desktop/crab-dev/.website/docs/site/tutorial.tsx', but '--jsx' is not set.
docs/_generated_tutorials/rc-divider.ts(4,714): error TS6142: Module '../examples/rc-divider/step-1.js' was resolved to 'C:/Users/zhang/Desktop/crab-dev/.website/docs/examples/rc-divider/step-1.tsx', but '--jsx' is not set.
docs/_generated_tutorials/rc-divider.ts(5,777): error TS6142: Module '../examples/rc-divider/step-2.js' was resolved to 'C:/Users/zhang/Desktop/crab-dev/.website/docs/examples/rc-divider/step-2.tsx', but '--jsx' is not set.
docs/_generated_tutorials/rc-drawer.ts(2,37): error TS6142: Module '../site/tutorial.js' was resolved to 'C:/Users/zhang/Desktop/crab-dev/.website/docs/site/tutorial.tsx', but '--jsx' is not set.
docs/_generated_tutorials/rc-drawer.ts(4,1029): error TS6142: Module '../examples/rc-drawer/step-1.js' was resolved to 'C:/Users/zhang/Desktop/crab-dev/.website/docs/examples/rc-drawer/step-1.tsx', but '--jsx' is not set.
docs/_generated_tutorials/rc-drawer.ts(5,1373): error TS6142: Module '../examples/rc-drawer/step-2.js' was resolved to 'C:/Users/zhang/Desktop/crab-dev/.website/docs/examples/rc-drawer/step-2.tsx', but '--jsx' is not set.
docs/_generated_tutorials/rc-dropdown-container.ts(2,37): error TS6142: Module '../site/tutorial.js' was resolved to 'C:/Users/zhang/Desktop/crab-dev/.website/docs/site/tutorial.tsx', but '--jsx' is not set.
docs/_generated_tutorials/rc-dropdown-container.ts(4,687): error TS6142: Module '../examples/rc-dropdown-container/step-1.js' was resolved to 'C:/Users/zhang/Desktop/crab-dev/.website/docs/examples/rc-dropdown-container/step-1.tsx', but '--jsx' is not set.
docs/_generated_tutorials/rc-dropdown-container.ts(5,1247): error TS6142: Module '../examples/rc-dropdown-container/step-2.js' was resolved to 'C:/Users/zhang/Desktop/crab-dev/.website/docs/examples/rc-dropdown-container/step-2.tsx', but '--jsx' is not set.
docs/_generated_tutorials/rc-empty.ts(2,37): error TS6142: Module '../site/tutorial.js' was resolved to 'C:/Users/zhang/Desktop/crab-dev/.website/docs/site/tutorial.tsx', but '--jsx' is not set.
docs/_generated_tutorials/rc-empty.ts(4,454): error TS6142: Module '../examples/rc-empty/step-1.js' was resolved to 'C:/Users/zhang/Desktop/crab-dev/.website/docs/examples/rc-empty/step-1.tsx', but '--jsx' is not set.
docs/_generated_tutorials/rc-empty.ts(5,934): error TS6142: Module '../examples/rc-empty/step-2.js' was resolved to 'C:/Users/zhang/Desktop/crab-dev/.website/docs/examples/rc-empty/step-2.tsx', but '--jsx' is not set.
docs/_generated_tutorials/rc-flow-diagram.ts(2,37): error TS6142: Module '../site/tutorial.js' was resolved to 'C:/Users/zhang/Desktop/crab-dev/.website/docs/site/tutorial.tsx', but '--jsx' is not set.
docs/_generated_tutorials/rc-flow-diagram.ts(4,2641): error TS6142: Module '../examples/rc-flow-diagram/step-1.js' was resolved to 'C:/Users/zhang/Desktop/crab-dev/.website/docs/examples/rc-flow-diagram/step-1.tsx', but '--jsx' is not set.
docs/_generated_tutorials/rc-flow-diagram.ts(5,2944): error TS6142: Module '../examples/rc-flow-diagram/step-2.js' was resolved to 'C:/Users/zhang/Desktop/crab-dev/.website/docs/examples/rc-flow-diagram/step-2.tsx', but '--jsx' is not set.
docs/_generated_tutorials/rc-form.ts(2,37): error TS6142: Module '../site/tutorial.js' was resolved to 'C:/Users/zhang/Desktop/crab-dev/.website/docs/site/tutorial.tsx', but '--jsx' is not set.
docs/_generated_tutorials/rc-form.ts(4,1893): error TS6142: Module '../examples/rc-form/step-1.js' was resolved to 'C:/Users/zhang/Desktop/crab-dev/.website/docs/examples/rc-form/step-1.tsx', but '--jsx' is not set.
docs/_generated_tutorials/rc-form.ts(5,2361): error TS6142: Module '../examples/rc-form/step-2.js' was resolved to 'C:/Users/zhang/Desktop/crab-dev/.website/docs/examples/rc-form/step-2.tsx', but '--jsx' is not set.
docs/_generated_tutorials/rc-hooks.ts(2,37): error TS6142: Module '../site/tutorial.js' was resolved to 'C:/Users/zhang/Desktop/crab-dev/.website/docs/site/tutorial.tsx', but '--jsx' is not set.
docs/_generated_tutorials/rc-hooks.ts(4,932): error TS6142: Module '../examples/rc-hooks/step-1.js' was resolved to 'C:/Users/zhang/Desktop/crab-dev/.website/docs/examples/rc-hooks/step-1.tsx', but '--jsx' is not set.
docs/_generated_tutorials/rc-hooks.ts(5,1125): error TS6142: Module '../examples/rc-hooks/step-2.js' was resolved to 'C:/Users/zhang/Desktop/crab-dev/.website/docs/examples/rc-hooks/step-2.tsx', but '--jsx' is not set.
docs/_generated_tutorials/rc-line-edit.ts(2,37): error TS6142: Module '../site/tutorial.js' was resolved to 'C:/Users/zhang/Desktop/crab-dev/.website/docs/site/tutorial.tsx', but '--jsx' is not set.
docs/_generated_tutorials/rc-line-edit.ts(4,900): error TS6142: Module '../examples/rc-line-edit/step-1.js' was resolved to 'C:/Users/zhang/Desktop/crab-dev/.website/docs/examples/rc-line-edit/step-1.tsx', but '--jsx' is not set.
docs/_generated_tutorials/rc-line-edit.ts(5,1442): error TS6142: Module '../examples/rc-line-edit/step-2.js' was resolved to 'C:/Users/zhang/Desktop/crab-dev/.website/docs/examples/rc-line-edit/step-2.tsx', but '--jsx' is not set.
docs/_generated_tutorials/rc-masonry.ts(2,37): error TS6142: Module '../site/tutorial.js' was resolved to 'C:/Users/zhang/Desktop/crab-dev/.website/docs/site/tutorial.tsx', but '--jsx' is not set.
docs/_generated_tutorials/rc-masonry.ts(4,830): error TS6142: Module '../examples/rc-masonry/step-1.js' was resolved to 'C:/Users/zhang/Desktop/crab-dev/.website/docs/examples/rc-masonry/step-1.tsx', but '--jsx' is not set.
docs/_generated_tutorials/rc-masonry.ts(5,1379): error TS6142: Module '../examples/rc-masonry/step-2.js' was resolved to 'C:/Users/zhang/Desktop/crab-dev/.website/docs/examples/rc-masonry/step-2.tsx', but '--jsx' is not set.
docs/_generated_tutorials/rc-menu.ts(2,37): error TS6142: Module '../site/tutorial.js' was resolved to 'C:/Users/zhang/Desktop/crab-dev/.website/docs/site/tutorial.tsx', but '--jsx' is not set.
docs/_generated_tutorials/rc-menu.ts(4,709): error TS6142: Module '../examples/rc-menu/step-1.js' was resolved to 'C:/Users/zhang/Desktop/crab-dev/.website/docs/examples/rc-menu/step-1.tsx', but '--jsx' is not set.
docs/_generated_tutorials/rc-menu.ts(5,1317): error TS6142: Module '../examples/rc-menu/step-2.js' was resolved to 'C:/Users/zhang/Desktop/crab-dev/.website/docs/examples/rc-menu/step-2.tsx', but '--jsx' is not set.
docs/_generated_tutorials/rc-message.ts(2,37): error TS6142: Module '../site/tutorial.js' was resolved to 'C:/Users/zhang/Desktop/crab-dev/.website/docs/site/tutorial.tsx', but '--jsx' is not set.
docs/_generated_tutorials/rc-message.ts(4,909): error TS6142: Module '../examples/rc-message/step-1.js' was resolved to 'C:/Users/zhang/Desktop/crab-dev/.website/docs/examples/rc-message/step-1.tsx', but '--jsx' is not set.
docs/_generated_tutorials/rc-message.ts(5,984): error TS6142: Module '../examples/rc-message/step-2.js' was resolved to 'C:/Users/zhang/Desktop/crab-dev/.website/docs/examples/rc-message/step-2.tsx', but '--jsx' is not set.
docs/_generated_tutorials/rc-notification.ts(2,37): error TS6142: Module '../site/tutorial.js' was resolved to 'C:/Users/zhang/Desktop/crab-dev/.website/docs/site/tutorial.tsx', but '--jsx' is not set.
docs/_generated_tutorials/rc-notification.ts(4,1176): error TS6142: Module '../examples/rc-notification/step-1.js' was resolved to 'C:/Users/zhang/Desktop/crab-dev/.website/docs/examples/rc-notification/step-1.tsx', but '--jsx' is not set.
docs/_generated_tutorials/rc-notification.ts(5,1456): error TS6142: Module '../examples/rc-notification/step-2.js' was resolved to 'C:/Users/zhang/Desktop/crab-dev/.website/docs/examples/rc-notification/step-2.tsx', but '--jsx' is not set.
docs/_generated_tutorials/rc-number-edit.ts(2,37): error TS6142: Module '../site/tutorial.js' was resolved to 'C:/Users/zhang/Desktop/crab-dev/.website/docs/site/tutorial.tsx', but '--jsx' is not set.
docs/_generated_tutorials/rc-number-edit.ts(4,956): error TS6142: Module '../examples/rc-number-edit/step-1.js' was resolved to 'C:/Users/zhang/Desktop/crab-dev/.website/docs/examples/rc-number-edit/step-1.tsx', but '--jsx' is not set.
docs/_generated_tutorials/rc-number-edit.ts(5,1283): error TS6142: Module '../examples/rc-number-edit/step-2.js' was resolved to 'C:/Users/zhang/Desktop/crab-dev/.website/docs/examples/rc-number-edit/step-2.tsx', but '--jsx' is not set.
docs/_generated_tutorials/rc-pagination.ts(2,37): error TS6142: Module '../site/tutorial.js' was resolved to 'C:/Users/zhang/Desktop/crab-dev/.website/docs/site/tutorial.tsx', but '--jsx' is not set.
docs/_generated_tutorials/rc-pagination.ts(4,448): error TS6142: Module '../examples/rc-pagination/step-1.js' was resolved to 'C:/Users/zhang/Desktop/crab-dev/.website/docs/examples/rc-pagination/step-1.tsx', but '--jsx' is not set.
docs/_generated_tutorials/rc-pagination.ts(5,1250): error TS6142: Module '../examples/rc-pagination/step-2.js' was resolved to 'C:/Users/zhang/Desktop/crab-dev/.website/docs/examples/rc-pagination/step-2.tsx', but '--jsx' is not set.
docs/_generated_tutorials/rc-prose.ts(2,37): error TS6142: Module '../site/tutorial.js' was resolved to 'C:/Users/zhang/Desktop/crab-dev/.website/docs/site/tutorial.tsx', but '--jsx' is not set.
docs/_generated_tutorials/rc-prose.ts(4,639): error TS6142: Module '../examples/rc-prose/step-1.js' was resolved to 'C:/Users/zhang/Desktop/crab-dev/.website/docs/examples/rc-prose/step-1.tsx', but '--jsx' is not set.
docs/_generated_tutorials/rc-prose.ts(5,1049): error TS6142: Module '../examples/rc-prose/step-2.js' was resolved to 'C:/Users/zhang/Desktop/crab-dev/.website/docs/examples/rc-prose/step-2.tsx', but '--jsx' is not set.
docs/_generated_tutorials/rc-radio.ts(2,37): error TS6142: Module '../site/tutorial.js' was resolved to 'C:/Users/zhang/Desktop/crab-dev/.website/docs/site/tutorial.tsx', but '--jsx' is not set.
docs/_generated_tutorials/rc-radio.ts(4,611): error TS6142: Module '../examples/rc-radio/step-1.js' was resolved to 'C:/Users/zhang/Desktop/crab-dev/.website/docs/examples/rc-radio/step-1.tsx', but '--jsx' is not set.
docs/_generated_tutorials/rc-radio.ts(5,1007): error TS6142: Module '../examples/rc-radio/step-2.js' was resolved to 'C:/Users/zhang/Desktop/crab-dev/.website/docs/examples/rc-radio/step-2.tsx', but '--jsx' is not set.
docs/_generated_tutorials/rc-realm.ts(2,37): error TS6142: Module '../site/tutorial.js' was resolved to 'C:/Users/zhang/Desktop/crab-dev/.website/docs/site/tutorial.tsx', but '--jsx' is not set.
docs/_generated_tutorials/rc-realm.ts(4,1367): error TS6142: Module '../examples/rc-realm/step-1.js' was resolved to 'C:/Users/zhang/Desktop/crab-dev/.website/docs/examples/rc-realm/step-1.tsx', but '--jsx' is not set.
docs/_generated_tutorials/rc-realm.ts(5,2047): error TS6142: Module '../examples/rc-realm/step-2.js' was resolved to 'C:/Users/zhang/Desktop/crab-dev/.website/docs/examples/rc-realm/step-2.tsx', but '--jsx' is not set.
docs/_generated_tutorials/rc-router.ts(2,37): error TS6142: Module '../site/tutorial.js' was resolved to 'C:/Users/zhang/Desktop/crab-dev/.website/docs/site/tutorial.tsx', but '--jsx' is not set.
docs/_generated_tutorials/rc-router.ts(4,3750): error TS6142: Module '../examples/rc-router/step-1.js' was resolved to 'C:/Users/zhang/Desktop/crab-dev/.website/docs/examples/rc-router/step-1.tsx', but '--jsx' is not set.
docs/_generated_tutorials/rc-router.ts(5,3942): error TS6142: Module '../examples/rc-router/step-2.js' was resolved to 'C:/Users/zhang/Desktop/crab-dev/.website/docs/examples/rc-router/step-2.tsx', but '--jsx' is not set.
docs/_generated_tutorials/rc-segmented.ts(2,37): error TS6142: Module '../site/tutorial.js' was resolved to 'C:/Users/zhang/Desktop/crab-dev/.website/docs/site/tutorial.tsx', but '--jsx' is not set.
docs/_generated_tutorials/rc-segmented.ts(4,468): error TS6142: Module '../examples/rc-segmented/step-1.js' was resolved to 'C:/Users/zhang/Desktop/crab-dev/.website/docs/examples/rc-segmented/step-1.tsx', but '--jsx' is not set.
docs/_generated_tutorials/rc-segmented.ts(5,893): error TS6142: Module '../examples/rc-segmented/step-2.js' was resolved to 'C:/Users/zhang/Desktop/crab-dev/.website/docs/examples/rc-segmented/step-2.tsx', but '--jsx' is not set.
docs/_generated_tutorials/rc-select.ts(2,37): error TS6142: Module '../site/tutorial.js' was resolved to 'C:/Users/zhang/Desktop/crab-dev/.website/docs/site/tutorial.tsx', but '--jsx' is not set.
docs/_generated_tutorials/rc-select.ts(4,714): error TS6142: Module '../examples/rc-select/step-1.js' was resolved to 'C:/Users/zhang/Desktop/crab-dev/.website/docs/examples/rc-select/step-1.tsx', but '--jsx' is not set.
docs/_generated_tutorials/rc-select.ts(5,1319): error TS6142: Module '../examples/rc-select/step-2.js' was resolved to 'C:/Users/zhang/Desktop/crab-dev/.website/docs/examples/rc-select/step-2.tsx', but '--jsx' is not set.
docs/_generated_tutorials/rc-skeleton.ts(2,37): error TS6142: Module '../site/tutorial.js' was resolved to 'C:/Users/zhang/Desktop/crab-dev/.website/docs/site/tutorial.tsx', but '--jsx' is not set.
docs/_generated_tutorials/rc-skeleton.ts(4,427): error TS6142: Module '../examples/rc-skeleton/step-1.js' was resolved to 'C:/Users/zhang/Desktop/crab-dev/.website/docs/examples/rc-skeleton/step-1.tsx', but '--jsx' is not set.
docs/_generated_tutorials/rc-skeleton.ts(5,1109): error TS6142: Module '../examples/rc-skeleton/step-2.js' was resolved to 'C:/Users/zhang/Desktop/crab-dev/.website/docs/examples/rc-skeleton/step-2.tsx', but '--jsx' is not set.
docs/_generated_tutorials/rc-slider.ts(2,37): error TS6142: Module '../site/tutorial.js' was resolved to 'C:/Users/zhang/Desktop/crab-dev/.website/docs/site/tutorial.tsx', but '--jsx' is not set.
docs/_generated_tutorials/rc-slider.ts(4,861): error TS6142: Module '../examples/rc-slider/step-1.js' was resolved to 'C:/Users/zhang/Desktop/crab-dev/.website/docs/examples/rc-slider/step-1.tsx', but '--jsx' is not set.
docs/_generated_tutorials/rc-slider.ts(5,1030): error TS6142: Module '../examples/rc-slider/step-2.js' was resolved to 'C:/Users/zhang/Desktop/crab-dev/.website/docs/examples/rc-slider/step-2.tsx', but '--jsx' is not set.
docs/_generated_tutorials/rc-spin.ts(2,37): error TS6142: Module '../site/tutorial.js' was resolved to 'C:/Users/zhang/Desktop/crab-dev/.website/docs/site/tutorial.tsx', but '--jsx' is not set.
docs/_generated_tutorials/rc-spin.ts(4,420): error TS6142: Module '../examples/rc-spin/step-1.js' was resolved to 'C:/Users/zhang/Desktop/crab-dev/.website/docs/examples/rc-spin/step-1.tsx', but '--jsx' is not set.
docs/_generated_tutorials/rc-spin.ts(5,1434): error TS6142: Module '../examples/rc-spin/step-2.js' was resolved to 'C:/Users/zhang/Desktop/crab-dev/.website/docs/examples/rc-spin/step-2.tsx', but '--jsx' is not set.
docs/_generated_tutorials/rc-split-pane.ts(2,37): error TS6142: Module '../site/tutorial.js' was resolved to 'C:/Users/zhang/Desktop/crab-dev/.website/docs/site/tutorial.tsx', but '--jsx' is not set.
docs/_generated_tutorials/rc-split-pane.ts(4,858): error TS6142: Module '../examples/rc-split-pane/step-1.js' was resolved to 'C:/Users/zhang/Desktop/crab-dev/.website/docs/examples/rc-split-pane/step-1.tsx', but '--jsx' is not set.
docs/_generated_tutorials/rc-split-pane.ts(5,1320): error TS6142: Module '../examples/rc-split-pane/step-2.js' was resolved to 'C:/Users/zhang/Desktop/crab-dev/.website/docs/examples/rc-split-pane/step-2.tsx', but '--jsx' is not set.
docs/_generated_tutorials/rc-switch.ts(2,37): error TS6142: Module '../site/tutorial.js' was resolved to 'C:/Users/zhang/Desktop/crab-dev/.website/docs/site/tutorial.tsx', but '--jsx' is not set.
docs/_generated_tutorials/rc-switch.ts(4,461): error TS6142: Module '../examples/rc-switch/step-1.js' was resolved to 'C:/Users/zhang/Desktop/crab-dev/.website/docs/examples/rc-switch/step-1.tsx', but '--jsx' is not set.
docs/_generated_tutorials/rc-switch.ts(5,950): error TS6142: Module '../examples/rc-switch/step-2.js' was resolved to 'C:/Users/zhang/Desktop/crab-dev/.website/docs/examples/rc-switch/step-2.tsx', but '--jsx' is not set.
docs/_generated_tutorials/rc-table-pro.ts(2,37): error TS6142: Module '../site/tutorial.js' was resolved to 'C:/Users/zhang/Desktop/crab-dev/.website/docs/site/tutorial.tsx', but '--jsx' is not set.
docs/_generated_tutorials/rc-table-pro.ts(4,1565): error TS6142: Module '../examples/rc-table-pro/step-1.js' was resolved to 'C:/Users/zhang/Desktop/crab-dev/.website/docs/examples/rc-table-pro/step-1.tsx', but '--jsx' is not set.
docs/_generated_tutorials/rc-table-pro.ts(5,1833): error TS6142: Module '../examples/rc-table-pro/step-2.js' was resolved to 'C:/Users/zhang/Desktop/crab-dev/.website/docs/examples/rc-table-pro/step-2.tsx', but '--jsx' is not set.
docs/_generated_tutorials/rc-table.ts(2,37): error TS6142: Module '../site/tutorial.js' was resolved to 'C:/Users/zhang/Desktop/crab-dev/.website/docs/site/tutorial.tsx', but '--jsx' is not set.
docs/_generated_tutorials/rc-table.ts(4,1891): error TS6142: Module '../examples/rc-table/step-1.js' was resolved to 'C:/Users/zhang/Desktop/crab-dev/.website/docs/examples/rc-table/step-1.tsx', but '--jsx' is not set.
docs/_generated_tutorials/rc-table.ts(5,2551): error TS6142: Module '../examples/rc-table/step-2.js' was resolved to 'C:/Users/zhang/Desktop/crab-dev/.website/docs/examples/rc-table/step-2.tsx', but '--jsx' is not set.
docs/_generated_tutorials/rc-tabs.ts(2,37): error TS6142: Module '../site/tutorial.js' was resolved to 'C:/Users/zhang/Desktop/crab-dev/.website/docs/site/tutorial.tsx', but '--jsx' is not set.
docs/_generated_tutorials/rc-tabs.ts(4,666): error TS6142: Module '../examples/rc-tabs/step-1.js' was resolved to 'C:/Users/zhang/Desktop/crab-dev/.website/docs/examples/rc-tabs/step-1.tsx', but '--jsx' is not set.
docs/_generated_tutorials/rc-tabs.ts(5,1263): error TS6142: Module '../examples/rc-tabs/step-2.js' was resolved to 'C:/Users/zhang/Desktop/crab-dev/.website/docs/examples/rc-tabs/step-2.tsx', but '--jsx' is not set.
docs/_generated_tutorials/rc-tag.ts(2,37): error TS6142: Module '../site/tutorial.js' was resolved to 'C:/Users/zhang/Desktop/crab-dev/.website/docs/site/tutorial.tsx', but '--jsx' is not set.
docs/_generated_tutorials/rc-tag.ts(4,690): error TS6142: Module '../examples/rc-tag/step-1.js' was resolved to 'C:/Users/zhang/Desktop/crab-dev/.website/docs/examples/rc-tag/step-1.tsx', but '--jsx' is not set.
docs/_generated_tutorials/rc-tag.ts(5,965): error TS6142: Module '../examples/rc-tag/step-2.js' was resolved to 'C:/Users/zhang/Desktop/crab-dev/.website/docs/examples/rc-tag/step-2.tsx', but '--jsx' is not set.
docs/_generated_tutorials/rc-text-edit.ts(2,37): error TS6142: Module '../site/tutorial.js' was resolved to 'C:/Users/zhang/Desktop/crab-dev/.website/docs/site/tutorial.tsx', but '--jsx' is not set.
docs/_generated_tutorials/rc-text-edit.ts(4,944): error TS6142: Module '../examples/rc-text-edit/step-1.js' was resolved to 'C:/Users/zhang/Desktop/crab-dev/.website/docs/examples/rc-text-edit/step-1.tsx', but '--jsx' is not set.
docs/_generated_tutorials/rc-text-edit.ts(5,1393): error TS6142: Module '../examples/rc-text-edit/step-2.js' was resolved to 'C:/Users/zhang/Desktop/crab-dev/.website/docs/examples/rc-text-edit/step-2.tsx', but '--jsx' is not set.
docs/_generated_tutorials/rc-theme.ts(2,37): error TS6142: Module '../site/tutorial.js' was resolved to 'C:/Users/zhang/Desktop/crab-dev/.website/docs/site/tutorial.tsx', but '--jsx' is not set.
docs/_generated_tutorials/rc-theme.ts(4,583): error TS6142: Module '../examples/rc-theme/step-1.js' was resolved to 'C:/Users/zhang/Desktop/crab-dev/.website/docs/examples/rc-theme/step-1.tsx', but '--jsx' is not set.
docs/_generated_tutorials/rc-theme.ts(5,1149): error TS6142: Module '../examples/rc-theme/step-2.js' was resolved to 'C:/Users/zhang/Desktop/crab-dev/.website/docs/examples/rc-theme/step-2.tsx', but '--jsx' is not set.
docs/_generated_tutorials/rc-token-global.ts(2,37): error TS6142: Module '../site/tutorial.js' was resolved to 'C:/Users/zhang/Desktop/crab-dev/.website/docs/site/tutorial.tsx', but '--jsx' is not set.
docs/_generated_tutorials/rc-token-global.ts(4,498): error TS6142: Module '../examples/rc-token-global/step-1.js' was resolved to 'C:/Users/zhang/Desktop/crab-dev/.website/docs/examples/rc-token-global/step-1.tsx', but '--jsx' is not set.
docs/_generated_tutorials/rc-token-global.ts(5,813): error TS6142: Module '../examples/rc-token-global/step-2.js' was resolved to 'C:/Users/zhang/Desktop/crab-dev/.website/docs/examples/rc-token-global/step-2.tsx', but '--jsx' is not set.
docs/_generated_tutorials/rc-token-semantic.ts(2,37): error TS6142: Module '../site/tutorial.js' was resolved to 'C:/Users/zhang/Desktop/crab-dev/.website/docs/site/tutorial.tsx', but '--jsx' is not set.
docs/_generated_tutorials/rc-token-semantic.ts(4,480): error TS6142: Module '../examples/rc-token-semantic/step-1.js' was resolved to 'C:/Users/zhang/Desktop/crab-dev/.website/docs/examples/rc-token-semantic/step-1.tsx', but '--jsx' is not set.
docs/_generated_tutorials/rc-token-semantic.ts(5,802): error TS6142: Module '../examples/rc-token-semantic/step-2.js' was resolved to 'C:/Users/zhang/Desktop/crab-dev/.website/docs/examples/rc-token-semantic/step-2.tsx', but '--jsx' is not set.
docs/_generated_tutorials/rc-tooltip.ts(2,37): error TS6142: Module '../site/tutorial.js' was resolved to 'C:/Users/zhang/Desktop/crab-dev/.website/docs/site/tutorial.tsx', but '--jsx' is not set.
docs/_generated_tutorials/rc-tooltip.ts(4,602): error TS6142: Module '../examples/rc-tooltip/step-1.js' was resolved to 'C:/Users/zhang/Desktop/crab-dev/.website/docs/examples/rc-tooltip/step-1.tsx', but '--jsx' is not set.
docs/_generated_tutorials/rc-tooltip.ts(5,1058): error TS6142: Module '../examples/rc-tooltip/step-2.js' was resolved to 'C:/Users/zhang/Desktop/crab-dev/.website/docs/examples/rc-tooltip/step-2.tsx', but '--jsx' is not set.
docs/_generated_tutorials/rc-tree.ts(2,37): error TS6142: Module '../site/tutorial.js' was resolved to 'C:/Users/zhang/Desktop/crab-dev/.website/docs/site/tutorial.tsx', but '--jsx' is not set.
docs/_generated_tutorials/rc-tree.ts(4,3020): error TS6142: Module '../examples/rc-tree/step-1.js' was resolved to 'C:/Users/zhang/Desktop/crab-dev/.website/docs/examples/rc-tree/step-1.tsx', but '--jsx' is not set.
docs/_generated_tutorials/rc-tree.ts(5,3415): error TS6142: Module '../examples/rc-tree/step-2.js' was resolved to 'C:/Users/zhang/Desktop/crab-dev/.website/docs/examples/rc-tree/step-2.tsx', but '--jsx' is not set.
docs/_generated_tutorials/rc-virtual.ts(2,37): error TS6142: Module '../site/tutorial.js' was resolved to 'C:/Users/zhang/Desktop/crab-dev/.website/docs/site/tutorial.tsx', but '--jsx' is not set.
docs/_generated_tutorials/rc-virtual.ts(4,1634): error TS6142: Module '../examples/rc-virtual/step-1.js' was resolved to 'C:/Users/zhang/Desktop/crab-dev/.website/docs/examples/rc-virtual/step-1.tsx', but '--jsx' is not set.
docs/_generated_tutorials/rc-virtual.ts(5,2209): error TS6142: Module '../examples/rc-virtual/step-2.js' was resolved to 'C:/Users/zhang/Desktop/crab-dev/.website/docs/examples/rc-virtual/step-2.tsx', but '--jsx' is not set.
docs/examples/home/profile.tsx(1,48): error TS2307: Cannot find module 'react' or its corresponding type declarations.
docs/examples/home/profile.tsx(2,21): error TS2307: Cannot find module '@crab-dev/css' or its corresponding type declarations.
docs/examples/home/profile.tsx(3,19): error TS2307: Cannot find module '@crab-dev/rc-token-semantic' or its corresponding type declarations.
docs/examples/home/profile.tsx(4,20): error TS2307: Cannot find module '@crab-dev/rc-button' or its corresponding type declarations.
docs/examples/home/profile.tsx(5,18): error TS2307: Cannot find module '@crab-dev/rc-card' or its corresponding type declarations.
docs/examples/home/profile.tsx(6,37): error TS2307: Cannot find module '@crab-dev/rc-avatar' or its corresponding type declarations.
docs/examples/home/profile.tsx(7,22): error TS2307: Cannot find module '@crab-dev/rc-checkbox' or its corresponding type declarations.
docs/examples/home/profile.tsx(8,20): error TS2307: Cannot find module '@crab-dev/rc-switch' or its corresponding type declarations.
docs/examples/home/profile.tsx(9,23): error TS2307: Cannot find module '@crab-dev/rc-segmented' or its corresponding type declarations.
docs/examples/home/profile.tsx(10,17): error TS2307: Cannot find module '@crab-dev/rc-tag' or its corresponding type declarations.
docs/examples/home/profile.tsx(11,22): error TS2307: Cannot find module '@crab-dev/rc-bar-chart' or its corresponding type declarations.
docs/examples/home/profile.tsx(12,18): error TS2307: Cannot find module '@crab-dev/rc-form' or its corresponding type declarations.
docs/examples/home/profile.tsx(13,22): error TS2307: Cannot find module '@crab-dev/rc-line-edit' or its corresponding type declarations.
docs/examples/home/profile.tsx(222,32): error TS7006: Parameter 'task' implicitly has an 'any' type.
docs/examples/home/profile.tsx(243,9): error TS7026: JSX element implicitly has type 'any' because no interface 'JSX.IntrinsicElements' exists.
docs/examples/home/profile.tsx(243,9): error TS17004: Cannot use JSX unless the '--jsx' flag is provided.
docs/examples/home/profile.tsx(244,13): error TS7026: JSX element implicitly has type 'any' because no interface 'JSX.IntrinsicElements' exists.
docs/examples/home/profile.tsx(244,13): error TS17004: Cannot use JSX unless the '--jsx' flag is provided.
docs/examples/home/profile.tsx(245,17): error TS17004: Cannot use JSX unless the '--jsx' flag is provided.
docs/examples/home/profile.tsx(246,21): error TS7026: JSX element implicitly has type 'any' because no interface 'JSX.IntrinsicElements' exists.
docs/examples/home/profile.tsx(246,21): error TS17004: Cannot use JSX unless the '--jsx' flag is provided.
docs/examples/home/profile.tsx(247,25): error TS7026: JSX element implicitly has type 'any' because no interface 'JSX.IntrinsicElements' exists.
docs/examples/home/profile.tsx(247,25): error TS17004: Cannot use JSX unless the '--jsx' flag is provided.
docs/examples/home/profile.tsx(248,29): error TS7026: JSX element implicitly has type 'any' because no interface 'JSX.IntrinsicElements' exists.
docs/examples/home/profile.tsx(248,29): error TS17004: Cannot use JSX unless the '--jsx' flag is provided.
docs/examples/home/profile.tsx(248,75): error TS7026: JSX element implicitly has type 'any' because no interface 'JSX.IntrinsicElements' exists.
docs/examples/home/profile.tsx(249,29): error TS17004: Cannot use JSX unless the '--jsx' flag is provided.
docs/examples/home/profile.tsx(252,25): error TS7026: JSX element implicitly has type 'any' because no interface 'JSX.IntrinsicElements' exists.
docs/examples/home/profile.tsx(253,25): error TS7026: JSX element implicitly has type 'any' because no interface 'JSX.IntrinsicElements' exists.
docs/examples/home/profile.tsx(253,25): error TS17004: Cannot use JSX unless the '--jsx' flag is provided.
docs/examples/home/profile.tsx(254,29): error TS7026: JSX element implicitly has type 'any' because no interface 'JSX.IntrinsicElements' exists.
docs/examples/home/profile.tsx(254,29): error TS17004: Cannot use JSX unless the '--jsx' flag is provided.
docs/examples/home/profile.tsx(254,46): error TS7026: JSX element implicitly has type 'any' because no interface 'JSX.IntrinsicElements' exists.
docs/examples/home/profile.tsx(255,29): error TS7026: JSX element implicitly has type 'any' because no interface 'JSX.IntrinsicElements' exists.
docs/examples/home/profile.tsx(255,29): error TS17004: Cannot use JSX unless the '--jsx' flag is provided.
docs/examples/home/profile.tsx(255,70): error TS7026: JSX element implicitly has type 'any' because no interface 'JSX.IntrinsicElements' exists.
docs/examples/home/profile.tsx(256,25): error TS7026: JSX element implicitly has type 'any' because no interface 'JSX.IntrinsicElements' exists.
docs/examples/home/profile.tsx(257,25): error TS7026: JSX element implicitly has type 'any' because no interface 'JSX.IntrinsicElements' exists.
docs/examples/home/profile.tsx(257,25): error TS17004: Cannot use JSX unless the '--jsx' flag is provided.
docs/examples/home/profile.tsx(258,29): error TS7026: JSX element implicitly has type 'any' because no interface 'JSX.IntrinsicElements' exists.
docs/examples/home/profile.tsx(258,29): error TS17004: Cannot use JSX unless the '--jsx' flag is provided.
docs/examples/home/profile.tsx(260,33): error TS7026: JSX element implicitly has type 'any' because no interface 'JSX.IntrinsicElements' exists.
docs/examples/home/profile.tsx(260,33): error TS17004: Cannot use JSX unless the '--jsx' flag is provided.
docs/examples/home/profile.tsx(260,70): error TS7026: JSX element implicitly has type 'any' because no interface 'JSX.IntrinsicElements' exists.
docs/examples/home/profile.tsx(261,29): error TS7026: JSX element implicitly has type 'any' because no interface 'JSX.IntrinsicElements' exists.
docs/examples/home/profile.tsx(262,29): error TS7026: JSX element implicitly has type 'any' because no interface 'JSX.IntrinsicElements' exists.
docs/examples/home/profile.tsx(262,29): error TS17004: Cannot use JSX unless the '--jsx' flag is provided.
docs/examples/home/profile.tsx(262,68): error TS7026: JSX element implicitly has type 'any' because no interface 'JSX.IntrinsicElements' exists.
docs/examples/home/profile.tsx(263,25): error TS7026: JSX element implicitly has type 'any' because no interface 'JSX.IntrinsicElements' exists.
docs/examples/home/profile.tsx(264,25): error TS7026: JSX element implicitly has type 'any' because no interface 'JSX.IntrinsicElements' exists.
docs/examples/home/profile.tsx(264,25): error TS17004: Cannot use JSX unless the '--jsx' flag is provided.
docs/examples/home/profile.tsx(270,25): error TS7026: JSX element implicitly has type 'any' because no interface 'JSX.IntrinsicElements' exists.
docs/examples/home/profile.tsx(270,25): error TS17004: Cannot use JSX unless the '--jsx' flag is provided.
docs/examples/home/profile.tsx(271,41): error TS7006: Parameter 'task' implicitly has an 'any' type.
docs/examples/home/profile.tsx(271,47): error TS7006: Parameter 'index' implicitly has an 'any' type.
docs/examples/home/profile.tsx(272,33): error TS7026: JSX element implicitly has type 'any' because no interface 'JSX.IntrinsicElements' exists.
docs/examples/home/profile.tsx(272,33): error TS17004: Cannot use JSX unless the '--jsx' flag is provided.
docs/examples/home/profile.tsx(274,37): error TS17004: Cannot use JSX unless the '--jsx' flag is provided.
docs/examples/home/profile.tsx(278,52): error TS7006: Parameter 'checked' implicitly has an 'any' type.
docs/examples/home/profile.tsx(280,60): error TS7006: Parameter 'item' implicitly has an 'any' type.
docs/examples/home/profile.tsx(280,66): error TS7006: Parameter 'itemIndex' implicitly has an 'any' type.
docs/examples/home/profile.tsx(288,41): error TS7026: JSX element implicitly has type 'any' because no interface 'JSX.IntrinsicElements' exists.
docs/examples/home/profile.tsx(288,41): error TS17004: Cannot use JSX unless the '--jsx' flag is provided.
docs/examples/home/profile.tsx(289,45): error TS7026: JSX element implicitly has type 'any' because no interface 'JSX.IntrinsicElements' exists.
docs/examples/home/profile.tsx(289,45): error TS17004: Cannot use JSX unless the '--jsx' flag is provided.
docs/examples/home/profile.tsx(289,91): error TS7026: JSX element implicitly has type 'any' because no interface 'JSX.IntrinsicElements' exists.
docs/examples/home/profile.tsx(290,45): error TS7026: JSX element implicitly has type 'any' because no interface 'JSX.IntrinsicElements' exists.
docs/examples/home/profile.tsx(290,45): error TS17004: Cannot use JSX unless the '--jsx' flag is provided.
docs/examples/home/profile.tsx(290,91): error TS7026: JSX element implicitly has type 'any' because no interface 'JSX.IntrinsicElements' exists.
docs/examples/home/profile.tsx(291,41): error TS7026: JSX element implicitly has type 'any' because no interface 'JSX.IntrinsicElements' exists.
docs/examples/home/profile.tsx(294,33): error TS7026: JSX element implicitly has type 'any' because no interface 'JSX.IntrinsicElements' exists.
docs/examples/home/profile.tsx(296,25): error TS7026: JSX element implicitly has type 'any' because no interface 'JSX.IntrinsicElements' exists.
docs/examples/home/profile.tsx(297,25): error TS7026: JSX element implicitly has type 'any' because no interface 'JSX.IntrinsicElements' exists.
docs/examples/home/profile.tsx(297,25): error TS17004: Cannot use JSX unless the '--jsx' flag is provided.
docs/examples/home/profile.tsx(298,29): error TS17004: Cannot use JSX unless the '--jsx' flag is provided.
docs/examples/home/profile.tsx(299,33): error TS17004: Cannot use JSX unless the '--jsx' flag is provided.
docs/examples/home/profile.tsx(300,33): error TS17004: Cannot use JSX unless the '--jsx' flag is provided.
docs/examples/home/profile.tsx(301,33): error TS17004: Cannot use JSX unless the '--jsx' flag is provided.
docs/examples/home/profile.tsx(303,29): error TS7026: JSX element implicitly has type 'any' because no interface 'JSX.IntrinsicElements' exists.
docs/examples/home/profile.tsx(303,29): error TS17004: Cannot use JSX unless the '--jsx' flag is provided.
docs/examples/home/profile.tsx(303,69): error TS7026: JSX element implicitly has type 'any' because no interface 'JSX.IntrinsicElements' exists.
docs/examples/home/profile.tsx(304,25): error TS7026: JSX element implicitly has type 'any' because no interface 'JSX.IntrinsicElements' exists.
docs/examples/home/profile.tsx(305,21): error TS7026: JSX element implicitly has type 'any' because no interface 'JSX.IntrinsicElements' exists.
docs/examples/home/profile.tsx(307,17): error TS17004: Cannot use JSX unless the '--jsx' flag is provided.
docs/examples/home/profile.tsx(308,21): error TS7026: JSX element implicitly has type 'any' because no interface 'JSX.IntrinsicElements' exists.
docs/examples/home/profile.tsx(308,21): error TS17004: Cannot use JSX unless the '--jsx' flag is provided.
docs/examples/home/profile.tsx(309,25): error TS7026: JSX element implicitly has type 'any' because no interface 'JSX.IntrinsicElements' exists.
docs/examples/home/profile.tsx(309,25): error TS17004: Cannot use JSX unless the '--jsx' flag is provided.
docs/examples/home/profile.tsx(310,29): error TS7026: JSX element implicitly has type 'any' because no interface 'JSX.IntrinsicElements' exists.
docs/examples/home/profile.tsx(310,29): error TS17004: Cannot use JSX unless the '--jsx' flag is provided.
docs/examples/home/profile.tsx(310,42): error TS7026: JSX element implicitly has type 'any' because no interface 'JSX.IntrinsicElements' exists.
docs/examples/home/profile.tsx(311,29): error TS7026: JSX element implicitly has type 'any' because no interface 'JSX.IntrinsicElements' exists.
docs/examples/home/profile.tsx(311,29): error TS17004: Cannot use JSX unless the '--jsx' flag is provided.
docs/examples/home/profile.tsx(311,65): error TS7026: JSX element implicitly has type 'any' because no interface 'JSX.IntrinsicElements' exists.
docs/examples/home/profile.tsx(312,25): error TS7026: JSX element implicitly has type 'any' because no interface 'JSX.IntrinsicElements' exists.
docs/examples/home/profile.tsx(313,25): error TS7026: JSX element implicitly has type 'any' because no interface 'JSX.IntrinsicElements' exists.
docs/examples/home/profile.tsx(313,25): error TS17004: Cannot use JSX unless the '--jsx' flag is provided.
docs/examples/home/profile.tsx(314,29): error TS17004: Cannot use JSX unless the '--jsx' flag is provided.
docs/examples/home/profile.tsx(315,29): error TS17004: Cannot use JSX unless the '--jsx' flag is provided.
docs/examples/home/profile.tsx(316,29): error TS17004: Cannot use JSX unless the '--jsx' flag is provided.
docs/examples/home/profile.tsx(317,29): error TS17004: Cannot use JSX unless the '--jsx' flag is provided.
docs/examples/home/profile.tsx(318,25): error TS7026: JSX element implicitly has type 'any' because no interface 'JSX.IntrinsicElements' exists.
docs/examples/home/profile.tsx(319,21): error TS7026: JSX element implicitly has type 'any' because no interface 'JSX.IntrinsicElements' exists.
docs/examples/home/profile.tsx(321,13): error TS7026: JSX element implicitly has type 'any' because no interface 'JSX.IntrinsicElements' exists.
docs/examples/home/profile.tsx(322,13): error TS7026: JSX element implicitly has type 'any' because no interface 'JSX.IntrinsicElements' exists.
docs/examples/home/profile.tsx(322,13): error TS17004: Cannot use JSX unless the '--jsx' flag is provided.
docs/examples/home/profile.tsx(323,17): error TS17004: Cannot use JSX unless the '--jsx' flag is provided.
docs/examples/home/profile.tsx(324,21): error TS7026: JSX element implicitly has type 'any' because no interface 'JSX.IntrinsicElements' exists.
docs/examples/home/profile.tsx(324,21): error TS17004: Cannot use JSX unless the '--jsx' flag is provided.
docs/examples/home/profile.tsx(325,25): error TS7026: JSX element implicitly has type 'any' because no interface 'JSX.IntrinsicElements' exists.
docs/examples/home/profile.tsx(325,25): error TS17004: Cannot use JSX unless the '--jsx' flag is provided.
docs/examples/home/profile.tsx(326,29): error TS7026: JSX element implicitly has type 'any' because no interface 'JSX.IntrinsicElements' exists.
docs/examples/home/profile.tsx(326,29): error TS17004: Cannot use JSX unless the '--jsx' flag is provided.
docs/examples/home/profile.tsx(326,37): error TS7026: JSX element implicitly has type 'any' because no interface 'JSX.IntrinsicElements' exists.
docs/examples/home/profile.tsx(327,29): error TS7026: JSX element implicitly has type 'any' because no interface 'JSX.IntrinsicElements' exists.
docs/examples/home/profile.tsx(327,29): error TS17004: Cannot use JSX unless the '--jsx' flag is provided.
docs/examples/home/profile.tsx(327,66): error TS7026: JSX element implicitly has type 'any' because no interface 'JSX.IntrinsicElements' exists.
docs/examples/home/profile.tsx(328,25): error TS7026: JSX element implicitly has type 'any' because no interface 'JSX.IntrinsicElements' exists.
docs/examples/home/profile.tsx(329,25): error TS17004: Cannot use JSX unless the '--jsx' flag is provided.
docs/examples/home/profile.tsx(337,40): error TS7006: Parameter 'value' implicitly has an 'any' type.
docs/examples/home/profile.tsx(339,25): error TS7026: JSX element implicitly has type 'any' because no interface 'JSX.IntrinsicElements' exists.
docs/examples/home/profile.tsx(339,25): error TS17004: Cannot use JSX unless the '--jsx' flag is provided.
docs/examples/home/profile.tsx(340,29): error TS7026: JSX element implicitly has type 'any' because no interface 'JSX.IntrinsicElements' exists.
docs/examples/home/profile.tsx(340,29): error TS17004: Cannot use JSX unless the '--jsx' flag is provided.
docs/examples/home/profile.tsx(344,29): error TS7026: JSX element implicitly has type 'any' because no interface 'JSX.IntrinsicElements' exists.
docs/examples/home/profile.tsx(345,29): error TS17004: Cannot use JSX unless the '--jsx' flag is provided.
docs/examples/home/profile.tsx(348,25): error TS7026: JSX element implicitly has type 'any' because no interface 'JSX.IntrinsicElements' exists.
docs/examples/home/profile.tsx(349,25): error TS7026: JSX element implicitly has type 'any' because no interface 'JSX.IntrinsicElements' exists.
docs/examples/home/profile.tsx(349,25): error TS17004: Cannot use JSX unless the '--jsx' flag is provided.
docs/examples/home/profile.tsx(350,29): error TS17004: Cannot use JSX unless the '--jsx' flag is provided.
docs/examples/home/profile.tsx(364,25): error TS7026: JSX element implicitly has type 'any' because no interface 'JSX.IntrinsicElements' exists.
docs/examples/home/profile.tsx(365,25): error TS7026: JSX element implicitly has type 'any' because no interface 'JSX.IntrinsicElements' exists.
docs/examples/home/profile.tsx(365,25): error TS17004: Cannot use JSX unless the '--jsx' flag is provided.
docs/examples/home/profile.tsx(365,80): error TS7026: JSX element implicitly has type 'any' because no interface 'JSX.IntrinsicElements' exists.
docs/examples/home/profile.tsx(366,21): error TS7026: JSX element implicitly has type 'any' because no interface 'JSX.IntrinsicElements' exists.
docs/examples/home/profile.tsx(368,17): error TS17004: Cannot use JSX unless the '--jsx' flag is provided.
docs/examples/home/profile.tsx(369,21): error TS7026: JSX element implicitly has type 'any' because no interface 'JSX.IntrinsicElements' exists.
docs/examples/home/profile.tsx(369,21): error TS17004: Cannot use JSX unless the '--jsx' flag is provided.
docs/examples/home/profile.tsx(370,25): error TS7026: JSX element implicitly has type 'any' because no interface 'JSX.IntrinsicElements' exists.
docs/examples/home/profile.tsx(370,25): error TS17004: Cannot use JSX unless the '--jsx' flag is provided.
docs/examples/home/profile.tsx(371,29): error TS7026: JSX element implicitly has type 'any' because no interface 'JSX.IntrinsicElements' exists.
docs/examples/home/profile.tsx(371,29): error TS17004: Cannot use JSX unless the '--jsx' flag is provided.
docs/examples/home/profile.tsx(371,40): error TS7026: JSX element implicitly has type 'any' because no interface 'JSX.IntrinsicElements' exists.
docs/examples/home/profile.tsx(372,29): error TS7026: JSX element implicitly has type 'any' because no interface 'JSX.IntrinsicElements' exists.
docs/examples/home/profile.tsx(372,29): error TS17004: Cannot use JSX unless the '--jsx' flag is provided.
docs/examples/home/profile.tsx(372,68): error TS7026: JSX element implicitly has type 'any' because no interface 'JSX.IntrinsicElements' exists.
docs/examples/home/profile.tsx(373,25): error TS7026: JSX element implicitly has type 'any' because no interface 'JSX.IntrinsicElements' exists.
docs/examples/home/profile.tsx(374,25): error TS7026: JSX element implicitly has type 'any' because no interface 'JSX.IntrinsicElements' exists.
docs/examples/home/profile.tsx(374,25): error TS17004: Cannot use JSX unless the '--jsx' flag is provided.
docs/examples/home/profile.tsx(375,29): error TS7026: JSX element implicitly has type 'any' because no interface 'JSX.IntrinsicElements' exists.
docs/examples/home/profile.tsx(375,29): error TS17004: Cannot use JSX unless the '--jsx' flag is provided.
docs/examples/home/profile.tsx(376,33): error TS7026: JSX element implicitly has type 'any' because no interface 'JSX.IntrinsicElements' exists.
docs/examples/home/profile.tsx(376,33): error TS17004: Cannot use JSX unless the '--jsx' flag is provided.
docs/examples/home/profile.tsx(377,37): error TS7026: JSX element implicitly has type 'any' because no interface 'JSX.IntrinsicElements' exists.
docs/examples/home/profile.tsx(377,37): error TS17004: Cannot use JSX unless the '--jsx' flag is provided.
docs/examples/home/profile.tsx(377,47): error TS7026: JSX element implicitly has type 'any' because no interface 'JSX.IntrinsicElements' exists.
docs/examples/home/profile.tsx(378,37): error TS7026: JSX element implicitly has type 'any' because no interface 'JSX.IntrinsicElements' exists.
docs/examples/home/profile.tsx(378,37): error TS17004: Cannot use JSX unless the '--jsx' flag is provided.
docs/examples/home/profile.tsx(378,80): error TS7026: JSX element implicitly has type 'any' because no interface 'JSX.IntrinsicElements' exists.
docs/examples/home/profile.tsx(379,33): error TS7026: JSX element implicitly has type 'any' because no interface 'JSX.IntrinsicElements' exists.
docs/examples/home/profile.tsx(380,33): error TS17004: Cannot use JSX unless the '--jsx' flag is provided.
docs/examples/home/profile.tsx(385,29): error TS7026: JSX element implicitly has type 'any' because no interface 'JSX.IntrinsicElements' exists.
docs/examples/home/profile.tsx(386,29): error TS7026: JSX element implicitly has type 'any' because no interface 'JSX.IntrinsicElements' exists.
docs/examples/home/profile.tsx(386,29): error TS17004: Cannot use JSX unless the '--jsx' flag is provided.
docs/examples/home/profile.tsx(387,33): error TS7026: JSX element implicitly has type 'any' because no interface 'JSX.IntrinsicElements' exists.
docs/examples/home/profile.tsx(387,33): error TS17004: Cannot use JSX unless the '--jsx' flag is provided.
docs/examples/home/profile.tsx(388,37): error TS7026: JSX element implicitly has type 'any' because no interface 'JSX.IntrinsicElements' exists.
docs/examples/home/profile.tsx(388,37): error TS17004: Cannot use JSX unless the '--jsx' flag is provided.
docs/examples/home/profile.tsx(388,47): error TS7026: JSX element implicitly has type 'any' because no interface 'JSX.IntrinsicElements' exists.
docs/examples/home/profile.tsx(389,37): error TS7026: JSX element implicitly has type 'any' because no interface 'JSX.IntrinsicElements' exists.
docs/examples/home/profile.tsx(389,37): error TS17004: Cannot use JSX unless the '--jsx' flag is provided.
docs/examples/home/profile.tsx(389,80): error TS7026: JSX element implicitly has type 'any' because no interface 'JSX.IntrinsicElements' exists.
docs/examples/home/profile.tsx(390,33): error TS7026: JSX element implicitly has type 'any' because no interface 'JSX.IntrinsicElements' exists.
docs/examples/home/profile.tsx(391,33): error TS17004: Cannot use JSX unless the '--jsx' flag is provided.
docs/examples/home/profile.tsx(396,29): error TS7026: JSX element implicitly has type 'any' because no interface 'JSX.IntrinsicElements' exists.
docs/examples/home/profile.tsx(397,25): error TS7026: JSX element implicitly has type 'any' because no interface 'JSX.IntrinsicElements' exists.
docs/examples/home/profile.tsx(398,21): error TS7026: JSX element implicitly has type 'any' because no interface 'JSX.IntrinsicElements' exists.
docs/examples/home/profile.tsx(400,13): error TS7026: JSX element implicitly has type 'any' because no interface 'JSX.IntrinsicElements' exists.
docs/examples/home/profile.tsx(401,13): error TS7026: JSX element implicitly has type 'any' because no interface 'JSX.IntrinsicElements' exists.
docs/examples/home/profile.tsx(401,13): error TS17004: Cannot use JSX unless the '--jsx' flag is provided.
docs/examples/home/profile.tsx(402,17): error TS17004: Cannot use JSX unless the '--jsx' flag is provided.
docs/examples/home/profile.tsx(403,21): error TS7026: JSX element implicitly has type 'any' because no interface 'JSX.IntrinsicElements' exists.
docs/examples/home/profile.tsx(403,21): error TS17004: Cannot use JSX unless the '--jsx' flag is provided.
docs/examples/home/profile.tsx(404,25): error TS7026: JSX element implicitly has type 'any' because no interface 'JSX.IntrinsicElements' exists.
docs/examples/home/profile.tsx(404,25): error TS17004: Cannot use JSX unless the '--jsx' flag is provided.
docs/examples/home/profile.tsx(405,29): error TS7026: JSX element implicitly has type 'any' because no interface 'JSX.IntrinsicElements' exists.
docs/examples/home/profile.tsx(405,29): error TS17004: Cannot use JSX unless the '--jsx' flag is provided.
docs/examples/home/profile.tsx(405,44): error TS7026: JSX element implicitly has type 'any' because no interface 'JSX.IntrinsicElements' exists.
docs/examples/home/profile.tsx(406,29): error TS7026: JSX element implicitly has type 'any' because no interface 'JSX.IntrinsicElements' exists.
docs/examples/home/profile.tsx(406,29): error TS17004: Cannot use JSX unless the '--jsx' flag is provided.
docs/examples/home/profile.tsx(406,74): error TS7026: JSX element implicitly has type 'any' because no interface 'JSX.IntrinsicElements' exists.
docs/examples/home/profile.tsx(407,25): error TS7026: JSX element implicitly has type 'any' because no interface 'JSX.IntrinsicElements' exists.
docs/examples/home/profile.tsx(408,25): error TS7026: JSX element implicitly has type 'any' because no interface 'JSX.IntrinsicElements' exists.
docs/examples/home/profile.tsx(408,25): error TS17004: Cannot use JSX unless the '--jsx' flag is provided.
docs/examples/home/profile.tsx(409,29): error TS17004: Cannot use JSX unless the '--jsx' flag is provided.
docs/examples/home/profile.tsx(412,29): error TS7026: JSX element implicitly has type 'any' because no interface 'JSX.IntrinsicElements' exists.
docs/examples/home/profile.tsx(412,29): error TS17004: Cannot use JSX unless the '--jsx' flag is provided.
docs/examples/home/profile.tsx(413,33): error TS7026: JSX element implicitly has type 'any' because no interface 'JSX.IntrinsicElements' exists.
docs/examples/home/profile.tsx(413,33): error TS17004: Cannot use JSX unless the '--jsx' flag is provided.
docs/examples/home/profile.tsx(413,43): error TS7026: JSX element implicitly has type 'any' because no interface 'JSX.IntrinsicElements' exists.
docs/examples/home/profile.tsx(414,33): error TS7026: JSX element implicitly has type 'any' because no interface 'JSX.IntrinsicElements' exists.
docs/examples/home/profile.tsx(414,33): error TS17004: Cannot use JSX unless the '--jsx' flag is provided.
docs/examples/home/profile.tsx(414,78): error TS7026: JSX element implicitly has type 'any' because no interface 'JSX.IntrinsicElements' exists.
docs/examples/home/profile.tsx(415,29): error TS7026: JSX element implicitly has type 'any' because no interface 'JSX.IntrinsicElements' exists.
docs/examples/home/profile.tsx(416,29): error TS17004: Cannot use JSX unless the '--jsx' flag is provided.
docs/examples/home/profile.tsx(417,25): error TS7026: JSX element implicitly has type 'any' because no interface 'JSX.IntrinsicElements' exists.
docs/examples/home/profile.tsx(418,25): error TS7026: JSX element implicitly has type 'any' because no interface 'JSX.IntrinsicElements' exists.
docs/examples/home/profile.tsx(418,25): error TS17004: Cannot use JSX unless the '--jsx' flag is provided.
docs/examples/home/profile.tsx(419,29): error TS17004: Cannot use JSX unless the '--jsx' flag is provided.
docs/examples/home/profile.tsx(422,29): error TS7026: JSX element implicitly has type 'any' because no interface 'JSX.IntrinsicElements' exists.
docs/examples/home/profile.tsx(422,29): error TS17004: Cannot use JSX unless the '--jsx' flag is provided.
docs/examples/home/profile.tsx(423,33): error TS7026: JSX element implicitly has type 'any' because no interface 'JSX.IntrinsicElements' exists.
docs/examples/home/profile.tsx(423,33): error TS17004: Cannot use JSX unless the '--jsx' flag is provided.
docs/examples/home/profile.tsx(423,43): error TS7026: JSX element implicitly has type 'any' because no interface 'JSX.IntrinsicElements' exists.
docs/examples/home/profile.tsx(424,33): error TS7026: JSX element implicitly has type 'any' because no interface 'JSX.IntrinsicElements' exists.
docs/examples/home/profile.tsx(424,33): error TS17004: Cannot use JSX unless the '--jsx' flag is provided.
docs/examples/home/profile.tsx(424,79): error TS7026: JSX element implicitly has type 'any' because no interface 'JSX.IntrinsicElements' exists.
docs/examples/home/profile.tsx(425,29): error TS7026: JSX element implicitly has type 'any' because no interface 'JSX.IntrinsicElements' exists.
docs/examples/home/profile.tsx(426,29): error TS17004: Cannot use JSX unless the '--jsx' flag is provided.
docs/examples/home/profile.tsx(427,25): error TS7026: JSX element implicitly has type 'any' because no interface 'JSX.IntrinsicElements' exists.
docs/examples/home/profile.tsx(428,25): error TS17004: Cannot use JSX unless the '--jsx' flag is provided.
docs/examples/home/profile.tsx(433,29): error TS7026: JSX element implicitly has type 'any' because no interface 'JSX.IntrinsicElements' exists.
docs/examples/home/profile.tsx(433,29): error TS17004: Cannot use JSX unless the '--jsx' flag is provided.
docs/examples/home/profile.tsx(433,65): error TS7026: JSX element implicitly has type 'any' because no interface 'JSX.IntrinsicElements' exists.
docs/examples/home/profile.tsx(434,29): error TS17004: Cannot use JSX unless the '--jsx' flag is provided.
docs/examples/home/profile.tsx(438,44): error TS7006: Parameter 'event' implicitly has an 'any' type.
docs/examples/home/profile.tsx(449,29): error TS17004: Cannot use JSX unless the '--jsx' flag is provided.
docs/examples/home/profile.tsx(452,29): error TS7026: JSX element implicitly has type 'any' because no interface 'JSX.IntrinsicElements' exists.
docs/examples/home/profile.tsx(452,29): error TS17004: Cannot use JSX unless the '--jsx' flag is provided.
docs/examples/home/profile.tsx(454,29): error TS7026: JSX element implicitly has type 'any' because no interface 'JSX.IntrinsicElements' exists.
docs/examples/home/profile.tsx(456,21): error TS7026: JSX element implicitly has type 'any' because no interface 'JSX.IntrinsicElements' exists.
docs/examples/home/profile.tsx(458,17): error TS17004: Cannot use JSX unless the '--jsx' flag is provided.
docs/examples/home/profile.tsx(459,21): error TS7026: JSX element implicitly has type 'any' because no interface 'JSX.IntrinsicElements' exists.
docs/examples/home/profile.tsx(459,21): error TS17004: Cannot use JSX unless the '--jsx' flag is provided.
docs/examples/home/profile.tsx(460,25): error TS7026: JSX element implicitly has type 'any' because no interface 'JSX.IntrinsicElements' exists.
docs/examples/home/profile.tsx(460,25): error TS17004: Cannot use JSX unless the '--jsx' flag is provided.
docs/examples/home/profile.tsx(461,29): error TS7026: JSX element implicitly has type 'any' because no interface 'JSX.IntrinsicElements' exists.
docs/examples/home/profile.tsx(461,29): error TS17004: Cannot use JSX unless the '--jsx' flag is provided.
docs/examples/home/profile.tsx(461,39): error TS7026: JSX element implicitly has type 'any' because no interface 'JSX.IntrinsicElements' exists.
docs/examples/home/profile.tsx(462,29): error TS7026: JSX element implicitly has type 'any' because no interface 'JSX.IntrinsicElements' exists.
docs/examples/home/profile.tsx(462,29): error TS17004: Cannot use JSX unless the '--jsx' flag is provided.
docs/examples/home/profile.tsx(462,65): error TS7026: JSX element implicitly has type 'any' because no interface 'JSX.IntrinsicElements' exists.
docs/examples/home/profile.tsx(463,25): error TS7026: JSX element implicitly has type 'any' because no interface 'JSX.IntrinsicElements' exists.
docs/examples/home/profile.tsx(464,25): error TS7026: JSX element implicitly has type 'any' because no interface 'JSX.IntrinsicElements' exists.
docs/examples/home/profile.tsx(464,25): error TS17004: Cannot use JSX unless the '--jsx' flag is provided.
docs/examples/home/profile.tsx(466,25): error TS7026: JSX element implicitly has type 'any' because no interface 'JSX.IntrinsicElements' exists.
docs/examples/home/profile.tsx(467,25): error TS17004: Cannot use JSX unless the '--jsx' flag is provided.
docs/examples/home/profile.tsx(471,37): error TS7026: JSX element implicitly has type 'any' because no interface 'JSX.IntrinsicElements' exists.
docs/examples/home/profile.tsx(471,37): error TS17004: Cannot use JSX unless the '--jsx' flag is provided.
docs/examples/home/profile.tsx(471,63): error TS7026: JSX element implicitly has type 'any' because no interface 'JSX.IntrinsicElements' exists.
docs/examples/home/profile.tsx(473,21): error TS7026: JSX element implicitly has type 'any' because no interface 'JSX.IntrinsicElements' exists.
docs/examples/home/profile.tsx(475,13): error TS7026: JSX element implicitly has type 'any' because no interface 'JSX.IntrinsicElements' exists.
docs/examples/home/profile.tsx(476,9): error TS7026: JSX element implicitly has type 'any' because no interface 'JSX.IntrinsicElements' exists.
docs/examples/practice-admin/step-1.tsx(1,21): error TS2307: Cannot find module '@crab-dev/css' or its corresponding type declarations.
docs/examples/practice-admin/step-1.tsx(2,19): error TS2307: Cannot find module '@crab-dev/rc-token-semantic' or its corresponding type declarations.
docs/examples/practice-admin/step-1.tsx(3,54): error TS2307: Cannot find module '@crab-dev/rc-app-main-layout' or its corresponding type declarations.
docs/examples/practice-admin/step-1.tsx(4,18): error TS2307: Cannot find module '@crab-dev/rc-card' or its corresponding type declarations.
docs/examples/practice-admin/step-1.tsx(20,5): error TS17004: Cannot use JSX unless the '--jsx' flag is provided.
docs/examples/practice-admin/step-1.tsx(21,9): error TS7026: JSX element implicitly has type 'any' because no interface 'JSX.IntrinsicElements' exists.
docs/examples/practice-admin/step-1.tsx(21,9): error TS17004: Cannot use JSX unless the '--jsx' flag is provided.
docs/examples/practice-admin/step-1.tsx(21,27): error TS7026: JSX element implicitly has type 'any' because no interface 'JSX.IntrinsicElements' exists.
docs/examples/practice-admin/step-1.tsx(22,9): error TS7026: JSX element implicitly has type 'any' because no interface 'JSX.IntrinsicElements' exists.
docs/examples/practice-admin/step-1.tsx(22,9): error TS17004: Cannot use JSX unless the '--jsx' flag is provided.
docs/examples/practice-admin/step-1.tsx(22,32): error TS7026: JSX element implicitly has type 'any' because no interface 'JSX.IntrinsicElements' exists.
docs/examples/practice-admin/step-1.tsx(27,9): error TS7026: JSX element implicitly has type 'any' because no interface 'JSX.IntrinsicElements' exists.
docs/examples/practice-admin/step-1.tsx(27,9): error TS17004: Cannot use JSX unless the '--jsx' flag is provided.
docs/examples/practice-admin/step-1.tsx(28,13): error TS7026: JSX element implicitly has type 'any' because no interface 'JSX.IntrinsicElements' exists.
docs/examples/practice-admin/step-1.tsx(28,13): error TS17004: Cannot use JSX unless the '--jsx' flag is provided.
docs/examples/practice-admin/step-1.tsx(28,34): error TS7026: JSX element implicitly has type 'any' because no interface 'JSX.IntrinsicElements' exists.
docs/examples/practice-admin/step-1.tsx(29,13): error TS7026: JSX element implicitly has type 'any' because no interface 'JSX.IntrinsicElements' exists.
docs/examples/practice-admin/step-1.tsx(29,13): error TS17004: Cannot use JSX unless the '--jsx' flag is provided.
docs/examples/practice-admin/step-1.tsx(30,17): error TS17004: Cannot use JSX unless the '--jsx' flag is provided.
docs/examples/practice-admin/step-1.tsx(41,21): error TS17004: Cannot use JSX unless the '--jsx' flag is provided.
docs/examples/practice-admin/step-1.tsx(43,13): error TS7026: JSX element implicitly has type 'any' because no interface 'JSX.IntrinsicElements' exists.
docs/examples/practice-admin/step-1.tsx(44,9): error TS7026: JSX element implicitly has type 'any' because no interface 'JSX.IntrinsicElements' exists.
docs/examples/practice-admin/step-2.tsx(1,20): error TS2307: Cannot find module '@crab-dev/rc-button' or its corresponding type declarations.
docs/examples/practice-admin/step-2.tsx(3,21): error TS2307: Cannot find module '@crab-dev/css' or its corresponding type declarations.
docs/examples/practice-admin/step-2.tsx(4,19): error TS2307: Cannot find module '@crab-dev/rc-token-semantic' or its corresponding type declarations.
docs/examples/practice-admin/step-2.tsx(8,8): error TS2307: Cannot find module '@crab-dev/rc-app-main-layout' or its corresponding type declarations.
docs/examples/practice-admin/step-2.tsx(9,30): error TS2307: Cannot find module '@crab-dev/rc-menu' or its corresponding type declarations.
docs/examples/practice-admin/step-2.tsx(10,18): error TS2307: Cannot find module '@crab-dev/rc-card' or its corresponding type declarations.
docs/examples/practice-admin/step-2.tsx(28,9): error TS17004: Cannot use JSX unless the '--jsx' flag is provided.
docs/examples/practice-admin/step-2.tsx(29,13): error TS7026: JSX element implicitly has type 'any' because no interface 'JSX.IntrinsicElements' exists.
docs/examples/practice-admin/step-2.tsx(29,13): error TS17004: Cannot use JSX unless the '--jsx' flag is provided.
docs/examples/practice-admin/step-2.tsx(29,31): error TS7026: JSX element implicitly has type 'any' because no interface 'JSX.IntrinsicElements' exists.
docs/examples/practice-admin/step-2.tsx(30,13): error TS7026: JSX element implicitly has type 'any' because no interface 'JSX.IntrinsicElements' exists.
docs/examples/practice-admin/step-2.tsx(30,13): error TS17004: Cannot use JSX unless the '--jsx' flag is provided.
docs/examples/practice-admin/step-2.tsx(30,32): error TS7026: JSX element implicitly has type 'any' because no interface 'JSX.IntrinsicElements' exists.
docs/examples/practice-admin/step-2.tsx(31,13): error TS17004: Cannot use JSX unless the '--jsx' flag is provided.
docs/examples/practice-admin/step-2.tsx(37,35): error TS17004: Cannot use JSX unless the '--jsx' flag is provided.
docs/examples/practice-admin/step-2.tsx(47,18): error TS17004: Cannot use JSX unless the '--jsx' flag is provided.
docs/examples/practice-admin/step-2.tsx(58,9): error TS17004: Cannot use JSX unless the '--jsx' flag is provided.
docs/examples/practice-admin/step-2.tsx(72,31): error TS17004: Cannot use JSX unless the '--jsx' flag is provided.
docs/examples/practice-admin/step-2.tsx(80,31): error TS17004: Cannot use JSX unless the '--jsx' flag is provided.
docs/examples/practice-admin/step-2.tsx(90,31): error TS17004: Cannot use JSX unless the '--jsx' flag is provided.
docs/examples/practice-admin/step-2.tsx(98,12): error TS17004: Cannot use JSX unless the '--jsx' flag is provided.
docs/examples/practice-admin/step-2.tsx(102,9): error TS7026: JSX element implicitly has type 'any' because no interface 'JSX.IntrinsicElements' exists.
docs/examples/practice-admin/step-2.tsx(102,9): error TS17004: Cannot use JSX unless the '--jsx' flag is provided.
docs/examples/practice-admin/step-2.tsx(103,13): error TS7026: JSX element implicitly has type 'any' because no interface 'JSX.IntrinsicElements' exists.
docs/examples/practice-admin/step-2.tsx(103,13): error TS17004: Cannot use JSX unless the '--jsx' flag is provided.
docs/examples/practice-admin/step-2.tsx(103,34): error TS7026: JSX element implicitly has type 'any' because no interface 'JSX.IntrinsicElements' exists.
docs/examples/practice-admin/step-2.tsx(104,13): error TS7026: JSX element implicitly has type 'any' because no interface 'JSX.IntrinsicElements' exists.
docs/examples/practice-admin/step-2.tsx(104,13): error TS17004: Cannot use JSX unless the '--jsx' flag is provided.
docs/examples/practice-admin/step-2.tsx(105,17): error TS17004: Cannot use JSX unless the '--jsx' flag is provided.
docs/examples/practice-admin/step-2.tsx(116,21): error TS17004: Cannot use JSX unless the '--jsx' flag is provided.
docs/examples/practice-admin/step-2.tsx(118,13): error TS7026: JSX element implicitly has type 'any' because no interface 'JSX.IntrinsicElements' exists.
docs/examples/practice-admin/step-2.tsx(119,9): error TS7026: JSX element implicitly has type 'any' because no interface 'JSX.IntrinsicElements' exists.
docs/examples/practice-admin/step-3.tsx(1,33): error TS2307: Cannot find module 'react' or its corresponding type declarations.
docs/examples/practice-admin/step-3.tsx(2,21): error TS2307: Cannot find module '@crab-dev/css' or its corresponding type declarations.
docs/examples/practice-admin/step-3.tsx(3,19): error TS2307: Cannot find module '@crab-dev/rc-token-semantic' or its corresponding type declarations.
docs/examples/practice-admin/step-3.tsx(7,8): error TS2307: Cannot find module '@crab-dev/rc-app-main-layout' or its corresponding type declarations.
docs/examples/practice-admin/step-3.tsx(8,30): error TS2307: Cannot find module '@crab-dev/rc-menu' or its corresponding type declarations.
docs/examples/practice-admin/step-3.tsx(9,18): error TS2307: Cannot find module '@crab-dev/rc-card' or its corresponding type declarations.
docs/examples/practice-admin/step-3.tsx(10,20): error TS2307: Cannot find module '@crab-dev/rc-button' or its corresponding type declarations.
docs/examples/practice-admin/step-3.tsx(11,20): error TS2307: Cannot find module '@crab-dev/rc-drawer' or its corresponding type declarations.
docs/examples/practice-admin/step-3.tsx(12,22): error TS2307: Cannot find module '@crab-dev/rc-line-edit' or its corresponding type declarations.
docs/examples/practice-admin/step-3.tsx(39,9): error TS17004: Cannot use JSX unless the '--jsx' flag is provided.
docs/examples/practice-admin/step-3.tsx(40,13): error TS7026: JSX element implicitly has type 'any' because no interface 'JSX.IntrinsicElements' exists.
docs/examples/practice-admin/step-3.tsx(40,13): error TS17004: Cannot use JSX unless the '--jsx' flag is provided.
docs/examples/practice-admin/step-3.tsx(40,31): error TS7026: JSX element implicitly has type 'any' because no interface 'JSX.IntrinsicElements' exists.
docs/examples/practice-admin/step-3.tsx(41,13): error TS7026: JSX element implicitly has type 'any' because no interface 'JSX.IntrinsicElements' exists.
docs/examples/practice-admin/step-3.tsx(41,13): error TS17004: Cannot use JSX unless the '--jsx' flag is provided.
docs/examples/practice-admin/step-3.tsx(41,32): error TS7026: JSX element implicitly has type 'any' because no interface 'JSX.IntrinsicElements' exists.
docs/examples/practice-admin/step-3.tsx(42,13): error TS17004: Cannot use JSX unless the '--jsx' flag is provided.
docs/examples/practice-admin/step-3.tsx(48,35): error TS17004: Cannot use JSX unless the '--jsx' flag is provided.
docs/examples/practice-admin/step-3.tsx(58,18): error TS17004: Cannot use JSX unless the '--jsx' flag is provided.
docs/examples/practice-admin/step-3.tsx(69,9): error TS17004: Cannot use JSX unless the '--jsx' flag is provided.
docs/examples/practice-admin/step-3.tsx(83,31): error TS17004: Cannot use JSX unless the '--jsx' flag is provided.
docs/examples/practice-admin/step-3.tsx(91,31): error TS17004: Cannot use JSX unless the '--jsx' flag is provided.
docs/examples/practice-admin/step-3.tsx(101,31): error TS17004: Cannot use JSX unless the '--jsx' flag is provided.
docs/examples/practice-admin/step-3.tsx(126,9): error TS7026: JSX element implicitly has type 'any' because no interface 'JSX.IntrinsicElements' exists.
docs/examples/practice-admin/step-3.tsx(126,9): error TS17004: Cannot use JSX unless the '--jsx' flag is provided.
docs/examples/practice-admin/step-3.tsx(127,26): error TS7006: Parameter 'person' implicitly has an 'any' type.
docs/examples/practice-admin/step-3.tsx(128,17): error TS17004: Cannot use JSX unless the '--jsx' flag is provided.
docs/examples/practice-admin/step-3.tsx(132,25): error TS17004: Cannot use JSX unless the '--jsx' flag is provided.
docs/examples/practice-admin/step-3.tsx(145,13): error TS7026: JSX element implicitly has type 'any' because no interface 'JSX.IntrinsicElements' exists.
docs/examples/practice-admin/step-3.tsx(145,13): error TS17004: Cannot use JSX unless the '--jsx' flag is provided.
docs/examples/practice-admin/step-3.tsx(145,47): error TS7026: JSX element implicitly has type 'any' because no interface 'JSX.IntrinsicElements' exists.
docs/examples/practice-admin/step-3.tsx(146,13): error TS17004: Cannot use JSX unless the '--jsx' flag is provided.
docs/examples/practice-admin/step-3.tsx(149,32): error TS7006: Parameter 'open' implicitly has an 'any' type.
docs/examples/practice-admin/step-3.tsx(153,17): error TS7026: JSX element implicitly has type 'any' because no interface 'JSX.IntrinsicElements' exists.
docs/examples/practice-admin/step-3.tsx(153,17): error TS17004: Cannot use JSX unless the '--jsx' flag is provided.
docs/examples/practice-admin/step-3.tsx(154,21): error TS7026: JSX element implicitly has type 'any' because no interface 'JSX.IntrinsicElements' exists.
docs/examples/practice-admin/step-3.tsx(154,21): error TS17004: Cannot use JSX unless the '--jsx' flag is provided.
docs/examples/practice-admin/step-3.tsx(156,25): error TS17004: Cannot use JSX unless the '--jsx' flag is provided.
docs/examples/practice-admin/step-3.tsx(159,40): error TS7006: Parameter 'event' implicitly has an 'any' type.
docs/examples/practice-admin/step-3.tsx(162,21): error TS7026: JSX element implicitly has type 'any' because no interface 'JSX.IntrinsicElements' exists.
docs/examples/practice-admin/step-3.tsx(163,21): error TS7026: JSX element implicitly has type 'any' because no interface 'JSX.IntrinsicElements' exists.
docs/examples/practice-admin/step-3.tsx(163,21): error TS17004: Cannot use JSX unless the '--jsx' flag is provided.
docs/examples/practice-admin/step-3.tsx(167,21): error TS7026: JSX element implicitly has type 'any' because no interface 'JSX.IntrinsicElements' exists.
docs/examples/practice-admin/step-3.tsx(168,21): error TS17004: Cannot use JSX unless the '--jsx' flag is provided.
docs/examples/practice-admin/step-3.tsx(173,40): error TS7006: Parameter 'current' implicitly has an 'any' type.
docs/examples/practice-admin/step-3.tsx(174,46): error TS7006: Parameter 'person' implicitly has an 'any' type.
docs/examples/practice-admin/step-3.tsx(189,17): error TS7026: JSX element implicitly has type 'any' because no interface 'JSX.IntrinsicElements' exists.
docs/examples/practice-admin/step-3.tsx(191,9): error TS7026: JSX element implicitly has type 'any' because no interface 'JSX.IntrinsicElements' exists.
docs/examples/practice-admin/step-3.tsx(205,9): error TS7026: JSX element implicitly has type 'any' because no interface 'JSX.IntrinsicElements' exists.
docs/examples/practice-admin/step-3.tsx(205,9): error TS17004: Cannot use JSX unless the '--jsx' flag is provided.
docs/examples/practice-admin/step-3.tsx(206,13): error TS7026: JSX element implicitly has type 'any' because no interface 'JSX.IntrinsicElements' exists.
docs/examples/practice-admin/step-3.tsx(206,13): error TS17004: Cannot use JSX unless the '--jsx' flag is provided.
docs/examples/practice-admin/step-3.tsx(206,34): error TS7026: JSX element implicitly has type 'any' because no interface 'JSX.IntrinsicElements' exists.
docs/examples/practice-admin/step-3.tsx(207,13): error TS7026: JSX element implicitly has type 'any' because no interface 'JSX.IntrinsicElements' exists.
docs/examples/practice-admin/step-3.tsx(207,13): error TS17004: Cannot use JSX unless the '--jsx' flag is provided.
docs/examples/practice-admin/step-3.tsx(208,17): error TS17004: Cannot use JSX unless the '--jsx' flag is provided.
docs/examples/practice-admin/step-3.tsx(219,21): error TS17004: Cannot use JSX unless the '--jsx' flag is provided.
docs/examples/practice-admin/step-3.tsx(221,13): error TS7026: JSX element implicitly has type 'any' because no interface 'JSX.IntrinsicElements' exists.
docs/examples/practice-admin/step-3.tsx(222,9): error TS7026: JSX element implicitly has type 'any' because no interface 'JSX.IntrinsicElements' exists.
docs/examples/practice-admin/step-4.tsx(1,33): error TS2307: Cannot find module 'react' or its corresponding type declarations.
docs/examples/practice-admin/step-4.tsx(2,21): error TS2307: Cannot find module '@crab-dev/css' or its corresponding type declarations.
docs/examples/practice-admin/step-4.tsx(3,19): error TS2307: Cannot find module '@crab-dev/rc-token-semantic' or its corresponding type declarations.
docs/examples/practice-admin/step-4.tsx(7,8): error TS2307: Cannot find module '@crab-dev/rc-app-main-layout' or its corresponding type declarations.
docs/examples/practice-admin/step-4.tsx(8,30): error TS2307: Cannot find module '@crab-dev/rc-menu' or its corresponding type declarations.
docs/examples/practice-admin/step-4.tsx(9,18): error TS2307: Cannot find module '@crab-dev/rc-card' or its corresponding type declarations.
docs/examples/practice-admin/step-4.tsx(10,20): error TS2307: Cannot find module '@crab-dev/rc-button' or its corresponding type declarations.
docs/examples/practice-admin/step-4.tsx(11,20): error TS2307: Cannot find module '@crab-dev/rc-drawer' or its corresponding type declarations.
docs/examples/practice-admin/step-4.tsx(12,22): error TS2307: Cannot find module '@crab-dev/rc-line-edit' or its corresponding type declarations.
docs/examples/practice-admin/step-4.tsx(49,9): error TS17004: Cannot use JSX unless the '--jsx' flag is provided.
docs/examples/practice-admin/step-4.tsx(50,13): error TS7026: JSX element implicitly has type 'any' because no interface 'JSX.IntrinsicElements' exists.
docs/examples/practice-admin/step-4.tsx(50,13): error TS17004: Cannot use JSX unless the '--jsx' flag is provided.
docs/examples/practice-admin/step-4.tsx(50,31): error TS7026: JSX element implicitly has type 'any' because no interface 'JSX.IntrinsicElements' exists.
docs/examples/practice-admin/step-4.tsx(51,13): error TS7026: JSX element implicitly has type 'any' because no interface 'JSX.IntrinsicElements' exists.
docs/examples/practice-admin/step-4.tsx(51,13): error TS17004: Cannot use JSX unless the '--jsx' flag is provided.
docs/examples/practice-admin/step-4.tsx(51,32): error TS7026: JSX element implicitly has type 'any' because no interface 'JSX.IntrinsicElements' exists.
docs/examples/practice-admin/step-4.tsx(52,13): error TS17004: Cannot use JSX unless the '--jsx' flag is provided.
docs/examples/practice-admin/step-4.tsx(58,35): error TS17004: Cannot use JSX unless the '--jsx' flag is provided.
docs/examples/practice-admin/step-4.tsx(68,18): error TS17004: Cannot use JSX unless the '--jsx' flag is provided.
docs/examples/practice-admin/step-4.tsx(79,9): error TS17004: Cannot use JSX unless the '--jsx' flag is provided.
docs/examples/practice-admin/step-4.tsx(93,31): error TS17004: Cannot use JSX unless the '--jsx' flag is provided.
docs/examples/practice-admin/step-4.tsx(101,31): error TS17004: Cannot use JSX unless the '--jsx' flag is provided.
docs/examples/practice-admin/step-4.tsx(111,31): error TS17004: Cannot use JSX unless the '--jsx' flag is provided.
docs/examples/practice-admin/step-4.tsx(136,9): error TS7026: JSX element implicitly has type 'any' because no interface 'JSX.IntrinsicElements' exists.
docs/examples/practice-admin/step-4.tsx(136,9): error TS17004: Cannot use JSX unless the '--jsx' flag is provided.
docs/examples/practice-admin/step-4.tsx(137,26): error TS7006: Parameter 'person' implicitly has an 'any' type.
docs/examples/practice-admin/step-4.tsx(138,17): error TS17004: Cannot use JSX unless the '--jsx' flag is provided.
docs/examples/practice-admin/step-4.tsx(142,25): error TS17004: Cannot use JSX unless the '--jsx' flag is provided.
docs/examples/practice-admin/step-4.tsx(155,13): error TS7026: JSX element implicitly has type 'any' because no interface 'JSX.IntrinsicElements' exists.
docs/examples/practice-admin/step-4.tsx(155,13): error TS17004: Cannot use JSX unless the '--jsx' flag is provided.
docs/examples/practice-admin/step-4.tsx(155,47): error TS7026: JSX element implicitly has type 'any' because no interface 'JSX.IntrinsicElements' exists.
docs/examples/practice-admin/step-4.tsx(156,13): error TS17004: Cannot use JSX unless the '--jsx' flag is provided.
docs/examples/practice-admin/step-4.tsx(159,32): error TS7006: Parameter 'open' implicitly has an 'any' type.
docs/examples/practice-admin/step-4.tsx(163,17): error TS7026: JSX element implicitly has type 'any' because no interface 'JSX.IntrinsicElements' exists.
docs/examples/practice-admin/step-4.tsx(163,17): error TS17004: Cannot use JSX unless the '--jsx' flag is provided.
docs/examples/practice-admin/step-4.tsx(164,21): error TS7026: JSX element implicitly has type 'any' because no interface 'JSX.IntrinsicElements' exists.
docs/examples/practice-admin/step-4.tsx(164,21): error TS17004: Cannot use JSX unless the '--jsx' flag is provided.
docs/examples/practice-admin/step-4.tsx(166,25): error TS17004: Cannot use JSX unless the '--jsx' flag is provided.
docs/examples/practice-admin/step-4.tsx(169,40): error TS7006: Parameter 'event' implicitly has an 'any' type.
docs/examples/practice-admin/step-4.tsx(172,21): error TS7026: JSX element implicitly has type 'any' because no interface 'JSX.IntrinsicElements' exists.
docs/examples/practice-admin/step-4.tsx(173,21): error TS7026: JSX element implicitly has type 'any' because no interface 'JSX.IntrinsicElements' exists.
docs/examples/practice-admin/step-4.tsx(173,21): error TS17004: Cannot use JSX unless the '--jsx' flag is provided.
docs/examples/practice-admin/step-4.tsx(177,21): error TS7026: JSX element implicitly has type 'any' because no interface 'JSX.IntrinsicElements' exists.
docs/examples/practice-admin/step-4.tsx(178,21): error TS17004: Cannot use JSX unless the '--jsx' flag is provided.
docs/examples/practice-admin/step-4.tsx(183,40): error TS7006: Parameter 'current' implicitly has an 'any' type.
docs/examples/practice-admin/step-4.tsx(184,46): error TS7006: Parameter 'person' implicitly has an 'any' type.
docs/examples/practice-admin/step-4.tsx(199,17): error TS7026: JSX element implicitly has type 'any' because no interface 'JSX.IntrinsicElements' exists.
docs/examples/practice-admin/step-4.tsx(201,9): error TS7026: JSX element implicitly has type 'any' because no interface 'JSX.IntrinsicElements' exists.
docs/examples/practice-admin/step-4.tsx(215,9): error TS7026: JSX element implicitly has type 'any' because no interface 'JSX.IntrinsicElements' exists.
docs/examples/practice-admin/step-4.tsx(215,9): error TS17004: Cannot use JSX unless the '--jsx' flag is provided.
docs/examples/practice-admin/step-4.tsx(216,13): error TS7026: JSX element implicitly has type 'any' because no interface 'JSX.IntrinsicElements' exists.
docs/examples/practice-admin/step-4.tsx(216,13): error TS17004: Cannot use JSX unless the '--jsx' flag is provided.
docs/examples/practice-admin/step-4.tsx(216,34): error TS7026: JSX element implicitly has type 'any' because no interface 'JSX.IntrinsicElements' exists.
docs/examples/practice-admin/step-4.tsx(217,13): error TS7026: JSX element implicitly has type 'any' because no interface 'JSX.IntrinsicElements' exists.
docs/examples/practice-admin/step-4.tsx(217,13): error TS17004: Cannot use JSX unless the '--jsx' flag is provided.
docs/examples/practice-admin/step-4.tsx(218,17): error TS17004: Cannot use JSX unless the '--jsx' flag is provided.
docs/examples/practice-admin/step-4.tsx(229,21): error TS17004: Cannot use JSX unless the '--jsx' flag is provided.
docs/examples/practice-admin/step-4.tsx(231,13): error TS7026: JSX element implicitly has type 'any' because no interface 'JSX.IntrinsicElements' exists.
docs/examples/practice-admin/step-4.tsx(232,9): error TS7026: JSX element implicitly has type 'any' because no interface 'JSX.IntrinsicElements' exists.
docs/examples/practice-data/step-1.tsx(1,21): error TS2307: Cannot find module '@crab-dev/css' or its corresponding type declarations.
docs/examples/practice-data/step-1.tsx(2,19): error TS2307: Cannot find module '@crab-dev/rc-token-semantic' or its corresponding type declarations.
docs/examples/practice-data/step-1.tsx(3,50): error TS2307: Cannot find module '@crab-dev/rc-table' or its corresponding type declarations.
docs/examples/practice-data/step-1.tsx(4,23): error TS2307: Cannot find module '@crab-dev/rc-auto-sizer' or its corresponding type declarations.
docs/examples/practice-data/step-1.tsx(53,20): error TS7031: Binding element 'row' implicitly has an 'any' type.
docs/examples/practice-data/step-1.tsx(70,9): error TS7026: JSX element implicitly has type 'any' because no interface 'JSX.IntrinsicElements' exists.
docs/examples/practice-data/step-1.tsx(70,9): error TS17004: Cannot use JSX unless the '--jsx' flag is provided.
docs/examples/practice-data/step-1.tsx(71,13): error TS7026: JSX element implicitly has type 'any' because no interface 'JSX.IntrinsicElements' exists.
docs/examples/practice-data/step-1.tsx(71,13): error TS17004: Cannot use JSX unless the '--jsx' flag is provided.
docs/examples/practice-data/step-1.tsx(71,44): error TS7026: JSX element implicitly has type 'any' because no interface 'JSX.IntrinsicElements' exists.
docs/examples/practice-data/step-1.tsx(72,13): error TS7026: JSX element implicitly has type 'any' because no interface 'JSX.IntrinsicElements' exists.
docs/examples/practice-data/step-1.tsx(72,13): error TS17004: Cannot use JSX unless the '--jsx' flag is provided.
docs/examples/practice-data/step-1.tsx(73,17): error TS17004: Cannot use JSX unless the '--jsx' flag is provided.
docs/examples/practice-data/step-1.tsx(74,25): error TS7031: Binding element 'width' implicitly has an 'any' type.
docs/examples/practice-data/step-1.tsx(74,32): error TS7031: Binding element 'height' implicitly has an 'any' type.
docs/examples/practice-data/step-1.tsx(75,25): error TS17004: Cannot use JSX unless the '--jsx' flag is provided.
docs/examples/practice-data/step-1.tsx(85,13): error TS7026: JSX element implicitly has type 'any' because no interface 'JSX.IntrinsicElements' exists.
docs/examples/practice-data/step-1.tsx(86,9): error TS7026: JSX element implicitly has type 'any' because no interface 'JSX.IntrinsicElements' exists.
docs/examples/practice-data/step-2.tsx(1,26): error TS2307: Cannot find module 'react' or its corresponding type declarations.
docs/examples/practice-data/step-2.tsx(2,21): error TS2307: Cannot find module '@crab-dev/css' or its corresponding type declarations.
docs/examples/practice-data/step-2.tsx(3,19): error TS2307: Cannot find module '@crab-dev/rc-token-semantic' or its corresponding type declarations.
docs/examples/practice-data/step-2.tsx(4,50): error TS2307: Cannot find module '@crab-dev/rc-table' or its corresponding type declarations.
docs/examples/practice-data/step-2.tsx(5,23): error TS2307: Cannot find module '@crab-dev/rc-auto-sizer' or its corresponding type declarations.
docs/examples/practice-data/step-2.tsx(6,22): error TS2307: Cannot find module '@crab-dev/rc-line-edit' or its corresponding type declarations.
docs/examples/practice-data/step-2.tsx(7,20): error TS2307: Cannot find module '@crab-dev/rc-select' or its corresponding type declarations.
docs/examples/practice-data/step-2.tsx(58,20): error TS7031: Binding element 'row' implicitly has an 'any' type.
docs/examples/practice-data/step-2.tsx(99,9): error TS7026: JSX element implicitly has type 'any' because no interface 'JSX.IntrinsicElements' exists.
docs/examples/practice-data/step-2.tsx(99,9): error TS17004: Cannot use JSX unless the '--jsx' flag is provided.
docs/examples/practice-data/step-2.tsx(100,13): error TS7026: JSX element implicitly has type 'any' because no interface 'JSX.IntrinsicElements' exists.
docs/examples/practice-data/step-2.tsx(100,13): error TS17004: Cannot use JSX unless the '--jsx' flag is provided.
docs/examples/practice-data/step-2.tsx(101,17): error TS7026: JSX element implicitly has type 'any' because no interface 'JSX.IntrinsicElements' exists.
docs/examples/practice-data/step-2.tsx(101,17): error TS17004: Cannot use JSX unless the '--jsx' flag is provided.
docs/examples/practice-data/step-2.tsx(103,21): error TS17004: Cannot use JSX unless the '--jsx' flag is provided.
docs/examples/practice-data/step-2.tsx(105,36): error TS7006: Parameter 'event' implicitly has an 'any' type.
docs/examples/practice-data/step-2.tsx(111,17): error TS7026: JSX element implicitly has type 'any' because no interface 'JSX.IntrinsicElements' exists.
docs/examples/practice-data/step-2.tsx(112,17): error TS7026: JSX element implicitly has type 'any' because no interface 'JSX.IntrinsicElements' exists.
docs/examples/practice-data/step-2.tsx(112,17): error TS17004: Cannot use JSX unless the '--jsx' flag is provided.
docs/examples/practice-data/step-2.tsx(114,21): error TS17004: Cannot use JSX unless the '--jsx' flag is provided.
docs/examples/practice-data/step-2.tsx(116,36): error TS7006: Parameter 'value' implicitly has an 'any' type.
docs/examples/practice-data/step-2.tsx(134,17): error TS7026: JSX element implicitly has type 'any' because no interface 'JSX.IntrinsicElements' exists.
docs/examples/practice-data/step-2.tsx(135,13): error TS7026: JSX element implicitly has type 'any' because no interface 'JSX.IntrinsicElements' exists.
docs/examples/practice-data/step-2.tsx(137,13): error TS7026: JSX element implicitly has type 'any' because no interface 'JSX.IntrinsicElements' exists.
docs/examples/practice-data/step-2.tsx(137,13): error TS17004: Cannot use JSX unless the '--jsx' flag is provided.
docs/examples/practice-data/step-2.tsx(137,44): error TS7026: JSX element implicitly has type 'any' because no interface 'JSX.IntrinsicElements' exists.
docs/examples/practice-data/step-2.tsx(138,13): error TS7026: JSX element implicitly has type 'any' because no interface 'JSX.IntrinsicElements' exists.
docs/examples/practice-data/step-2.tsx(138,13): error TS17004: Cannot use JSX unless the '--jsx' flag is provided.
docs/examples/practice-data/step-2.tsx(139,17): error TS17004: Cannot use JSX unless the '--jsx' flag is provided.
docs/examples/practice-data/step-2.tsx(140,25): error TS7031: Binding element 'width' implicitly has an 'any' type.
docs/examples/practice-data/step-2.tsx(140,32): error TS7031: Binding element 'height' implicitly has an 'any' type.
docs/examples/practice-data/step-2.tsx(141,25): error TS17004: Cannot use JSX unless the '--jsx' flag is provided.
docs/examples/practice-data/step-2.tsx(151,13): error TS7026: JSX element implicitly has type 'any' because no interface 'JSX.IntrinsicElements' exists.
docs/examples/practice-data/step-2.tsx(152,9): error TS7026: JSX element implicitly has type 'any' because no interface 'JSX.IntrinsicElements' exists.
docs/examples/practice-data/step-3.tsx(1,26): error TS2307: Cannot find module 'react' or its corresponding type declarations.
docs/examples/practice-data/step-3.tsx(2,21): error TS2307: Cannot find module '@crab-dev/css' or its corresponding type declarations.
docs/examples/practice-data/step-3.tsx(3,19): error TS2307: Cannot find module '@crab-dev/rc-token-semantic' or its corresponding type declarations.
docs/examples/practice-data/step-3.tsx(4,50): error TS2307: Cannot find module '@crab-dev/rc-table' or its corresponding type declarations.
docs/examples/practice-data/step-3.tsx(5,23): error TS2307: Cannot find module '@crab-dev/rc-auto-sizer' or its corresponding type declarations.
docs/examples/practice-data/step-3.tsx(6,22): error TS2307: Cannot find module '@crab-dev/rc-line-edit' or its corresponding type declarations.
docs/examples/practice-data/step-3.tsx(7,20): error TS2307: Cannot find module '@crab-dev/rc-select' or its corresponding type declarations.
docs/examples/practice-data/step-3.tsx(8,24): error TS2307: Cannot find module '@crab-dev/rc-pagination' or its corresponding type declarations.
docs/examples/practice-data/step-3.tsx(60,20): error TS7031: Binding element 'row' implicitly has an 'any' type.
docs/examples/practice-data/step-3.tsx(102,9): error TS7026: JSX element implicitly has type 'any' because no interface 'JSX.IntrinsicElements' exists.
docs/examples/practice-data/step-3.tsx(102,9): error TS17004: Cannot use JSX unless the '--jsx' flag is provided.
docs/examples/practice-data/step-3.tsx(103,13): error TS7026: JSX element implicitly has type 'any' because no interface 'JSX.IntrinsicElements' exists.
docs/examples/practice-data/step-3.tsx(103,13): error TS17004: Cannot use JSX unless the '--jsx' flag is provided.
docs/examples/practice-data/step-3.tsx(104,17): error TS7026: JSX element implicitly has type 'any' because no interface 'JSX.IntrinsicElements' exists.
docs/examples/practice-data/step-3.tsx(104,17): error TS17004: Cannot use JSX unless the '--jsx' flag is provided.
docs/examples/practice-data/step-3.tsx(106,21): error TS17004: Cannot use JSX unless the '--jsx' flag is provided.
docs/examples/practice-data/step-3.tsx(108,36): error TS7006: Parameter 'event' implicitly has an 'any' type.
docs/examples/practice-data/step-3.tsx(115,17): error TS7026: JSX element implicitly has type 'any' because no interface 'JSX.IntrinsicElements' exists.
docs/examples/practice-data/step-3.tsx(116,17): error TS7026: JSX element implicitly has type 'any' because no interface 'JSX.IntrinsicElements' exists.
docs/examples/practice-data/step-3.tsx(116,17): error TS17004: Cannot use JSX unless the '--jsx' flag is provided.
docs/examples/practice-data/step-3.tsx(118,21): error TS17004: Cannot use JSX unless the '--jsx' flag is provided.
docs/examples/practice-data/step-3.tsx(120,36): error TS7006: Parameter 'value' implicitly has an 'any' type.
docs/examples/practice-data/step-3.tsx(139,17): error TS7026: JSX element implicitly has type 'any' because no interface 'JSX.IntrinsicElements' exists.
docs/examples/practice-data/step-3.tsx(140,13): error TS7026: JSX element implicitly has type 'any' because no interface 'JSX.IntrinsicElements' exists.
docs/examples/practice-data/step-3.tsx(142,13): error TS7026: JSX element implicitly has type 'any' because no interface 'JSX.IntrinsicElements' exists.
docs/examples/practice-data/step-3.tsx(142,13): error TS17004: Cannot use JSX unless the '--jsx' flag is provided.
docs/examples/practice-data/step-3.tsx(142,44): error TS7026: JSX element implicitly has type 'any' because no interface 'JSX.IntrinsicElements' exists.
docs/examples/practice-data/step-3.tsx(143,13): error TS7026: JSX element implicitly has type 'any' because no interface 'JSX.IntrinsicElements' exists.
docs/examples/practice-data/step-3.tsx(143,13): error TS17004: Cannot use JSX unless the '--jsx' flag is provided.
docs/examples/practice-data/step-3.tsx(144,17): error TS17004: Cannot use JSX unless the '--jsx' flag is provided.
docs/examples/practice-data/step-3.tsx(145,25): error TS7031: Binding element 'width' implicitly has an 'any' type.
docs/examples/practice-data/step-3.tsx(145,32): error TS7031: Binding element 'height' implicitly has an 'any' type.
docs/examples/practice-data/step-3.tsx(146,25): error TS17004: Cannot use JSX unless the '--jsx' flag is provided.
docs/examples/practice-data/step-3.tsx(156,13): error TS7026: JSX element implicitly has type 'any' because no interface 'JSX.IntrinsicElements' exists.
docs/examples/practice-data/step-3.tsx(157,13): error TS17004: Cannot use JSX unless the '--jsx' flag is provided.
docs/examples/practice-data/step-3.tsx(158,9): error TS7026: JSX element implicitly has type 'any' because no interface 'JSX.IntrinsicElements' exists.
docs/examples/practice-data/step-4.tsx(1,41): error TS2307: Cannot find module 'react' or its corresponding type declarations.
docs/examples/practice-data/step-4.tsx(2,21): error TS2307: Cannot find module '@crab-dev/css' or its corresponding type declarations.
docs/examples/practice-data/step-4.tsx(3,19): error TS2307: Cannot find module '@crab-dev/rc-token-semantic' or its corresponding type declarations.
docs/examples/practice-data/step-4.tsx(4,50): error TS2307: Cannot find module '@crab-dev/rc-table' or its corresponding type declarations.
docs/examples/practice-data/step-4.tsx(5,23): error TS2307: Cannot find module '@crab-dev/rc-auto-sizer' or its corresponding type declarations.
docs/examples/practice-data/step-4.tsx(6,22): error TS2307: Cannot find module '@crab-dev/rc-line-edit' or its corresponding type declarations.
docs/examples/practice-data/step-4.tsx(7,20): error TS2307: Cannot find module '@crab-dev/rc-select' or its corresponding type declarations.
docs/examples/practice-data/step-4.tsx(8,24): error TS2307: Cannot find module '@crab-dev/rc-pagination' or its corresponding type declarations.
docs/examples/practice-data/step-4.tsx(9,20): error TS2307: Cannot find module '@crab-dev/rc-button' or its corresponding type declarations.
docs/examples/practice-data/step-4.tsx(10,19): error TS2307: Cannot find module '@crab-dev/rc-empty' or its corresponding type declarations.
docs/examples/practice-data/step-4.tsx(11,19): error TS2307: Cannot find module '@crab-dev/rc-alert' or its corresponding type declarations.
docs/examples/practice-data/step-4.tsx(12,18): error TS2307: Cannot find module '@crab-dev/rc-spin' or its corresponding type declarations.
docs/examples/practice-data/step-4.tsx(68,20): error TS7031: Binding element 'row' implicitly has an 'any' type.
docs/examples/practice-data/step-4.tsx(127,10): error TS7006: Parameter 'row' implicitly has an 'any' type.
docs/examples/practice-data/step-4.tsx(144,9): error TS7026: JSX element implicitly has type 'any' because no interface 'JSX.IntrinsicElements' exists.
docs/examples/practice-data/step-4.tsx(144,9): error TS17004: Cannot use JSX unless the '--jsx' flag is provided.
docs/examples/practice-data/step-4.tsx(145,13): error TS7026: JSX element implicitly has type 'any' because no interface 'JSX.IntrinsicElements' exists.
docs/examples/practice-data/step-4.tsx(145,13): error TS17004: Cannot use JSX unless the '--jsx' flag is provided.
docs/examples/practice-data/step-4.tsx(146,17): error TS7026: JSX element implicitly has type 'any' because no interface 'JSX.IntrinsicElements' exists.
docs/examples/practice-data/step-4.tsx(146,17): error TS17004: Cannot use JSX unless the '--jsx' flag is provided.
docs/examples/practice-data/step-4.tsx(148,21): error TS17004: Cannot use JSX unless the '--jsx' flag is provided.
docs/examples/practice-data/step-4.tsx(150,36): error TS7006: Parameter 'event' implicitly has an 'any' type.
docs/examples/practice-data/step-4.tsx(158,17): error TS7026: JSX element implicitly has type 'any' because no interface 'JSX.IntrinsicElements' exists.
docs/examples/practice-data/step-4.tsx(159,17): error TS7026: JSX element implicitly has type 'any' because no interface 'JSX.IntrinsicElements' exists.
docs/examples/practice-data/step-4.tsx(159,17): error TS17004: Cannot use JSX unless the '--jsx' flag is provided.
docs/examples/practice-data/step-4.tsx(161,21): error TS17004: Cannot use JSX unless the '--jsx' flag is provided.
docs/examples/practice-data/step-4.tsx(163,36): error TS7006: Parameter 'value' implicitly has an 'any' type.
docs/examples/practice-data/step-4.tsx(183,17): error TS7026: JSX element implicitly has type 'any' because no interface 'JSX.IntrinsicElements' exists.
docs/examples/practice-data/step-4.tsx(184,13): error TS7026: JSX element implicitly has type 'any' because no interface 'JSX.IntrinsicElements' exists.
docs/examples/practice-data/step-4.tsx(185,13): error TS7026: JSX element implicitly has type 'any' because no interface 'JSX.IntrinsicElements' exists.
docs/examples/practice-data/step-4.tsx(185,13): error TS17004: Cannot use JSX unless the '--jsx' flag is provided.
docs/examples/practice-data/step-4.tsx(185,34): error TS7026: JSX element implicitly has type 'any' because no interface 'JSX.IntrinsicElements' exists.
docs/examples/practice-data/step-4.tsx(186,13): error TS7026: JSX element implicitly has type 'any' because no interface 'JSX.IntrinsicElements' exists.
docs/examples/practice-data/step-4.tsx(186,13): error TS17004: Cannot use JSX unless the '--jsx' flag is provided.
docs/examples/practice-data/step-4.tsx(187,17): error TS17004: Cannot use JSX unless the '--jsx' flag is provided.
docs/examples/practice-data/step-4.tsx(190,17): error TS17004: Cannot use JSX unless the '--jsx' flag is provided.
docs/examples/practice-data/step-4.tsx(193,17): error TS17004: Cannot use JSX unless the '--jsx' flag is provided.
docs/examples/practice-data/step-4.tsx(196,13): error TS7026: JSX element implicitly has type 'any' because no interface 'JSX.IntrinsicElements' exists.
docs/examples/practice-data/step-4.tsx(197,13): error TS7026: JSX element implicitly has type 'any' because no interface 'JSX.IntrinsicElements' exists.
docs/examples/practice-data/step-4.tsx(197,13): error TS17004: Cannot use JSX unless the '--jsx' flag is provided.
docs/examples/practice-data/step-4.tsx(198,17): error TS7026: JSX element implicitly has type 'any' because no interface 'JSX.IntrinsicElements' exists.
docs/examples/practice-data/step-4.tsx(198,17): error TS17004: Cannot use JSX unless the '--jsx' flag is provided.
docs/examples/practice-data/step-4.tsx(200,25): error TS17004: Cannot use JSX unless the '--jsx' flag is provided.
docs/examples/practice-data/step-4.tsx(202,25): error TS17004: Cannot use JSX unless the '--jsx' flag is provided.
docs/examples/practice-data/step-4.tsx(205,37): error TS17004: Cannot use JSX unless the '--jsx' flag is provided.
docs/examples/practice-data/step-4.tsx(210,25): error TS17004: Cannot use JSX unless the '--jsx' flag is provided.
docs/examples/practice-data/step-4.tsx(215,17): error TS7026: JSX element implicitly has type 'any' because no interface 'JSX.IntrinsicElements' exists.
docs/examples/practice-data/step-4.tsx(217,21): error TS17004: Cannot use JSX unless the '--jsx' flag is provided.
docs/examples/practice-data/step-4.tsx(218,25): error TS7026: JSX element implicitly has type 'any' because no interface 'JSX.IntrinsicElements' exists.
docs/examples/practice-data/step-4.tsx(218,25): error TS17004: Cannot use JSX unless the '--jsx' flag is provided.
docs/examples/practice-data/step-4.tsx(218,56): error TS7026: JSX element implicitly has type 'any' because no interface 'JSX.IntrinsicElements' exists.
docs/examples/practice-data/step-4.tsx(219,25): error TS7026: JSX element implicitly has type 'any' because no interface 'JSX.IntrinsicElements' exists.
docs/examples/practice-data/step-4.tsx(219,25): error TS17004: Cannot use JSX unless the '--jsx' flag is provided.
docs/examples/practice-data/step-4.tsx(220,29): error TS17004: Cannot use JSX unless the '--jsx' flag is provided.
docs/examples/practice-data/step-4.tsx(221,37): error TS7031: Binding element 'width' implicitly has an 'any' type.
docs/examples/practice-data/step-4.tsx(221,44): error TS7031: Binding element 'height' implicitly has an 'any' type.
docs/examples/practice-data/step-4.tsx(222,37): error TS17004: Cannot use JSX unless the '--jsx' flag is provided.
docs/examples/practice-data/step-4.tsx(232,25): error TS7026: JSX element implicitly has type 'any' because no interface 'JSX.IntrinsicElements' exists.
docs/examples/practice-data/step-4.tsx(233,25): error TS17004: Cannot use JSX unless the '--jsx' flag is provided.
docs/examples/practice-data/step-4.tsx(241,13): error TS7026: JSX element implicitly has type 'any' because no interface 'JSX.IntrinsicElements' exists.
docs/examples/practice-data/step-4.tsx(242,9): error TS7026: JSX element implicitly has type 'any' because no interface 'JSX.IntrinsicElements' exists.
docs/examples/practice-profile/step-1.tsx(1,21): error TS2307: Cannot find module '@crab-dev/css' or its corresponding type declarations.
docs/examples/practice-profile/step-1.tsx(2,19): error TS2307: Cannot find module '@crab-dev/rc-token-semantic' or its corresponding type declarations.
docs/examples/practice-profile/step-1.tsx(3,18): error TS2307: Cannot find module '@crab-dev/rc-card' or its corresponding type declarations.
docs/examples/practice-profile/step-1.tsx(4,18): error TS2307: Cannot find module '@crab-dev/rc-form' or its corresponding type declarations.
docs/examples/practice-profile/step-1.tsx(5,22): error TS2307: Cannot find module '@crab-dev/rc-line-edit' or its corresponding type declarations.
docs/examples/practice-profile/step-1.tsx(52,9): error TS17004: Cannot use JSX unless the '--jsx' flag is provided.
docs/examples/practice-profile/step-1.tsx(53,13): error TS17004: Cannot use JSX unless the '--jsx' flag is provided.
docs/examples/practice-profile/step-1.tsx(54,17): error TS7026: JSX element implicitly has type 'any' because no interface 'JSX.IntrinsicElements' exists.
docs/examples/practice-profile/step-1.tsx(54,17): error TS17004: Cannot use JSX unless the '--jsx' flag is provided.
docs/examples/practice-profile/step-1.tsx(56,21): error TS17004: Cannot use JSX unless the '--jsx' flag is provided.
docs/examples/practice-profile/step-1.tsx(57,17): error TS7026: JSX element implicitly has type 'any' because no interface 'JSX.IntrinsicElements' exists.
docs/examples/practice-profile/step-1.tsx(59,17): error TS7026: JSX element implicitly has type 'any' because no interface 'JSX.IntrinsicElements' exists.
docs/examples/practice-profile/step-1.tsx(59,17): error TS17004: Cannot use JSX unless the '--jsx' flag is provided.
docs/examples/practice-profile/step-1.tsx(61,21): error TS17004: Cannot use JSX unless the '--jsx' flag is provided.
docs/examples/practice-profile/step-1.tsx(62,17): error TS7026: JSX element implicitly has type 'any' because no interface 'JSX.IntrinsicElements' exists.
docs/examples/practice-profile/step-2.tsx(1,26): error TS2307: Cannot find module 'react' or its corresponding type declarations.
docs/examples/practice-profile/step-2.tsx(2,21): error TS2307: Cannot find module '@crab-dev/css' or its corresponding type declarations.
docs/examples/practice-profile/step-2.tsx(3,19): error TS2307: Cannot find module '@crab-dev/rc-token-semantic' or its corresponding type declarations.
docs/examples/practice-profile/step-2.tsx(4,18): error TS2307: Cannot find module '@crab-dev/rc-card' or its corresponding type declarations.
docs/examples/practice-profile/step-2.tsx(5,18): error TS2307: Cannot find module '@crab-dev/rc-form' or its corresponding type declarations.
docs/examples/practice-profile/step-2.tsx(6,22): error TS2307: Cannot find module '@crab-dev/rc-line-edit' or its corresponding type declarations.
docs/examples/practice-profile/step-2.tsx(55,9): error TS17004: Cannot use JSX unless the '--jsx' flag is provided.
docs/examples/practice-profile/step-2.tsx(56,13): error TS17004: Cannot use JSX unless the '--jsx' flag is provided.
docs/examples/practice-profile/step-2.tsx(57,17): error TS7026: JSX element implicitly has type 'any' because no interface 'JSX.IntrinsicElements' exists.
docs/examples/practice-profile/step-2.tsx(57,17): error TS17004: Cannot use JSX unless the '--jsx' flag is provided.
docs/examples/practice-profile/step-2.tsx(59,21): error TS17004: Cannot use JSX unless the '--jsx' flag is provided.
docs/examples/practice-profile/step-2.tsx(61,36): error TS7006: Parameter 'event' implicitly has an 'any' type.
docs/examples/practice-profile/step-2.tsx(64,17): error TS7026: JSX element implicitly has type 'any' because no interface 'JSX.IntrinsicElements' exists.
docs/examples/practice-profile/step-2.tsx(66,17): error TS7026: JSX element implicitly has type 'any' because no interface 'JSX.IntrinsicElements' exists.
docs/examples/practice-profile/step-2.tsx(66,17): error TS17004: Cannot use JSX unless the '--jsx' flag is provided.
docs/examples/practice-profile/step-2.tsx(68,21): error TS17004: Cannot use JSX unless the '--jsx' flag is provided.
docs/examples/practice-profile/step-2.tsx(70,36): error TS7006: Parameter 'event' implicitly has an 'any' type.
docs/examples/practice-profile/step-2.tsx(73,17): error TS7026: JSX element implicitly has type 'any' because no interface 'JSX.IntrinsicElements' exists.
docs/examples/practice-profile/step-2.tsx(75,17): error TS7026: JSX element implicitly has type 'any' because no interface 'JSX.IntrinsicElements' exists.
docs/examples/practice-profile/step-2.tsx(75,17): error TS17004: Cannot use JSX unless the '--jsx' flag is provided.
docs/examples/practice-profile/step-2.tsx(77,17): error TS7026: JSX element implicitly has type 'any' because no interface 'JSX.IntrinsicElements' exists.
docs/examples/practice-profile/step-3.tsx(1,33): error TS2307: Cannot find module 'react' or its corresponding type declarations.
docs/examples/practice-profile/step-3.tsx(2,21): error TS2307: Cannot find module '@crab-dev/css' or its corresponding type declarations.
docs/examples/practice-profile/step-3.tsx(3,19): error TS2307: Cannot find module '@crab-dev/rc-token-semantic' or its corresponding type declarations.
docs/examples/practice-profile/step-3.tsx(4,18): error TS2307: Cannot find module '@crab-dev/rc-card' or its corresponding type declarations.
docs/examples/practice-profile/step-3.tsx(5,18): error TS2307: Cannot find module '@crab-dev/rc-form' or its corresponding type declarations.
docs/examples/practice-profile/step-3.tsx(6,22): error TS2307: Cannot find module '@crab-dev/rc-line-edit' or its corresponding type declarations.
docs/examples/practice-profile/step-3.tsx(7,20): error TS2307: Cannot find module '@crab-dev/rc-button' or its corresponding type declarations.
docs/examples/practice-profile/step-3.tsx(8,19): error TS2307: Cannot find module '@crab-dev/rc-alert' or its corresponding type declarations.
docs/examples/practice-profile/step-3.tsx(76,9): error TS17004: Cannot use JSX unless the '--jsx' flag is provided.
docs/examples/practice-profile/step-3.tsx(77,13): error TS17004: Cannot use JSX unless the '--jsx' flag is provided.
docs/examples/practice-profile/step-3.tsx(87,17): error TS7026: JSX element implicitly has type 'any' because no interface 'JSX.IntrinsicElements' exists.
docs/examples/practice-profile/step-3.tsx(87,17): error TS17004: Cannot use JSX unless the '--jsx' flag is provided.
docs/examples/practice-profile/step-3.tsx(89,21): error TS17004: Cannot use JSX unless the '--jsx' flag is provided.
docs/examples/practice-profile/step-3.tsx(91,36): error TS7006: Parameter 'event' implicitly has an 'any' type.
docs/examples/practice-profile/step-3.tsx(97,17): error TS7026: JSX element implicitly has type 'any' because no interface 'JSX.IntrinsicElements' exists.
docs/examples/practice-profile/step-3.tsx(98,17): error TS7026: JSX element implicitly has type 'any' because no interface 'JSX.IntrinsicElements' exists.
docs/examples/practice-profile/step-3.tsx(98,17): error TS17004: Cannot use JSX unless the '--jsx' flag is provided.
docs/examples/practice-profile/step-3.tsx(100,17): error TS7026: JSX element implicitly has type 'any' because no interface 'JSX.IntrinsicElements' exists.
docs/examples/practice-profile/step-3.tsx(101,17): error TS7026: JSX element implicitly has type 'any' because no interface 'JSX.IntrinsicElements' exists.
docs/examples/practice-profile/step-3.tsx(101,17): error TS17004: Cannot use JSX unless the '--jsx' flag is provided.
docs/examples/practice-profile/step-3.tsx(103,21): error TS17004: Cannot use JSX unless the '--jsx' flag is provided.
docs/examples/practice-profile/step-3.tsx(105,36): error TS7006: Parameter 'event' implicitly has an 'any' type.
docs/examples/practice-profile/step-3.tsx(111,17): error TS7026: JSX element implicitly has type 'any' because no interface 'JSX.IntrinsicElements' exists.
docs/examples/practice-profile/step-3.tsx(112,17): error TS7026: JSX element implicitly has type 'any' because no interface 'JSX.IntrinsicElements' exists.
docs/examples/practice-profile/step-3.tsx(112,17): error TS17004: Cannot use JSX unless the '--jsx' flag is provided.
docs/examples/practice-profile/step-3.tsx(114,17): error TS7026: JSX element implicitly has type 'any' because no interface 'JSX.IntrinsicElements' exists.
docs/examples/practice-profile/step-3.tsx(115,17): error TS7026: JSX element implicitly has type 'any' because no interface 'JSX.IntrinsicElements' exists.
docs/examples/practice-profile/step-3.tsx(115,17): error TS17004: Cannot use JSX unless the '--jsx' flag is provided.
docs/examples/practice-profile/step-3.tsx(117,17): error TS7026: JSX element implicitly has type 'any' because no interface 'JSX.IntrinsicElements' exists.
docs/examples/practice-profile/step-3.tsx(119,17): error TS17004: Cannot use JSX unless the '--jsx' flag is provided.
docs/examples/practice-profile/step-3.tsx(123,13): error TS7026: JSX element implicitly has type 'any' because no interface 'JSX.IntrinsicElements' exists.
docs/examples/practice-profile/step-3.tsx(123,13): error TS17004: Cannot use JSX unless the '--jsx' flag is provided.
docs/examples/practice-profile/step-3.tsx(125,21): error TS17004: Cannot use JSX unless the '--jsx' flag is provided.
docs/examples/practice-profile/step-3.tsx(129,13): error TS7026: JSX element implicitly has type 'any' because no interface 'JSX.IntrinsicElements' exists.
docs/examples/practice-profile/step-4.tsx(1,48): error TS2307: Cannot find module 'react' or its corresponding type declarations.
docs/examples/practice-profile/step-4.tsx(2,21): error TS2307: Cannot find module '@crab-dev/css' or its corresponding type declarations.
docs/examples/practice-profile/step-4.tsx(3,19): error TS2307: Cannot find module '@crab-dev/rc-token-semantic' or its corresponding type declarations.
docs/examples/practice-profile/step-4.tsx(4,18): error TS2307: Cannot find module '@crab-dev/rc-card' or its corresponding type declarations.
docs/examples/practice-profile/step-4.tsx(5,18): error TS2307: Cannot find module '@crab-dev/rc-form' or its corresponding type declarations.
docs/examples/practice-profile/step-4.tsx(6,22): error TS2307: Cannot find module '@crab-dev/rc-line-edit' or its corresponding type declarations.
docs/examples/practice-profile/step-4.tsx(7,20): error TS2307: Cannot find module '@crab-dev/rc-button' or its corresponding type declarations.
docs/examples/practice-profile/step-4.tsx(8,19): error TS2307: Cannot find module '@crab-dev/rc-alert' or its corresponding type declarations.
docs/examples/practice-profile/step-4.tsx(9,20): error TS2307: Cannot find module '@crab-dev/rc-switch' or its corresponding type declarations.
docs/examples/practice-profile/step-4.tsx(93,9): error TS17004: Cannot use JSX unless the '--jsx' flag is provided.
docs/examples/practice-profile/step-4.tsx(94,13): error TS17004: Cannot use JSX unless the '--jsx' flag is provided.
docs/examples/practice-profile/step-4.tsx(120,17): error TS7026: JSX element implicitly has type 'any' because no interface 'JSX.IntrinsicElements' exists.
docs/examples/practice-profile/step-4.tsx(120,17): error TS17004: Cannot use JSX unless the '--jsx' flag is provided.
docs/examples/practice-profile/step-4.tsx(122,21): error TS17004: Cannot use JSX unless the '--jsx' flag is provided.
docs/examples/practice-profile/step-4.tsx(124,36): error TS7006: Parameter 'event' implicitly has an 'any' type.
docs/examples/practice-profile/step-4.tsx(131,17): error TS7026: JSX element implicitly has type 'any' because no interface 'JSX.IntrinsicElements' exists.
docs/examples/practice-profile/step-4.tsx(132,17): error TS7026: JSX element implicitly has type 'any' because no interface 'JSX.IntrinsicElements' exists.
docs/examples/practice-profile/step-4.tsx(132,17): error TS17004: Cannot use JSX unless the '--jsx' flag is provided.
docs/examples/practice-profile/step-4.tsx(134,17): error TS7026: JSX element implicitly has type 'any' because no interface 'JSX.IntrinsicElements' exists.
docs/examples/practice-profile/step-4.tsx(135,17): error TS7026: JSX element implicitly has type 'any' because no interface 'JSX.IntrinsicElements' exists.
docs/examples/practice-profile/step-4.tsx(135,17): error TS17004: Cannot use JSX unless the '--jsx' flag is provided.
docs/examples/practice-profile/step-4.tsx(137,21): error TS17004: Cannot use JSX unless the '--jsx' flag is provided.
docs/examples/practice-profile/step-4.tsx(139,36): error TS7006: Parameter 'event' implicitly has an 'any' type.
docs/examples/practice-profile/step-4.tsx(146,17): error TS7026: JSX element implicitly has type 'any' because no interface 'JSX.IntrinsicElements' exists.
docs/examples/practice-profile/step-4.tsx(147,17): error TS7026: JSX element implicitly has type 'any' because no interface 'JSX.IntrinsicElements' exists.
docs/examples/practice-profile/step-4.tsx(147,17): error TS17004: Cannot use JSX unless the '--jsx' flag is provided.
docs/examples/practice-profile/step-4.tsx(149,17): error TS7026: JSX element implicitly has type 'any' because no interface 'JSX.IntrinsicElements' exists.
docs/examples/practice-profile/step-4.tsx(150,17): error TS7026: JSX element implicitly has type 'any' because no interface 'JSX.IntrinsicElements' exists.
docs/examples/practice-profile/step-4.tsx(150,17): error TS17004: Cannot use JSX unless the '--jsx' flag is provided.
docs/examples/practice-profile/step-4.tsx(152,17): error TS7026: JSX element implicitly has type 'any' because no interface 'JSX.IntrinsicElements' exists.
docs/examples/practice-profile/step-4.tsx(153,17): error TS17004: Cannot use JSX unless the '--jsx' flag is provided.
docs/examples/practice-profile/step-4.tsx(156,17): error TS7026: JSX element implicitly has type 'any' because no interface 'JSX.IntrinsicElements' exists.
docs/examples/practice-profile/step-4.tsx(156,17): error TS17004: Cannot use JSX unless the '--jsx' flag is provided.
docs/examples/practice-profile/step-4.tsx(156,39): error TS7026: JSX element implicitly has type 'any' because no interface 'JSX.IntrinsicElements' exists.
docs/examples/practice-profile/step-4.tsx(157,17): error TS17004: Cannot use JSX unless the '--jsx' flag is provided.
docs/examples/practice-profile/step-4.tsx(161,13): error TS7026: JSX element implicitly has type 'any' because no interface 'JSX.IntrinsicElements' exists.
docs/examples/practice-profile/step-4.tsx(161,13): error TS17004: Cannot use JSX unless the '--jsx' flag is provided.
docs/examples/practice-profile/step-4.tsx(163,21): error TS17004: Cannot use JSX unless the '--jsx' flag is provided.
docs/examples/practice-profile/step-4.tsx(167,13): error TS7026: JSX element implicitly has type 'any' because no interface 'JSX.IntrinsicElements' exists.
docs/examples/rc-alert/step-1.tsx(1,19): error TS2307: Cannot find module '@crab-dev/rc-alert' or its corresponding type declarations.
docs/examples/rc-alert/step-1.tsx(5,9): error TS17004: Cannot use JSX unless the '--jsx' flag is provided.
docs/examples/rc-alert/step-2.tsx(1,26): error TS2307: Cannot find module 'react' or its corresponding type declarations.
docs/examples/rc-alert/step-2.tsx(2,21): error TS2307: Cannot find module '@crab-dev/css' or its corresponding type declarations.
docs/examples/rc-alert/step-2.tsx(3,19): error TS2307: Cannot find module '@crab-dev/rc-token-semantic' or its corresponding type declarations.
docs/examples/rc-alert/step-2.tsx(4,19): error TS2307: Cannot find module '@crab-dev/rc-alert' or its corresponding type declarations.
docs/examples/rc-alert/step-2.tsx(13,9): error TS7026: JSX element implicitly has type 'any' because no interface 'JSX.IntrinsicElements' exists.
docs/examples/rc-alert/step-2.tsx(13,9): error TS17004: Cannot use JSX unless the '--jsx' flag is provided.
docs/examples/rc-alert/step-2.tsx(14,13): error TS17004: Cannot use JSX unless the '--jsx' flag is provided.
docs/examples/rc-alert/step-2.tsx(17,13): error TS7026: JSX element implicitly has type 'any' because no interface 'JSX.IntrinsicElements' exists.
docs/examples/rc-alert/step-2.tsx(17,13): error TS17004: Cannot use JSX unless the '--jsx' flag is provided.
docs/examples/rc-alert/step-2.tsx(17,69): error TS7026: JSX element implicitly has type 'any' because no interface 'JSX.IntrinsicElements' exists.
docs/examples/rc-alert/step-2.tsx(18,9): error TS7026: JSX element implicitly has type 'any' because no interface 'JSX.IntrinsicElements' exists.
docs/examples/rc-app-main-layout/step-1.tsx(1,21): error TS2307: Cannot find module '@crab-dev/css' or its corresponding type declarations.
docs/examples/rc-app-main-layout/step-1.tsx(2,19): error TS2307: Cannot find module '@crab-dev/rc-token-semantic' or its corresponding type declarations.
docs/examples/rc-app-main-layout/step-1.tsx(3,54): error TS2307: Cannot find module '@crab-dev/rc-app-main-layout' or its corresponding type declarations.
docs/examples/rc-app-main-layout/step-1.tsx(13,9): error TS7026: JSX element implicitly has type 'any' because no interface 'JSX.IntrinsicElements' exists.
docs/examples/rc-app-main-layout/step-1.tsx(13,9): error TS17004: Cannot use JSX unless the '--jsx' flag is provided.
docs/examples/rc-app-main-layout/step-1.tsx(14,13): error TS17004: Cannot use JSX unless the '--jsx' flag is provided.
docs/examples/rc-app-main-layout/step-1.tsx(19,35): error TS7026: JSX element implicitly has type 'any' because no interface 'JSX.IntrinsicElements' exists.
docs/examples/rc-app-main-layout/step-1.tsx(19,35): error TS17004: Cannot use JSX unless the '--jsx' flag is provided.
docs/examples/rc-app-main-layout/step-1.tsx(19,48): error TS7026: JSX element implicitly has type 'any' because no interface 'JSX.IntrinsicElements' exists.
docs/examples/rc-app-main-layout/step-1.tsx(24,17): error TS17004: Cannot use JSX unless the '--jsx' flag is provided.
docs/examples/rc-app-main-layout/step-1.tsx(26,9): error TS7026: JSX element implicitly has type 'any' because no interface 'JSX.IntrinsicElements' exists.
docs/examples/rc-app-main-layout/step-2.tsx(1,21): error TS2307: Cannot find module '@crab-dev/css' or its corresponding type declarations.
docs/examples/rc-app-main-layout/step-2.tsx(2,19): error TS2307: Cannot find module '@crab-dev/rc-token-semantic' or its corresponding type declarations.
docs/examples/rc-app-main-layout/step-2.tsx(6,8): error TS2307: Cannot find module '@crab-dev/rc-app-main-layout' or its corresponding type declarations.
docs/examples/rc-app-main-layout/step-2.tsx(7,30): error TS2307: Cannot find module '@crab-dev/rc-menu' or its corresponding type declarations.
docs/examples/rc-app-main-layout/step-2.tsx(25,9): error TS17004: Cannot use JSX unless the '--jsx' flag is provided.
docs/examples/rc-app-main-layout/step-2.tsx(33,31): error TS7026: JSX element implicitly has type 'any' because no interface 'JSX.IntrinsicElements' exists.
docs/examples/rc-app-main-layout/step-2.tsx(33,31): error TS17004: Cannot use JSX unless the '--jsx' flag is provided.
docs/examples/rc-app-main-layout/step-2.tsx(33,41): error TS7026: JSX element implicitly has type 'any' because no interface 'JSX.IntrinsicElements' exists.
docs/examples/rc-app-main-layout/step-2.tsx(42,9): error TS7026: JSX element implicitly has type 'any' because no interface 'JSX.IntrinsicElements' exists.
docs/examples/rc-app-main-layout/step-2.tsx(42,9): error TS17004: Cannot use JSX unless the '--jsx' flag is provided.
docs/examples/rc-app-main-layout/step-2.tsx(43,13): error TS17004: Cannot use JSX unless the '--jsx' flag is provided.
docs/examples/rc-app-main-layout/step-2.tsx(48,35): error TS7026: JSX element implicitly has type 'any' because no interface 'JSX.IntrinsicElements' exists.
docs/examples/rc-app-main-layout/step-2.tsx(48,35): error TS17004: Cannot use JSX unless the '--jsx' flag is provided.
docs/examples/rc-app-main-layout/step-2.tsx(48,48): error TS7026: JSX element implicitly has type 'any' because no interface 'JSX.IntrinsicElements' exists.
docs/examples/rc-app-main-layout/step-2.tsx(53,17): error TS17004: Cannot use JSX unless the '--jsx' flag is provided.
docs/examples/rc-app-main-layout/step-2.tsx(55,9): error TS7026: JSX element implicitly has type 'any' because no interface 'JSX.IntrinsicElements' exists.
docs/examples/rc-auto-sizer/step-1.tsx(1,21): error TS2307: Cannot find module '@crab-dev/css' or its corresponding type declarations.
docs/examples/rc-auto-sizer/step-1.tsx(2,19): error TS2307: Cannot find module '@crab-dev/rc-token-semantic' or its corresponding type declarations.
docs/examples/rc-auto-sizer/step-1.tsx(3,23): error TS2307: Cannot find module '@crab-dev/rc-auto-sizer' or its corresponding type declarations.
docs/examples/rc-auto-sizer/step-1.tsx(10,9): error TS7026: JSX element implicitly has type 'any' because no interface 'JSX.IntrinsicElements' exists.
docs/examples/rc-auto-sizer/step-1.tsx(10,9): error TS17004: Cannot use JSX unless the '--jsx' flag is provided.
docs/examples/rc-auto-sizer/step-1.tsx(11,13): error TS17004: Cannot use JSX unless the '--jsx' flag is provided.
docs/examples/rc-auto-sizer/step-1.tsx(12,21): error TS7031: Binding element 'width' implicitly has an 'any' type.
docs/examples/rc-auto-sizer/step-1.tsx(12,28): error TS7031: Binding element 'height' implicitly has an 'any' type.
docs/examples/rc-auto-sizer/step-1.tsx(13,21): error TS7026: JSX element implicitly has type 'any' because no interface 'JSX.IntrinsicElements' exists.
docs/examples/rc-auto-sizer/step-1.tsx(13,21): error TS17004: Cannot use JSX unless the '--jsx' flag is provided.
docs/examples/rc-auto-sizer/step-1.tsx(15,21): error TS7026: JSX element implicitly has type 'any' because no interface 'JSX.IntrinsicElements' exists.
docs/examples/rc-auto-sizer/step-1.tsx(18,9): error TS7026: JSX element implicitly has type 'any' because no interface 'JSX.IntrinsicElements' exists.
docs/examples/rc-auto-sizer/step-2.tsx(1,26): error TS2307: Cannot find module 'react' or its corresponding type declarations.
docs/examples/rc-auto-sizer/step-2.tsx(2,21): error TS2307: Cannot find module '@crab-dev/css' or its corresponding type declarations.
docs/examples/rc-auto-sizer/step-2.tsx(3,19): error TS2307: Cannot find module '@crab-dev/rc-token-semantic' or its corresponding type declarations.
docs/examples/rc-auto-sizer/step-2.tsx(4,23): error TS2307: Cannot find module '@crab-dev/rc-auto-sizer' or its corresponding type declarations.
docs/examples/rc-auto-sizer/step-2.tsx(5,20): error TS2307: Cannot find module '@crab-dev/rc-button' or its corresponding type declarations.
docs/examples/rc-auto-sizer/step-2.tsx(22,9): error TS7026: JSX element implicitly has type 'any' because no interface 'JSX.IntrinsicElements' exists.
docs/examples/rc-auto-sizer/step-2.tsx(22,9): error TS17004: Cannot use JSX unless the '--jsx' flag is provided.
docs/examples/rc-auto-sizer/step-2.tsx(23,13): error TS17004: Cannot use JSX unless the '--jsx' flag is provided.
docs/examples/rc-auto-sizer/step-2.tsx(23,47): error TS7006: Parameter 'value' implicitly has an 'any' type.
docs/examples/rc-auto-sizer/step-2.tsx(24,13): error TS7026: JSX element implicitly has type 'any' because no interface 'JSX.IntrinsicElements' exists.
docs/examples/rc-auto-sizer/step-2.tsx(24,13): error TS17004: Cannot use JSX unless the '--jsx' flag is provided.
docs/examples/rc-auto-sizer/step-2.tsx(25,17): error TS17004: Cannot use JSX unless the '--jsx' flag is provided.
docs/examples/rc-auto-sizer/step-2.tsx(26,25): error TS7031: Binding element 'width' implicitly has an 'any' type.
docs/examples/rc-auto-sizer/step-2.tsx(26,32): error TS7031: Binding element 'height' implicitly has an 'any' type.
docs/examples/rc-auto-sizer/step-2.tsx(27,25): error TS7026: JSX element implicitly has type 'any' because no interface 'JSX.IntrinsicElements' exists.
docs/examples/rc-auto-sizer/step-2.tsx(27,25): error TS17004: Cannot use JSX unless the '--jsx' flag is provided.
docs/examples/rc-auto-sizer/step-2.tsx(29,25): error TS7026: JSX element implicitly has type 'any' because no interface 'JSX.IntrinsicElements' exists.
docs/examples/rc-auto-sizer/step-2.tsx(32,13): error TS7026: JSX element implicitly has type 'any' because no interface 'JSX.IntrinsicElements' exists.
docs/examples/rc-auto-sizer/step-2.tsx(33,9): error TS7026: JSX element implicitly has type 'any' because no interface 'JSX.IntrinsicElements' exists.
docs/examples/rc-avatar/step-1.tsx(1,21): error TS2307: Cannot find module '@crab-dev/css' or its corresponding type declarations.
docs/examples/rc-avatar/step-1.tsx(2,19): error TS2307: Cannot find module '@crab-dev/rc-token-semantic' or its corresponding type declarations.
docs/examples/rc-avatar/step-1.tsx(3,20): error TS2307: Cannot find module '@crab-dev/rc-avatar' or its corresponding type declarations.
docs/examples/rc-avatar/step-1.tsx(11,9): error TS7026: JSX element implicitly has type 'any' because no interface 'JSX.IntrinsicElements' exists.
docs/examples/rc-avatar/step-1.tsx(11,9): error TS17004: Cannot use JSX unless the '--jsx' flag is provided.
docs/examples/rc-avatar/step-1.tsx(12,13): error TS17004: Cannot use JSX unless the '--jsx' flag is provided.
docs/examples/rc-avatar/step-1.tsx(13,13): error TS7026: JSX element implicitly has type 'any' because no interface 'JSX.IntrinsicElements' exists.
docs/examples/rc-avatar/step-1.tsx(13,13): error TS17004: Cannot use JSX unless the '--jsx' flag is provided.
docs/examples/rc-avatar/step-1.tsx(13,25): error TS7026: JSX element implicitly has type 'any' because no interface 'JSX.IntrinsicElements' exists.
docs/examples/rc-avatar/step-1.tsx(14,9): error TS7026: JSX element implicitly has type 'any' because no interface 'JSX.IntrinsicElements' exists.
docs/examples/rc-avatar/step-2.tsx(1,26): error TS2307: Cannot find module 'react' or its corresponding type declarations.
docs/examples/rc-avatar/step-2.tsx(2,21): error TS2307: Cannot find module '@crab-dev/css' or its corresponding type declarations.
docs/examples/rc-avatar/step-2.tsx(3,19): error TS2307: Cannot find module '@crab-dev/rc-token-semantic' or its corresponding type declarations.
docs/examples/rc-avatar/step-2.tsx(4,20): error TS2307: Cannot find module '@crab-dev/rc-avatar' or its corresponding type declarations.
docs/examples/rc-avatar/step-2.tsx(5,20): error TS2307: Cannot find module '@crab-dev/rc-button' or its corresponding type declarations.
docs/examples/rc-avatar/step-2.tsx(15,9): error TS7026: JSX element implicitly has type 'any' because no interface 'JSX.IntrinsicElements' exists.
docs/examples/rc-avatar/step-2.tsx(15,9): error TS17004: Cannot use JSX unless the '--jsx' flag is provided.
docs/examples/rc-avatar/step-2.tsx(16,13): error TS17004: Cannot use JSX unless the '--jsx' flag is provided.
docs/examples/rc-avatar/step-2.tsx(19,13): error TS17004: Cannot use JSX unless the '--jsx' flag is provided.
docs/examples/rc-avatar/step-2.tsx(19,47): error TS7006: Parameter 'value' implicitly has an 'any' type.
docs/examples/rc-avatar/step-2.tsx(20,9): error TS7026: JSX element implicitly has type 'any' because no interface 'JSX.IntrinsicElements' exists.
docs/examples/rc-badge/step-1.tsx(1,19): error TS2307: Cannot find module '@crab-dev/rc-badge' or its corresponding type declarations.
docs/examples/rc-badge/step-1.tsx(5,9): error TS17004: Cannot use JSX unless the '--jsx' flag is provided.
docs/examples/rc-badge/step-1.tsx(6,13): error TS7026: JSX element implicitly has type 'any' because no interface 'JSX.IntrinsicElements' exists.
docs/examples/rc-badge/step-1.tsx(6,13): error TS17004: Cannot use JSX unless the '--jsx' flag is provided.
docs/examples/rc-badge/step-1.tsx(6,23): error TS7026: JSX element implicitly has type 'any' because no interface 'JSX.IntrinsicElements' exists.
docs/examples/rc-badge/step-2.tsx(1,26): error TS2307: Cannot find module 'react' or its corresponding type declarations.
docs/examples/rc-badge/step-2.tsx(2,21): error TS2307: Cannot find module '@crab-dev/css' or its corresponding type declarations.
docs/examples/rc-badge/step-2.tsx(3,19): error TS2307: Cannot find module '@crab-dev/rc-token-semantic' or its corresponding type declarations.
docs/examples/rc-badge/step-2.tsx(4,19): error TS2307: Cannot find module '@crab-dev/rc-badge' or its corresponding type declarations.
docs/examples/rc-badge/step-2.tsx(5,20): error TS2307: Cannot find module '@crab-dev/rc-button' or its corresponding type declarations.
docs/examples/rc-badge/step-2.tsx(15,9): error TS7026: JSX element implicitly has type 'any' because no interface 'JSX.IntrinsicElements' exists.
docs/examples/rc-badge/step-2.tsx(15,9): error TS17004: Cannot use JSX unless the '--jsx' flag is provided.
docs/examples/rc-badge/step-2.tsx(16,13): error TS17004: Cannot use JSX unless the '--jsx' flag is provided.
docs/examples/rc-badge/step-2.tsx(17,17): error TS7026: JSX element implicitly has type 'any' because no interface 'JSX.IntrinsicElements' exists.
docs/examples/rc-badge/step-2.tsx(17,17): error TS17004: Cannot use JSX unless the '--jsx' flag is provided.
docs/examples/rc-badge/step-2.tsx(17,27): error TS7026: JSX element implicitly has type 'any' because no interface 'JSX.IntrinsicElements' exists.
docs/examples/rc-badge/step-2.tsx(19,13): error TS17004: Cannot use JSX unless the '--jsx' flag is provided.
docs/examples/rc-badge/step-2.tsx(21,42): error TS7006: Parameter 'value' implicitly has an 'any' type.
docs/examples/rc-badge/step-2.tsx(25,13): error TS7026: JSX element implicitly has type 'any' because no interface 'JSX.IntrinsicElements' exists.
docs/examples/rc-badge/step-2.tsx(25,13): error TS17004: Cannot use JSX unless the '--jsx' flag is provided.
docs/examples/rc-badge/step-2.tsx(25,54): error TS7026: JSX element implicitly has type 'any' because no interface 'JSX.IntrinsicElements' exists.
docs/examples/rc-badge/step-2.tsx(26,9): error TS7026: JSX element implicitly has type 'any' because no interface 'JSX.IntrinsicElements' exists.
docs/examples/rc-bar-chart/step-1.tsx(1,21): error TS2307: Cannot find module '@crab-dev/css' or its corresponding type declarations.
docs/examples/rc-bar-chart/step-1.tsx(2,19): error TS2307: Cannot find module '@crab-dev/rc-token-semantic' or its corresponding type declarations.
docs/examples/rc-bar-chart/step-1.tsx(3,22): error TS2307: Cannot find module '@crab-dev/rc-bar-chart' or its corresponding type declarations.
docs/examples/rc-bar-chart/step-1.tsx(11,9): error TS7026: JSX element implicitly has type 'any' because no interface 'JSX.IntrinsicElements' exists.
docs/examples/rc-bar-chart/step-1.tsx(11,9): error TS17004: Cannot use JSX unless the '--jsx' flag is provided.
docs/examples/rc-bar-chart/step-1.tsx(12,13): error TS17004: Cannot use JSX unless the '--jsx' flag is provided.
docs/examples/rc-bar-chart/step-1.tsx(24,13): error TS7026: JSX element implicitly has type 'any' because no interface 'JSX.IntrinsicElements' exists.
docs/examples/rc-bar-chart/step-1.tsx(24,13): error TS17004: Cannot use JSX unless the '--jsx' flag is provided.
docs/examples/rc-bar-chart/step-1.tsx(24,38): error TS7026: JSX element implicitly has type 'any' because no interface 'JSX.IntrinsicElements' exists.
docs/examples/rc-bar-chart/step-1.tsx(25,9): error TS7026: JSX element implicitly has type 'any' because no interface 'JSX.IntrinsicElements' exists.
docs/examples/rc-bar-chart/step-2.tsx(1,26): error TS2307: Cannot find module 'react' or its corresponding type declarations.
docs/examples/rc-bar-chart/step-2.tsx(2,21): error TS2307: Cannot find module '@crab-dev/css' or its corresponding type declarations.
docs/examples/rc-bar-chart/step-2.tsx(3,19): error TS2307: Cannot find module '@crab-dev/rc-token-semantic' or its corresponding type declarations.
docs/examples/rc-bar-chart/step-2.tsx(4,22): error TS2307: Cannot find module '@crab-dev/rc-bar-chart' or its corresponding type declarations.
docs/examples/rc-bar-chart/step-2.tsx(5,20): error TS2307: Cannot find module '@crab-dev/rc-button' or its corresponding type declarations.
docs/examples/rc-bar-chart/step-2.tsx(15,9): error TS7026: JSX element implicitly has type 'any' because no interface 'JSX.IntrinsicElements' exists.
docs/examples/rc-bar-chart/step-2.tsx(15,9): error TS17004: Cannot use JSX unless the '--jsx' flag is provided.
docs/examples/rc-bar-chart/step-2.tsx(16,13): error TS17004: Cannot use JSX unless the '--jsx' flag is provided.
docs/examples/rc-bar-chart/step-2.tsx(16,48): error TS7006: Parameter 'value' implicitly has an 'any' type.
docs/examples/rc-bar-chart/step-2.tsx(19,13): error TS17004: Cannot use JSX unless the '--jsx' flag is provided.
docs/examples/rc-bar-chart/step-2.tsx(36,13): error TS7026: JSX element implicitly has type 'any' because no interface 'JSX.IntrinsicElements' exists.
docs/examples/rc-bar-chart/step-2.tsx(36,13): error TS17004: Cannot use JSX unless the '--jsx' flag is provided.
docs/examples/rc-bar-chart/step-2.tsx(36,44): error TS7026: JSX element implicitly has type 'any' because no interface 'JSX.IntrinsicElements' exists.
docs/examples/rc-bar-chart/step-2.tsx(37,9): error TS7026: JSX element implicitly has type 'any' because no interface 'JSX.IntrinsicElements' exists.
docs/examples/rc-breadcrumbs/step-1.tsx(1,25): error TS2307: Cannot find module '@crab-dev/rc-breadcrumbs' or its corresponding type declarations.
docs/examples/rc-breadcrumbs/step-1.tsx(5,9): error TS17004: Cannot use JSX unless the '--jsx' flag is provided.
docs/examples/rc-breadcrumbs/step-2.tsx(1,26): error TS2307: Cannot find module 'react' or its corresponding type declarations.
docs/examples/rc-breadcrumbs/step-2.tsx(2,21): error TS2307: Cannot find module '@crab-dev/css' or its corresponding type declarations.
docs/examples/rc-breadcrumbs/step-2.tsx(3,19): error TS2307: Cannot find module '@crab-dev/rc-token-semantic' or its corresponding type declarations.
docs/examples/rc-breadcrumbs/step-2.tsx(4,25): error TS2307: Cannot find module '@crab-dev/rc-breadcrumbs' or its corresponding type declarations.
docs/examples/rc-breadcrumbs/step-2.tsx(13,9): error TS7026: JSX element implicitly has type 'any' because no interface 'JSX.IntrinsicElements' exists.
docs/examples/rc-breadcrumbs/step-2.tsx(13,9): error TS17004: Cannot use JSX unless the '--jsx' flag is provided.
docs/examples/rc-breadcrumbs/step-2.tsx(14,13): error TS17004: Cannot use JSX unless the '--jsx' flag is provided.
docs/examples/rc-breadcrumbs/step-2.tsx(32,13): error TS7026: JSX element implicitly has type 'any' because no interface 'JSX.IntrinsicElements' exists.
docs/examples/rc-breadcrumbs/step-2.tsx(32,13): error TS17004: Cannot use JSX unless the '--jsx' flag is provided.
docs/examples/rc-breadcrumbs/step-2.tsx(32,53): error TS7026: JSX element implicitly has type 'any' because no interface 'JSX.IntrinsicElements' exists.
docs/examples/rc-breadcrumbs/step-2.tsx(33,9): error TS7026: JSX element implicitly has type 'any' because no interface 'JSX.IntrinsicElements' exists.
docs/examples/rc-button/step-1.tsx(1,20): error TS2307: Cannot find module '@crab-dev/rc-button' or its corresponding type declarations.
docs/examples/rc-button/step-1.tsx(5,12): error TS17004: Cannot use JSX unless the '--jsx' flag is provided.
docs/examples/rc-button/step-2.tsx(1,26): error TS2307: Cannot find module 'react' or its corresponding type declarations.
docs/examples/rc-button/step-2.tsx(2,20): error TS2307: Cannot find module '@crab-dev/rc-button' or its corresponding type declarations.
docs/examples/rc-button/step-2.tsx(9,9): error TS17004: Cannot use JSX unless the '--jsx' flag is provided.
docs/examples/rc-button/step-2.tsx(10,13): error TS17004: Cannot use JSX unless the '--jsx' flag is provided.
docs/examples/rc-button/step-2.tsx(12,42): error TS7006: Parameter 'value' implicitly has an 'any' type.
docs/examples/rc-button/step-2.tsx(16,13): error TS7026: JSX element implicitly has type 'any' because no interface 'JSX.IntrinsicElements' exists.
docs/examples/rc-button/step-2.tsx(16,13): error TS17004: Cannot use JSX unless the '--jsx' flag is provided.
docs/examples/rc-button/step-2.tsx(17,17): error TS7026: JSX element implicitly has type 'any' because no interface 'JSX.IntrinsicElements' exists.
docs/examples/rc-button/step-2.tsx(17,17): error TS17004: Cannot use JSX unless the '--jsx' flag is provided.
docs/examples/rc-button/step-2.tsx(17,57): error TS7026: JSX element implicitly has type 'any' because no interface 'JSX.IntrinsicElements' exists.
docs/examples/rc-button/step-2.tsx(18,13): error TS7026: JSX element implicitly has type 'any' because no interface 'JSX.IntrinsicElements' exists.
docs/examples/rc-button/step-2.tsx(19,13): error TS17004: Cannot use JSX unless the '--jsx' flag is provided.
docs/examples/rc-button/step-2.tsx(19,48): error TS7006: Parameter 'value' implicitly has an 'any' type.
docs/examples/rc-canvas/step-1.tsx(1,21): error TS2307: Cannot find module '@crab-dev/css' or its corresponding type declarations.
docs/examples/rc-canvas/step-1.tsx(2,19): error TS2307: Cannot find module '@crab-dev/rc-token-semantic' or its corresponding type declarations.
docs/examples/rc-canvas/step-1.tsx(3,38): error TS2307: Cannot find module '@crab-dev/rc-canvas' or its corresponding type declarations.
docs/examples/rc-canvas/step-1.tsx(10,9): error TS7026: JSX element implicitly has type 'any' because no interface 'JSX.IntrinsicElements' exists.
docs/examples/rc-canvas/step-1.tsx(10,9): error TS17004: Cannot use JSX unless the '--jsx' flag is provided.
docs/examples/rc-canvas/step-1.tsx(11,13): error TS17004: Cannot use JSX unless the '--jsx' flag is provided.
docs/examples/rc-canvas/step-1.tsx(12,17): error TS17004: Cannot use JSX unless the '--jsx' flag is provided.
docs/examples/rc-canvas/step-1.tsx(19,17): error TS17004: Cannot use JSX unless the '--jsx' flag is provided.
docs/examples/rc-canvas/step-1.tsx(21,13): error TS7026: JSX element implicitly has type 'any' because no interface 'JSX.IntrinsicElements' exists.
docs/examples/rc-canvas/step-1.tsx(21,13): error TS17004: Cannot use JSX unless the '--jsx' flag is provided.
docs/examples/rc-canvas/step-1.tsx(21,26): error TS7026: JSX element implicitly has type 'any' because no interface 'JSX.IntrinsicElements' exists.
docs/examples/rc-canvas/step-1.tsx(22,9): error TS7026: JSX element implicitly has type 'any' because no interface 'JSX.IntrinsicElements' exists.
docs/examples/rc-canvas/step-2.tsx(1,26): error TS2307: Cannot find module 'react' or its corresponding type declarations.
docs/examples/rc-canvas/step-2.tsx(2,21): error TS2307: Cannot find module '@crab-dev/css' or its corresponding type declarations.
docs/examples/rc-canvas/step-2.tsx(3,19): error TS2307: Cannot find module '@crab-dev/rc-token-semantic' or its corresponding type declarations.
docs/examples/rc-canvas/step-2.tsx(4,30): error TS2307: Cannot find module '@crab-dev/rc-canvas' or its corresponding type declarations.
docs/examples/rc-canvas/step-2.tsx(5,20): error TS2307: Cannot find module '@crab-dev/rc-button' or its corresponding type declarations.
docs/examples/rc-canvas/step-2.tsx(14,9): error TS7026: JSX element implicitly has type 'any' because no interface 'JSX.IntrinsicElements' exists.
docs/examples/rc-canvas/step-2.tsx(14,9): error TS17004: Cannot use JSX unless the '--jsx' flag is provided.
docs/examples/rc-canvas/step-2.tsx(15,13): error TS17004: Cannot use JSX unless the '--jsx' flag is provided.
docs/examples/rc-canvas/step-2.tsx(15,46): error TS7006: Parameter 'value' implicitly has an 'any' type.
docs/examples/rc-canvas/step-2.tsx(16,13): error TS17004: Cannot use JSX unless the '--jsx' flag is provided.
docs/examples/rc-canvas/step-2.tsx(17,17): error TS17004: Cannot use JSX unless the '--jsx' flag is provided.
docs/examples/rc-canvas/step-2.tsx(25,13): error TS7026: JSX element implicitly has type 'any' because no interface 'JSX.IntrinsicElements' exists.
docs/examples/rc-canvas/step-2.tsx(25,13): error TS17004: Cannot use JSX unless the '--jsx' flag is provided.
docs/examples/rc-canvas/step-2.tsx(25,45): error TS7026: JSX element implicitly has type 'any' because no interface 'JSX.IntrinsicElements' exists.
docs/examples/rc-canvas/step-2.tsx(26,9): error TS7026: JSX element implicitly has type 'any' because no interface 'JSX.IntrinsicElements' exists.
docs/examples/rc-card/step-1.tsx(1,18): error TS2307: Cannot find module '@crab-dev/rc-card' or its corresponding type declarations.
docs/examples/rc-card/step-1.tsx(4,12): error TS17004: Cannot use JSX unless the '--jsx' flag is provided.
docs/examples/rc-card/step-2.tsx(1,26): error TS2307: Cannot find module 'react' or its corresponding type declarations.
docs/examples/rc-card/step-2.tsx(2,18): error TS2307: Cannot find module '@crab-dev/rc-card' or its corresponding type declarations.
docs/examples/rc-card/step-2.tsx(3,20): error TS2307: Cannot find module '@crab-dev/rc-button' or its corresponding type declarations.
docs/examples/rc-card/step-2.tsx(9,9): error TS17004: Cannot use JSX unless the '--jsx' flag is provided.
docs/examples/rc-card/step-2.tsx(12,17): error TS17004: Cannot use JSX unless the '--jsx' flag is provided.
docs/examples/rc-card/step-2.tsx(12,50): error TS7006: Parameter 'value' implicitly has an 'any' type.
docs/examples/rc-card/step-2.tsx(18,13): error TS7026: JSX element implicitly has type 'any' because no interface 'JSX.IntrinsicElements' exists.
docs/examples/rc-card/step-2.tsx(18,13): error TS17004: Cannot use JSX unless the '--jsx' flag is provided.
docs/examples/rc-card/step-2.tsx(18,59): error TS7026: JSX element implicitly has type 'any' because no interface 'JSX.IntrinsicElements' exists.
docs/examples/rc-checkbox/step-1.tsx(1,22): error TS2307: Cannot find module '@crab-dev/rc-checkbox' or its corresponding type declarations.
docs/examples/rc-checkbox/step-1.tsx(4,12): error TS17004: Cannot use JSX unless the '--jsx' flag is provided.
docs/examples/rc-checkbox/step-2.tsx(1,26): error TS2307: Cannot find module 'react' or its corresponding type declarations.
docs/examples/rc-checkbox/step-2.tsx(2,21): error TS2307: Cannot find module '@crab-dev/css' or its corresponding type declarations.
docs/examples/rc-checkbox/step-2.tsx(3,19): error TS2307: Cannot find module '@crab-dev/rc-token-semantic' or its corresponding type declarations.
docs/examples/rc-checkbox/step-2.tsx(4,22): error TS2307: Cannot find module '@crab-dev/rc-checkbox' or its corresponding type declarations.
docs/examples/rc-checkbox/step-2.tsx(13,9): error TS7026: JSX element implicitly has type 'any' because no interface 'JSX.IntrinsicElements' exists.
docs/examples/rc-checkbox/step-2.tsx(13,9): error TS17004: Cannot use JSX unless the '--jsx' flag is provided.
docs/examples/rc-checkbox/step-2.tsx(14,13): error TS17004: Cannot use JSX unless the '--jsx' flag is provided.
docs/examples/rc-checkbox/step-2.tsx(17,13): error TS7026: JSX element implicitly has type 'any' because no interface 'JSX.IntrinsicElements' exists.
docs/examples/rc-checkbox/step-2.tsx(17,13): error TS17004: Cannot use JSX unless the '--jsx' flag is provided.
docs/examples/rc-checkbox/step-2.tsx(17,67): error TS7026: JSX element implicitly has type 'any' because no interface 'JSX.IntrinsicElements' exists.
docs/examples/rc-checkbox/step-2.tsx(18,9): error TS7026: JSX element implicitly has type 'any' because no interface 'JSX.IntrinsicElements' exists.
docs/examples/rc-color-picker/step-1.tsx(1,25): error TS2307: Cannot find module '@crab-dev/rc-color-picker' or its corresponding type declarations.
docs/examples/rc-color-picker/step-1.tsx(5,9): error TS17004: Cannot use JSX unless the '--jsx' flag is provided.
docs/examples/rc-color-picker/step-2.tsx(1,26): error TS2307: Cannot find module 'react' or its corresponding type declarations.
docs/examples/rc-color-picker/step-2.tsx(2,21): error TS2307: Cannot find module '@crab-dev/css' or its corresponding type declarations.
docs/examples/rc-color-picker/step-2.tsx(3,19): error TS2307: Cannot find module '@crab-dev/rc-token-semantic' or its corresponding type declarations.
docs/examples/rc-color-picker/step-2.tsx(4,46): error TS2307: Cannot find module '@crab-dev/rc-color-picker' or its corresponding type declarations.
docs/examples/rc-color-picker/step-2.tsx(5,20): error TS2307: Cannot find module '@crab-dev/rc-button' or its corresponding type declarations.
docs/examples/rc-color-picker/step-2.tsx(19,9): error TS7026: JSX element implicitly has type 'any' because no interface 'JSX.IntrinsicElements' exists.
docs/examples/rc-color-picker/step-2.tsx(19,9): error TS17004: Cannot use JSX unless the '--jsx' flag is provided.
docs/examples/rc-color-picker/step-2.tsx(20,13): error TS17004: Cannot use JSX unless the '--jsx' flag is provided.
docs/examples/rc-color-picker/step-2.tsx(21,13): error TS7026: JSX element implicitly has type 'any' because no interface 'JSX.IntrinsicElements' exists.
docs/examples/rc-color-picker/step-2.tsx(21,13): error TS17004: Cannot use JSX unless the '--jsx' flag is provided.
docs/examples/rc-color-picker/step-2.tsx(24,13): error TS7026: JSX element implicitly has type 'any' because no interface 'JSX.IntrinsicElements' exists.
docs/examples/rc-color-picker/step-2.tsx(25,13): error TS17004: Cannot use JSX unless the '--jsx' flag is provided.
docs/examples/rc-color-picker/step-2.tsx(36,9): error TS7026: JSX element implicitly has type 'any' because no interface 'JSX.IntrinsicElements' exists.
docs/examples/rc-component-preview/step-1.tsx(1,21): error TS2307: Cannot find module '@crab-dev/rc-component-preview' or its corresponding type declarations.
docs/examples/rc-component-preview/step-1.tsx(6,9): error TS17004: Cannot use JSX unless the '--jsx' flag is provided.
docs/examples/rc-component-preview/step-1.tsx(7,13): error TS7026: JSX element implicitly has type 'any' because no interface 'JSX.IntrinsicElements' exists.
docs/examples/rc-component-preview/step-1.tsx(7,13): error TS17004: Cannot use JSX unless the '--jsx' flag is provided.
docs/examples/rc-component-preview/step-1.tsx(7,28): error TS7026: JSX element implicitly has type 'any' because no interface 'JSX.IntrinsicElements' exists.
docs/examples/rc-component-preview/step-2.tsx(1,26): error TS2307: Cannot find module 'react' or its corresponding type declarations.
docs/examples/rc-component-preview/step-2.tsx(2,21): error TS2307: Cannot find module '@crab-dev/rc-component-preview' or its corresponding type declarations.
docs/examples/rc-component-preview/step-2.tsx(3,20): error TS2307: Cannot find module '@crab-dev/rc-button' or its corresponding type declarations.
docs/examples/rc-component-preview/step-2.tsx(11,9): error TS17004: Cannot use JSX unless the '--jsx' flag is provided.
docs/examples/rc-component-preview/step-2.tsx(17,13): error TS17004: Cannot use JSX unless the '--jsx' flag is provided.
docs/examples/rc-component-preview/step-2.tsx(17,46): error TS7006: Parameter 'value' implicitly has an 'any' type.
docs/examples/rc-cron-picker/step-1.tsx(1,24): error TS2307: Cannot find module '@crab-dev/rc-cron-picker' or its corresponding type declarations.
docs/examples/rc-cron-picker/step-1.tsx(4,12): error TS17004: Cannot use JSX unless the '--jsx' flag is provided.
docs/examples/rc-cron-picker/step-2.tsx(1,26): error TS2307: Cannot find module 'react' or its corresponding type declarations.
docs/examples/rc-cron-picker/step-2.tsx(2,21): error TS2307: Cannot find module '@crab-dev/css' or its corresponding type declarations.
docs/examples/rc-cron-picker/step-2.tsx(3,19): error TS2307: Cannot find module '@crab-dev/rc-token-semantic' or its corresponding type declarations.
docs/examples/rc-cron-picker/step-2.tsx(4,24): error TS2307: Cannot find module '@crab-dev/rc-cron-picker' or its corresponding type declarations.
docs/examples/rc-cron-picker/step-2.tsx(5,20): error TS2307: Cannot find module '@crab-dev/rc-button' or its corresponding type declarations.
docs/examples/rc-cron-picker/step-2.tsx(15,9): error TS7026: JSX element implicitly has type 'any' because no interface 'JSX.IntrinsicElements' exists.
docs/examples/rc-cron-picker/step-2.tsx(15,9): error TS17004: Cannot use JSX unless the '--jsx' flag is provided.
docs/examples/rc-cron-picker/step-2.tsx(16,13): error TS17004: Cannot use JSX unless the '--jsx' flag is provided.
docs/examples/rc-cron-picker/step-2.tsx(22,13): error TS7026: JSX element implicitly has type 'any' because no interface 'JSX.IntrinsicElements' exists.
docs/examples/rc-cron-picker/step-2.tsx(22,13): error TS17004: Cannot use JSX unless the '--jsx' flag is provided.
docs/examples/rc-cron-picker/step-2.tsx(22,34): error TS7026: JSX element implicitly has type 'any' because no interface 'JSX.IntrinsicElements' exists.
docs/examples/rc-cron-picker/step-2.tsx(23,13): error TS17004: Cannot use JSX unless the '--jsx' flag is provided.
docs/examples/rc-cron-picker/step-2.tsx(24,9): error TS7026: JSX element implicitly has type 'any' because no interface 'JSX.IntrinsicElements' exists.
docs/examples/rc-date-picker/step-1.tsx(1,33): error TS2307: Cannot find module 'react' or its corresponding type declarations.
docs/examples/rc-date-picker/step-1.tsx(2,21): error TS2307: Cannot find module '@crab-dev/css' or its corresponding type declarations.
docs/examples/rc-date-picker/step-1.tsx(3,19): error TS2307: Cannot find module '@crab-dev/rc-token-semantic' or its corresponding type declarations.
docs/examples/rc-date-picker/step-1.tsx(4,28): error TS2307: Cannot find module '@crab-dev/rc-date-picker' or its corresponding type declarations.
docs/examples/rc-date-picker/step-1.tsx(13,40): error TS2503: Cannot find namespace 'Temporal'.
docs/examples/rc-date-picker/step-1.tsx(15,9): error TS7026: JSX element implicitly has type 'any' because no interface 'JSX.IntrinsicElements' exists.
docs/examples/rc-date-picker/step-1.tsx(15,9): error TS17004: Cannot use JSX unless the '--jsx' flag is provided.
docs/examples/rc-date-picker/step-1.tsx(16,13): error TS7026: JSX element implicitly has type 'any' because no interface 'JSX.IntrinsicElements' exists.
docs/examples/rc-date-picker/step-1.tsx(16,13): error TS17004: Cannot use JSX unless the '--jsx' flag is provided.
docs/examples/rc-date-picker/step-1.tsx(16,37): error TS7026: JSX element implicitly has type 'any' because no interface 'JSX.IntrinsicElements' exists.
docs/examples/rc-date-picker/step-1.tsx(17,13): error TS17004: Cannot use JSX unless the '--jsx' flag is provided.
docs/examples/rc-date-picker/step-1.tsx(18,9): error TS7026: JSX element implicitly has type 'any' because no interface 'JSX.IntrinsicElements' exists.
docs/examples/rc-date-picker/step-2.tsx(1,33): error TS2307: Cannot find module 'react' or its corresponding type declarations.
docs/examples/rc-date-picker/step-2.tsx(2,21): error TS2307: Cannot find module '@crab-dev/css' or its corresponding type declarations.
docs/examples/rc-date-picker/step-2.tsx(3,19): error TS2307: Cannot find module '@crab-dev/rc-token-semantic' or its corresponding type declarations.
docs/examples/rc-date-picker/step-2.tsx(4,28): error TS2307: Cannot find module '@crab-dev/rc-date-picker' or its corresponding type declarations.
docs/examples/rc-date-picker/step-2.tsx(5,20): error TS2307: Cannot find module '@crab-dev/rc-button' or its corresponding type declarations.
docs/examples/rc-date-picker/step-2.tsx(15,40): error TS2503: Cannot find namespace 'Temporal'.
docs/examples/rc-date-picker/step-2.tsx(17,9): error TS7026: JSX element implicitly has type 'any' because no interface 'JSX.IntrinsicElements' exists.
docs/examples/rc-date-picker/step-2.tsx(17,9): error TS17004: Cannot use JSX unless the '--jsx' flag is provided.
docs/examples/rc-date-picker/step-2.tsx(18,13): error TS7026: JSX element implicitly has type 'any' because no interface 'JSX.IntrinsicElements' exists.
docs/examples/rc-date-picker/step-2.tsx(18,13): error TS17004: Cannot use JSX unless the '--jsx' flag is provided.
docs/examples/rc-date-picker/step-2.tsx(18,37): error TS7026: JSX element implicitly has type 'any' because no interface 'JSX.IntrinsicElements' exists.
docs/examples/rc-date-picker/step-2.tsx(19,13): error TS17004: Cannot use JSX unless the '--jsx' flag is provided.
docs/examples/rc-date-picker/step-2.tsx(20,13): error TS7026: JSX element implicitly has type 'any' because no interface 'JSX.IntrinsicElements' exists.
docs/examples/rc-date-picker/step-2.tsx(20,13): error TS17004: Cannot use JSX unless the '--jsx' flag is provided.
docs/examples/rc-date-picker/step-2.tsx(20,68): error TS7026: JSX element implicitly has type 'any' because no interface 'JSX.IntrinsicElements' exists.
docs/examples/rc-date-picker/step-2.tsx(21,13): error TS17004: Cannot use JSX unless the '--jsx' flag is provided.
docs/examples/rc-date-picker/step-2.tsx(22,9): error TS7026: JSX element implicitly has type 'any' because no interface 'JSX.IntrinsicElements' exists.
docs/examples/rc-dialog/step-1.tsx(1,26): error TS2307: Cannot find module 'react' or its corresponding type declarations.
docs/examples/rc-dialog/step-1.tsx(2,21): error TS2307: Cannot find module '@crab-dev/css' or its corresponding type declarations.
docs/examples/rc-dialog/step-1.tsx(3,19): error TS2307: Cannot find module '@crab-dev/rc-token-semantic' or its corresponding type declarations.
docs/examples/rc-dialog/step-1.tsx(4,20): error TS2307: Cannot find module '@crab-dev/rc-dialog' or its corresponding type declarations.
docs/examples/rc-dialog/step-1.tsx(5,20): error TS2307: Cannot find module '@crab-dev/rc-button' or its corresponding type declarations.
docs/examples/rc-dialog/step-1.tsx(15,9): error TS7026: JSX element implicitly has type 'any' because no interface 'JSX.IntrinsicElements' exists.
docs/examples/rc-dialog/step-1.tsx(15,9): error TS17004: Cannot use JSX unless the '--jsx' flag is provided.
docs/examples/rc-dialog/step-1.tsx(16,13): error TS17004: Cannot use JSX unless the '--jsx' flag is provided.
docs/examples/rc-dialog/step-1.tsx(17,13): error TS17004: Cannot use JSX unless the '--jsx' flag is provided.
docs/examples/rc-dialog/step-1.tsx(20,9): error TS7026: JSX element implicitly has type 'any' because no interface 'JSX.IntrinsicElements' exists.
docs/examples/rc-dialog/step-2.tsx(1,26): error TS2307: Cannot find module 'react' or its corresponding type declarations.
docs/examples/rc-dialog/step-2.tsx(2,21): error TS2307: Cannot find module '@crab-dev/css' or its corresponding type declarations.
docs/examples/rc-dialog/step-2.tsx(3,19): error TS2307: Cannot find module '@crab-dev/rc-token-semantic' or its corresponding type declarations.
docs/examples/rc-dialog/step-2.tsx(4,20): error TS2307: Cannot find module '@crab-dev/rc-dialog' or its corresponding type declarations.
docs/examples/rc-dialog/step-2.tsx(5,20): error TS2307: Cannot find module '@crab-dev/rc-button' or its corresponding type declarations.
docs/examples/rc-dialog/step-2.tsx(16,9): error TS7026: JSX element implicitly has type 'any' because no interface 'JSX.IntrinsicElements' exists.
docs/examples/rc-dialog/step-2.tsx(16,9): error TS17004: Cannot use JSX unless the '--jsx' flag is provided.
docs/examples/rc-dialog/step-2.tsx(17,13): error TS17004: Cannot use JSX unless the '--jsx' flag is provided.
docs/examples/rc-dialog/step-2.tsx(18,13): error TS17004: Cannot use JSX unless the '--jsx' flag is provided.
docs/examples/rc-dialog/step-2.tsx(19,17): error TS7026: JSX element implicitly has type 'any' because no interface 'JSX.IntrinsicElements' exists.
docs/examples/rc-dialog/step-2.tsx(19,17): error TS17004: Cannot use JSX unless the '--jsx' flag is provided.
docs/examples/rc-dialog/step-2.tsx(19,29): error TS7026: JSX element implicitly has type 'any' because no interface 'JSX.IntrinsicElements' exists.
docs/examples/rc-dialog/step-2.tsx(20,17): error TS17004: Cannot use JSX unless the '--jsx' flag is provided.
docs/examples/rc-dialog/step-2.tsx(30,13): error TS7026: JSX element implicitly has type 'any' because no interface 'JSX.IntrinsicElements' exists.
docs/examples/rc-dialog/step-2.tsx(30,13): error TS17004: Cannot use JSX unless the '--jsx' flag is provided.
docs/examples/rc-dialog/step-2.tsx(32,13): error TS7026: JSX element implicitly has type 'any' because no interface 'JSX.IntrinsicElements' exists.
docs/examples/rc-dialog/step-2.tsx(33,9): error TS7026: JSX element implicitly has type 'any' because no interface 'JSX.IntrinsicElements' exists.
docs/examples/rc-divider/step-1.tsx(1,21): error TS2307: Cannot find module '@crab-dev/css' or its corresponding type declarations.
docs/examples/rc-divider/step-1.tsx(2,19): error TS2307: Cannot find module '@crab-dev/rc-token-semantic' or its corresponding type declarations.
docs/examples/rc-divider/step-1.tsx(3,21): error TS2307: Cannot find module '@crab-dev/rc-divider' or its corresponding type declarations.
docs/examples/rc-divider/step-1.tsx(11,9): error TS7026: JSX element implicitly has type 'any' because no interface 'JSX.IntrinsicElements' exists.
docs/examples/rc-divider/step-1.tsx(11,9): error TS17004: Cannot use JSX unless the '--jsx' flag is provided.
docs/examples/rc-divider/step-1.tsx(12,13): error TS7026: JSX element implicitly has type 'any' because no interface 'JSX.IntrinsicElements' exists.
docs/examples/rc-divider/step-1.tsx(12,13): error TS17004: Cannot use JSX unless the '--jsx' flag is provided.
docs/examples/rc-divider/step-1.tsx(12,20): error TS7026: JSX element implicitly has type 'any' because no interface 'JSX.IntrinsicElements' exists.
docs/examples/rc-divider/step-1.tsx(13,13): error TS17004: Cannot use JSX unless the '--jsx' flag is provided.
docs/examples/rc-divider/step-1.tsx(14,13): error TS7026: JSX element implicitly has type 'any' because no interface 'JSX.IntrinsicElements' exists.
docs/examples/rc-divider/step-1.tsx(14,13): error TS17004: Cannot use JSX unless the '--jsx' flag is provided.
docs/examples/rc-divider/step-1.tsx(14,20): error TS7026: JSX element implicitly has type 'any' because no interface 'JSX.IntrinsicElements' exists.
docs/examples/rc-divider/step-1.tsx(15,9): error TS7026: JSX element implicitly has type 'any' because no interface 'JSX.IntrinsicElements' exists.
docs/examples/rc-divider/step-2.tsx(1,21): error TS2307: Cannot find module '@crab-dev/css' or its corresponding type declarations.
docs/examples/rc-divider/step-2.tsx(2,19): error TS2307: Cannot find module '@crab-dev/rc-token-semantic' or its corresponding type declarations.
docs/examples/rc-divider/step-2.tsx(3,21): error TS2307: Cannot find module '@crab-dev/rc-divider' or its corresponding type declarations.
docs/examples/rc-divider/step-2.tsx(11,9): error TS7026: JSX element implicitly has type 'any' because no interface 'JSX.IntrinsicElements' exists.
docs/examples/rc-divider/step-2.tsx(11,9): error TS17004: Cannot use JSX unless the '--jsx' flag is provided.
docs/examples/rc-divider/step-2.tsx(12,13): error TS17004: Cannot use JSX unless the '--jsx' flag is provided.
docs/examples/rc-divider/step-2.tsx(13,13): error TS7026: JSX element implicitly has type 'any' because no interface 'JSX.IntrinsicElements' exists.
docs/examples/rc-divider/step-2.tsx(13,13): error TS17004: Cannot use JSX unless the '--jsx' flag is provided.
docs/examples/rc-divider/step-2.tsx(13,28): error TS7026: JSX element implicitly has type 'any' because no interface 'JSX.IntrinsicElements' exists.
docs/examples/rc-divider/step-2.tsx(14,13): error TS17004: Cannot use JSX unless the '--jsx' flag is provided.
docs/examples/rc-divider/step-2.tsx(15,9): error TS7026: JSX element implicitly has type 'any' because no interface 'JSX.IntrinsicElements' exists.
docs/examples/rc-drawer/step-1.tsx(1,26): error TS2307: Cannot find module 'react' or its corresponding type declarations.
docs/examples/rc-drawer/step-1.tsx(2,21): error TS2307: Cannot find module '@crab-dev/css' or its corresponding type declarations.
docs/examples/rc-drawer/step-1.tsx(3,19): error TS2307: Cannot find module '@crab-dev/rc-token-semantic' or its corresponding type declarations.
docs/examples/rc-drawer/step-1.tsx(4,20): error TS2307: Cannot find module '@crab-dev/rc-drawer' or its corresponding type declarations.
docs/examples/rc-drawer/step-1.tsx(5,20): error TS2307: Cannot find module '@crab-dev/rc-button' or its corresponding type declarations.
docs/examples/rc-drawer/step-1.tsx(15,9): error TS7026: JSX element implicitly has type 'any' because no interface 'JSX.IntrinsicElements' exists.
docs/examples/rc-drawer/step-1.tsx(15,9): error TS17004: Cannot use JSX unless the '--jsx' flag is provided.
docs/examples/rc-drawer/step-1.tsx(16,13): error TS17004: Cannot use JSX unless the '--jsx' flag is provided.
docs/examples/rc-drawer/step-1.tsx(17,13): error TS17004: Cannot use JSX unless the '--jsx' flag is provided.
docs/examples/rc-drawer/step-1.tsx(18,17): error TS7026: JSX element implicitly has type 'any' because no interface 'JSX.IntrinsicElements' exists.
docs/examples/rc-drawer/step-1.tsx(18,17): error TS17004: Cannot use JSX unless the '--jsx' flag is provided.
docs/examples/rc-drawer/step-1.tsx(18,27): error TS7026: JSX element implicitly has type 'any' because no interface 'JSX.IntrinsicElements' exists.
docs/examples/rc-drawer/step-1.tsx(20,9): error TS7026: JSX element implicitly has type 'any' because no interface 'JSX.IntrinsicElements' exists.
docs/examples/rc-drawer/step-2.tsx(1,26): error TS2307: Cannot find module 'react' or its corresponding type declarations.
docs/examples/rc-drawer/step-2.tsx(2,21): error TS2307: Cannot find module '@crab-dev/css' or its corresponding type declarations.
docs/examples/rc-drawer/step-2.tsx(3,19): error TS2307: Cannot find module '@crab-dev/rc-token-semantic' or its corresponding type declarations.
docs/examples/rc-drawer/step-2.tsx(4,20): error TS2307: Cannot find module '@crab-dev/rc-drawer' or its corresponding type declarations.
docs/examples/rc-drawer/step-2.tsx(5,20): error TS2307: Cannot find module '@crab-dev/rc-button' or its corresponding type declarations.
docs/examples/rc-drawer/step-2.tsx(16,9): error TS7026: JSX element implicitly has type 'any' because no interface 'JSX.IntrinsicElements' exists.
docs/examples/rc-drawer/step-2.tsx(16,9): error TS17004: Cannot use JSX unless the '--jsx' flag is provided.
docs/examples/rc-drawer/step-2.tsx(17,13): error TS17004: Cannot use JSX unless the '--jsx' flag is provided.
docs/examples/rc-drawer/step-2.tsx(18,13): error TS17004: Cannot use JSX unless the '--jsx' flag is provided.
docs/examples/rc-drawer/step-2.tsx(19,17): error TS7026: JSX element implicitly has type 'any' because no interface 'JSX.IntrinsicElements' exists.
docs/examples/rc-drawer/step-2.tsx(19,17): error TS17004: Cannot use JSX unless the '--jsx' flag is provided.
docs/examples/rc-drawer/step-2.tsx(19,30): error TS7026: JSX element implicitly has type 'any' because no interface 'JSX.IntrinsicElements' exists.
docs/examples/rc-drawer/step-2.tsx(20,17): error TS17004: Cannot use JSX unless the '--jsx' flag is provided.
docs/examples/rc-drawer/step-2.tsx(29,13): error TS7026: JSX element implicitly has type 'any' because no interface 'JSX.IntrinsicElements' exists.
docs/examples/rc-drawer/step-2.tsx(29,13): error TS17004: Cannot use JSX unless the '--jsx' flag is provided.
docs/examples/rc-drawer/step-2.tsx(29,66): error TS7026: JSX element implicitly has type 'any' because no interface 'JSX.IntrinsicElements' exists.
docs/examples/rc-drawer/step-2.tsx(30,9): error TS7026: JSX element implicitly has type 'any' because no interface 'JSX.IntrinsicElements' exists.
docs/examples/rc-dropdown-container/step-1.tsx(1,31): error TS2307: Cannot find module '@crab-dev/rc-dropdown-container' or its corresponding type declarations.
docs/examples/rc-dropdown-container/step-1.tsx(2,20): error TS2307: Cannot find module '@crab-dev/rc-button' or its corresponding type declarations.
docs/examples/rc-dropdown-container/step-1.tsx(7,9): error TS17004: Cannot use JSX unless the '--jsx' flag is provided.
docs/examples/rc-dropdown-container/step-1.tsx(7,37): error TS7026: JSX element implicitly has type 'any' because no interface 'JSX.IntrinsicElements' exists.
docs/examples/rc-dropdown-container/step-1.tsx(7,37): error TS17004: Cannot use JSX unless the '--jsx' flag is provided.
docs/examples/rc-dropdown-container/step-1.tsx(7,48): error TS7026: JSX element implicitly has type 'any' because no interface 'JSX.IntrinsicElements' exists.
docs/examples/rc-dropdown-container/step-1.tsx(8,13): error TS17004: Cannot use JSX unless the '--jsx' flag is provided.
docs/examples/rc-dropdown-container/step-2.tsx(1,26): error TS2307: Cannot find module 'react' or its corresponding type declarations.
docs/examples/rc-dropdown-container/step-2.tsx(2,21): error TS2307: Cannot find module '@crab-dev/css' or its corresponding type declarations.
docs/examples/rc-dropdown-container/step-2.tsx(3,19): error TS2307: Cannot find module '@crab-dev/rc-token-semantic' or its corresponding type declarations.
docs/examples/rc-dropdown-container/step-2.tsx(4,31): error TS2307: Cannot find module '@crab-dev/rc-dropdown-container' or its corresponding type declarations.
docs/examples/rc-dropdown-container/step-2.tsx(5,20): error TS2307: Cannot find module '@crab-dev/rc-button' or its corresponding type declarations.
docs/examples/rc-dropdown-container/step-2.tsx(15,9): error TS7026: JSX element implicitly has type 'any' because no interface 'JSX.IntrinsicElements' exists.
docs/examples/rc-dropdown-container/step-2.tsx(15,9): error TS17004: Cannot use JSX unless the '--jsx' flag is provided.
docs/examples/rc-dropdown-container/step-2.tsx(16,13): error TS17004: Cannot use JSX unless the '--jsx' flag is provided.
docs/examples/rc-dropdown-container/step-2.tsx(18,21): error TS17004: Cannot use JSX unless the '--jsx' flag is provided.
docs/examples/rc-dropdown-container/step-2.tsx(18,54): error TS7006: Parameter 'value' implicitly has an 'any' type.
docs/examples/rc-dropdown-container/step-2.tsx(23,17): error TS17004: Cannot use JSX unless the '--jsx' flag is provided.
docs/examples/rc-dropdown-container/step-2.tsx(25,13): error TS7026: JSX element implicitly has type 'any' because no interface 'JSX.IntrinsicElements' exists.
docs/examples/rc-dropdown-container/step-2.tsx(25,13): error TS17004: Cannot use JSX unless the '--jsx' flag is provided.
docs/examples/rc-dropdown-container/step-2.tsx(25,44): error TS7026: JSX element implicitly has type 'any' because no interface 'JSX.IntrinsicElements' exists.
docs/examples/rc-dropdown-container/step-2.tsx(26,9): error TS7026: JSX element implicitly has type 'any' because no interface 'JSX.IntrinsicElements' exists.
docs/examples/rc-empty/step-1.tsx(1,19): error TS2307: Cannot find module '@crab-dev/rc-empty' or its corresponding type declarations.
docs/examples/rc-empty/step-1.tsx(4,12): error TS17004: Cannot use JSX unless the '--jsx' flag is provided.
docs/examples/rc-empty/step-2.tsx(1,26): error TS2307: Cannot find module 'react' or its corresponding type declarations.
docs/examples/rc-empty/step-2.tsx(2,19): error TS2307: Cannot find module '@crab-dev/rc-empty' or its corresponding type declarations.
docs/examples/rc-empty/step-2.tsx(3,20): error TS2307: Cannot find module '@crab-dev/rc-button' or its corresponding type declarations.
docs/examples/rc-empty/step-2.tsx(9,9): error TS7026: JSX element implicitly has type 'any' because no interface 'JSX.IntrinsicElements' exists.
docs/examples/rc-empty/step-2.tsx(9,9): error TS17004: Cannot use JSX unless the '--jsx' flag is provided.
docs/examples/rc-empty/step-2.tsx(9,38): error TS7026: JSX element implicitly has type 'any' because no interface 'JSX.IntrinsicElements' exists.
docs/examples/rc-empty/step-2.tsx(11,9): error TS17004: Cannot use JSX unless the '--jsx' flag is provided.
docs/examples/rc-empty/step-2.tsx(15,17): error TS17004: Cannot use JSX unless the '--jsx' flag is provided.
docs/examples/rc-flow-diagram/step-1.tsx(1,21): error TS2307: Cannot find module '@crab-dev/css' or its corresponding type declarations.
docs/examples/rc-flow-diagram/step-1.tsx(2,19): error TS2307: Cannot find module '@crab-dev/rc-token-semantic' or its corresponding type declarations.
docs/examples/rc-flow-diagram/step-1.tsx(3,49): error TS2307: Cannot find module '@crab-dev/rc-flow-diagram' or its corresponding type declarations.
docs/examples/rc-flow-diagram/step-1.tsx(29,9): error TS7026: JSX element implicitly has type 'any' because no interface 'JSX.IntrinsicElements' exists.
docs/examples/rc-flow-diagram/step-1.tsx(29,9): error TS17004: Cannot use JSX unless the '--jsx' flag is provided.
docs/examples/rc-flow-diagram/step-1.tsx(30,13): error TS17004: Cannot use JSX unless the '--jsx' flag is provided.
docs/examples/rc-flow-diagram/step-1.tsx(40,21): error TS7031: Binding element 'nodeRects' implicitly has an 'any' type.
docs/examples/rc-flow-diagram/step-1.tsx(40,32): error TS7031: Binding element 'routes' implicitly has an 'any' type.
docs/examples/rc-flow-diagram/step-1.tsx(40,40): error TS7031: Binding element 'crossings' implicitly has an 'any' type.
docs/examples/rc-flow-diagram/step-1.tsx(41,21): error TS17004: Cannot use JSX unless the '--jsx' flag is provided.
docs/examples/rc-flow-diagram/step-1.tsx(45,33): error TS17004: Cannot use JSX unless the '--jsx' flag is provided.
docs/examples/rc-flow-diagram/step-1.tsx(55,33): error TS17004: Cannot use JSX unless the '--jsx' flag is provided.
docs/examples/rc-flow-diagram/step-1.tsx(68,13): error TS7026: JSX element implicitly has type 'any' because no interface 'JSX.IntrinsicElements' exists.
docs/examples/rc-flow-diagram/step-1.tsx(68,13): error TS17004: Cannot use JSX unless the '--jsx' flag is provided.
docs/examples/rc-flow-diagram/step-1.tsx(68,27): error TS7026: JSX element implicitly has type 'any' because no interface 'JSX.IntrinsicElements' exists.
docs/examples/rc-flow-diagram/step-1.tsx(69,9): error TS7026: JSX element implicitly has type 'any' because no interface 'JSX.IntrinsicElements' exists.
docs/examples/rc-flow-diagram/step-2.tsx(1,26): error TS2307: Cannot find module 'react' or its corresponding type declarations.
docs/examples/rc-flow-diagram/step-2.tsx(2,21): error TS2307: Cannot find module '@crab-dev/css' or its corresponding type declarations.
docs/examples/rc-flow-diagram/step-2.tsx(3,19): error TS2307: Cannot find module '@crab-dev/rc-token-semantic' or its corresponding type declarations.
docs/examples/rc-flow-diagram/step-2.tsx(4,49): error TS2307: Cannot find module '@crab-dev/rc-flow-diagram' or its corresponding type declarations.
docs/examples/rc-flow-diagram/step-2.tsx(5,20): error TS2307: Cannot find module '@crab-dev/rc-button' or its corresponding type declarations.
docs/examples/rc-flow-diagram/step-2.tsx(33,9): error TS7026: JSX element implicitly has type 'any' because no interface 'JSX.IntrinsicElements' exists.
docs/examples/rc-flow-diagram/step-2.tsx(33,9): error TS17004: Cannot use JSX unless the '--jsx' flag is provided.
docs/examples/rc-flow-diagram/step-2.tsx(34,13): error TS17004: Cannot use JSX unless the '--jsx' flag is provided.
docs/examples/rc-flow-diagram/step-2.tsx(34,45): error TS7006: Parameter 'value' implicitly has an 'any' type.
docs/examples/rc-flow-diagram/step-2.tsx(37,13): error TS17004: Cannot use JSX unless the '--jsx' flag is provided.
docs/examples/rc-flow-diagram/step-2.tsx(47,21): error TS7031: Binding element 'nodeRects' implicitly has an 'any' type.
docs/examples/rc-flow-diagram/step-2.tsx(47,32): error TS7031: Binding element 'routes' implicitly has an 'any' type.
docs/examples/rc-flow-diagram/step-2.tsx(47,40): error TS7031: Binding element 'crossings' implicitly has an 'any' type.
docs/examples/rc-flow-diagram/step-2.tsx(48,21): error TS17004: Cannot use JSX unless the '--jsx' flag is provided.
docs/examples/rc-flow-diagram/step-2.tsx(52,33): error TS17004: Cannot use JSX unless the '--jsx' flag is provided.
docs/examples/rc-flow-diagram/step-2.tsx(62,33): error TS17004: Cannot use JSX unless the '--jsx' flag is provided.
docs/examples/rc-flow-diagram/step-2.tsx(75,13): error TS7026: JSX element implicitly has type 'any' because no interface 'JSX.IntrinsicElements' exists.
docs/examples/rc-flow-diagram/step-2.tsx(75,13): error TS17004: Cannot use JSX unless the '--jsx' flag is provided.
docs/examples/rc-flow-diagram/step-2.tsx(75,27): error TS7026: JSX element implicitly has type 'any' because no interface 'JSX.IntrinsicElements' exists.
docs/examples/rc-flow-diagram/step-2.tsx(76,9): error TS7026: JSX element implicitly has type 'any' because no interface 'JSX.IntrinsicElements' exists.
docs/examples/rc-form/step-1.tsx(1,26): error TS2307: Cannot find module 'react' or its corresponding type declarations.
docs/examples/rc-form/step-1.tsx(2,21): error TS2307: Cannot find module '@crab-dev/css' or its corresponding type declarations.
docs/examples/rc-form/step-1.tsx(3,19): error TS2307: Cannot find module '@crab-dev/rc-token-semantic' or its corresponding type declarations.
docs/examples/rc-form/step-1.tsx(4,58): error TS2307: Cannot find module '@crab-dev/rc-form' or its corresponding type declarations.
docs/examples/rc-form/step-1.tsx(5,22): error TS2307: Cannot find module '@crab-dev/rc-line-edit' or its corresponding type declarations.
docs/examples/rc-form/step-1.tsx(6,20): error TS2307: Cannot find module '@crab-dev/rc-button' or its corresponding type declarations.
docs/examples/rc-form/step-1.tsx(16,9): error TS17004: Cannot use JSX unless the '--jsx' flag is provided.
docs/examples/rc-form/step-1.tsx(21,24): error TS7006: Parameter 'event' implicitly has an 'any' type.
docs/examples/rc-form/step-1.tsx(31,9): error TS7026: JSX element implicitly has type 'any' because no interface 'JSX.IntrinsicElements' exists.
docs/examples/rc-form/step-1.tsx(31,9): error TS17004: Cannot use JSX unless the '--jsx' flag is provided.
docs/examples/rc-form/step-1.tsx(32,13): error TS17004: Cannot use JSX unless the '--jsx' flag is provided.
docs/examples/rc-form/step-1.tsx(37,41): error TS7006: Parameter 'record' implicitly has an 'any' type.
docs/examples/rc-form/step-1.tsx(41,17): error TS17004: Cannot use JSX unless the '--jsx' flag is provided.
docs/examples/rc-form/step-1.tsx(42,21): error TS17004: Cannot use JSX unless the '--jsx' flag is provided.
docs/examples/rc-form/step-1.tsx(44,17): error TS17004: Cannot use JSX unless the '--jsx' flag is provided.
docs/examples/rc-form/step-1.tsx(46,13): error TS7026: JSX element implicitly has type 'any' because no interface 'JSX.IntrinsicElements' exists.
docs/examples/rc-form/step-1.tsx(46,13): error TS17004: Cannot use JSX unless the '--jsx' flag is provided.
docs/examples/rc-form/step-1.tsx(46,44): error TS7026: JSX element implicitly has type 'any' because no interface 'JSX.IntrinsicElements' exists.
docs/examples/rc-form/step-1.tsx(47,9): error TS7026: JSX element implicitly has type 'any' because no interface 'JSX.IntrinsicElements' exists.
docs/examples/rc-form/step-2.tsx(1,26): error TS2307: Cannot find module 'react' or its corresponding type declarations.
docs/examples/rc-form/step-2.tsx(2,21): error TS2307: Cannot find module '@crab-dev/css' or its corresponding type declarations.
docs/examples/rc-form/step-2.tsx(3,19): error TS2307: Cannot find module '@crab-dev/rc-token-semantic' or its corresponding type declarations.
docs/examples/rc-form/step-2.tsx(4,68): error TS2307: Cannot find module '@crab-dev/rc-form' or its corresponding type declarations.
docs/examples/rc-form/step-2.tsx(5,22): error TS2307: Cannot find module '@crab-dev/rc-line-edit' or its corresponding type declarations.
docs/examples/rc-form/step-2.tsx(6,20): error TS2307: Cannot find module '@crab-dev/rc-button' or its corresponding type declarations.
docs/examples/rc-form/step-2.tsx(16,9): error TS17004: Cannot use JSX unless the '--jsx' flag is provided.
docs/examples/rc-form/step-2.tsx(21,24): error TS7006: Parameter 'event' implicitly has an 'any' type.
docs/examples/rc-form/step-2.tsx(31,9): error TS7026: JSX element implicitly has type 'any' because no interface 'JSX.IntrinsicElements' exists.
docs/examples/rc-form/step-2.tsx(31,9): error TS17004: Cannot use JSX unless the '--jsx' flag is provided.
docs/examples/rc-form/step-2.tsx(32,13): error TS17004: Cannot use JSX unless the '--jsx' flag is provided.
docs/examples/rc-form/step-2.tsx(37,41): error TS7006: Parameter 'record' implicitly has an 'any' type.
docs/examples/rc-form/step-2.tsx(41,17): error TS17004: Cannot use JSX unless the '--jsx' flag is provided.
docs/examples/rc-form/step-2.tsx(54,21): error TS17004: Cannot use JSX unless the '--jsx' flag is provided.
docs/examples/rc-form/step-2.tsx(56,17): error TS17004: Cannot use JSX unless the '--jsx' flag is provided.
docs/examples/rc-form/step-2.tsx(58,13): error TS7026: JSX element implicitly has type 'any' because no interface 'JSX.IntrinsicElements' exists.
docs/examples/rc-form/step-2.tsx(58,13): error TS17004: Cannot use JSX unless the '--jsx' flag is provided.
docs/examples/rc-form/step-2.tsx(58,46): error TS7026: JSX element implicitly has type 'any' because no interface 'JSX.IntrinsicElements' exists.
docs/examples/rc-form/step-2.tsx(59,9): error TS7026: JSX element implicitly has type 'any' because no interface 'JSX.IntrinsicElements' exists.
docs/examples/rc-hooks/step-1.tsx(1,21): error TS2307: Cannot find module '@crab-dev/css' or its corresponding type declarations.
docs/examples/rc-hooks/step-1.tsx(2,19): error TS2307: Cannot find module '@crab-dev/rc-token-semantic' or its corresponding type declarations.
docs/examples/rc-hooks/step-1.tsx(3,38): error TS2307: Cannot find module '@crab-dev/rc-hooks' or its corresponding type declarations.
docs/examples/rc-hooks/step-1.tsx(4,20): error TS2307: Cannot find module '@crab-dev/rc-button' or its corresponding type declarations.
docs/examples/rc-hooks/step-1.tsx(15,9): error TS7026: JSX element implicitly has type 'any' because no interface 'JSX.IntrinsicElements' exists.
docs/examples/rc-hooks/step-1.tsx(15,9): error TS17004: Cannot use JSX unless the '--jsx' flag is provided.
docs/examples/rc-hooks/step-1.tsx(16,13): error TS17004: Cannot use JSX unless the '--jsx' flag is provided.
docs/examples/rc-hooks/step-1.tsx(17,13): error TS7026: JSX element implicitly has type 'any' because no interface 'JSX.IntrinsicElements' exists.
docs/examples/rc-hooks/step-1.tsx(17,13): error TS17004: Cannot use JSX unless the '--jsx' flag is provided.
docs/examples/rc-hooks/step-1.tsx(17,31): error TS7026: JSX element implicitly has type 'any' because no interface 'JSX.IntrinsicElements' exists.
docs/examples/rc-hooks/step-1.tsx(18,9): error TS7026: JSX element implicitly has type 'any' because no interface 'JSX.IntrinsicElements' exists.
docs/examples/rc-hooks/step-2.tsx(1,26): error TS2307: Cannot find module 'react' or its corresponding type declarations.
docs/examples/rc-hooks/step-2.tsx(2,21): error TS2307: Cannot find module '@crab-dev/css' or its corresponding type declarations.
docs/examples/rc-hooks/step-2.tsx(3,19): error TS2307: Cannot find module '@crab-dev/rc-token-semantic' or its corresponding type declarations.
docs/examples/rc-hooks/step-2.tsx(4,38): error TS2307: Cannot find module '@crab-dev/rc-hooks' or its corresponding type declarations.
docs/examples/rc-hooks/step-2.tsx(5,20): error TS2307: Cannot find module '@crab-dev/rc-button' or its corresponding type declarations.
docs/examples/rc-hooks/step-2.tsx(18,9): error TS7026: JSX element implicitly has type 'any' because no interface 'JSX.IntrinsicElements' exists.
docs/examples/rc-hooks/step-2.tsx(18,9): error TS17004: Cannot use JSX unless the '--jsx' flag is provided.
docs/examples/rc-hooks/step-2.tsx(19,13): error TS17004: Cannot use JSX unless the '--jsx' flag is provided.
docs/examples/rc-hooks/step-2.tsx(20,13): error TS17004: Cannot use JSX unless the '--jsx' flag is provided.
docs/examples/rc-hooks/step-2.tsx(21,13): error TS7026: JSX element implicitly has type 'any' because no interface 'JSX.IntrinsicElements' exists.
docs/examples/rc-hooks/step-2.tsx(21,13): error TS17004: Cannot use JSX unless the '--jsx' flag is provided.
docs/examples/rc-hooks/step-2.tsx(21,33): error TS7026: JSX element implicitly has type 'any' because no interface 'JSX.IntrinsicElements' exists.
docs/examples/rc-hooks/step-2.tsx(22,9): error TS7026: JSX element implicitly has type 'any' because no interface 'JSX.IntrinsicElements' exists.
docs/examples/rc-line-edit/step-1.tsx(1,21): error TS2307: Cannot find module '@crab-dev/css' or its corresponding type declarations.
docs/examples/rc-line-edit/step-1.tsx(2,19): error TS2307: Cannot find module '@crab-dev/rc-token-semantic' or its corresponding type declarations.
docs/examples/rc-line-edit/step-1.tsx(3,22): error TS2307: Cannot find module '@crab-dev/rc-line-edit' or its corresponding type declarations.
docs/examples/rc-line-edit/step-1.tsx(17,9): error TS7026: JSX element implicitly has type 'any' because no interface 'JSX.IntrinsicElements' exists.
docs/examples/rc-line-edit/step-1.tsx(17,9): error TS17004: Cannot use JSX unless the '--jsx' flag is provided.
docs/examples/rc-line-edit/step-1.tsx(19,13): error TS17004: Cannot use JSX unless the '--jsx' flag is provided.
docs/examples/rc-line-edit/step-1.tsx(20,9): error TS7026: JSX element implicitly has type 'any' because no interface 'JSX.IntrinsicElements' exists.
docs/examples/rc-line-edit/step-2.tsx(1,26): error TS2307: Cannot find module 'react' or its corresponding type declarations.
docs/examples/rc-line-edit/step-2.tsx(2,21): error TS2307: Cannot find module '@crab-dev/css' or its corresponding type declarations.
docs/examples/rc-line-edit/step-2.tsx(3,19): error TS2307: Cannot find module '@crab-dev/rc-token-semantic' or its corresponding type declarations.
docs/examples/rc-line-edit/step-2.tsx(4,22): error TS2307: Cannot find module '@crab-dev/rc-line-edit' or its corresponding type declarations.
docs/examples/rc-line-edit/step-2.tsx(21,9): error TS7026: JSX element implicitly has type 'any' because no interface 'JSX.IntrinsicElements' exists.
docs/examples/rc-line-edit/step-2.tsx(21,9): error TS17004: Cannot use JSX unless the '--jsx' flag is provided.
docs/examples/rc-line-edit/step-2.tsx(22,13): error TS7026: JSX element implicitly has type 'any' because no interface 'JSX.IntrinsicElements' exists.
docs/examples/rc-line-edit/step-2.tsx(22,13): error TS17004: Cannot use JSX unless the '--jsx' flag is provided.
docs/examples/rc-line-edit/step-2.tsx(24,17): error TS17004: Cannot use JSX unless the '--jsx' flag is provided.
docs/examples/rc-line-edit/step-2.tsx(26,32): error TS7006: Parameter 'event' implicitly has an 'any' type.
docs/examples/rc-line-edit/step-2.tsx(32,13): error TS7026: JSX element implicitly has type 'any' because no interface 'JSX.IntrinsicElements' exists.
docs/examples/rc-line-edit/step-2.tsx(33,13): error TS7026: JSX element implicitly has type 'any' because no interface 'JSX.IntrinsicElements' exists.
docs/examples/rc-line-edit/step-2.tsx(33,13): error TS17004: Cannot use JSX unless the '--jsx' flag is provided.
docs/examples/rc-line-edit/step-2.tsx(33,40): error TS7026: JSX element implicitly has type 'any' because no interface 'JSX.IntrinsicElements' exists.
docs/examples/rc-line-edit/step-2.tsx(34,9): error TS7026: JSX element implicitly has type 'any' because no interface 'JSX.IntrinsicElements' exists.
docs/examples/rc-masonry/step-1.tsx(1,21): error TS2307: Cannot find module '@crab-dev/rc-masonry' or its corresponding type declarations.
docs/examples/rc-masonry/step-1.tsx(2,18): error TS2307: Cannot find module '@crab-dev/rc-card' or its corresponding type declarations.
docs/examples/rc-masonry/step-1.tsx(11,5): error TS17004: Cannot use JSX unless the '--jsx' flag is provided.
docs/examples/rc-masonry/step-1.tsx(17,9): error TS17004: Cannot use JSX unless the '--jsx' flag is provided.
docs/examples/rc-masonry/step-2.tsx(1,26): error TS2307: Cannot find module 'react' or its corresponding type declarations.
docs/examples/rc-masonry/step-2.tsx(2,21): error TS2307: Cannot find module '@crab-dev/css' or its corresponding type declarations.
docs/examples/rc-masonry/step-2.tsx(3,19): error TS2307: Cannot find module '@crab-dev/rc-token-semantic' or its corresponding type declarations.
docs/examples/rc-masonry/step-2.tsx(4,21): error TS2307: Cannot find module '@crab-dev/rc-masonry' or its corresponding type declarations.
docs/examples/rc-masonry/step-2.tsx(5,18): error TS2307: Cannot find module '@crab-dev/rc-card' or its corresponding type declarations.
docs/examples/rc-masonry/step-2.tsx(6,20): error TS2307: Cannot find module '@crab-dev/rc-button' or its corresponding type declarations.
docs/examples/rc-masonry/step-2.tsx(20,5): error TS17004: Cannot use JSX unless the '--jsx' flag is provided.
docs/examples/rc-masonry/step-2.tsx(27,9): error TS7026: JSX element implicitly has type 'any' because no interface 'JSX.IntrinsicElements' exists.
docs/examples/rc-masonry/step-2.tsx(27,9): error TS17004: Cannot use JSX unless the '--jsx' flag is provided.
docs/examples/rc-masonry/step-2.tsx(28,13): error TS17004: Cannot use JSX unless the '--jsx' flag is provided.
docs/examples/rc-masonry/step-2.tsx(28,48): error TS7006: Parameter 'value' implicitly has an 'any' type.
docs/examples/rc-masonry/step-2.tsx(31,13): error TS17004: Cannot use JSX unless the '--jsx' flag is provided.
docs/examples/rc-masonry/step-2.tsx(34,9): error TS7026: JSX element implicitly has type 'any' because no interface 'JSX.IntrinsicElements' exists.
docs/examples/rc-menu/step-1.tsx(1,36): error TS2307: Cannot find module '@crab-dev/rc-menu' or its corresponding type declarations.
docs/examples/rc-menu/step-1.tsx(16,12): error TS17004: Cannot use JSX unless the '--jsx' flag is provided.
docs/examples/rc-menu/step-2.tsx(1,26): error TS2307: Cannot find module 'react' or its corresponding type declarations.
docs/examples/rc-menu/step-2.tsx(2,21): error TS2307: Cannot find module '@crab-dev/css' or its corresponding type declarations.
docs/examples/rc-menu/step-2.tsx(3,19): error TS2307: Cannot find module '@crab-dev/rc-token-semantic' or its corresponding type declarations.
docs/examples/rc-menu/step-2.tsx(4,36): error TS2307: Cannot find module '@crab-dev/rc-menu' or its corresponding type declarations.
docs/examples/rc-menu/step-2.tsx(25,9): error TS7026: JSX element implicitly has type 'any' because no interface 'JSX.IntrinsicElements' exists.
docs/examples/rc-menu/step-2.tsx(25,9): error TS17004: Cannot use JSX unless the '--jsx' flag is provided.
docs/examples/rc-menu/step-2.tsx(26,13): error TS17004: Cannot use JSX unless the '--jsx' flag is provided.
docs/examples/rc-menu/step-2.tsx(30,34): error TS7031: Binding element 'selectedKeys' implicitly has an 'any' type.
docs/examples/rc-menu/step-2.tsx(32,13): error TS7026: JSX element implicitly has type 'any' because no interface 'JSX.IntrinsicElements' exists.
docs/examples/rc-menu/step-2.tsx(32,13): error TS17004: Cannot use JSX unless the '--jsx' flag is provided.
docs/examples/rc-menu/step-2.tsx(32,71): error TS7026: JSX element implicitly has type 'any' because no interface 'JSX.IntrinsicElements' exists.
docs/examples/rc-menu/step-2.tsx(33,9): error TS7026: JSX element implicitly has type 'any' because no interface 'JSX.IntrinsicElements' exists.
docs/examples/rc-message/step-1.tsx(1,21): error TS2307: Cannot find module '@crab-dev/css' or its corresponding type declarations.
docs/examples/rc-message/step-1.tsx(2,19): error TS2307: Cannot find module '@crab-dev/rc-token-semantic' or its corresponding type declarations.
docs/examples/rc-message/step-1.tsx(3,28): error TS2307: Cannot find module '@crab-dev/rc-message' or its corresponding type declarations.
docs/examples/rc-message/step-1.tsx(4,20): error TS2307: Cannot find module '@crab-dev/rc-button' or its corresponding type declarations.
docs/examples/rc-message/step-1.tsx(14,9): error TS7026: JSX element implicitly has type 'any' because no interface 'JSX.IntrinsicElements' exists.
docs/examples/rc-message/step-1.tsx(14,9): error TS17004: Cannot use JSX unless the '--jsx' flag is provided.
docs/examples/rc-message/step-1.tsx(16,13): error TS17004: Cannot use JSX unless the '--jsx' flag is provided.
docs/examples/rc-message/step-1.tsx(17,9): error TS7026: JSX element implicitly has type 'any' because no interface 'JSX.IntrinsicElements' exists.
docs/examples/rc-message/step-2.tsx(1,21): error TS2307: Cannot find module '@crab-dev/css' or its corresponding type declarations.
docs/examples/rc-message/step-2.tsx(2,19): error TS2307: Cannot find module '@crab-dev/rc-token-semantic' or its corresponding type declarations.
docs/examples/rc-message/step-2.tsx(3,28): error TS2307: Cannot find module '@crab-dev/rc-message' or its corresponding type declarations.
docs/examples/rc-message/step-2.tsx(4,20): error TS2307: Cannot find module '@crab-dev/rc-button' or its corresponding type declarations.
docs/examples/rc-message/step-2.tsx(14,9): error TS7026: JSX element implicitly has type 'any' because no interface 'JSX.IntrinsicElements' exists.
docs/examples/rc-message/step-2.tsx(14,9): error TS17004: Cannot use JSX unless the '--jsx' flag is provided.
docs/examples/rc-message/step-2.tsx(16,13): error TS17004: Cannot use JSX unless the '--jsx' flag is provided.
docs/examples/rc-message/step-2.tsx(17,13): error TS17004: Cannot use JSX unless the '--jsx' flag is provided.
docs/examples/rc-message/step-2.tsx(18,9): error TS7026: JSX element implicitly has type 'any' because no interface 'JSX.IntrinsicElements' exists.
docs/examples/rc-notification/step-1.tsx(1,21): error TS2307: Cannot find module '@crab-dev/css' or its corresponding type declarations.
docs/examples/rc-notification/step-1.tsx(2,19): error TS2307: Cannot find module '@crab-dev/rc-token-semantic' or its corresponding type declarations.
docs/examples/rc-notification/step-1.tsx(3,33): error TS2307: Cannot find module '@crab-dev/rc-notification' or its corresponding type declarations.
docs/examples/rc-notification/step-1.tsx(4,20): error TS2307: Cannot find module '@crab-dev/rc-button' or its corresponding type declarations.
docs/examples/rc-notification/step-1.tsx(14,9): error TS7026: JSX element implicitly has type 'any' because no interface 'JSX.IntrinsicElements' exists.
docs/examples/rc-notification/step-1.tsx(14,9): error TS17004: Cannot use JSX unless the '--jsx' flag is provided.
docs/examples/rc-notification/step-1.tsx(16,13): error TS17004: Cannot use JSX unless the '--jsx' flag is provided.
docs/examples/rc-notification/step-1.tsx(27,9): error TS7026: JSX element implicitly has type 'any' because no interface 'JSX.IntrinsicElements' exists.
docs/examples/rc-notification/step-2.tsx(1,26): error TS2307: Cannot find module 'react' or its corresponding type declarations.
docs/examples/rc-notification/step-2.tsx(2,21): error TS2307: Cannot find module '@crab-dev/css' or its corresponding type declarations.
docs/examples/rc-notification/step-2.tsx(3,19): error TS2307: Cannot find module '@crab-dev/rc-token-semantic' or its corresponding type declarations.
docs/examples/rc-notification/step-2.tsx(4,33): error TS2307: Cannot find module '@crab-dev/rc-notification' or its corresponding type declarations.
docs/examples/rc-notification/step-2.tsx(5,20): error TS2307: Cannot find module '@crab-dev/rc-button' or its corresponding type declarations.
docs/examples/rc-notification/step-2.tsx(16,9): error TS7026: JSX element implicitly has type 'any' because no interface 'JSX.IntrinsicElements' exists.
docs/examples/rc-notification/step-2.tsx(16,9): error TS17004: Cannot use JSX unless the '--jsx' flag is provided.
docs/examples/rc-notification/step-2.tsx(18,13): error TS17004: Cannot use JSX unless the '--jsx' flag is provided.
docs/examples/rc-notification/step-2.tsx(18,45): error TS7006: Parameter 'value' implicitly has an 'any' type.
docs/examples/rc-notification/step-2.tsx(21,13): error TS17004: Cannot use JSX unless the '--jsx' flag is provided.
docs/examples/rc-notification/step-2.tsx(33,9): error TS7026: JSX element implicitly has type 'any' because no interface 'JSX.IntrinsicElements' exists.
docs/examples/rc-number-edit/step-1.tsx(1,21): error TS2307: Cannot find module '@crab-dev/css' or its corresponding type declarations.
docs/examples/rc-number-edit/step-1.tsx(2,19): error TS2307: Cannot find module '@crab-dev/rc-token-semantic' or its corresponding type declarations.
docs/examples/rc-number-edit/step-1.tsx(3,24): error TS2307: Cannot find module '@crab-dev/rc-number-edit' or its corresponding type declarations.
docs/examples/rc-number-edit/step-1.tsx(16,9): error TS7026: JSX element implicitly has type 'any' because no interface 'JSX.IntrinsicElements' exists.
docs/examples/rc-number-edit/step-1.tsx(16,9): error TS17004: Cannot use JSX unless the '--jsx' flag is provided.
docs/examples/rc-number-edit/step-1.tsx(18,13): error TS17004: Cannot use JSX unless the '--jsx' flag is provided.
docs/examples/rc-number-edit/step-1.tsx(19,9): error TS7026: JSX element implicitly has type 'any' because no interface 'JSX.IntrinsicElements' exists.
docs/examples/rc-number-edit/step-2.tsx(1,26): error TS2307: Cannot find module 'react' or its corresponding type declarations.
docs/examples/rc-number-edit/step-2.tsx(2,21): error TS2307: Cannot find module '@crab-dev/css' or its corresponding type declarations.
docs/examples/rc-number-edit/step-2.tsx(3,19): error TS2307: Cannot find module '@crab-dev/rc-token-semantic' or its corresponding type declarations.
docs/examples/rc-number-edit/step-2.tsx(4,24): error TS2307: Cannot find module '@crab-dev/rc-number-edit' or its corresponding type declarations.
docs/examples/rc-number-edit/step-2.tsx(22,9): error TS7026: JSX element implicitly has type 'any' because no interface 'JSX.IntrinsicElements' exists.
docs/examples/rc-number-edit/step-2.tsx(22,9): error TS17004: Cannot use JSX unless the '--jsx' flag is provided.
docs/examples/rc-number-edit/step-2.tsx(23,13): error TS7026: JSX element implicitly has type 'any' because no interface 'JSX.IntrinsicElements' exists.
docs/examples/rc-number-edit/step-2.tsx(23,13): error TS17004: Cannot use JSX unless the '--jsx' flag is provided.
docs/examples/rc-number-edit/step-2.tsx(25,17): error TS17004: Cannot use JSX unless the '--jsx' flag is provided.
docs/examples/rc-number-edit/step-2.tsx(26,13): error TS7026: JSX element implicitly has type 'any' because no interface 'JSX.IntrinsicElements' exists.
docs/examples/rc-number-edit/step-2.tsx(27,13): error TS7026: JSX element implicitly has type 'any' because no interface 'JSX.IntrinsicElements' exists.
docs/examples/rc-number-edit/step-2.tsx(27,13): error TS17004: Cannot use JSX unless the '--jsx' flag is provided.
docs/examples/rc-number-edit/step-2.tsx(27,44): error TS7026: JSX element implicitly has type 'any' because no interface 'JSX.IntrinsicElements' exists.
docs/examples/rc-number-edit/step-2.tsx(28,9): error TS7026: JSX element implicitly has type 'any' because no interface 'JSX.IntrinsicElements' exists.
docs/examples/rc-pagination/step-1.tsx(1,24): error TS2307: Cannot find module '@crab-dev/rc-pagination' or its corresponding type declarations.
docs/examples/rc-pagination/step-1.tsx(4,12): error TS17004: Cannot use JSX unless the '--jsx' flag is provided.
docs/examples/rc-pagination/step-2.tsx(1,26): error TS2307: Cannot find module 'react' or its corresponding type declarations.
docs/examples/rc-pagination/step-2.tsx(2,21): error TS2307: Cannot find module '@crab-dev/css' or its corresponding type declarations.
docs/examples/rc-pagination/step-2.tsx(3,19): error TS2307: Cannot find module '@crab-dev/rc-token-semantic' or its corresponding type declarations.
docs/examples/rc-pagination/step-2.tsx(4,24): error TS2307: Cannot find module '@crab-dev/rc-pagination' or its corresponding type declarations.
docs/examples/rc-pagination/step-2.tsx(13,9): error TS7026: JSX element implicitly has type 'any' because no interface 'JSX.IntrinsicElements' exists.
docs/examples/rc-pagination/step-2.tsx(13,9): error TS17004: Cannot use JSX unless the '--jsx' flag is provided.
docs/examples/rc-pagination/step-2.tsx(14,13): error TS7026: JSX element implicitly has type 'any' because no interface 'JSX.IntrinsicElements' exists.
docs/examples/rc-pagination/step-2.tsx(14,13): error TS17004: Cannot use JSX unless the '--jsx' flag is provided.
docs/examples/rc-pagination/step-2.tsx(23,25): error TS7026: JSX element implicitly has type 'any' because no interface 'JSX.IntrinsicElements' exists.
docs/examples/rc-pagination/step-2.tsx(23,25): error TS17004: Cannot use JSX unless the '--jsx' flag is provided.
docs/examples/rc-pagination/step-2.tsx(23,46): error TS7026: JSX element implicitly has type 'any' because no interface 'JSX.IntrinsicElements' exists.
docs/examples/rc-pagination/step-2.tsx(25,13): error TS7026: JSX element implicitly has type 'any' because no interface 'JSX.IntrinsicElements' exists.
docs/examples/rc-pagination/step-2.tsx(26,13): error TS17004: Cannot use JSX unless the '--jsx' flag is provided.
docs/examples/rc-pagination/step-2.tsx(27,9): error TS7026: JSX element implicitly has type 'any' because no interface 'JSX.IntrinsicElements' exists.
docs/examples/rc-prose/step-1.tsx(1,19): error TS2307: Cannot find module '@crab-dev/rc-prose' or its corresponding type declarations.
docs/examples/rc-prose/step-1.tsx(5,9): error TS17004: Cannot use JSX unless the '--jsx' flag is provided.
docs/examples/rc-prose/step-1.tsx(6,13): error TS7026: JSX element implicitly has type 'any' because no interface 'JSX.IntrinsicElements' exists.
docs/examples/rc-prose/step-1.tsx(6,13): error TS17004: Cannot use JSX unless the '--jsx' flag is provided.
docs/examples/rc-prose/step-1.tsx(6,21): error TS7026: JSX element implicitly has type 'any' because no interface 'JSX.IntrinsicElements' exists.
docs/examples/rc-prose/step-1.tsx(7,13): error TS7026: JSX element implicitly has type 'any' because no interface 'JSX.IntrinsicElements' exists.
docs/examples/rc-prose/step-1.tsx(7,13): error TS17004: Cannot use JSX unless the '--jsx' flag is provided.
docs/examples/rc-prose/step-1.tsx(7,32): error TS7026: JSX element implicitly has type 'any' because no interface 'JSX.IntrinsicElements' exists.
docs/examples/rc-prose/step-1.tsx(8,13): error TS7026: JSX element implicitly has type 'any' because no interface 'JSX.IntrinsicElements' exists.
docs/examples/rc-prose/step-1.tsx(8,13): error TS17004: Cannot use JSX unless the '--jsx' flag is provided.
docs/examples/rc-prose/step-1.tsx(9,17): error TS7026: JSX element implicitly has type 'any' because no interface 'JSX.IntrinsicElements' exists.
docs/examples/rc-prose/step-1.tsx(9,17): error TS17004: Cannot use JSX unless the '--jsx' flag is provided.
docs/examples/rc-prose/step-1.tsx(9,28): error TS7026: JSX element implicitly has type 'any' because no interface 'JSX.IntrinsicElements' exists.
docs/examples/rc-prose/step-1.tsx(10,17): error TS7026: JSX element implicitly has type 'any' because no interface 'JSX.IntrinsicElements' exists.
docs/examples/rc-prose/step-1.tsx(10,17): error TS17004: Cannot use JSX unless the '--jsx' flag is provided.
docs/examples/rc-prose/step-1.tsx(10,28): error TS7026: JSX element implicitly has type 'any' because no interface 'JSX.IntrinsicElements' exists.
docs/examples/rc-prose/step-1.tsx(11,13): error TS7026: JSX element implicitly has type 'any' because no interface 'JSX.IntrinsicElements' exists.
docs/examples/rc-prose/step-2.tsx(1,26): error TS2307: Cannot find module 'react' or its corresponding type declarations.
docs/examples/rc-prose/step-2.tsx(2,21): error TS2307: Cannot find module '@crab-dev/css' or its corresponding type declarations.
docs/examples/rc-prose/step-2.tsx(3,19): error TS2307: Cannot find module '@crab-dev/rc-token-semantic' or its corresponding type declarations.
docs/examples/rc-prose/step-2.tsx(4,19): error TS2307: Cannot find module '@crab-dev/rc-prose' or its corresponding type declarations.
docs/examples/rc-prose/step-2.tsx(5,20): error TS2307: Cannot find module '@crab-dev/rc-button' or its corresponding type declarations.
docs/examples/rc-prose/step-2.tsx(15,9): error TS7026: JSX element implicitly has type 'any' because no interface 'JSX.IntrinsicElements' exists.
docs/examples/rc-prose/step-2.tsx(15,9): error TS17004: Cannot use JSX unless the '--jsx' flag is provided.
docs/examples/rc-prose/step-2.tsx(16,13): error TS17004: Cannot use JSX unless the '--jsx' flag is provided.
docs/examples/rc-prose/step-2.tsx(16,46): error TS7006: Parameter 'value' implicitly has an 'any' type.
docs/examples/rc-prose/step-2.tsx(17,13): error TS17004: Cannot use JSX unless the '--jsx' flag is provided.
docs/examples/rc-prose/step-2.tsx(18,17): error TS7026: JSX element implicitly has type 'any' because no interface 'JSX.IntrinsicElements' exists.
docs/examples/rc-prose/step-2.tsx(18,17): error TS17004: Cannot use JSX unless the '--jsx' flag is provided.
docs/examples/rc-prose/step-2.tsx(18,25): error TS7026: JSX element implicitly has type 'any' because no interface 'JSX.IntrinsicElements' exists.
docs/examples/rc-prose/step-2.tsx(19,17): error TS7026: JSX element implicitly has type 'any' because no interface 'JSX.IntrinsicElements' exists.
docs/examples/rc-prose/step-2.tsx(19,17): error TS17004: Cannot use JSX unless the '--jsx' flag is provided.
docs/examples/rc-prose/step-2.tsx(19,35): error TS7026: JSX element implicitly has type 'any' because no interface 'JSX.IntrinsicElements' exists.
docs/examples/rc-prose/step-2.tsx(21,9): error TS7026: JSX element implicitly has type 'any' because no interface 'JSX.IntrinsicElements' exists.
docs/examples/rc-radio/step-1.tsx(1,35): error TS2307: Cannot find module '@crab-dev/rc-radio' or its corresponding type declarations.
docs/examples/rc-radio/step-1.tsx(5,9): error TS17004: Cannot use JSX unless the '--jsx' flag is provided.
docs/examples/rc-radio/step-1.tsx(6,13): error TS17004: Cannot use JSX unless the '--jsx' flag is provided.
docs/examples/rc-radio/step-1.tsx(7,13): error TS17004: Cannot use JSX unless the '--jsx' flag is provided.
docs/examples/rc-radio/step-2.tsx(1,26): error TS2307: Cannot find module 'react' or its corresponding type declarations.
docs/examples/rc-radio/step-2.tsx(2,21): error TS2307: Cannot find module '@crab-dev/css' or its corresponding type declarations.
docs/examples/rc-radio/step-2.tsx(3,19): error TS2307: Cannot find module '@crab-dev/rc-token-semantic' or its corresponding type declarations.
docs/examples/rc-radio/step-2.tsx(4,35): error TS2307: Cannot find module '@crab-dev/rc-radio' or its corresponding type declarations.
docs/examples/rc-radio/step-2.tsx(13,9): error TS7026: JSX element implicitly has type 'any' because no interface 'JSX.IntrinsicElements' exists.
docs/examples/rc-radio/step-2.tsx(13,9): error TS17004: Cannot use JSX unless the '--jsx' flag is provided.
docs/examples/rc-radio/step-2.tsx(14,13): error TS17004: Cannot use JSX unless the '--jsx' flag is provided.
docs/examples/rc-radio/step-2.tsx(15,17): error TS17004: Cannot use JSX unless the '--jsx' flag is provided.
docs/examples/rc-radio/step-2.tsx(16,17): error TS17004: Cannot use JSX unless the '--jsx' flag is provided.
docs/examples/rc-radio/step-2.tsx(18,13): error TS7026: JSX element implicitly has type 'any' because no interface 'JSX.IntrinsicElements' exists.
docs/examples/rc-radio/step-2.tsx(18,13): error TS17004: Cannot use JSX unless the '--jsx' flag is provided.
docs/examples/rc-radio/step-2.tsx(18,32): error TS7026: JSX element implicitly has type 'any' because no interface 'JSX.IntrinsicElements' exists.
docs/examples/rc-radio/step-2.tsx(19,9): error TS7026: JSX element implicitly has type 'any' because no interface 'JSX.IntrinsicElements' exists.
docs/examples/rc-realm/step-1.tsx(1,44): error TS2307: Cannot find module 'react' or its corresponding type declarations.
docs/examples/rc-realm/step-1.tsx(2,45): error TS2307: Cannot find module '@crab-dev/rc-realm' or its corresponding type declarations.
docs/examples/rc-realm/step-1.tsx(5,12): error TS7026: JSX element implicitly has type 'any' because no interface 'JSX.IntrinsicElements' exists.
docs/examples/rc-realm/step-1.tsx(5,12): error TS17004: Cannot use JSX unless the '--jsx' flag is provided.
docs/examples/rc-realm/step-1.tsx(5,24): error TS7026: JSX element implicitly has type 'any' because no interface 'JSX.IntrinsicElements' exists.
docs/examples/rc-realm/step-1.tsx(26,9): error TS17004: Cannot use JSX unless the '--jsx' flag is provided.
docs/examples/rc-realm/step-1.tsx(35,9): error TS7026: JSX element implicitly has type 'any' because no interface 'JSX.IntrinsicElements' exists.
docs/examples/rc-realm/step-1.tsx(35,9): error TS17004: Cannot use JSX unless the '--jsx' flag is provided.
docs/examples/rc-realm/step-1.tsx(35,21): error TS7026: JSX element implicitly has type 'any' because no interface 'JSX.IntrinsicElements' exists.
docs/examples/rc-realm/step-2.tsx(1,44): error TS2307: Cannot find module 'react' or its corresponding type declarations.
docs/examples/rc-realm/step-2.tsx(2,21): error TS2307: Cannot find module '@crab-dev/css' or its corresponding type declarations.
docs/examples/rc-realm/step-2.tsx(3,19): error TS2307: Cannot find module '@crab-dev/rc-token-semantic' or its corresponding type declarations.
docs/examples/rc-realm/step-2.tsx(4,45): error TS2307: Cannot find module '@crab-dev/rc-realm' or its corresponding type declarations.
docs/examples/rc-realm/step-2.tsx(5,20): error TS2307: Cannot find module '@crab-dev/rc-button' or its corresponding type declarations.
docs/examples/rc-realm/step-2.tsx(13,12): error TS7026: JSX element implicitly has type 'any' because no interface 'JSX.IntrinsicElements' exists.
docs/examples/rc-realm/step-2.tsx(13,12): error TS17004: Cannot use JSX unless the '--jsx' flag is provided.
docs/examples/rc-realm/step-2.tsx(13,24): error TS7026: JSX element implicitly has type 'any' because no interface 'JSX.IntrinsicElements' exists.
docs/examples/rc-realm/step-2.tsx(35,9): error TS7026: JSX element implicitly has type 'any' because no interface 'JSX.IntrinsicElements' exists.
docs/examples/rc-realm/step-2.tsx(35,9): error TS17004: Cannot use JSX unless the '--jsx' flag is provided.
docs/examples/rc-realm/step-2.tsx(36,13): error TS17004: Cannot use JSX unless the '--jsx' flag is provided.
docs/examples/rc-realm/step-2.tsx(38,33): error TS7006: Parameter 'value' implicitly has an 'any' type.
docs/examples/rc-realm/step-2.tsx(44,17): error TS17004: Cannot use JSX unless the '--jsx' flag is provided.
docs/examples/rc-realm/step-2.tsx(53,17): error TS7026: JSX element implicitly has type 'any' because no interface 'JSX.IntrinsicElements' exists.
docs/examples/rc-realm/step-2.tsx(53,17): error TS17004: Cannot use JSX unless the '--jsx' flag is provided.
docs/examples/rc-realm/step-2.tsx(53,29): error TS7026: JSX element implicitly has type 'any' because no interface 'JSX.IntrinsicElements' exists.
docs/examples/rc-realm/step-2.tsx(55,9): error TS7026: JSX element implicitly has type 'any' because no interface 'JSX.IntrinsicElements' exists.
docs/examples/rc-router/step-1.tsx(1,37): error TS2307: Cannot find module 'react' or its corresponding type declarations.
docs/examples/rc-router/step-1.tsx(2,21): error TS2307: Cannot find module '@crab-dev/css' or its corresponding type declarations.
docs/examples/rc-router/step-1.tsx(3,19): error TS2307: Cannot find module '@crab-dev/rc-token-semantic' or its corresponding type declarations.
docs/examples/rc-router/step-1.tsx(4,51): error TS2307: Cannot find module '@crab-dev/rc-router' or its corresponding type declarations.
docs/examples/rc-router/step-1.tsx(13,13): error TS17004: Cannot use JSX unless the '--jsx' flag is provided.
docs/examples/rc-router/step-1.tsx(14,17): error TS7026: JSX element implicitly has type 'any' because no interface 'JSX.IntrinsicElements' exists.
docs/examples/rc-router/step-1.tsx(14,17): error TS17004: Cannot use JSX unless the '--jsx' flag is provided.
docs/examples/rc-router/step-1.tsx(14,24): error TS7026: JSX element implicitly has type 'any' because no interface 'JSX.IntrinsicElements' exists.
docs/examples/rc-router/step-1.tsx(15,17): error TS17004: Cannot use JSX unless the '--jsx' flag is provided.
docs/examples/rc-router/step-1.tsx(21,18): error TS7026: JSX element implicitly has type 'any' because no interface 'JSX.IntrinsicElements' exists.
docs/examples/rc-router/step-1.tsx(21,18): error TS17004: Cannot use JSX unless the '--jsx' flag is provided.
docs/examples/rc-router/step-1.tsx(21,29): error TS7026: JSX element implicitly has type 'any' because no interface 'JSX.IntrinsicElements' exists.
docs/examples/rc-router/step-1.tsx(86,9): error TS7026: JSX element implicitly has type 'any' because no interface 'JSX.IntrinsicElements' exists.
docs/examples/rc-router/step-1.tsx(86,9): error TS17004: Cannot use JSX unless the '--jsx' flag is provided.
docs/examples/rc-router/step-1.tsx(87,13): error TS7026: JSX element implicitly has type 'any' because no interface 'JSX.IntrinsicElements' exists.
docs/examples/rc-router/step-1.tsx(87,13): error TS17004: Cannot use JSX unless the '--jsx' flag is provided.
docs/examples/rc-router/step-1.tsx(88,30): error TS17004: Cannot use JSX unless the '--jsx' flag is provided.
docs/examples/rc-router/step-1.tsx(89,9): error TS7026: JSX element implicitly has type 'any' because no interface 'JSX.IntrinsicElements' exists.
docs/examples/rc-router/step-2.tsx(1,37): error TS2307: Cannot find module 'react' or its corresponding type declarations.
docs/examples/rc-router/step-2.tsx(2,21): error TS2307: Cannot find module '@crab-dev/css' or its corresponding type declarations.
docs/examples/rc-router/step-2.tsx(3,19): error TS2307: Cannot find module '@crab-dev/rc-token-semantic' or its corresponding type declarations.
docs/examples/rc-router/step-2.tsx(4,51): error TS2307: Cannot find module '@crab-dev/rc-router' or its corresponding type declarations.
docs/examples/rc-router/step-2.tsx(13,13): error TS17004: Cannot use JSX unless the '--jsx' flag is provided.
docs/examples/rc-router/step-2.tsx(14,17): error TS7026: JSX element implicitly has type 'any' because no interface 'JSX.IntrinsicElements' exists.
docs/examples/rc-router/step-2.tsx(14,17): error TS17004: Cannot use JSX unless the '--jsx' flag is provided.
docs/examples/rc-router/step-2.tsx(14,24): error TS7026: JSX element implicitly has type 'any' because no interface 'JSX.IntrinsicElements' exists.
docs/examples/rc-router/step-2.tsx(15,17): error TS17004: Cannot use JSX unless the '--jsx' flag is provided.
docs/examples/rc-router/step-2.tsx(21,18): error TS7026: JSX element implicitly has type 'any' because no interface 'JSX.IntrinsicElements' exists.
docs/examples/rc-router/step-2.tsx(21,18): error TS17004: Cannot use JSX unless the '--jsx' flag is provided.
docs/examples/rc-router/step-2.tsx(21,29): error TS7026: JSX element implicitly has type 'any' because no interface 'JSX.IntrinsicElements' exists.
docs/examples/rc-router/step-2.tsx(29,13): error TS17004: Cannot use JSX unless the '--jsx' flag is provided.
docs/examples/rc-router/step-2.tsx(30,17): error TS7026: JSX element implicitly has type 'any' because no interface 'JSX.IntrinsicElements' exists.
docs/examples/rc-router/step-2.tsx(30,17): error TS17004: Cannot use JSX unless the '--jsx' flag is provided.
docs/examples/rc-router/step-2.tsx(30,28): error TS7026: JSX element implicitly has type 'any' because no interface 'JSX.IntrinsicElements' exists.
docs/examples/rc-router/step-2.tsx(31,17): error TS17004: Cannot use JSX unless the '--jsx' flag is provided.
docs/examples/rc-router/step-2.tsx(99,9): error TS7026: JSX element implicitly has type 'any' because no interface 'JSX.IntrinsicElements' exists.
docs/examples/rc-router/step-2.tsx(99,9): error TS17004: Cannot use JSX unless the '--jsx' flag is provided.
docs/examples/rc-router/step-2.tsx(100,13): error TS7026: JSX element implicitly has type 'any' because no interface 'JSX.IntrinsicElements' exists.
docs/examples/rc-router/step-2.tsx(100,13): error TS17004: Cannot use JSX unless the '--jsx' flag is provided.
docs/examples/rc-router/step-2.tsx(101,30): error TS17004: Cannot use JSX unless the '--jsx' flag is provided.
docs/examples/rc-router/step-2.tsx(102,9): error TS7026: JSX element implicitly has type 'any' because no interface 'JSX.IntrinsicElements' exists.
docs/examples/rc-segmented/step-1.tsx(1,23): error TS2307: Cannot find module '@crab-dev/rc-segmented' or its corresponding type declarations.
docs/examples/rc-segmented/step-1.tsx(4,12): error TS17004: Cannot use JSX unless the '--jsx' flag is provided.
docs/examples/rc-segmented/step-2.tsx(1,26): error TS2307: Cannot find module 'react' or its corresponding type declarations.
docs/examples/rc-segmented/step-2.tsx(2,21): error TS2307: Cannot find module '@crab-dev/css' or its corresponding type declarations.
docs/examples/rc-segmented/step-2.tsx(3,19): error TS2307: Cannot find module '@crab-dev/rc-token-semantic' or its corresponding type declarations.
docs/examples/rc-segmented/step-2.tsx(4,23): error TS2307: Cannot find module '@crab-dev/rc-segmented' or its corresponding type declarations.
docs/examples/rc-segmented/step-2.tsx(13,9): error TS7026: JSX element implicitly has type 'any' because no interface 'JSX.IntrinsicElements' exists.
docs/examples/rc-segmented/step-2.tsx(13,9): error TS17004: Cannot use JSX unless the '--jsx' flag is provided.
docs/examples/rc-segmented/step-2.tsx(14,13): error TS17004: Cannot use JSX unless the '--jsx' flag is provided.
docs/examples/rc-segmented/step-2.tsx(15,13): error TS7026: JSX element implicitly has type 'any' because no interface 'JSX.IntrinsicElements' exists.
docs/examples/rc-segmented/step-2.tsx(15,13): error TS17004: Cannot use JSX unless the '--jsx' flag is provided.
docs/examples/rc-segmented/step-2.tsx(15,35): error TS7026: JSX element implicitly has type 'any' because no interface 'JSX.IntrinsicElements' exists.
docs/examples/rc-segmented/step-2.tsx(16,9): error TS7026: JSX element implicitly has type 'any' because no interface 'JSX.IntrinsicElements' exists.
docs/examples/rc-select/step-1.tsx(1,20): error TS2307: Cannot find module '@crab-dev/rc-select' or its corresponding type declarations.
docs/examples/rc-select/step-1.tsx(18,12): error TS17004: Cannot use JSX unless the '--jsx' flag is provided.
docs/examples/rc-select/step-2.tsx(1,26): error TS2307: Cannot find module 'react' or its corresponding type declarations.
docs/examples/rc-select/step-2.tsx(2,21): error TS2307: Cannot find module '@crab-dev/css' or its corresponding type declarations.
docs/examples/rc-select/step-2.tsx(3,19): error TS2307: Cannot find module '@crab-dev/rc-token-semantic' or its corresponding type declarations.
docs/examples/rc-select/step-2.tsx(4,20): error TS2307: Cannot find module '@crab-dev/rc-select' or its corresponding type declarations.
docs/examples/rc-select/step-2.tsx(27,9): error TS7026: JSX element implicitly has type 'any' because no interface 'JSX.IntrinsicElements' exists.
docs/examples/rc-select/step-2.tsx(27,9): error TS17004: Cannot use JSX unless the '--jsx' flag is provided.
docs/examples/rc-select/step-2.tsx(28,13): error TS17004: Cannot use JSX unless the '--jsx' flag is provided.
docs/examples/rc-select/step-2.tsx(37,13): error TS7026: JSX element implicitly has type 'any' because no interface 'JSX.IntrinsicElements' exists.
docs/examples/rc-select/step-2.tsx(37,13): error TS17004: Cannot use JSX unless the '--jsx' flag is provided.
docs/examples/rc-select/step-2.tsx(37,41): error TS7026: JSX element implicitly has type 'any' because no interface 'JSX.IntrinsicElements' exists.
docs/examples/rc-select/step-2.tsx(38,9): error TS7026: JSX element implicitly has type 'any' because no interface 'JSX.IntrinsicElements' exists.
docs/examples/rc-skeleton/step-1.tsx(1,22): error TS2307: Cannot find module '@crab-dev/rc-skeleton' or its corresponding type declarations.
docs/examples/rc-skeleton/step-1.tsx(4,12): error TS17004: Cannot use JSX unless the '--jsx' flag is provided.
docs/examples/rc-skeleton/step-2.tsx(1,26): error TS2307: Cannot find module 'react' or its corresponding type declarations.
docs/examples/rc-skeleton/step-2.tsx(2,21): error TS2307: Cannot find module '@crab-dev/css' or its corresponding type declarations.
docs/examples/rc-skeleton/step-2.tsx(3,19): error TS2307: Cannot find module '@crab-dev/rc-token-semantic' or its corresponding type declarations.
docs/examples/rc-skeleton/step-2.tsx(4,22): error TS2307: Cannot find module '@crab-dev/rc-skeleton' or its corresponding type declarations.
docs/examples/rc-skeleton/step-2.tsx(5,20): error TS2307: Cannot find module '@crab-dev/rc-button' or its corresponding type declarations.
docs/examples/rc-skeleton/step-2.tsx(15,9): error TS7026: JSX element implicitly has type 'any' because no interface 'JSX.IntrinsicElements' exists.
docs/examples/rc-skeleton/step-2.tsx(15,9): error TS17004: Cannot use JSX unless the '--jsx' flag is provided.
docs/examples/rc-skeleton/step-2.tsx(16,13): error TS17004: Cannot use JSX unless the '--jsx' flag is provided.
docs/examples/rc-skeleton/step-2.tsx(16,48): error TS7006: Parameter 'value' implicitly has an 'any' type.
docs/examples/rc-skeleton/step-2.tsx(19,13): error TS17004: Cannot use JSX unless the '--jsx' flag is provided.
docs/examples/rc-skeleton/step-2.tsx(20,17): error TS7026: JSX element implicitly has type 'any' because no interface 'JSX.IntrinsicElements' exists.
docs/examples/rc-skeleton/step-2.tsx(20,17): error TS17004: Cannot use JSX unless the '--jsx' flag is provided.
docs/examples/rc-skeleton/step-2.tsx(20,39): error TS7026: JSX element implicitly has type 'any' because no interface 'JSX.IntrinsicElements' exists.
docs/examples/rc-skeleton/step-2.tsx(22,9): error TS7026: JSX element implicitly has type 'any' because no interface 'JSX.IntrinsicElements' exists.
docs/examples/rc-slider/step-1.tsx(1,26): error TS2307: Cannot find module 'react' or its corresponding type declarations.
docs/examples/rc-slider/step-1.tsx(2,21): error TS2307: Cannot find module '@crab-dev/css' or its corresponding type declarations.
docs/examples/rc-slider/step-1.tsx(3,19): error TS2307: Cannot find module '@crab-dev/rc-token-semantic' or its corresponding type declarations.
docs/examples/rc-slider/step-1.tsx(4,20): error TS2307: Cannot find module '@crab-dev/rc-slider' or its corresponding type declarations.
docs/examples/rc-slider/step-1.tsx(13,9): error TS7026: JSX element implicitly has type 'any' because no interface 'JSX.IntrinsicElements' exists.
docs/examples/rc-slider/step-1.tsx(13,9): error TS17004: Cannot use JSX unless the '--jsx' flag is provided.
docs/examples/rc-slider/step-1.tsx(14,13): error TS17004: Cannot use JSX unless the '--jsx' flag is provided.
docs/examples/rc-slider/step-1.tsx(15,13): error TS7026: JSX element implicitly has type 'any' because no interface 'JSX.IntrinsicElements' exists.
docs/examples/rc-slider/step-1.tsx(15,13): error TS17004: Cannot use JSX unless the '--jsx' flag is provided.
docs/examples/rc-slider/step-1.tsx(15,32): error TS7026: JSX element implicitly has type 'any' because no interface 'JSX.IntrinsicElements' exists.
docs/examples/rc-slider/step-1.tsx(16,9): error TS7026: JSX element implicitly has type 'any' because no interface 'JSX.IntrinsicElements' exists.
docs/examples/rc-slider/step-2.tsx(1,26): error TS2307: Cannot find module 'react' or its corresponding type declarations.
docs/examples/rc-slider/step-2.tsx(2,21): error TS2307: Cannot find module '@crab-dev/css' or its corresponding type declarations.
docs/examples/rc-slider/step-2.tsx(3,19): error TS2307: Cannot find module '@crab-dev/rc-token-semantic' or its corresponding type declarations.
docs/examples/rc-slider/step-2.tsx(4,20): error TS2307: Cannot find module '@crab-dev/rc-slider' or its corresponding type declarations.
docs/examples/rc-slider/step-2.tsx(5,20): error TS2307: Cannot find module '@crab-dev/rc-button' or its corresponding type declarations.
docs/examples/rc-slider/step-2.tsx(15,9): error TS7026: JSX element implicitly has type 'any' because no interface 'JSX.IntrinsicElements' exists.
docs/examples/rc-slider/step-2.tsx(15,9): error TS17004: Cannot use JSX unless the '--jsx' flag is provided.
docs/examples/rc-slider/step-2.tsx(16,13): error TS17004: Cannot use JSX unless the '--jsx' flag is provided.
docs/examples/rc-slider/step-2.tsx(17,13): error TS17004: Cannot use JSX unless the '--jsx' flag is provided.
docs/examples/rc-slider/step-2.tsx(18,13): error TS7026: JSX element implicitly has type 'any' because no interface 'JSX.IntrinsicElements' exists.
docs/examples/rc-slider/step-2.tsx(18,13): error TS17004: Cannot use JSX unless the '--jsx' flag is provided.
docs/examples/rc-slider/step-2.tsx(18,32): error TS7026: JSX element implicitly has type 'any' because no interface 'JSX.IntrinsicElements' exists.
docs/examples/rc-slider/step-2.tsx(19,9): error TS7026: JSX element implicitly has type 'any' because no interface 'JSX.IntrinsicElements' exists.
docs/examples/rc-spin/step-1.tsx(1,18): error TS2307: Cannot find module '@crab-dev/rc-spin' or its corresponding type declarations.
docs/examples/rc-spin/step-1.tsx(4,12): error TS17004: Cannot use JSX unless the '--jsx' flag is provided.
docs/examples/rc-spin/step-2.tsx(1,41): error TS2307: Cannot find module 'react' or its corresponding type declarations.
docs/examples/rc-spin/step-2.tsx(2,21): error TS2307: Cannot find module '@crab-dev/css' or its corresponding type declarations.
docs/examples/rc-spin/step-2.tsx(3,19): error TS2307: Cannot find module '@crab-dev/rc-token-semantic' or its corresponding type declarations.
docs/examples/rc-spin/step-2.tsx(4,18): error TS2307: Cannot find module '@crab-dev/rc-spin' or its corresponding type declarations.
docs/examples/rc-spin/step-2.tsx(5,20): error TS2307: Cannot find module '@crab-dev/rc-button' or its corresponding type declarations.
docs/examples/rc-spin/step-2.tsx(16,9): error TS7026: JSX element implicitly has type 'any' because no interface 'JSX.IntrinsicElements' exists.
docs/examples/rc-spin/step-2.tsx(16,9): error TS17004: Cannot use JSX unless the '--jsx' flag is provided.
docs/examples/rc-spin/step-2.tsx(17,13): error TS17004: Cannot use JSX unless the '--jsx' flag is provided.
docs/examples/rc-spin/step-2.tsx(22,35): error TS7006: Parameter 'value' implicitly has an 'any' type.
docs/examples/rc-spin/step-2.tsx(28,13): error TS17004: Cannot use JSX unless the '--jsx' flag is provided.
docs/examples/rc-spin/step-2.tsx(29,17): error TS7026: JSX element implicitly has type 'any' because no interface 'JSX.IntrinsicElements' exists.
docs/examples/rc-spin/step-2.tsx(29,17): error TS17004: Cannot use JSX unless the '--jsx' flag is provided.
docs/examples/rc-spin/step-2.tsx(29,36): error TS7026: JSX element implicitly has type 'any' because no interface 'JSX.IntrinsicElements' exists.
docs/examples/rc-spin/step-2.tsx(31,9): error TS7026: JSX element implicitly has type 'any' because no interface 'JSX.IntrinsicElements' exists.
docs/examples/rc-split-pane/step-1.tsx(1,21): error TS2307: Cannot find module '@crab-dev/css' or its corresponding type declarations.
docs/examples/rc-split-pane/step-1.tsx(2,19): error TS2307: Cannot find module '@crab-dev/rc-token-semantic' or its corresponding type declarations.
docs/examples/rc-split-pane/step-1.tsx(3,23): error TS2307: Cannot find module '@crab-dev/rc-split-pane' or its corresponding type declarations.
docs/examples/rc-split-pane/step-1.tsx(11,9): error TS7026: JSX element implicitly has type 'any' because no interface 'JSX.IntrinsicElements' exists.
docs/examples/rc-split-pane/step-1.tsx(11,9): error TS17004: Cannot use JSX unless the '--jsx' flag is provided.
docs/examples/rc-split-pane/step-1.tsx(12,13): error TS17004: Cannot use JSX unless the '--jsx' flag is provided.
docs/examples/rc-split-pane/step-1.tsx(13,17): error TS7026: JSX element implicitly has type 'any' because no interface 'JSX.IntrinsicElements' exists.
docs/examples/rc-split-pane/step-1.tsx(13,17): error TS17004: Cannot use JSX unless the '--jsx' flag is provided.
docs/examples/rc-split-pane/step-1.tsx(13,24): error TS7026: JSX element implicitly has type 'any' because no interface 'JSX.IntrinsicElements' exists.
docs/examples/rc-split-pane/step-1.tsx(14,17): error TS7026: JSX element implicitly has type 'any' because no interface 'JSX.IntrinsicElements' exists.
docs/examples/rc-split-pane/step-1.tsx(14,17): error TS17004: Cannot use JSX unless the '--jsx' flag is provided.
docs/examples/rc-split-pane/step-1.tsx(14,35): error TS7026: JSX element implicitly has type 'any' because no interface 'JSX.IntrinsicElements' exists.
docs/examples/rc-split-pane/step-1.tsx(16,9): error TS7026: JSX element implicitly has type 'any' because no interface 'JSX.IntrinsicElements' exists.
docs/examples/rc-split-pane/step-2.tsx(1,26): error TS2307: Cannot find module 'react' or its corresponding type declarations.
docs/examples/rc-split-pane/step-2.tsx(2,21): error TS2307: Cannot find module '@crab-dev/css' or its corresponding type declarations.
docs/examples/rc-split-pane/step-2.tsx(3,19): error TS2307: Cannot find module '@crab-dev/rc-token-semantic' or its corresponding type declarations.
docs/examples/rc-split-pane/step-2.tsx(4,23): error TS2307: Cannot find module '@crab-dev/rc-split-pane' or its corresponding type declarations.
docs/examples/rc-split-pane/step-2.tsx(5,20): error TS2307: Cannot find module '@crab-dev/rc-button' or its corresponding type declarations.
docs/examples/rc-split-pane/step-2.tsx(19,9): error TS7026: JSX element implicitly has type 'any' because no interface 'JSX.IntrinsicElements' exists.
docs/examples/rc-split-pane/step-2.tsx(19,9): error TS17004: Cannot use JSX unless the '--jsx' flag is provided.
docs/examples/rc-split-pane/step-2.tsx(20,13): error TS7026: JSX element implicitly has type 'any' because no interface 'JSX.IntrinsicElements' exists.
docs/examples/rc-split-pane/step-2.tsx(20,13): error TS17004: Cannot use JSX unless the '--jsx' flag is provided.
docs/examples/rc-split-pane/step-2.tsx(20,34): error TS7026: JSX element implicitly has type 'any' because no interface 'JSX.IntrinsicElements' exists.
docs/examples/rc-split-pane/step-2.tsx(21,13): error TS7026: JSX element implicitly has type 'any' because no interface 'JSX.IntrinsicElements' exists.
docs/examples/rc-split-pane/step-2.tsx(21,13): error TS17004: Cannot use JSX unless the '--jsx' flag is provided.
docs/examples/rc-split-pane/step-2.tsx(22,17): error TS17004: Cannot use JSX unless the '--jsx' flag is provided.
docs/examples/rc-split-pane/step-2.tsx(23,21): error TS7026: JSX element implicitly has type 'any' because no interface 'JSX.IntrinsicElements' exists.
docs/examples/rc-split-pane/step-2.tsx(23,21): error TS17004: Cannot use JSX unless the '--jsx' flag is provided.
docs/examples/rc-split-pane/step-2.tsx(23,28): error TS7026: JSX element implicitly has type 'any' because no interface 'JSX.IntrinsicElements' exists.
docs/examples/rc-split-pane/step-2.tsx(24,21): error TS7026: JSX element implicitly has type 'any' because no interface 'JSX.IntrinsicElements' exists.
docs/examples/rc-split-pane/step-2.tsx(24,21): error TS17004: Cannot use JSX unless the '--jsx' flag is provided.
docs/examples/rc-split-pane/step-2.tsx(24,28): error TS7026: JSX element implicitly has type 'any' because no interface 'JSX.IntrinsicElements' exists.
docs/examples/rc-split-pane/step-2.tsx(26,13): error TS7026: JSX element implicitly has type 'any' because no interface 'JSX.IntrinsicElements' exists.
docs/examples/rc-split-pane/step-2.tsx(27,13): error TS17004: Cannot use JSX unless the '--jsx' flag is provided.
docs/examples/rc-split-pane/step-2.tsx(28,9): error TS7026: JSX element implicitly has type 'any' because no interface 'JSX.IntrinsicElements' exists.
docs/examples/rc-switch/step-1.tsx(1,20): error TS2307: Cannot find module '@crab-dev/rc-switch' or its corresponding type declarations.
docs/examples/rc-switch/step-1.tsx(4,12): error TS17004: Cannot use JSX unless the '--jsx' flag is provided.
docs/examples/rc-switch/step-2.tsx(1,26): error TS2307: Cannot find module 'react' or its corresponding type declarations.
docs/examples/rc-switch/step-2.tsx(2,21): error TS2307: Cannot find module '@crab-dev/css' or its corresponding type declarations.
docs/examples/rc-switch/step-2.tsx(3,19): error TS2307: Cannot find module '@crab-dev/rc-token-semantic' or its corresponding type declarations.
docs/examples/rc-switch/step-2.tsx(4,20): error TS2307: Cannot find module '@crab-dev/rc-switch' or its corresponding type declarations.
docs/examples/rc-switch/step-2.tsx(13,9): error TS7026: JSX element implicitly has type 'any' because no interface 'JSX.IntrinsicElements' exists.
docs/examples/rc-switch/step-2.tsx(13,9): error TS17004: Cannot use JSX unless the '--jsx' flag is provided.
docs/examples/rc-switch/step-2.tsx(14,13): error TS17004: Cannot use JSX unless the '--jsx' flag is provided.
docs/examples/rc-switch/step-2.tsx(17,13): error TS7026: JSX element implicitly has type 'any' because no interface 'JSX.IntrinsicElements' exists.
docs/examples/rc-switch/step-2.tsx(17,13): error TS17004: Cannot use JSX unless the '--jsx' flag is provided.
docs/examples/rc-switch/step-2.tsx(17,67): error TS7026: JSX element implicitly has type 'any' because no interface 'JSX.IntrinsicElements' exists.
docs/examples/rc-switch/step-2.tsx(18,9): error TS7026: JSX element implicitly has type 'any' because no interface 'JSX.IntrinsicElements' exists.
docs/examples/rc-table-pro/step-1.tsx(1,21): error TS2307: Cannot find module '@crab-dev/css' or its corresponding type declarations.
docs/examples/rc-table-pro/step-1.tsx(2,19): error TS2307: Cannot find module '@crab-dev/rc-token-semantic' or its corresponding type declarations.
docs/examples/rc-table-pro/step-1.tsx(3,51): error TS2307: Cannot find module '@crab-dev/rc-table-pro' or its corresponding type declarations.
docs/examples/rc-table-pro/step-1.tsx(50,9): error TS17004: Cannot use JSX unless the '--jsx' flag is provided.
docs/examples/rc-table-pro/step-2.tsx(1,21): error TS2307: Cannot find module '@crab-dev/css' or its corresponding type declarations.
docs/examples/rc-table-pro/step-2.tsx(2,19): error TS2307: Cannot find module '@crab-dev/rc-token-semantic' or its corresponding type declarations.
docs/examples/rc-table-pro/step-2.tsx(3,51): error TS2307: Cannot find module '@crab-dev/rc-table-pro' or its corresponding type declarations.
docs/examples/rc-table-pro/step-2.tsx(54,9): error TS17004: Cannot use JSX unless the '--jsx' flag is provided.
docs/examples/rc-table/step-1.tsx(1,21): error TS2307: Cannot find module '@crab-dev/css' or its corresponding type declarations.
docs/examples/rc-table/step-1.tsx(2,19): error TS2307: Cannot find module '@crab-dev/rc-token-semantic' or its corresponding type declarations.
docs/examples/rc-table/step-1.tsx(3,50): error TS2307: Cannot find module '@crab-dev/rc-table' or its corresponding type declarations.
docs/examples/rc-table/step-1.tsx(4,23): error TS2307: Cannot find module '@crab-dev/rc-auto-sizer' or its corresponding type declarations.
docs/examples/rc-table/step-1.tsx(15,9): error TS2353: Object literal may only specify known properties, and 'id' does not exist in type 'Member'.
docs/examples/rc-table/step-1.tsx(22,9): error TS2353: Object literal may only specify known properties, and 'id' does not exist in type 'Member'.
docs/examples/rc-table/step-1.tsx(29,9): error TS2353: Object literal may only specify known properties, and 'id' does not exist in type 'Member'.
docs/examples/rc-table/step-1.tsx(54,9): error TS7026: JSX element implicitly has type 'any' because no interface 'JSX.IntrinsicElements' exists.
docs/examples/rc-table/step-1.tsx(54,9): error TS17004: Cannot use JSX unless the '--jsx' flag is provided.
docs/examples/rc-table/step-1.tsx(55,13): error TS17004: Cannot use JSX unless the '--jsx' flag is provided.
docs/examples/rc-table/step-1.tsx(56,21): error TS7031: Binding element 'width' implicitly has an 'any' type.
docs/examples/rc-table/step-1.tsx(56,28): error TS7031: Binding element 'height' implicitly has an 'any' type.
docs/examples/rc-table/step-1.tsx(57,21): error TS17004: Cannot use JSX unless the '--jsx' flag is provided.
docs/examples/rc-table/step-1.tsx(66,9): error TS7026: JSX element implicitly has type 'any' because no interface 'JSX.IntrinsicElements' exists.
docs/examples/rc-table/step-2.tsx(1,26): error TS2307: Cannot find module 'react' or its corresponding type declarations.
docs/examples/rc-table/step-2.tsx(2,21): error TS2307: Cannot find module '@crab-dev/css' or its corresponding type declarations.
docs/examples/rc-table/step-2.tsx(3,19): error TS2307: Cannot find module '@crab-dev/rc-token-semantic' or its corresponding type declarations.
docs/examples/rc-table/step-2.tsx(4,50): error TS2307: Cannot find module '@crab-dev/rc-table' or its corresponding type declarations.
docs/examples/rc-table/step-2.tsx(5,23): error TS2307: Cannot find module '@crab-dev/rc-auto-sizer' or its corresponding type declarations.
docs/examples/rc-table/step-2.tsx(6,20): error TS2307: Cannot find module '@crab-dev/rc-button' or its corresponding type declarations.
docs/examples/rc-table/step-2.tsx(22,9): error TS2353: Object literal may only specify known properties, and 'id' does not exist in type 'Member'.
docs/examples/rc-table/step-2.tsx(29,9): error TS2353: Object literal may only specify known properties, and 'id' does not exist in type 'Member'.
docs/examples/rc-table/step-2.tsx(36,9): error TS2353: Object literal may only specify known properties, and 'id' does not exist in type 'Member'.
docs/examples/rc-table/step-2.tsx(63,9): error TS7026: JSX element implicitly has type 'any' because no interface 'JSX.IntrinsicElements' exists.
docs/examples/rc-table/step-2.tsx(63,9): error TS17004: Cannot use JSX unless the '--jsx' flag is provided.
docs/examples/rc-table/step-2.tsx(64,13): error TS17004: Cannot use JSX unless the '--jsx' flag is provided.
docs/examples/rc-table/step-2.tsx(64,47): error TS7006: Parameter 'value' implicitly has an 'any' type.
docs/examples/rc-table/step-2.tsx(67,13): error TS7026: JSX element implicitly has type 'any' because no interface 'JSX.IntrinsicElements' exists.
docs/examples/rc-table/step-2.tsx(67,13): error TS17004: Cannot use JSX unless the '--jsx' flag is provided.
docs/examples/rc-table/step-2.tsx(67,44): error TS7026: JSX element implicitly has type 'any' because no interface 'JSX.IntrinsicElements' exists.
docs/examples/rc-table/step-2.tsx(68,13): error TS7026: JSX element implicitly has type 'any' because no interface 'JSX.IntrinsicElements' exists.
docs/examples/rc-table/step-2.tsx(68,13): error TS17004: Cannot use JSX unless the '--jsx' flag is provided.
docs/examples/rc-table/step-2.tsx(69,17): error TS17004: Cannot use JSX unless the '--jsx' flag is provided.
docs/examples/rc-table/step-2.tsx(70,25): error TS7031: Binding element 'width' implicitly has an 'any' type.
docs/examples/rc-table/step-2.tsx(70,32): error TS7031: Binding element 'height' implicitly has an 'any' type.
docs/examples/rc-table/step-2.tsx(71,25): error TS17004: Cannot use JSX unless the '--jsx' flag is provided.
docs/examples/rc-table/step-2.tsx(80,13): error TS7026: JSX element implicitly has type 'any' because no interface 'JSX.IntrinsicElements' exists.
docs/examples/rc-table/step-2.tsx(81,9): error TS7026: JSX element implicitly has type 'any' because no interface 'JSX.IntrinsicElements' exists.
docs/examples/rc-tabs/step-1.tsx(1,18): error TS2307: Cannot find module '@crab-dev/rc-tabs' or its corresponding type declarations.
docs/examples/rc-tabs/step-1.tsx(7,19): error TS7026: JSX element implicitly has type 'any' because no interface 'JSX.IntrinsicElements' exists.
docs/examples/rc-tabs/step-1.tsx(7,19): error TS17004: Cannot use JSX unless the '--jsx' flag is provided.
docs/examples/rc-tabs/step-1.tsx(7,29): error TS7026: JSX element implicitly has type 'any' because no interface 'JSX.IntrinsicElements' exists.
docs/examples/rc-tabs/step-1.tsx(12,19): error TS7026: JSX element implicitly has type 'any' because no interface 'JSX.IntrinsicElements' exists.
docs/examples/rc-tabs/step-1.tsx(12,19): error TS17004: Cannot use JSX unless the '--jsx' flag is provided.
docs/examples/rc-tabs/step-1.tsx(12,30): error TS7026: JSX element implicitly has type 'any' because no interface 'JSX.IntrinsicElements' exists.
docs/examples/rc-tabs/step-1.tsx(16,12): error TS17004: Cannot use JSX unless the '--jsx' flag is provided.
docs/examples/rc-tabs/step-2.tsx(1,26): error TS2307: Cannot find module 'react' or its corresponding type declarations.
docs/examples/rc-tabs/step-2.tsx(2,21): error TS2307: Cannot find module '@crab-dev/css' or its corresponding type declarations.
docs/examples/rc-tabs/step-2.tsx(3,19): error TS2307: Cannot find module '@crab-dev/rc-token-semantic' or its corresponding type declarations.
docs/examples/rc-tabs/step-2.tsx(4,18): error TS2307: Cannot find module '@crab-dev/rc-tabs' or its corresponding type declarations.
docs/examples/rc-tabs/step-2.tsx(5,20): error TS2307: Cannot find module '@crab-dev/rc-button' or its corresponding type declarations.
docs/examples/rc-tabs/step-2.tsx(16,19): error TS7026: JSX element implicitly has type 'any' because no interface 'JSX.IntrinsicElements' exists.
docs/examples/rc-tabs/step-2.tsx(16,19): error TS17004: Cannot use JSX unless the '--jsx' flag is provided.
docs/examples/rc-tabs/step-2.tsx(16,29): error TS7026: JSX element implicitly has type 'any' because no interface 'JSX.IntrinsicElements' exists.
docs/examples/rc-tabs/step-2.tsx(21,19): error TS7026: JSX element implicitly has type 'any' because no interface 'JSX.IntrinsicElements' exists.
docs/examples/rc-tabs/step-2.tsx(21,19): error TS17004: Cannot use JSX unless the '--jsx' flag is provided.
docs/examples/rc-tabs/step-2.tsx(21,30): error TS7026: JSX element implicitly has type 'any' because no interface 'JSX.IntrinsicElements' exists.
docs/examples/rc-tabs/step-2.tsx(27,9): error TS7026: JSX element implicitly has type 'any' because no interface 'JSX.IntrinsicElements' exists.
docs/examples/rc-tabs/step-2.tsx(27,9): error TS17004: Cannot use JSX unless the '--jsx' flag is provided.
docs/examples/rc-tabs/step-2.tsx(28,13): error TS17004: Cannot use JSX unless the '--jsx' flag is provided.
docs/examples/rc-tabs/step-2.tsx(29,13): error TS17004: Cannot use JSX unless the '--jsx' flag is provided.
docs/examples/rc-tabs/step-2.tsx(30,13): error TS7026: JSX element implicitly has type 'any' because no interface 'JSX.IntrinsicElements' exists.
docs/examples/rc-tabs/step-2.tsx(30,13): error TS17004: Cannot use JSX unless the '--jsx' flag is provided.
docs/examples/rc-tabs/step-2.tsx(30,34): error TS7026: JSX element implicitly has type 'any' because no interface 'JSX.IntrinsicElements' exists.
docs/examples/rc-tabs/step-2.tsx(31,9): error TS7026: JSX element implicitly has type 'any' because no interface 'JSX.IntrinsicElements' exists.
docs/examples/rc-tag/step-1.tsx(1,21): error TS2307: Cannot find module '@crab-dev/css' or its corresponding type declarations.
docs/examples/rc-tag/step-1.tsx(2,19): error TS2307: Cannot find module '@crab-dev/rc-token-semantic' or its corresponding type declarations.
docs/examples/rc-tag/step-1.tsx(3,17): error TS2307: Cannot find module '@crab-dev/rc-tag' or its corresponding type declarations.
docs/examples/rc-tag/step-1.tsx(11,9): error TS7026: JSX element implicitly has type 'any' because no interface 'JSX.IntrinsicElements' exists.
docs/examples/rc-tag/step-1.tsx(11,9): error TS17004: Cannot use JSX unless the '--jsx' flag is provided.
docs/examples/rc-tag/step-1.tsx(12,13): error TS17004: Cannot use JSX unless the '--jsx' flag is provided.
docs/examples/rc-tag/step-1.tsx(13,13): error TS17004: Cannot use JSX unless the '--jsx' flag is provided.
docs/examples/rc-tag/step-1.tsx(14,9): error TS7026: JSX element implicitly has type 'any' because no interface 'JSX.IntrinsicElements' exists.
docs/examples/rc-tag/step-2.tsx(1,26): error TS2307: Cannot find module 'react' or its corresponding type declarations.
docs/examples/rc-tag/step-2.tsx(2,21): error TS2307: Cannot find module '@crab-dev/css' or its corresponding type declarations.
docs/examples/rc-tag/step-2.tsx(3,19): error TS2307: Cannot find module '@crab-dev/rc-token-semantic' or its corresponding type declarations.
docs/examples/rc-tag/step-2.tsx(4,30): error TS2307: Cannot find module '@crab-dev/rc-tag' or its corresponding type declarations.
docs/examples/rc-tag/step-2.tsx(13,9): error TS7026: JSX element implicitly has type 'any' because no interface 'JSX.IntrinsicElements' exists.
docs/examples/rc-tag/step-2.tsx(13,9): error TS17004: Cannot use JSX unless the '--jsx' flag is provided.
docs/examples/rc-tag/step-2.tsx(14,13): error TS17004: Cannot use JSX unless the '--jsx' flag is provided.
docs/examples/rc-tag/step-2.tsx(17,13): error TS7026: JSX element implicitly has type 'any' because no interface 'JSX.IntrinsicElements' exists.
docs/examples/rc-tag/step-2.tsx(17,13): error TS17004: Cannot use JSX unless the '--jsx' flag is provided.
docs/examples/rc-tag/step-2.tsx(17,55): error TS7026: JSX element implicitly has type 'any' because no interface 'JSX.IntrinsicElements' exists.
docs/examples/rc-tag/step-2.tsx(18,9): error TS7026: JSX element implicitly has type 'any' because no interface 'JSX.IntrinsicElements' exists.
docs/examples/rc-text-edit/step-1.tsx(1,21): error TS2307: Cannot find module '@crab-dev/css' or its corresponding type declarations.
docs/examples/rc-text-edit/step-1.tsx(2,19): error TS2307: Cannot find module '@crab-dev/rc-token-semantic' or its corresponding type declarations.
docs/examples/rc-text-edit/step-1.tsx(3,22): error TS2307: Cannot find module '@crab-dev/rc-text-edit' or its corresponding type declarations.
docs/examples/rc-text-edit/step-1.tsx(16,9): error TS7026: JSX element implicitly has type 'any' because no interface 'JSX.IntrinsicElements' exists.
docs/examples/rc-text-edit/step-1.tsx(16,9): error TS17004: Cannot use JSX unless the '--jsx' flag is provided.
docs/examples/rc-text-edit/step-1.tsx(18,13): error TS17004: Cannot use JSX unless the '--jsx' flag is provided.
docs/examples/rc-text-edit/step-1.tsx(19,9): error TS7026: JSX element implicitly has type 'any' because no interface 'JSX.IntrinsicElements' exists.
docs/examples/rc-text-edit/step-2.tsx(1,26): error TS2307: Cannot find module 'react' or its corresponding type declarations.
docs/examples/rc-text-edit/step-2.tsx(2,21): error TS2307: Cannot find module '@crab-dev/css' or its corresponding type declarations.
docs/examples/rc-text-edit/step-2.tsx(3,19): error TS2307: Cannot find module '@crab-dev/rc-token-semantic' or its corresponding type declarations.
docs/examples/rc-text-edit/step-2.tsx(4,22): error TS2307: Cannot find module '@crab-dev/rc-text-edit' or its corresponding type declarations.
docs/examples/rc-text-edit/step-2.tsx(22,9): error TS7026: JSX element implicitly has type 'any' because no interface 'JSX.IntrinsicElements' exists.
docs/examples/rc-text-edit/step-2.tsx(22,9): error TS17004: Cannot use JSX unless the '--jsx' flag is provided.
docs/examples/rc-text-edit/step-2.tsx(23,13): error TS7026: JSX element implicitly has type 'any' because no interface 'JSX.IntrinsicElements' exists.
docs/examples/rc-text-edit/step-2.tsx(23,13): error TS17004: Cannot use JSX unless the '--jsx' flag is provided.
docs/examples/rc-text-edit/step-2.tsx(25,17): error TS17004: Cannot use JSX unless the '--jsx' flag is provided.
docs/examples/rc-text-edit/step-2.tsx(27,32): error TS7006: Parameter 'event' implicitly has an 'any' type.
docs/examples/rc-text-edit/step-2.tsx(31,13): error TS7026: JSX element implicitly has type 'any' because no interface 'JSX.IntrinsicElements' exists.
docs/examples/rc-text-edit/step-2.tsx(32,13): error TS7026: JSX element implicitly has type 'any' because no interface 'JSX.IntrinsicElements' exists.
docs/examples/rc-text-edit/step-2.tsx(32,13): error TS17004: Cannot use JSX unless the '--jsx' flag is provided.
docs/examples/rc-text-edit/step-2.tsx(32,41): error TS7026: JSX element implicitly has type 'any' because no interface 'JSX.IntrinsicElements' exists.
docs/examples/rc-text-edit/step-2.tsx(33,9): error TS7026: JSX element implicitly has type 'any' because no interface 'JSX.IntrinsicElements' exists.
docs/examples/rc-theme/step-1.tsx(2,18): error TS2307: Cannot find module '@crab-dev/rc-card' or its corresponding type declarations.
docs/examples/rc-theme/step-1.tsx(6,9): error TS7026: JSX element implicitly has type 'any' because no interface 'JSX.IntrinsicElements' exists.
docs/examples/rc-theme/step-1.tsx(6,9): error TS17004: Cannot use JSX unless the '--jsx' flag is provided.
docs/examples/rc-theme/step-1.tsx(7,13): error TS17004: Cannot use JSX unless the '--jsx' flag is provided.
docs/examples/rc-theme/step-1.tsx(8,9): error TS7026: JSX element implicitly has type 'any' because no interface 'JSX.IntrinsicElements' exists.
docs/examples/rc-theme/step-2.tsx(1,26): error TS2307: Cannot find module 'react' or its corresponding type declarations.
docs/examples/rc-theme/step-2.tsx(2,21): error TS2307: Cannot find module '@crab-dev/css' or its corresponding type declarations.
docs/examples/rc-theme/step-2.tsx(3,19): error TS2307: Cannot find module '@crab-dev/rc-token-semantic' or its corresponding type declarations.
docs/examples/rc-theme/step-2.tsx(5,18): error TS2307: Cannot find module '@crab-dev/rc-card' or its corresponding type declarations.
docs/examples/rc-theme/step-2.tsx(6,20): error TS2307: Cannot find module '@crab-dev/rc-button' or its corresponding type declarations.
docs/examples/rc-theme/step-2.tsx(16,9): error TS7026: JSX element implicitly has type 'any' because no interface 'JSX.IntrinsicElements' exists.
docs/examples/rc-theme/step-2.tsx(16,9): error TS17004: Cannot use JSX unless the '--jsx' flag is provided.
docs/examples/rc-theme/step-2.tsx(17,13): error TS17004: Cannot use JSX unless the '--jsx' flag is provided.
docs/examples/rc-theme/step-2.tsx(17,45): error TS7006: Parameter 'value' implicitly has an 'any' type.
docs/examples/rc-theme/step-2.tsx(20,13): error TS7026: JSX element implicitly has type 'any' because no interface 'JSX.IntrinsicElements' exists.
docs/examples/rc-theme/step-2.tsx(20,13): error TS17004: Cannot use JSX unless the '--jsx' flag is provided.
docs/examples/rc-theme/step-2.tsx(21,17): error TS17004: Cannot use JSX unless the '--jsx' flag is provided.
docs/examples/rc-theme/step-2.tsx(22,13): error TS7026: JSX element implicitly has type 'any' because no interface 'JSX.IntrinsicElements' exists.
docs/examples/rc-theme/step-2.tsx(23,9): error TS7026: JSX element implicitly has type 'any' because no interface 'JSX.IntrinsicElements' exists.
docs/examples/rc-token-global/step-1.tsx(1,25): error TS2307: Cannot find module '@crab-dev/rc-token-global' or its corresponding type declarations.
docs/examples/rc-token-global/step-1.tsx(4,9): error TS7026: JSX element implicitly has type 'any' because no interface 'JSX.IntrinsicElements' exists.
docs/examples/rc-token-global/step-1.tsx(4,9): error TS17004: Cannot use JSX unless the '--jsx' flag is provided.
docs/examples/rc-token-global/step-1.tsx(5,26): error TS7026: JSX element implicitly has type 'any' because no interface 'JSX.IntrinsicElements' exists.
docs/examples/rc-token-global/step-1.tsx(5,26): error TS17004: Cannot use JSX unless the '--jsx' flag is provided.
docs/examples/rc-token-global/step-1.tsx(5,55): error TS7026: JSX element implicitly has type 'any' because no interface 'JSX.IntrinsicElements' exists.
docs/examples/rc-token-global/step-1.tsx(6,9): error TS7026: JSX element implicitly has type 'any' because no interface 'JSX.IntrinsicElements' exists.
docs/examples/rc-token-global/step-2.tsx(1,21): error TS2307: Cannot find module '@crab-dev/css' or its corresponding type declarations.
docs/examples/rc-token-global/step-2.tsx(2,19): error TS2307: Cannot find module '@crab-dev/rc-token-semantic' or its corresponding type declarations.
docs/examples/rc-token-global/step-2.tsx(12,9): error TS7026: JSX element implicitly has type 'any' because no interface 'JSX.IntrinsicElements' exists.
docs/examples/rc-token-global/step-2.tsx(12,9): error TS17004: Cannot use JSX unless the '--jsx' flag is provided.
docs/examples/rc-token-global/step-2.tsx(13,13): error TS7026: JSX element implicitly has type 'any' because no interface 'JSX.IntrinsicElements' exists.
docs/examples/rc-token-global/step-2.tsx(13,13): error TS17004: Cannot use JSX unless the '--jsx' flag is provided.
docs/examples/rc-token-global/step-2.tsx(13,25): error TS7026: JSX element implicitly has type 'any' because no interface 'JSX.IntrinsicElements' exists.
docs/examples/rc-token-global/step-2.tsx(14,13): error TS7026: JSX element implicitly has type 'any' because no interface 'JSX.IntrinsicElements' exists.
docs/examples/rc-token-global/step-2.tsx(14,13): error TS17004: Cannot use JSX unless the '--jsx' flag is provided.
docs/examples/rc-token-global/step-2.tsx(14,32): error TS7026: JSX element implicitly has type 'any' because no interface 'JSX.IntrinsicElements' exists.
docs/examples/rc-token-global/step-2.tsx(15,9): error TS7026: JSX element implicitly has type 'any' because no interface 'JSX.IntrinsicElements' exists.
docs/examples/rc-token-semantic/step-1.tsx(1,19): error TS2307: Cannot find module '@crab-dev/rc-token-semantic' or its corresponding type declarations.
docs/examples/rc-token-semantic/step-1.tsx(4,9): error TS7026: JSX element implicitly has type 'any' because no interface 'JSX.IntrinsicElements' exists.
docs/examples/rc-token-semantic/step-1.tsx(4,9): error TS17004: Cannot use JSX unless the '--jsx' flag is provided.
docs/examples/rc-token-semantic/step-1.tsx(5,20): error TS7026: JSX element implicitly has type 'any' because no interface 'JSX.IntrinsicElements' exists.
docs/examples/rc-token-semantic/step-1.tsx(5,20): error TS17004: Cannot use JSX unless the '--jsx' flag is provided.
docs/examples/rc-token-semantic/step-1.tsx(5,52): error TS7026: JSX element implicitly has type 'any' because no interface 'JSX.IntrinsicElements' exists.
docs/examples/rc-token-semantic/step-1.tsx(6,9): error TS7026: JSX element implicitly has type 'any' because no interface 'JSX.IntrinsicElements' exists.
docs/examples/rc-token-semantic/step-2.tsx(1,21): error TS2307: Cannot find module '@crab-dev/css' or its corresponding type declarations.
docs/examples/rc-token-semantic/step-2.tsx(2,19): error TS2307: Cannot find module '@crab-dev/rc-token-semantic' or its corresponding type declarations.
docs/examples/rc-token-semantic/step-2.tsx(12,9): error TS7026: JSX element implicitly has type 'any' because no interface 'JSX.IntrinsicElements' exists.
docs/examples/rc-token-semantic/step-2.tsx(12,9): error TS17004: Cannot use JSX unless the '--jsx' flag is provided.
docs/examples/rc-token-semantic/step-2.tsx(13,13): error TS7026: JSX element implicitly has type 'any' because no interface 'JSX.IntrinsicElements' exists.
docs/examples/rc-token-semantic/step-2.tsx(13,13): error TS17004: Cannot use JSX unless the '--jsx' flag is provided.
docs/examples/rc-token-semantic/step-2.tsx(13,25): error TS7026: JSX element implicitly has type 'any' because no interface 'JSX.IntrinsicElements' exists.
docs/examples/rc-token-semantic/step-2.tsx(14,13): error TS7026: JSX element implicitly has type 'any' because no interface 'JSX.IntrinsicElements' exists.
docs/examples/rc-token-semantic/step-2.tsx(14,13): error TS17004: Cannot use JSX unless the '--jsx' flag is provided.
docs/examples/rc-token-semantic/step-2.tsx(14,32): error TS7026: JSX element implicitly has type 'any' because no interface 'JSX.IntrinsicElements' exists.
docs/examples/rc-token-semantic/step-2.tsx(15,9): error TS7026: JSX element implicitly has type 'any' because no interface 'JSX.IntrinsicElements' exists.
docs/examples/rc-tooltip/step-1.tsx(1,21): error TS2307: Cannot find module '@crab-dev/rc-tooltip' or its corresponding type declarations.
docs/examples/rc-tooltip/step-1.tsx(2,20): error TS2307: Cannot find module '@crab-dev/rc-button' or its corresponding type declarations.
docs/examples/rc-tooltip/step-1.tsx(7,9): error TS17004: Cannot use JSX unless the '--jsx' flag is provided.
docs/examples/rc-tooltip/step-1.tsx(8,13): error TS17004: Cannot use JSX unless the '--jsx' flag is provided.
docs/examples/rc-tooltip/step-2.tsx(1,26): error TS2307: Cannot find module 'react' or its corresponding type declarations.
docs/examples/rc-tooltip/step-2.tsx(2,21): error TS2307: Cannot find module '@crab-dev/css' or its corresponding type declarations.
docs/examples/rc-tooltip/step-2.tsx(3,19): error TS2307: Cannot find module '@crab-dev/rc-token-semantic' or its corresponding type declarations.
docs/examples/rc-tooltip/step-2.tsx(4,21): error TS2307: Cannot find module '@crab-dev/rc-tooltip' or its corresponding type declarations.
docs/examples/rc-tooltip/step-2.tsx(5,20): error TS2307: Cannot find module '@crab-dev/rc-button' or its corresponding type declarations.
docs/examples/rc-tooltip/step-2.tsx(15,9): error TS7026: JSX element implicitly has type 'any' because no interface 'JSX.IntrinsicElements' exists.
docs/examples/rc-tooltip/step-2.tsx(15,9): error TS17004: Cannot use JSX unless the '--jsx' flag is provided.
docs/examples/rc-tooltip/step-2.tsx(16,13): error TS17004: Cannot use JSX unless the '--jsx' flag is provided.
docs/examples/rc-tooltip/step-2.tsx(17,17): error TS17004: Cannot use JSX unless the '--jsx' flag is provided.
docs/examples/rc-tooltip/step-2.tsx(19,13): error TS17004: Cannot use JSX unless the '--jsx' flag is provided.
docs/examples/rc-tooltip/step-2.tsx(19,47): error TS7006: Parameter 'value' implicitly has an 'any' type.
docs/examples/rc-tooltip/step-2.tsx(20,9): error TS7026: JSX element implicitly has type 'any' because no interface 'JSX.IntrinsicElements' exists.
docs/examples/rc-tree/step-1.tsx(1,33): error TS2307: Cannot find module 'react' or its corresponding type declarations.
docs/examples/rc-tree/step-1.tsx(2,21): error TS2307: Cannot find module '@crab-dev/css' or its corresponding type declarations.
docs/examples/rc-tree/step-1.tsx(3,19): error TS2307: Cannot find module '@crab-dev/rc-token-semantic' or its corresponding type declarations.
docs/examples/rc-tree/step-1.tsx(4,58): error TS2307: Cannot find module '@crab-dev/rc-tree' or its corresponding type declarations.
docs/examples/rc-tree/step-1.tsx(5,20): error TS2307: Cannot find module '@crab-dev/rc-button' or its corresponding type declarations.
docs/examples/rc-tree/step-1.tsx(6,23): error TS2307: Cannot find module '@crab-dev/rc-auto-sizer' or its corresponding type declarations.
docs/examples/rc-tree/step-1.tsx(47,9): error TS7026: JSX element implicitly has type 'any' because no interface 'JSX.IntrinsicElements' exists.
docs/examples/rc-tree/step-1.tsx(47,9): error TS17004: Cannot use JSX unless the '--jsx' flag is provided.
docs/examples/rc-tree/step-1.tsx(48,13): error TS17004: Cannot use JSX unless the '--jsx' flag is provided.
docs/examples/rc-tree/step-1.tsx(55,13): error TS7026: JSX element implicitly has type 'any' because no interface 'JSX.IntrinsicElements' exists.
docs/examples/rc-tree/step-1.tsx(55,13): error TS17004: Cannot use JSX unless the '--jsx' flag is provided.
docs/examples/rc-tree/step-1.tsx(56,17): error TS17004: Cannot use JSX unless the '--jsx' flag is provided.
docs/examples/rc-tree/step-1.tsx(57,25): error TS7031: Binding element 'width' implicitly has an 'any' type.
docs/examples/rc-tree/step-1.tsx(57,32): error TS7031: Binding element 'height' implicitly has an 'any' type.
docs/examples/rc-tree/step-1.tsx(58,25): error TS17004: Cannot use JSX unless the '--jsx' flag is provided.
docs/examples/rc-tree/step-1.tsx(62,44): error TS7031: Binding element 'node' implicitly has an 'any' type.
docs/examples/rc-tree/step-1.tsx(63,46): error TS7006: Parameter 'current' implicitly has an 'any' type.
docs/examples/rc-tree/step-1.tsx(65,59): error TS7006: Parameter 'id' implicitly has an 'any' type.
docs/examples/rc-tree/step-1.tsx(74,13): error TS7026: JSX element implicitly has type 'any' because no interface 'JSX.IntrinsicElements' exists.
docs/examples/rc-tree/step-1.tsx(75,9): error TS7026: JSX element implicitly has type 'any' because no interface 'JSX.IntrinsicElements' exists.
docs/examples/rc-tree/step-2.tsx(1,33): error TS2307: Cannot find module 'react' or its corresponding type declarations.
docs/examples/rc-tree/step-2.tsx(2,21): error TS2307: Cannot find module '@crab-dev/css' or its corresponding type declarations.
docs/examples/rc-tree/step-2.tsx(3,19): error TS2307: Cannot find module '@crab-dev/rc-token-semantic' or its corresponding type declarations.
docs/examples/rc-tree/step-2.tsx(4,58): error TS2307: Cannot find module '@crab-dev/rc-tree' or its corresponding type declarations.
docs/examples/rc-tree/step-2.tsx(5,20): error TS2307: Cannot find module '@crab-dev/rc-button' or its corresponding type declarations.
docs/examples/rc-tree/step-2.tsx(6,23): error TS2307: Cannot find module '@crab-dev/rc-auto-sizer' or its corresponding type declarations.
docs/examples/rc-tree/step-2.tsx(48,9): error TS7026: JSX element implicitly has type 'any' because no interface 'JSX.IntrinsicElements' exists.
docs/examples/rc-tree/step-2.tsx(48,9): error TS17004: Cannot use JSX unless the '--jsx' flag is provided.
docs/examples/rc-tree/step-2.tsx(49,13): error TS17004: Cannot use JSX unless the '--jsx' flag is provided.
docs/examples/rc-tree/step-2.tsx(56,13): error TS17004: Cannot use JSX unless the '--jsx' flag is provided.
docs/examples/rc-tree/step-2.tsx(57,13): error TS7026: JSX element implicitly has type 'any' because no interface 'JSX.IntrinsicElements' exists.
docs/examples/rc-tree/step-2.tsx(57,13): error TS17004: Cannot use JSX unless the '--jsx' flag is provided.
docs/examples/rc-tree/step-2.tsx(58,17): error TS17004: Cannot use JSX unless the '--jsx' flag is provided.
docs/examples/rc-tree/step-2.tsx(59,25): error TS7031: Binding element 'width' implicitly has an 'any' type.
docs/examples/rc-tree/step-2.tsx(59,32): error TS7031: Binding element 'height' implicitly has an 'any' type.
docs/examples/rc-tree/step-2.tsx(60,25): error TS17004: Cannot use JSX unless the '--jsx' flag is provided.
docs/examples/rc-tree/step-2.tsx(64,44): error TS7031: Binding element 'node' implicitly has an 'any' type.
docs/examples/rc-tree/step-2.tsx(65,46): error TS7006: Parameter 'current' implicitly has an 'any' type.
docs/examples/rc-tree/step-2.tsx(67,59): error TS7006: Parameter 'id' implicitly has an 'any' type.
docs/examples/rc-tree/step-2.tsx(72,42): error TS7031: Binding element 'selectKeys' implicitly has an 'any' type.
docs/examples/rc-tree/step-2.tsx(78,13): error TS7026: JSX element implicitly has type 'any' because no interface 'JSX.IntrinsicElements' exists.
docs/examples/rc-tree/step-2.tsx(79,13): error TS7026: JSX element implicitly has type 'any' because no interface 'JSX.IntrinsicElements' exists.
docs/examples/rc-tree/step-2.tsx(79,13): error TS17004: Cannot use JSX unless the '--jsx' flag is provided.
docs/examples/rc-tree/step-2.tsx(79,57): error TS7026: JSX element implicitly has type 'any' because no interface 'JSX.IntrinsicElements' exists.
docs/examples/rc-tree/step-2.tsx(80,9): error TS7026: JSX element implicitly has type 'any' because no interface 'JSX.IntrinsicElements' exists.
docs/examples/rc-virtual/step-1.tsx(1,21): error TS2307: Cannot find module '@crab-dev/css' or its corresponding type declarations.
docs/examples/rc-virtual/step-1.tsx(2,19): error TS2307: Cannot find module '@crab-dev/rc-token-semantic' or its corresponding type declarations.
docs/examples/rc-virtual/step-1.tsx(3,21): error TS2307: Cannot find module '@crab-dev/rc-virtual' or its corresponding type declarations.
docs/examples/rc-virtual/step-1.tsx(25,9): error TS17004: Cannot use JSX unless the '--jsx' flag is provided.
docs/examples/rc-virtual/step-1.tsx(30,27): error TS7031: Binding element 'start' implicitly has an 'any' type.
docs/examples/rc-virtual/step-1.tsx(30,34): error TS7031: Binding element 'end' implicitly has an 'any' type.
docs/examples/rc-virtual/step-1.tsx(31,17): error TS17004: Cannot use JSX unless the '--jsx' flag is provided.
docs/examples/rc-virtual/step-1.tsx(32,21): error TS7026: JSX element implicitly has type 'any' because no interface 'JSX.IntrinsicElements' exists.
docs/examples/rc-virtual/step-1.tsx(32,21): error TS17004: Cannot use JSX unless the '--jsx' flag is provided.
docs/examples/rc-virtual/step-1.tsx(34,25): error TS7026: JSX element implicitly has type 'any' because no interface 'JSX.IntrinsicElements' exists.
docs/examples/rc-virtual/step-1.tsx(34,25): error TS17004: Cannot use JSX unless the '--jsx' flag is provided.
docs/examples/rc-virtual/step-1.tsx(36,25): error TS7026: JSX element implicitly has type 'any' because no interface 'JSX.IntrinsicElements' exists.
docs/examples/rc-virtual/step-1.tsx(38,21): error TS7026: JSX element implicitly has type 'any' because no interface 'JSX.IntrinsicElements' exists.
docs/examples/rc-virtual/step-1.tsx(38,21): error TS17004: Cannot use JSX unless the '--jsx' flag is provided.
docs/examples/rc-virtual/step-2.tsx(1,26): error TS2307: Cannot find module 'react' or its corresponding type declarations.
docs/examples/rc-virtual/step-2.tsx(2,21): error TS2307: Cannot find module '@crab-dev/css' or its corresponding type declarations.
docs/examples/rc-virtual/step-2.tsx(3,19): error TS2307: Cannot find module '@crab-dev/rc-token-semantic' or its corresponding type declarations.
docs/examples/rc-virtual/step-2.tsx(4,21): error TS2307: Cannot find module '@crab-dev/rc-virtual' or its corresponding type declarations.
docs/examples/rc-virtual/step-2.tsx(5,20): error TS2307: Cannot find module '@crab-dev/rc-button' or its corresponding type declarations.
docs/examples/rc-virtual/step-2.tsx(33,9): error TS7026: JSX element implicitly has type 'any' because no interface 'JSX.IntrinsicElements' exists.
docs/examples/rc-virtual/step-2.tsx(33,9): error TS17004: Cannot use JSX unless the '--jsx' flag is provided.
docs/examples/rc-virtual/step-2.tsx(34,13): error TS17004: Cannot use JSX unless the '--jsx' flag is provided.
docs/examples/rc-virtual/step-2.tsx(34,49): error TS7006: Parameter 'value' implicitly has an 'any' type.
docs/examples/rc-virtual/step-2.tsx(37,13): error TS17004: Cannot use JSX unless the '--jsx' flag is provided.
docs/examples/rc-virtual/step-2.tsx(43,31): error TS7031: Binding element 'start' implicitly has an 'any' type.
docs/examples/rc-virtual/step-2.tsx(43,38): error TS7031: Binding element 'end' implicitly has an 'any' type.
docs/examples/rc-virtual/step-2.tsx(44,21): error TS17004: Cannot use JSX unless the '--jsx' flag is provided.
docs/examples/rc-virtual/step-2.tsx(45,25): error TS7026: JSX element implicitly has type 'any' because no interface 'JSX.IntrinsicElements' exists.
docs/examples/rc-virtual/step-2.tsx(45,25): error TS17004: Cannot use JSX unless the '--jsx' flag is provided.
docs/examples/rc-virtual/step-2.tsx(47,29): error TS7026: JSX element implicitly has type 'any' because no interface 'JSX.IntrinsicElements' exists.
docs/examples/rc-virtual/step-2.tsx(47,29): error TS17004: Cannot use JSX unless the '--jsx' flag is provided.
docs/examples/rc-virtual/step-2.tsx(49,29): error TS7026: JSX element implicitly has type 'any' because no interface 'JSX.IntrinsicElements' exists.
docs/examples/rc-virtual/step-2.tsx(51,25): error TS7026: JSX element implicitly has type 'any' because no interface 'JSX.IntrinsicElements' exists.
docs/examples/rc-virtual/step-2.tsx(51,25): error TS17004: Cannot use JSX unless the '--jsx' flag is provided.
docs/examples/rc-virtual/step-2.tsx(55,9): error TS7026: JSX element implicitly has type 'any' because no interface 'JSX.IntrinsicElements' exists.
docs/site/__tests__/componentDemos.test.tsx(11,8): error TS2307: Cannot find module '@crab-dev/wake/test/react' or its corresponding type declarations.
docs/site/__tests__/componentDemos.test.tsx(12,33): error TS2307: Cannot find module 'react' or its corresponding type declarations.
docs/site/__tests__/componentDemos.test.tsx(13,35): error TS2307: Cannot find module 'react' or its corresponding type declarations.
docs/site/__tests__/componentDemos.test.tsx(17,8): error TS6142: Module '../componentDemoFrame.js' was resolved to 'C:/Users/zhang/Desktop/crab-dev/.website/docs/site/componentDemoFrame.tsx', but '--jsx' is not set.
docs/site/__tests__/componentDemos.test.tsx(18,52): error TS6142: Module '../componentDemoFrame.js' was resolved to 'C:/Users/zhang/Desktop/crab-dev/.website/docs/site/componentDemoFrame.tsx', but '--jsx' is not set.
docs/site/__tests__/componentDemos.test.tsx(19,47): error TS6142: Module '../componentDemoFrame.js' was resolved to 'C:/Users/zhang/Desktop/crab-dev/.website/docs/site/componentDemoFrame.tsx', but '--jsx' is not set.
docs/site/__tests__/componentDemos.test.tsx(20,28): error TS6142: Module '../componentDemos.js' was resolved to 'C:/Users/zhang/Desktop/crab-dev/.website/docs/site/componentDemos.tsx', but '--jsx' is not set.
docs/site/__tests__/componentDemos.test.tsx(21,42): error TS6142: Module '../componentDemos.js' was resolved to 'C:/Users/zhang/Desktop/crab-dev/.website/docs/site/componentDemos.tsx', but '--jsx' is not set.
docs/site/__tests__/componentDemos.test.tsx(42,9): error TS7026: JSX element implicitly has type 'any' because no interface 'JSX.IntrinsicElements' exists.
docs/site/__tests__/componentDemos.test.tsx(42,9): error TS17004: Cannot use JSX unless the '--jsx' flag is provided.
docs/site/__tests__/componentDemos.test.tsx(68,12): error TS17004: Cannot use JSX unless the '--jsx' flag is provided.
docs/site/__tests__/componentDemos.test.tsx(115,13): error TS17004: Cannot use JSX unless the '--jsx' flag is provided.
docs/site/__tests__/componentDemos.test.tsx(161,13): error TS17004: Cannot use JSX unless the '--jsx' flag is provided.
docs/site/__tests__/componentDemos.test.tsx(194,13): error TS17004: Cannot use JSX unless the '--jsx' flag is provided.
docs/site/__tests__/componentDemos.test.tsx(228,13): error TS17004: Cannot use JSX unless the '--jsx' flag is provided.
docs/site/__tests__/componentDemos.test.tsx(250,13): error TS17004: Cannot use JSX unless the '--jsx' flag is provided.
docs/site/__tests__/componentDemos.test.tsx(267,17): error TS17004: Cannot use JSX unless the '--jsx' flag is provided.
docs/site/__tests__/componentDemos.test.tsx(302,17): error TS17004: Cannot use JSX unless the '--jsx' flag is provided.
docs/site/__tests__/componentDemos.test.tsx(346,13): error TS7026: JSX element implicitly has type 'any' because no interface 'JSX.IntrinsicElements' exists.
docs/site/__tests__/componentDemos.test.tsx(346,13): error TS17004: Cannot use JSX unless the '--jsx' flag is provided.
docs/site/__tests__/componentDemos.test.tsx(347,17): error TS17004: Cannot use JSX unless the '--jsx' flag is provided.
docs/site/__tests__/componentDemos.test.tsx(352,17): error TS17004: Cannot use JSX unless the '--jsx' flag is provided.
docs/site/__tests__/componentDemos.test.tsx(357,13): error TS7026: JSX element implicitly has type 'any' because no interface 'JSX.IntrinsicElements' exists.
docs/site/__tests__/componentDemos.test.tsx(371,22): error TS17004: Cannot use JSX unless the '--jsx' flag is provided.
docs/site/__tests__/componentDemos.test.tsx(390,22): error TS17004: Cannot use JSX unless the '--jsx' flag is provided.
docs/site/__tests__/tutorial.test.tsx(1,55): error TS2307: Cannot find module '@crab-dev/wake/test' or its corresponding type declarations.
docs/site/__tests__/tutorial.test.tsx(2,48): error TS2307: Cannot find module '@crab-dev/wake/test/react' or its corresponding type declarations.
docs/site/__tests__/tutorial.test.tsx(3,26): error TS2307: Cannot find module 'react' or its corresponding type declarations.
docs/site/__tests__/tutorial.test.tsx(4,32): error TS2307: Cannot find module 'react' or its corresponding type declarations.
docs/site/__tests__/tutorial.test.tsx(5,20): error TS2307: Cannot find module '@crab-dev/rc-button' or its corresponding type declarations.
docs/site/__tests__/tutorial.test.tsx(6,37): error TS6142: Module '../tutorial.js' was resolved to 'C:/Users/zhang/Desktop/crab-dev/.website/docs/site/tutorial.tsx', but '--jsx' is not set.
docs/site/__tests__/tutorial.test.tsx(21,9): error TS7026: JSX element implicitly has type 'any' because no interface 'JSX.IntrinsicElements' exists.
docs/site/__tests__/tutorial.test.tsx(21,9): error TS17004: Cannot use JSX unless the '--jsx' flag is provided.
docs/site/__tests__/tutorial.test.tsx(24,13): error TS7026: JSX element implicitly has type 'any' because no interface 'JSX.IntrinsicElements' exists.
docs/site/__tests__/tutorial.test.tsx(24,13): error TS17004: Cannot use JSX unless the '--jsx' flag is provided.
docs/site/__tests__/tutorial.test.tsx(24,30): error TS7026: JSX element implicitly has type 'any' because no interface 'JSX.IntrinsicElements' exists.
docs/site/__tests__/tutorial.test.tsx(25,9): error TS7026: JSX element implicitly has type 'any' because no interface 'JSX.IntrinsicElements' exists.
docs/site/__tests__/tutorial.test.tsx(29,30): error TS6142: Module '../tutorial.js' was resolved to 'C:/Users/zhang/Desktop/crab-dev/.website/docs/site/tutorial.tsx', but '--jsx' is not set.
docs/site/__tests__/tutorial.test.tsx(31,49): error TS6142: Module '../tutorial.js' was resolved to 'C:/Users/zhang/Desktop/crab-dev/.website/docs/site/tutorial.tsx', but '--jsx' is not set.
docs/site/__tests__/tutorial.test.tsx(37,9): error TS17004: Cannot use JSX unless the '--jsx' flag is provided.
docs/site/__tests__/tutorial.test.tsx(38,13): error TS17004: Cannot use JSX unless the '--jsx' flag is provided.
docs/site/__tests__/tutorial.test.tsx(38,46): error TS7006: Parameter 'value' implicitly has an 'any' type.
docs/site/__tests__/tutorial.test.tsx(39,13): error TS7026: JSX element implicitly has type 'any' because no interface 'JSX.IntrinsicElements' exists.
docs/site/__tests__/tutorial.test.tsx(39,13): error TS17004: Cannot use JSX unless the '--jsx' flag is provided.
docs/site/__tests__/tutorial.test.tsx(39,31): error TS7026: JSX element implicitly has type 'any' because no interface 'JSX.IntrinsicElements' exists.
docs/site/__tests__/tutorial.test.tsx(82,22): error TS17004: Cannot use JSX unless the '--jsx' flag is provided.
docs/site/__tests__/ui.test.tsx(1,55): error TS2307: Cannot find module '@crab-dev/wake/test' or its corresponding type declarations.
docs/site/__tests__/ui.test.tsx(2,48): error TS2307: Cannot find module '@crab-dev/wake/test/react' or its corresponding type declarations.
docs/site/__tests__/ui.test.tsx(3,26): error TS2307: Cannot find module 'react' or its corresponding type declarations.
docs/site/__tests__/ui.test.tsx(4,58): error TS2307: Cannot find module '@crab-dev/wake/docs' or its corresponding type declarations.
docs/site/__tests__/ui.test.tsx(8,54): error TS2307: Cannot find module '@crab-dev/rc-dialog' or its corresponding type declarations.
docs/site/__tests__/ui.test.tsx(9,9): error TS7026: JSX element implicitly has type 'any' because no interface 'JSX.IntrinsicElements' exists.
docs/site/__tests__/ui.test.tsx(9,9): error TS17004: Cannot use JSX unless the '--jsx' flag is provided.
docs/site/__tests__/ui.test.tsx(11,9): error TS7026: JSX element implicitly has type 'any' because no interface 'JSX.IntrinsicElements' exists.
docs/site/__tests__/ui.test.tsx(17,56): error TS2307: Cannot find module '@crab-dev/rc-drawer' or its corresponding type declarations.
docs/site/__tests__/ui.test.tsx(18,9): error TS7026: JSX element implicitly has type 'any' because no interface 'JSX.IntrinsicElements' exists.
docs/site/__tests__/ui.test.tsx(18,9): error TS17004: Cannot use JSX unless the '--jsx' flag is provided.
docs/site/__tests__/ui.test.tsx(20,9): error TS7026: JSX element implicitly has type 'any' because no interface 'JSX.IntrinsicElements' exists.
docs/site/__tests__/ui.test.tsx(24,23): error TS6142: Module '../ui.js' was resolved to 'C:/Users/zhang/Desktop/crab-dev/.website/docs/site/ui.tsx', but '--jsx' is not set.
docs/site/__tests__/ui.test.tsx(26,42): error TS6142: Module '../ui.js' was resolved to 'C:/Users/zhang/Desktop/crab-dev/.website/docs/site/ui.tsx', but '--jsx' is not set.
docs/site/__tests__/ui.test.tsx(46,20): error TS7006: Parameter 'slug' implicitly has an 'any' type.
docs/site/__tests__/ui.test.tsx(87,13): error TS17004: Cannot use JSX unless the '--jsx' flag is provided.
docs/site/__tests__/ui.test.tsx(102,17): error TS7026: JSX element implicitly has type 'any' because no interface 'JSX.IntrinsicElements' exists.
docs/site/__tests__/ui.test.tsx(102,17): error TS17004: Cannot use JSX unless the '--jsx' flag is provided.
docs/site/__tests__/ui.test.tsx(103,21): error TS7026: JSX element implicitly has type 'any' because no interface 'JSX.IntrinsicElements' exists.
docs/site/__tests__/ui.test.tsx(103,21): error TS17004: Cannot use JSX unless the '--jsx' flag is provided.
docs/site/__tests__/ui.test.tsx(103,86): error TS7026: JSX element implicitly has type 'any' because no interface 'JSX.IntrinsicElements' exists.
docs/site/__tests__/ui.test.tsx(104,17): error TS7026: JSX element implicitly has type 'any' because no interface 'JSX.IntrinsicElements' exists.
docs/site/__tests__/ui.test.tsx(105,17): error TS7026: JSX element implicitly has type 'any' because no interface 'JSX.IntrinsicElements' exists.
docs/site/__tests__/ui.test.tsx(105,17): error TS17004: Cannot use JSX unless the '--jsx' flag is provided.
docs/site/__tests__/ui.test.tsx(106,21): error TS7026: JSX element implicitly has type 'any' because no interface 'JSX.IntrinsicElements' exists.
docs/site/__tests__/ui.test.tsx(106,21): error TS17004: Cannot use JSX unless the '--jsx' flag is provided.
docs/site/__tests__/ui.test.tsx(106,47): error TS7026: JSX element implicitly has type 'any' because no interface 'JSX.IntrinsicElements' exists.
docs/site/__tests__/ui.test.tsx(107,17): error TS7026: JSX element implicitly has type 'any' because no interface 'JSX.IntrinsicElements' exists.
docs/site/__tests__/ui.test.tsx(122,13): error TS17004: Cannot use JSX unless the '--jsx' flag is provided.
docs/site/__tests__/ui.test.tsx(177,35): error TS17004: Cannot use JSX unless the '--jsx' flag is provided.
docs/site/__tests__/ui.test.tsx(181,29): error TS17004: Cannot use JSX unless the '--jsx' flag is provided.
docs/site/__tests__/ui.test.tsx(186,29): error TS17004: Cannot use JSX unless the '--jsx' flag is provided.
docs/site/__tests__/ui.test.tsx(196,22): error TS17004: Cannot use JSX unless the '--jsx' flag is provided.
docs/site/__tests__/ui.test.tsx(207,47): error TS7026: JSX element implicitly has type 'any' because no interface 'JSX.IntrinsicElements' exists.
docs/site/__tests__/ui.test.tsx(207,47): error TS17004: Cannot use JSX unless the '--jsx' flag is provided.
docs/site/__tests__/ui.test.tsx(207,57): error TS7026: JSX element implicitly has type 'any' because no interface 'JSX.IntrinsicElements' exists.
docs/site/__tests__/ui.test.tsx(208,35): error TS17004: Cannot use JSX unless the '--jsx' flag is provided.
docs/site/__tests__/ui.test.tsx(210,29): error TS17004: Cannot use JSX unless the '--jsx' flag is provided.
docs/site/__tests__/ui.test.tsx(222,13): error TS17004: Cannot use JSX unless the '--jsx' flag is provided.
docs/site/__tests__/ui.test.tsx(225,29): error TS7026: JSX element implicitly has type 'any' because no interface 'JSX.IntrinsicElements' exists.
docs/site/__tests__/ui.test.tsx(225,29): error TS17004: Cannot use JSX unless the '--jsx' flag is provided.
docs/site/__tests__/ui.test.tsx(225,39): error TS7026: JSX element implicitly has type 'any' because no interface 'JSX.IntrinsicElements' exists.
docs/site/__tests__/ui.test.tsx(243,22): error TS17004: Cannot use JSX unless the '--jsx' flag is provided.
docs/site/__tests__/ui.test.tsx(265,22): error TS17004: Cannot use JSX unless the '--jsx' flag is provided.
docs/site/__tests__/ui.test.tsx(277,22): error TS17004: Cannot use JSX unless the '--jsx' flag is provided.
docs/site/__tests__/ui.test.tsx(293,22): error TS17004: Cannot use JSX unless the '--jsx' flag is provided.
docs/site/__tests__/ui.test.tsx(298,19): error TS7006: Parameter 'id' implicitly has an 'any' type.
docs/site/__tests__/ui.test.tsx(308,35): error TS17004: Cannot use JSX unless the '--jsx' flag is provided.
docs/site/__tests__/ui.test.tsx(313,13): error TS17004: Cannot use JSX unless the '--jsx' flag is provided.
docs/site/__tests__/ui.test.tsx(327,13): error TS17004: Cannot use JSX unless the '--jsx' flag is provided.
docs/site/__tests__/ui.test.tsx(351,13): error TS17004: Cannot use JSX unless the '--jsx' flag is provided.
docs/site/__tests__/ui.test.tsx(377,13): error TS17004: Cannot use JSX unless the '--jsx' flag is provided.
docs/site/__tests__/ui.test.tsx(379,21): error TS7026: JSX element implicitly has type 'any' because no interface 'JSX.IntrinsicElements' exists.
docs/site/__tests__/ui.test.tsx(379,21): error TS17004: Cannot use JSX unless the '--jsx' flag is provided.
docs/site/__tests__/ui.test.tsx(379,51): error TS7026: JSX element implicitly has type 'any' because no interface 'JSX.IntrinsicElements' exists.
docs/site/__tests__/ui.test.tsx(380,21): error TS7026: JSX element implicitly has type 'any' because no interface 'JSX.IntrinsicElements' exists.
docs/site/__tests__/ui.test.tsx(380,21): error TS17004: Cannot use JSX unless the '--jsx' flag is provided.
docs/site/__tests__/ui.test.tsx(381,21): error TS7026: JSX element implicitly has type 'any' because no interface 'JSX.IntrinsicElements' exists.
docs/site/__tests__/ui.test.tsx(381,21): error TS17004: Cannot use JSX unless the '--jsx' flag is provided.
docs/site/__tests__/ui.test.tsx(381,60): error TS7026: JSX element implicitly has type 'any' because no interface 'JSX.IntrinsicElements' exists.
docs/site/__tests__/ui.test.tsx(390,13): error TS17004: Cannot use JSX unless the '--jsx' flag is provided.
docs/site/__tests__/ui.test.tsx(391,17): error TS7026: JSX element implicitly has type 'any' because no interface 'JSX.IntrinsicElements' exists.
docs/site/__tests__/ui.test.tsx(391,17): error TS17004: Cannot use JSX unless the '--jsx' flag is provided.
docs/site/__tests__/ui.test.tsx(391,31): error TS7026: JSX element implicitly has type 'any' because no interface 'JSX.IntrinsicElements' exists.
docs/site/__tests__/ui.test.tsx(404,13): error TS17004: Cannot use JSX unless the '--jsx' flag is provided.
docs/site/__tests__/ui.test.tsx(424,22): error TS17004: Cannot use JSX unless the '--jsx' flag is provided.
docs/site/__tests__/ui.test.tsx(448,26): error TS7026: JSX element implicitly has type 'any' because no interface 'JSX.IntrinsicElements' exists.
docs/site/__tests__/ui.test.tsx(448,26): error TS17004: Cannot use JSX unless the '--jsx' flag is provided.
docs/site/__tests__/ui.test.tsx(448,65): error TS7026: JSX element implicitly has type 'any' because no interface 'JSX.IntrinsicElements' exists.
docs/site/__tests__/ui.test.tsx(455,17): error TS17004: Cannot use JSX unless the '--jsx' flag is provided.
docs/site/__tests__/ui.test.tsx(456,21): error TS17004: Cannot use JSX unless the '--jsx' flag is provided.
docs/site/__tests__/ui.test.tsx(457,21): error TS17004: Cannot use JSX unless the '--jsx' flag is provided.
docs/site/__tests__/ui.test.tsx(465,22): error TS17004: Cannot use JSX unless the '--jsx' flag is provided.
docs/site/catalogStyles.ts(1,29): error TS2307: Cannot find module '@crab-dev/css' or its corresponding type declarations.
docs/site/catalogStyles.ts(2,19): error TS2307: Cannot find module '@crab-dev/rc-token-semantic' or its corresponding type declarations.
docs/site/catalogStyles.ts(3,25): error TS2307: Cannot find module '@crab-dev/rc-token-global' or its corresponding type declarations.
docs/site/componentCatalog.tsx(1,20): error TS2307: Cannot find module '@crab-dev/rc-button' or its corresponding type declarations.
docs/site/componentCatalog.tsx(12,9): error TS7026: JSX element implicitly has type 'any' because no interface 'JSX.IntrinsicElements' exists.
docs/site/componentCatalog.tsx(12,9): error TS17004: Cannot use JSX unless the '--jsx' flag is provided.
docs/site/componentCatalog.tsx(13,13): error TS7026: JSX element implicitly has type 'any' because no interface 'JSX.IntrinsicElements' exists.
docs/site/componentCatalog.tsx(13,13): error TS17004: Cannot use JSX unless the '--jsx' flag is provided.
docs/site/componentCatalog.tsx(14,9): error TS7026: JSX element implicitly has type 'any' because no interface 'JSX.IntrinsicElements' exists.
docs/site/componentCatalog.tsx(21,9): error TS7026: JSX element implicitly has type 'any' because no interface 'JSX.IntrinsicElements' exists.
docs/site/componentCatalog.tsx(21,9): error TS17004: Cannot use JSX unless the '--jsx' flag is provided.
docs/site/componentCatalog.tsx(22,13): error TS7026: JSX element implicitly has type 'any' because no interface 'JSX.IntrinsicElements' exists.
docs/site/componentCatalog.tsx(22,13): error TS17004: Cannot use JSX unless the '--jsx' flag is provided.
docs/site/componentCatalog.tsx(23,17): error TS17004: Cannot use JSX unless the '--jsx' flag is provided.
docs/site/componentCatalog.tsx(26,17): error TS17004: Cannot use JSX unless the '--jsx' flag is provided.
docs/site/componentCatalog.tsx(26,75): error TS17004: Cannot use JSX unless the '--jsx' flag is provided.
docs/site/componentCatalog.tsx(29,13): error TS7026: JSX element implicitly has type 'any' because no interface 'JSX.IntrinsicElements' exists.
docs/site/componentCatalog.tsx(30,13): error TS7026: JSX element implicitly has type 'any' because no interface 'JSX.IntrinsicElements' exists.
docs/site/componentCatalog.tsx(30,13): error TS17004: Cannot use JSX unless the '--jsx' flag is provided.
docs/site/componentCatalog.tsx(32,21): error TS17004: Cannot use JSX unless the '--jsx' flag is provided.
docs/site/componentCatalog.tsx(37,25): error TS7026: JSX element implicitly has type 'any' because no interface 'JSX.IntrinsicElements' exists.
docs/site/componentCatalog.tsx(37,25): error TS17004: Cannot use JSX unless the '--jsx' flag is provided.
docs/site/componentCatalog.tsx(37,47): error TS7026: JSX element implicitly has type 'any' because no interface 'JSX.IntrinsicElements' exists.
docs/site/componentCatalog.tsx(38,25): error TS7026: JSX element implicitly has type 'any' because no interface 'JSX.IntrinsicElements' exists.
docs/site/componentCatalog.tsx(38,25): error TS17004: Cannot use JSX unless the '--jsx' flag is provided.
docs/site/componentCatalog.tsx(38,87): error TS7026: JSX element implicitly has type 'any' because no interface 'JSX.IntrinsicElements' exists.
docs/site/componentCatalog.tsx(41,13): error TS7026: JSX element implicitly has type 'any' because no interface 'JSX.IntrinsicElements' exists.
docs/site/componentCatalog.tsx(42,9): error TS7026: JSX element implicitly has type 'any' because no interface 'JSX.IntrinsicElements' exists.
docs/site/componentCatalog.tsx(57,9): error TS17004: Cannot use JSX unless the '--jsx' flag is provided.
docs/site/componentCatalog.tsx(63,13): error TS7026: JSX element implicitly has type 'any' because no interface 'JSX.IntrinsicElements' exists.
docs/site/componentCatalog.tsx(63,13): error TS17004: Cannot use JSX unless the '--jsx' flag is provided.
docs/site/componentCatalog.tsx(64,17): error TS7026: JSX element implicitly has type 'any' because no interface 'JSX.IntrinsicElements' exists.
docs/site/componentCatalog.tsx(64,17): error TS17004: Cannot use JSX unless the '--jsx' flag is provided.
docs/site/componentCatalog.tsx(64,31): error TS7026: JSX element implicitly has type 'any' because no interface 'JSX.IntrinsicElements' exists.
docs/site/componentCatalog.tsx(65,17): error TS17004: Cannot use JSX unless the '--jsx' flag is provided.
docs/site/componentCatalog.tsx(66,13): error TS7026: JSX element implicitly has type 'any' because no interface 'JSX.IntrinsicElements' exists.
docs/site/componentCatalog.tsx(67,13): error TS7026: JSX element implicitly has type 'any' because no interface 'JSX.IntrinsicElements' exists.
docs/site/componentCatalog.tsx(67,13): error TS17004: Cannot use JSX unless the '--jsx' flag is provided.
docs/site/componentCatalog.tsx(67,62): error TS7026: JSX element implicitly has type 'any' because no interface 'JSX.IntrinsicElements' exists.
docs/site/componentCatalog.tsx(68,13): error TS7026: JSX element implicitly has type 'any' because no interface 'JSX.IntrinsicElements' exists.
docs/site/componentCatalog.tsx(68,13): error TS17004: Cannot use JSX unless the '--jsx' flag is provided.
docs/site/componentCatalog.tsx(68,62): error TS7026: JSX element implicitly has type 'any' because no interface 'JSX.IntrinsicElements' exists.
docs/site/componentDemoFrame.tsx(1,21): error TS2307: Cannot find module '@crab-dev/css' or its corresponding type declarations.
docs/site/componentDemoFrame.tsx(2,20): error TS2307: Cannot find module '@crab-dev/rc-button' or its corresponding type declarations.
docs/site/componentDemoFrame.tsx(3,19): error TS2307: Cannot find module '@crab-dev/rc-alert' or its corresponding type declarations.
docs/site/componentDemoFrame.tsx(4,19): error TS2307: Cannot find module '@crab-dev/rc-empty' or its corresponding type declarations.
docs/site/componentDemoFrame.tsx(5,18): error TS2307: Cannot find module '@crab-dev/rc-spin' or its corresponding type declarations.
docs/site/componentDemoFrame.tsx(10,19): error TS2307: Cannot find module '@crab-dev/rc-token-semantic' or its corresponding type declarations.
docs/site/componentDemoFrame.tsx(11,45): error TS2307: Cannot find module 'react' or its corresponding type declarations.
docs/site/componentDemoFrame.tsx(12,32): error TS2307: Cannot find module 'react' or its corresponding type declarations.
docs/site/componentDemoFrame.tsx(13,42): error TS6142: Module './componentDemos.js' was resolved to 'C:/Users/zhang/Desktop/crab-dev/.website/docs/site/componentDemos.tsx', but '--jsx' is not set.
docs/site/componentDemoFrame.tsx(228,9): error TS17004: Cannot use JSX unless the '--jsx' flag is provided.
docs/site/componentDemoFrame.tsx(268,32): error TS7006: Parameter 'currentHeight' implicitly has an 'any' type.
docs/site/componentDemoFrame.tsx(310,21): error TS7006: Parameter 'currentAttempt' implicitly has an 'any' type.
docs/site/componentDemoFrame.tsx(322,9): error TS7026: JSX element implicitly has type 'any' because no interface 'JSX.IntrinsicElements' exists.
docs/site/componentDemoFrame.tsx(322,9): error TS17004: Cannot use JSX unless the '--jsx' flag is provided.
docs/site/componentDemoFrame.tsx(324,17): error TS17004: Cannot use JSX unless the '--jsx' flag is provided.
docs/site/componentDemoFrame.tsx(325,21): error TS17004: Cannot use JSX unless the '--jsx' flag is provided.
docs/site/componentDemoFrame.tsx(326,25): error TS17004: Cannot use JSX unless the '--jsx' flag is provided.
docs/site/componentDemoFrame.tsx(327,25): error TS17004: Cannot use JSX unless the '--jsx' flag is provided.
docs/site/componentDemoFrame.tsx(332,17): error TS7026: JSX element implicitly has type 'any' because no interface 'JSX.IntrinsicElements' exists.
docs/site/componentDemoFrame.tsx(332,17): error TS17004: Cannot use JSX unless the '--jsx' flag is provided.
docs/site/componentDemoFrame.tsx(338,17): error TS7026: JSX element implicitly has type 'any' because no interface 'JSX.IntrinsicElements' exists.
docs/site/componentDemoFrame.tsx(341,17): error TS7026: JSX element implicitly has type 'any' because no interface 'JSX.IntrinsicElements' exists.
docs/site/componentDemoFrame.tsx(341,17): error TS17004: Cannot use JSX unless the '--jsx' flag is provided.
docs/site/componentDemoFrame.tsx(345,29): error TS7026: JSX element implicitly has type 'any' because no interface 'JSX.IntrinsicElements' exists.
docs/site/componentDemoFrame.tsx(345,29): error TS17004: Cannot use JSX unless the '--jsx' flag is provided.
docs/site/componentDemoFrame.tsx(360,25): error TS7026: JSX element implicitly has type 'any' because no interface 'JSX.IntrinsicElements' exists.
docs/site/componentDemoFrame.tsx(360,25): error TS17004: Cannot use JSX unless the '--jsx' flag is provided.
docs/site/componentDemoFrame.tsx(366,29): error TS17004: Cannot use JSX unless the '--jsx' flag is provided.
docs/site/componentDemoFrame.tsx(367,25): error TS7026: JSX element implicitly has type 'any' because no interface 'JSX.IntrinsicElements' exists.
docs/site/componentDemoFrame.tsx(369,17): error TS7026: JSX element implicitly has type 'any' because no interface 'JSX.IntrinsicElements' exists.
docs/site/componentDemoFrame.tsx(371,9): error TS7026: JSX element implicitly has type 'any' because no interface 'JSX.IntrinsicElements' exists.
docs/site/componentDemos.tsx(1,21): error TS2307: Cannot find module '@crab-dev/css' or its corresponding type declarations.
docs/site/componentDemos.tsx(2,21): error TS2307: Cannot find module '@crab-dev/rc-component-preview' or its corresponding type declarations.
docs/site/componentDemos.tsx(3,19): error TS2307: Cannot find module '@crab-dev/rc-token-semantic' or its corresponding type declarations.
docs/site/componentDemos.tsx(4,26): error TS2307: Cannot find module 'react' or its corresponding type declarations.
docs/site/componentDemos.tsx(9,8): error TS6142: Module './componentDemoFrame.js' was resolved to 'C:/Users/zhang/Desktop/crab-dev/.website/docs/site/componentDemoFrame.tsx', but '--jsx' is not set.
docs/site/componentDemos.tsx(62,9): error TS17004: Cannot use JSX unless the '--jsx' flag is provided.
docs/site/componentDemos.tsx(73,13): error TS17004: Cannot use JSX unless the '--jsx' flag is provided.
docs/site/componentDemos.tsx(98,9): error TS7026: JSX element implicitly has type 'any' because no interface 'JSX.IntrinsicElements' exists.
docs/site/componentDemos.tsx(98,9): error TS17004: Cannot use JSX unless the '--jsx' flag is provided.
docs/site/componentDemos.tsx(99,34): error TS17004: Cannot use JSX unless the '--jsx' flag is provided.
docs/site/componentDemos.tsx(99,44): error TS2322: Type '{ key: string; demo: ComponentDemoRecord; }' is not assignable to type '{ readonly demo: ComponentDemoRecord; }'.
  Property 'key' does not exist on type '{ readonly demo: ComponentDemoRecord; }'.
docs/site/componentDemos.tsx(100,9): error TS7026: JSX element implicitly has type 'any' because no interface 'JSX.IntrinsicElements' exists.
docs/site/componentDemos.tsx(105,36): error TS17004: Cannot use JSX unless the '--jsx' flag is provided.
docs/site/componentDemos.tsx(110,9): error TS7026: JSX element implicitly has type 'any' because no interface 'JSX.IntrinsicElements' exists.
docs/site/componentDemos.tsx(110,9): error TS17004: Cannot use JSX unless the '--jsx' flag is provided.
docs/site/componentDemos.tsx(113,23): error TS17004: Cannot use JSX unless the '--jsx' flag is provided.
docs/site/componentDemos.tsx(113,33): error TS2322: Type '{ key: string; demos: readonly ComponentDemoRecord[]; }' is not assignable to type '{ readonly demos: readonly ComponentDemoRecord[]; }'.
  Property 'key' does not exist on type '{ readonly demos: readonly ComponentDemoRecord[]; }'.
docs/site/componentDemos.tsx(115,25): error TS7026: JSX element implicitly has type 'any' because no interface 'JSX.IntrinsicElements' exists.
docs/site/componentDemos.tsx(115,25): error TS17004: Cannot use JSX unless the '--jsx' flag is provided.
docs/site/componentDemos.tsx(120,29): error TS7026: JSX element implicitly has type 'any' because no interface 'JSX.IntrinsicElements' exists.
docs/site/componentDemos.tsx(120,29): error TS17004: Cannot use JSX unless the '--jsx' flag is provided.
docs/site/componentDemos.tsx(120,74): error TS7026: JSX element implicitly has type 'any' because no interface 'JSX.IntrinsicElements' exists.
docs/site/componentDemos.tsx(121,29): error TS17004: Cannot use JSX unless the '--jsx' flag is provided.
docs/site/componentDemos.tsx(122,25): error TS7026: JSX element implicitly has type 'any' because no interface 'JSX.IntrinsicElements' exists.
docs/site/componentDemos.tsx(125,9): error TS7026: JSX element implicitly has type 'any' because no interface 'JSX.IntrinsicElements' exists.
docs/site/firstExample.tsx(1,25): error TS6142: Module './liveExample.js' was resolved to 'C:/Users/zhang/Desktop/crab-dev/.website/docs/site/liveExample.tsx', but '--jsx' is not set.
docs/site/firstExample.tsx(2,37): error TS6142: Module './tutorial.js' was resolved to 'C:/Users/zhang/Desktop/crab-dev/.website/docs/site/tutorial.tsx', but '--jsx' is not set.
docs/site/firstExample.tsx(8,9): error TS17004: Cannot use JSX unless the '--jsx' flag is provided.
docs/site/homeStyles.ts(1,29): error TS2307: Cannot find module '@crab-dev/css' or its corresponding type declarations.
docs/site/homeStyles.ts(2,19): error TS2307: Cannot find module '@crab-dev/rc-token-semantic' or its corresponding type declarations.
docs/site/homeStyles.ts(3,25): error TS2307: Cannot find module '@crab-dev/rc-token-global' or its corresponding type declarations.
docs/site/learningHome.tsx(1,20): error TS2307: Cannot find module '@crab-dev/rc-button' or its corresponding type declarations.
docs/site/learningHome.tsx(2,25): error TS6142: Module './liveExample.js' was resolved to 'C:/Users/zhang/Desktop/crab-dev/.website/docs/site/liveExample.tsx', but '--jsx' is not set.
docs/site/learningHome.tsx(7,34): error TS6142: Module '../examples/home/profile.js' was resolved to 'C:/Users/zhang/Desktop/crab-dev/.website/docs/examples/home/profile.tsx', but '--jsx' is not set.
docs/site/learningHome.tsx(97,9): error TS7026: JSX element implicitly has type 'any' because no interface 'JSX.IntrinsicElements' exists.
docs/site/learningHome.tsx(97,9): error TS17004: Cannot use JSX unless the '--jsx' flag is provided.
docs/site/learningHome.tsx(98,13): error TS7026: JSX element implicitly has type 'any' because no interface 'JSX.IntrinsicElements' exists.
docs/site/learningHome.tsx(98,13): error TS17004: Cannot use JSX unless the '--jsx' flag is provided.
docs/site/learningHome.tsx(99,17): error TS7026: JSX element implicitly has type 'any' because no interface 'JSX.IntrinsicElements' exists.
docs/site/learningHome.tsx(99,17): error TS17004: Cannot use JSX unless the '--jsx' flag is provided.
docs/site/learningHome.tsx(100,21): error TS7026: JSX element implicitly has type 'any' because no interface 'JSX.IntrinsicElements' exists.
docs/site/learningHome.tsx(100,21): error TS17004: Cannot use JSX unless the '--jsx' flag is provided.
docs/site/learningHome.tsx(101,25): error TS7026: JSX element implicitly has type 'any' because no interface 'JSX.IntrinsicElements' exists.
docs/site/learningHome.tsx(101,25): error TS17004: Cannot use JSX unless the '--jsx' flag is provided.
docs/site/learningHome.tsx(101,66): error TS7026: JSX element implicitly has type 'any' because no interface 'JSX.IntrinsicElements' exists.
docs/site/learningHome.tsx(102,25): error TS7026: JSX element implicitly has type 'any' because no interface 'JSX.IntrinsicElements' exists.
docs/site/learningHome.tsx(102,25): error TS17004: Cannot use JSX unless the '--jsx' flag is provided.
docs/site/learningHome.tsx(102,45): error TS7026: JSX element implicitly has type 'any' because no interface 'JSX.IntrinsicElements' exists.
docs/site/learningHome.tsx(103,21): error TS7026: JSX element implicitly has type 'any' because no interface 'JSX.IntrinsicElements' exists.
docs/site/learningHome.tsx(104,21): error TS7026: JSX element implicitly has type 'any' because no interface 'JSX.IntrinsicElements' exists.
docs/site/learningHome.tsx(104,21): error TS17004: Cannot use JSX unless the '--jsx' flag is provided.
docs/site/learningHome.tsx(104,25): error TS7026: JSX element implicitly has type 'any' because no interface 'JSX.IntrinsicElements' exists.
docs/site/learningHome.tsx(104,25): error TS17004: Cannot use JSX unless the '--jsx' flag is provided.
docs/site/learningHome.tsx(104,35): error TS7026: JSX element implicitly has type 'any' because no interface 'JSX.IntrinsicElements' exists.
docs/site/learningHome.tsx(104,42): error TS7026: JSX element implicitly has type 'any' because no interface 'JSX.IntrinsicElements' exists.
docs/site/learningHome.tsx(104,42): error TS17004: Cannot use JSX unless the '--jsx' flag is provided.
docs/site/learningHome.tsx(104,54): error TS7026: JSX element implicitly has type 'any' because no interface 'JSX.IntrinsicElements' exists.
docs/site/learningHome.tsx(104,61): error TS7026: JSX element implicitly has type 'any' because no interface 'JSX.IntrinsicElements' exists.
docs/site/learningHome.tsx(105,21): error TS7026: JSX element implicitly has type 'any' because no interface 'JSX.IntrinsicElements' exists.
docs/site/learningHome.tsx(105,21): error TS17004: Cannot use JSX unless the '--jsx' flag is provided.
docs/site/learningHome.tsx(107,21): error TS7026: JSX element implicitly has type 'any' because no interface 'JSX.IntrinsicElements' exists.
docs/site/learningHome.tsx(108,21): error TS7026: JSX element implicitly has type 'any' because no interface 'JSX.IntrinsicElements' exists.
docs/site/learningHome.tsx(108,21): error TS17004: Cannot use JSX unless the '--jsx' flag is provided.
docs/site/learningHome.tsx(109,25): error TS17004: Cannot use JSX unless the '--jsx' flag is provided.
docs/site/learningHome.tsx(113,40): error TS7026: JSX element implicitly has type 'any' because no interface 'JSX.IntrinsicElements' exists.
docs/site/learningHome.tsx(113,40): error TS17004: Cannot use JSX unless the '--jsx' flag is provided.
docs/site/learningHome.tsx(113,66): error TS7026: JSX element implicitly has type 'any' because no interface 'JSX.IntrinsicElements' exists.
docs/site/learningHome.tsx(117,25): error TS17004: Cannot use JSX unless the '--jsx' flag is provided.
docs/site/learningHome.tsx(120,21): error TS7026: JSX element implicitly has type 'any' because no interface 'JSX.IntrinsicElements' exists.
docs/site/learningHome.tsx(121,21): error TS7026: JSX element implicitly has type 'any' because no interface 'JSX.IntrinsicElements' exists.
docs/site/learningHome.tsx(121,21): error TS17004: Cannot use JSX unless the '--jsx' flag is provided.
docs/site/learningHome.tsx(122,25): error TS7026: JSX element implicitly has type 'any' because no interface 'JSX.IntrinsicElements' exists.
docs/site/learningHome.tsx(122,25): error TS17004: Cannot use JSX unless the '--jsx' flag is provided.
docs/site/learningHome.tsx(123,29): error TS7026: JSX element implicitly has type 'any' because no interface 'JSX.IntrinsicElements' exists.
docs/site/learningHome.tsx(123,29): error TS17004: Cannot use JSX unless the '--jsx' flag is provided.
docs/site/learningHome.tsx(123,39): error TS7026: JSX element implicitly has type 'any' because no interface 'JSX.IntrinsicElements' exists.
docs/site/learningHome.tsx(124,25): error TS7026: JSX element implicitly has type 'any' because no interface 'JSX.IntrinsicElements' exists.
docs/site/learningHome.tsx(125,25): error TS7026: JSX element implicitly has type 'any' because no interface 'JSX.IntrinsicElements' exists.
docs/site/learningHome.tsx(125,25): error TS17004: Cannot use JSX unless the '--jsx' flag is provided.
docs/site/learningHome.tsx(126,29): error TS7026: JSX element implicitly has type 'any' because no interface 'JSX.IntrinsicElements' exists.
docs/site/learningHome.tsx(126,29): error TS17004: Cannot use JSX unless the '--jsx' flag is provided.
docs/site/learningHome.tsx(126,40): error TS7026: JSX element implicitly has type 'any' because no interface 'JSX.IntrinsicElements' exists.
docs/site/learningHome.tsx(127,25): error TS7026: JSX element implicitly has type 'any' because no interface 'JSX.IntrinsicElements' exists.
docs/site/learningHome.tsx(128,25): error TS7026: JSX element implicitly has type 'any' because no interface 'JSX.IntrinsicElements' exists.
docs/site/learningHome.tsx(128,25): error TS17004: Cannot use JSX unless the '--jsx' flag is provided.
docs/site/learningHome.tsx(129,29): error TS7026: JSX element implicitly has type 'any' because no interface 'JSX.IntrinsicElements' exists.
docs/site/learningHome.tsx(129,29): error TS17004: Cannot use JSX unless the '--jsx' flag is provided.
docs/site/learningHome.tsx(129,39): error TS7026: JSX element implicitly has type 'any' because no interface 'JSX.IntrinsicElements' exists.
docs/site/learningHome.tsx(130,25): error TS7026: JSX element implicitly has type 'any' because no interface 'JSX.IntrinsicElements' exists.
docs/site/learningHome.tsx(131,21): error TS7026: JSX element implicitly has type 'any' because no interface 'JSX.IntrinsicElements' exists.
docs/site/learningHome.tsx(132,17): error TS7026: JSX element implicitly has type 'any' because no interface 'JSX.IntrinsicElements' exists.
docs/site/learningHome.tsx(133,13): error TS7026: JSX element implicitly has type 'any' because no interface 'JSX.IntrinsicElements' exists.
docs/site/learningHome.tsx(134,13): error TS7026: JSX element implicitly has type 'any' because no interface 'JSX.IntrinsicElements' exists.
docs/site/learningHome.tsx(134,13): error TS17004: Cannot use JSX unless the '--jsx' flag is provided.
docs/site/learningHome.tsx(135,17): error TS17004: Cannot use JSX unless the '--jsx' flag is provided.
docs/site/learningHome.tsx(142,17): error TS7026: JSX element implicitly has type 'any' because no interface 'JSX.IntrinsicElements' exists.
docs/site/learningHome.tsx(142,17): error TS17004: Cannot use JSX unless the '--jsx' flag is provided.
docs/site/learningHome.tsx(143,21): error TS7026: JSX element implicitly has type 'any' because no interface 'JSX.IntrinsicElements' exists.
docs/site/learningHome.tsx(143,21): error TS17004: Cannot use JSX unless the '--jsx' flag is provided.
docs/site/learningHome.tsx(143,50): error TS7026: JSX element implicitly has type 'any' because no interface 'JSX.IntrinsicElements' exists.
docs/site/learningHome.tsx(144,21): error TS17004: Cannot use JSX unless the '--jsx' flag is provided.
docs/site/learningHome.tsx(147,17): error TS7026: JSX element implicitly has type 'any' because no interface 'JSX.IntrinsicElements' exists.
docs/site/learningHome.tsx(148,13): error TS7026: JSX element implicitly has type 'any' because no interface 'JSX.IntrinsicElements' exists.
docs/site/learningHome.tsx(149,13): error TS7026: JSX element implicitly has type 'any' because no interface 'JSX.IntrinsicElements' exists.
docs/site/learningHome.tsx(149,13): error TS17004: Cannot use JSX unless the '--jsx' flag is provided.
docs/site/learningHome.tsx(154,17): error TS7026: JSX element implicitly has type 'any' because no interface 'JSX.IntrinsicElements' exists.
docs/site/learningHome.tsx(154,17): error TS17004: Cannot use JSX unless the '--jsx' flag is provided.
docs/site/learningHome.tsx(155,21): error TS7026: JSX element implicitly has type 'any' because no interface 'JSX.IntrinsicElements' exists.
docs/site/learningHome.tsx(155,21): error TS17004: Cannot use JSX unless the '--jsx' flag is provided.
docs/site/learningHome.tsx(156,25): error TS7026: JSX element implicitly has type 'any' because no interface 'JSX.IntrinsicElements' exists.
docs/site/learningHome.tsx(156,25): error TS17004: Cannot use JSX unless the '--jsx' flag is provided.
docs/site/learningHome.tsx(156,71): error TS7026: JSX element implicitly has type 'any' because no interface 'JSX.IntrinsicElements' exists.
docs/site/learningHome.tsx(157,25): error TS7026: JSX element implicitly has type 'any' because no interface 'JSX.IntrinsicElements' exists.
docs/site/learningHome.tsx(157,25): error TS17004: Cannot use JSX unless the '--jsx' flag is provided.
docs/site/learningHome.tsx(157,64): error TS7026: JSX element implicitly has type 'any' because no interface 'JSX.IntrinsicElements' exists.
docs/site/learningHome.tsx(158,21): error TS7026: JSX element implicitly has type 'any' because no interface 'JSX.IntrinsicElements' exists.
docs/site/learningHome.tsx(159,21): error TS17004: Cannot use JSX unless the '--jsx' flag is provided.
docs/site/learningHome.tsx(162,17): error TS7026: JSX element implicitly has type 'any' because no interface 'JSX.IntrinsicElements' exists.
docs/site/learningHome.tsx(163,17): error TS7026: JSX element implicitly has type 'any' because no interface 'JSX.IntrinsicElements' exists.
docs/site/learningHome.tsx(163,17): error TS17004: Cannot use JSX unless the '--jsx' flag is provided.
docs/site/learningHome.tsx(165,25): error TS7026: JSX element implicitly has type 'any' because no interface 'JSX.IntrinsicElements' exists.
docs/site/learningHome.tsx(165,25): error TS17004: Cannot use JSX unless the '--jsx' flag is provided.
docs/site/learningHome.tsx(170,29): error TS7026: JSX element implicitly has type 'any' because no interface 'JSX.IntrinsicElements' exists.
docs/site/learningHome.tsx(170,29): error TS17004: Cannot use JSX unless the '--jsx' flag is provided.
docs/site/learningHome.tsx(171,33): error TS7026: JSX element implicitly has type 'any' because no interface 'JSX.IntrinsicElements' exists.
docs/site/learningHome.tsx(171,33): error TS17004: Cannot use JSX unless the '--jsx' flag is provided.
docs/site/learningHome.tsx(171,70): error TS7026: JSX element implicitly has type 'any' because no interface 'JSX.IntrinsicElements' exists.
docs/site/learningHome.tsx(172,33): error TS7026: JSX element implicitly has type 'any' because no interface 'JSX.IntrinsicElements' exists.
docs/site/learningHome.tsx(172,33): error TS17004: Cannot use JSX unless the '--jsx' flag is provided.
docs/site/learningHome.tsx(172,53): error TS7026: JSX element implicitly has type 'any' because no interface 'JSX.IntrinsicElements' exists.
docs/site/learningHome.tsx(173,33): error TS17004: Cannot use JSX unless the '--jsx' flag is provided.
docs/site/learningHome.tsx(182,29): error TS7026: JSX element implicitly has type 'any' because no interface 'JSX.IntrinsicElements' exists.
docs/site/learningHome.tsx(183,29): error TS7026: JSX element implicitly has type 'any' because no interface 'JSX.IntrinsicElements' exists.
docs/site/learningHome.tsx(183,29): error TS17004: Cannot use JSX unless the '--jsx' flag is provided.
docs/site/learningHome.tsx(183,49): error TS7026: JSX element implicitly has type 'any' because no interface 'JSX.IntrinsicElements' exists.
docs/site/learningHome.tsx(184,29): error TS7026: JSX element implicitly has type 'any' because no interface 'JSX.IntrinsicElements' exists.
docs/site/learningHome.tsx(184,29): error TS17004: Cannot use JSX unless the '--jsx' flag is provided.
docs/site/learningHome.tsx(186,37): error TS17004: Cannot use JSX unless the '--jsx' flag is provided.
docs/site/learningHome.tsx(194,29): error TS7026: JSX element implicitly has type 'any' because no interface 'JSX.IntrinsicElements' exists.
docs/site/learningHome.tsx(195,25): error TS7026: JSX element implicitly has type 'any' because no interface 'JSX.IntrinsicElements' exists.
docs/site/learningHome.tsx(197,17): error TS7026: JSX element implicitly has type 'any' because no interface 'JSX.IntrinsicElements' exists.
docs/site/learningHome.tsx(198,13): error TS7026: JSX element implicitly has type 'any' because no interface 'JSX.IntrinsicElements' exists.
docs/site/learningHome.tsx(199,13): error TS7026: JSX element implicitly has type 'any' because no interface 'JSX.IntrinsicElements' exists.
docs/site/learningHome.tsx(199,13): error TS17004: Cannot use JSX unless the '--jsx' flag is provided.
docs/site/learningHome.tsx(200,17): error TS7026: JSX element implicitly has type 'any' because no interface 'JSX.IntrinsicElements' exists.
docs/site/learningHome.tsx(200,17): error TS17004: Cannot use JSX unless the '--jsx' flag is provided.
docs/site/learningHome.tsx(201,21): error TS7026: JSX element implicitly has type 'any' because no interface 'JSX.IntrinsicElements' exists.
docs/site/learningHome.tsx(201,21): error TS17004: Cannot use JSX unless the '--jsx' flag is provided.
docs/site/learningHome.tsx(201,68): error TS7026: JSX element implicitly has type 'any' because no interface 'JSX.IntrinsicElements' exists.
docs/site/learningHome.tsx(202,21): error TS7026: JSX element implicitly has type 'any' because no interface 'JSX.IntrinsicElements' exists.
docs/site/learningHome.tsx(202,21): error TS17004: Cannot use JSX unless the '--jsx' flag is provided.
docs/site/learningHome.tsx(202,58): error TS7026: JSX element implicitly has type 'any' because no interface 'JSX.IntrinsicElements' exists.
docs/site/learningHome.tsx(203,21): error TS7026: JSX element implicitly has type 'any' because no interface 'JSX.IntrinsicElements' exists.
docs/site/learningHome.tsx(203,21): error TS17004: Cannot use JSX unless the '--jsx' flag is provided.
docs/site/learningHome.tsx(203,45): error TS7026: JSX element implicitly has type 'any' because no interface 'JSX.IntrinsicElements' exists.
docs/site/learningHome.tsx(204,17): error TS7026: JSX element implicitly has type 'any' because no interface 'JSX.IntrinsicElements' exists.
docs/site/learningHome.tsx(205,17): error TS7026: JSX element implicitly has type 'any' because no interface 'JSX.IntrinsicElements' exists.
docs/site/learningHome.tsx(205,17): error TS17004: Cannot use JSX unless the '--jsx' flag is provided.
docs/site/learningHome.tsx(206,21): error TS17004: Cannot use JSX unless the '--jsx' flag is provided.
docs/site/learningHome.tsx(207,25): error TS7026: JSX element implicitly has type 'any' because no interface 'JSX.IntrinsicElements' exists.
docs/site/learningHome.tsx(207,25): error TS17004: Cannot use JSX unless the '--jsx' flag is provided.
docs/site/learningHome.tsx(207,33): error TS7026: JSX element implicitly has type 'any' because no interface 'JSX.IntrinsicElements' exists.
docs/site/learningHome.tsx(209,21): error TS17004: Cannot use JSX unless the '--jsx' flag is provided.
docs/site/learningHome.tsx(210,25): error TS7026: JSX element implicitly has type 'any' because no interface 'JSX.IntrinsicElements' exists.
docs/site/learningHome.tsx(210,25): error TS17004: Cannot use JSX unless the '--jsx' flag is provided.
docs/site/learningHome.tsx(210,33): error TS7026: JSX element implicitly has type 'any' because no interface 'JSX.IntrinsicElements' exists.
docs/site/learningHome.tsx(212,21): error TS17004: Cannot use JSX unless the '--jsx' flag is provided.
docs/site/learningHome.tsx(213,25): error TS7026: JSX element implicitly has type 'any' because no interface 'JSX.IntrinsicElements' exists.
docs/site/learningHome.tsx(213,25): error TS17004: Cannot use JSX unless the '--jsx' flag is provided.
docs/site/learningHome.tsx(213,33): error TS7026: JSX element implicitly has type 'any' because no interface 'JSX.IntrinsicElements' exists.
docs/site/learningHome.tsx(215,17): error TS7026: JSX element implicitly has type 'any' because no interface 'JSX.IntrinsicElements' exists.
docs/site/learningHome.tsx(216,13): error TS7026: JSX element implicitly has type 'any' because no interface 'JSX.IntrinsicElements' exists.
docs/site/learningHome.tsx(217,13): error TS7026: JSX element implicitly has type 'any' because no interface 'JSX.IntrinsicElements' exists.
docs/site/learningHome.tsx(217,13): error TS17004: Cannot use JSX unless the '--jsx' flag is provided.
docs/site/learningHome.tsx(218,17): error TS7026: JSX element implicitly has type 'any' because no interface 'JSX.IntrinsicElements' exists.
docs/site/learningHome.tsx(218,17): error TS17004: Cannot use JSX unless the '--jsx' flag is provided.
docs/site/learningHome.tsx(219,21): error TS7026: JSX element implicitly has type 'any' because no interface 'JSX.IntrinsicElements' exists.
docs/site/learningHome.tsx(219,21): error TS17004: Cannot use JSX unless the '--jsx' flag is provided.
docs/site/learningHome.tsx(220,25): error TS7026: JSX element implicitly has type 'any' because no interface 'JSX.IntrinsicElements' exists.
docs/site/learningHome.tsx(220,25): error TS17004: Cannot use JSX unless the '--jsx' flag is provided.
docs/site/learningHome.tsx(220,76): error TS7026: JSX element implicitly has type 'any' because no interface 'JSX.IntrinsicElements' exists.
docs/site/learningHome.tsx(221,25): error TS7026: JSX element implicitly has type 'any' because no interface 'JSX.IntrinsicElements' exists.
docs/site/learningHome.tsx(221,25): error TS17004: Cannot use JSX unless the '--jsx' flag is provided.
docs/site/learningHome.tsx(221,60): error TS7026: JSX element implicitly has type 'any' because no interface 'JSX.IntrinsicElements' exists.
docs/site/learningHome.tsx(222,21): error TS7026: JSX element implicitly has type 'any' because no interface 'JSX.IntrinsicElements' exists.
docs/site/learningHome.tsx(223,21): error TS7026: JSX element implicitly has type 'any' because no interface 'JSX.IntrinsicElements' exists.
docs/site/learningHome.tsx(223,21): error TS17004: Cannot use JSX unless the '--jsx' flag is provided.
docs/site/learningHome.tsx(223,69): error TS7026: JSX element implicitly has type 'any' because no interface 'JSX.IntrinsicElements' exists.
docs/site/learningHome.tsx(224,17): error TS7026: JSX element implicitly has type 'any' because no interface 'JSX.IntrinsicElements' exists.
docs/site/learningHome.tsx(225,17): error TS7026: JSX element implicitly has type 'any' because no interface 'JSX.IntrinsicElements' exists.
docs/site/learningHome.tsx(225,17): error TS17004: Cannot use JSX unless the '--jsx' flag is provided.
docs/site/learningHome.tsx(227,25): error TS7026: JSX element implicitly has type 'any' because no interface 'JSX.IntrinsicElements' exists.
docs/site/learningHome.tsx(227,25): error TS17004: Cannot use JSX unless the '--jsx' flag is provided.
docs/site/learningHome.tsx(228,29): error TS7026: JSX element implicitly has type 'any' because no interface 'JSX.IntrinsicElements' exists.
docs/site/learningHome.tsx(228,29): error TS17004: Cannot use JSX unless the '--jsx' flag is provided.
docs/site/learningHome.tsx(228,87): error TS7026: JSX element implicitly has type 'any' because no interface 'JSX.IntrinsicElements' exists.
docs/site/learningHome.tsx(229,29): error TS7026: JSX element implicitly has type 'any' because no interface 'JSX.IntrinsicElements' exists.
docs/site/learningHome.tsx(229,29): error TS17004: Cannot use JSX unless the '--jsx' flag is provided.
docs/site/learningHome.tsx(230,33): error TS17004: Cannot use JSX unless the '--jsx' flag is provided.
docs/site/learningHome.tsx(233,48): error TS7026: JSX element implicitly has type 'any' because no interface 'JSX.IntrinsicElements' exists.
docs/site/learningHome.tsx(233,48): error TS17004: Cannot use JSX unless the '--jsx' flag is provided.
docs/site/learningHome.tsx(233,74): error TS7026: JSX element implicitly has type 'any' because no interface 'JSX.IntrinsicElements' exists.
docs/site/learningHome.tsx(237,29): error TS7026: JSX element implicitly has type 'any' because no interface 'JSX.IntrinsicElements' exists.
docs/site/learningHome.tsx(238,29): error TS7026: JSX element implicitly has type 'any' because no interface 'JSX.IntrinsicElements' exists.
docs/site/learningHome.tsx(238,29): error TS17004: Cannot use JSX unless the '--jsx' flag is provided.
docs/site/learningHome.tsx(238,49): error TS7026: JSX element implicitly has type 'any' because no interface 'JSX.IntrinsicElements' exists.
docs/site/learningHome.tsx(239,29): error TS7026: JSX element implicitly has type 'any' because no interface 'JSX.IntrinsicElements' exists.
docs/site/learningHome.tsx(239,29): error TS17004: Cannot use JSX unless the '--jsx' flag is provided.
docs/site/learningHome.tsx(241,29): error TS7026: JSX element implicitly has type 'any' because no interface 'JSX.IntrinsicElements' exists.
docs/site/learningHome.tsx(242,25): error TS7026: JSX element implicitly has type 'any' because no interface 'JSX.IntrinsicElements' exists.
docs/site/learningHome.tsx(244,17): error TS7026: JSX element implicitly has type 'any' because no interface 'JSX.IntrinsicElements' exists.
docs/site/learningHome.tsx(245,13): error TS7026: JSX element implicitly has type 'any' because no interface 'JSX.IntrinsicElements' exists.
docs/site/learningHome.tsx(246,13): error TS7026: JSX element implicitly has type 'any' because no interface 'JSX.IntrinsicElements' exists.
docs/site/learningHome.tsx(246,13): error TS17004: Cannot use JSX unless the '--jsx' flag is provided.
docs/site/learningHome.tsx(247,17): error TS7026: JSX element implicitly has type 'any' because no interface 'JSX.IntrinsicElements' exists.
docs/site/learningHome.tsx(247,17): error TS17004: Cannot use JSX unless the '--jsx' flag is provided.
docs/site/learningHome.tsx(248,21): error TS7026: JSX element implicitly has type 'any' because no interface 'JSX.IntrinsicElements' exists.
docs/site/learningHome.tsx(248,21): error TS17004: Cannot use JSX unless the '--jsx' flag is provided.
docs/site/learningHome.tsx(248,36): error TS7026: JSX element implicitly has type 'any' because no interface 'JSX.IntrinsicElements' exists.
docs/site/learningHome.tsx(249,17): error TS7026: JSX element implicitly has type 'any' because no interface 'JSX.IntrinsicElements' exists.
docs/site/learningHome.tsx(250,17): error TS7026: JSX element implicitly has type 'any' because no interface 'JSX.IntrinsicElements' exists.
docs/site/learningHome.tsx(250,17): error TS17004: Cannot use JSX unless the '--jsx' flag is provided.
docs/site/learningHome.tsx(251,21): error TS17004: Cannot use JSX unless the '--jsx' flag is provided.
docs/site/learningHome.tsx(254,21): error TS17004: Cannot use JSX unless the '--jsx' flag is provided.
docs/site/learningHome.tsx(257,21): error TS17004: Cannot use JSX unless the '--jsx' flag is provided.
docs/site/learningHome.tsx(260,17): error TS7026: JSX element implicitly has type 'any' because no interface 'JSX.IntrinsicElements' exists.
docs/site/learningHome.tsx(261,13): error TS7026: JSX element implicitly has type 'any' because no interface 'JSX.IntrinsicElements' exists.
docs/site/learningHome.tsx(262,9): error TS7026: JSX element implicitly has type 'any' because no interface 'JSX.IntrinsicElements' exists.
docs/site/liveExample.tsx(1,64): error TS2307: Cannot find module 'react' or its corresponding type declarations.
docs/site/liveExample.tsx(2,47): error TS2307: Cannot find module 'react' or its corresponding type declarations.
docs/site/liveExample.tsx(3,20): error TS2307: Cannot find module '@crab-dev/rc-button' or its corresponding type declarations.
docs/site/liveExample.tsx(4,19): error TS2307: Cannot find module '@crab-dev/rc-alert' or its corresponding type declarations.
docs/site/liveExample.tsx(5,18): error TS2307: Cannot find module '@crab-dev/rc-spin' or its corresponding type declarations.
docs/site/liveExample.tsx(6,21): error TS2307: Cannot find module '@crab-dev/rc-component-preview' or its corresponding type declarations.
docs/site/liveExample.tsx(7,21): error TS2307: Cannot find module '@crab-dev/css' or its corresponding type declarations.
docs/site/liveExample.tsx(8,19): error TS2307: Cannot find module '@crab-dev/rc-token-semantic' or its corresponding type declarations.
docs/site/liveExample.tsx(9,32): error TS6142: Module './componentDemoFrame.js' was resolved to 'C:/Users/zhang/Desktop/crab-dev/.website/docs/site/componentDemoFrame.tsx', but '--jsx' is not set.
docs/site/liveExample.tsx(49,13): error TS17004: Cannot use JSX unless the '--jsx' flag is provided.
docs/site/liveExample.tsx(52,25): error TS17004: Cannot use JSX unless the '--jsx' flag is provided.
docs/site/liveExample.tsx(52,47): error TS2339: Property 'props' does not exist on type 'PreviewBoundary'.
docs/site/liveExample.tsx(57,18): error TS2339: Property 'props' does not exist on type 'PreviewBoundary'.
docs/site/liveExample.tsx(75,26): error TS7006: Parameter 'value' implicitly has an 'any' type.
docs/site/liveExample.tsx(78,9): error TS17004: Cannot use JSX unless the '--jsx' flag is provided.
docs/site/liveExample.tsx(79,13): error TS17004: Cannot use JSX unless the '--jsx' flag is provided.
docs/site/liveExample.tsx(79,33): error TS17004: Cannot use JSX unless the '--jsx' flag is provided.
docs/site/liveExample.tsx(80,17): error TS17004: Cannot use JSX unless the '--jsx' flag is provided.
docs/site/liveExample.tsx(105,37): error TS7006: Parameter 'value' implicitly has an 'any' type.
docs/site/liveExample.tsx(107,9): error TS7026: JSX element implicitly has type 'any' because no interface 'JSX.IntrinsicElements' exists.
docs/site/liveExample.tsx(107,9): error TS17004: Cannot use JSX unless the '--jsx' flag is provided.
docs/site/liveExample.tsx(114,17): error TS7026: JSX element implicitly has type 'any' because no interface 'JSX.IntrinsicElements' exists.
docs/site/liveExample.tsx(114,17): error TS17004: Cannot use JSX unless the '--jsx' flag is provided.
docs/site/liveExample.tsx(115,21): error TS7026: JSX element implicitly has type 'any' because no interface 'JSX.IntrinsicElements' exists.
docs/site/liveExample.tsx(115,21): error TS17004: Cannot use JSX unless the '--jsx' flag is provided.
docs/site/liveExample.tsx(117,25): error TS7026: JSX element implicitly has type 'any' because no interface 'JSX.IntrinsicElements' exists.
docs/site/liveExample.tsx(117,25): error TS17004: Cannot use JSX unless the '--jsx' flag is provided.
docs/site/liveExample.tsx(117,53): error TS7026: JSX element implicitly has type 'any' because no interface 'JSX.IntrinsicElements' exists.
docs/site/liveExample.tsx(118,21): error TS7026: JSX element implicitly has type 'any' because no interface 'JSX.IntrinsicElements' exists.
docs/site/liveExample.tsx(119,21): error TS17004: Cannot use JSX unless the '--jsx' flag is provided.
docs/site/liveExample.tsx(127,17): error TS7026: JSX element implicitly has type 'any' because no interface 'JSX.IntrinsicElements' exists.
docs/site/liveExample.tsx(129,13): error TS17004: Cannot use JSX unless the '--jsx' flag is provided.
docs/site/liveExample.tsx(132,25): error TS7026: JSX element implicitly has type 'any' because no interface 'JSX.IntrinsicElements' exists.
docs/site/liveExample.tsx(132,25): error TS17004: Cannot use JSX unless the '--jsx' flag is provided.
docs/site/liveExample.tsx(134,29): error TS17004: Cannot use JSX unless the '--jsx' flag is provided.
docs/site/liveExample.tsx(142,25): error TS7026: JSX element implicitly has type 'any' because no interface 'JSX.IntrinsicElements' exists.
docs/site/liveExample.tsx(149,36): error TS7006: Parameter 'code' implicitly has an 'any' type.
docs/site/liveExample.tsx(159,17): error TS17004: Cannot use JSX unless the '--jsx' flag is provided.
docs/site/liveExample.tsx(162,17): error TS17004: Cannot use JSX unless the '--jsx' flag is provided.
docs/site/liveExample.tsx(166,9): error TS7026: JSX element implicitly has type 'any' because no interface 'JSX.IntrinsicElements' exists.
docs/site/practiceGallery.tsx(1,26): error TS2307: Cannot find module 'react' or its corresponding type declarations.
docs/site/practiceGallery.tsx(2,18): error TS2307: Cannot find module '@crab-dev/rc-tabs' or its corresponding type declarations.
docs/site/practiceGallery.tsx(3,20): error TS2307: Cannot find module '@crab-dev/rc-button' or its corresponding type declarations.
docs/site/practiceGallery.tsx(4,19): error TS2307: Cannot find module '@crab-dev/rc-alert' or its corresponding type declarations.
docs/site/practiceGallery.tsx(5,21): error TS2307: Cannot find module '@crab-dev/css' or its corresponding type declarations.
docs/site/practiceGallery.tsx(6,19): error TS2307: Cannot find module '@crab-dev/rc-token-semantic' or its corresponding type declarations.
docs/site/practiceGallery.tsx(10,25): error TS6142: Module './liveExample.js' was resolved to 'C:/Users/zhang/Desktop/crab-dev/.website/docs/site/liveExample.tsx', but '--jsx' is not set.
docs/site/practiceGallery.tsx(26,9): error TS17004: Cannot use JSX unless the '--jsx' flag is provided.
docs/site/practiceGallery.tsx(37,25): error TS7026: JSX element implicitly has type 'any' because no interface 'JSX.IntrinsicElements' exists.
docs/site/practiceGallery.tsx(37,25): error TS17004: Cannot use JSX unless the '--jsx' flag is provided.
docs/site/practiceGallery.tsx(38,29): error TS7026: JSX element implicitly has type 'any' because no interface 'JSX.IntrinsicElements' exists.
docs/site/practiceGallery.tsx(38,29): error TS17004: Cannot use JSX unless the '--jsx' flag is provided.
docs/site/practiceGallery.tsx(39,33): error TS17004: Cannot use JSX unless the '--jsx' flag is provided.
docs/site/practiceGallery.tsx(42,29): error TS7026: JSX element implicitly has type 'any' because no interface 'JSX.IntrinsicElements' exists.
docs/site/practiceGallery.tsx(44,33): error TS17004: Cannot use JSX unless the '--jsx' flag is provided.
docs/site/practiceGallery.tsx(45,37): error TS2322: Type '{ key: string; title: string; description: string; sourceCode: string; load: () => Promise<typeof import("C:/Users/zhang/Desktop/crab-dev/.website/docs/examples/practice-admin/step-1")>; }' is not assignable to type '{ readonly title: string; readonly description?: any; readonly sourceCode: string; readonly load: ExampleLoader; readonly heading?: "inside" | "outside" | undefined; readonly density?: "compact" | ... 1 more ... | undefined; }'.
  Property 'key' does not exist on type '{ readonly title: string; readonly description?: any; readonly sourceCode: string; readonly load: ExampleLoader; readonly heading?: "inside" | "outside" | undefined; readonly density?: "compact" | ... 1 more ... | undefined; }'.
docs/site/practiceGallery.tsx(51,33): error TS17004: Cannot use JSX unless the '--jsx' flag is provided.
docs/site/practiceGallery.tsx(52,25): error TS7026: JSX element implicitly has type 'any' because no interface 'JSX.IntrinsicElements' exists.
docs/site/siteContext.ts(1,36): error TS2307: Cannot find module 'react' or its corresponding type declarations.
docs/site/siteContext.ts(2,34): error TS2307: Cannot find module '@crab-dev/wake/docs' or its corresponding type declarations.
docs/site/siteStyles.ts(1,29): error TS2307: Cannot find module '@crab-dev/css' or its corresponding type declarations.
docs/site/siteStyles.ts(2,19): error TS2307: Cannot find module '@crab-dev/rc-token-semantic' or its corresponding type declarations.
docs/site/siteStyles.ts(3,25): error TS2307: Cannot find module '@crab-dev/rc-token-global' or its corresponding type declarations.
docs/site/tutorial.tsx(1,49): error TS2307: Cannot find module 'react' or its corresponding type declarations.
docs/site/tutorial.tsx(3,36): error TS2307: Cannot find module 'react' or its corresponding type declarations.
docs/site/tutorial.tsx(4,30): error TS2307: Cannot find module 'react-dom' or its corresponding type declarations.
docs/site/tutorial.tsx(5,21): error TS2307: Cannot find module '@crab-dev/css' or its corresponding type declarations.
docs/site/tutorial.tsx(6,20): error TS2307: Cannot find module '@crab-dev/rc-button' or its corresponding type declarations.
docs/site/tutorial.tsx(7,19): error TS2307: Cannot find module '@crab-dev/rc-alert' or its corresponding type declarations.
docs/site/tutorial.tsx(8,48): error TS6142: Module './liveExample.js' was resolved to 'C:/Users/zhang/Desktop/crab-dev/.website/docs/site/liveExample.tsx', but '--jsx' is not set.
docs/site/tutorial.tsx(9,21): error TS2307: Cannot find module '@crab-dev/rc-component-preview' or its corresponding type declarations.
docs/site/tutorial.tsx(10,19): error TS2307: Cannot find module '@crab-dev/rc-token-semantic' or its corresponding type declarations.
docs/site/tutorial.tsx(11,52): error TS6142: Module './componentDemoFrame.js' was resolved to 'C:/Users/zhang/Desktop/crab-dev/.website/docs/site/componentDemoFrame.tsx', but '--jsx' is not set.
docs/site/tutorial.tsx(16,42): error TS6142: Module './componentDemos.js' was resolved to 'C:/Users/zhang/Desktop/crab-dev/.website/docs/site/componentDemos.tsx', but '--jsx' is not set.
docs/site/tutorial.tsx(205,13): error TS7026: JSX element implicitly has type 'any' because no interface 'JSX.IntrinsicElements' exists.
docs/site/tutorial.tsx(205,13): error TS17004: Cannot use JSX unless the '--jsx' flag is provided.
docs/site/tutorial.tsx(206,17): error TS7026: JSX element implicitly has type 'any' because no interface 'JSX.IntrinsicElements' exists.
docs/site/tutorial.tsx(206,17): error TS17004: Cannot use JSX unless the '--jsx' flag is provided.
docs/site/tutorial.tsx(206,29): error TS7026: JSX element implicitly has type 'any' because no interface 'JSX.IntrinsicElements' exists.
docs/site/tutorial.tsx(208,21): error TS17004: Cannot use JSX unless the '--jsx' flag is provided.
docs/site/tutorial.tsx(222,13): error TS7026: JSX element implicitly has type 'any' because no interface 'JSX.IntrinsicElements' exists.
docs/site/tutorial.tsx(238,13): error TS17004: Cannot use JSX unless the '--jsx' flag is provided.
docs/site/tutorial.tsx(242,37): error TS7006: Parameter 'value' implicitly has an 'any' type.
docs/site/tutorial.tsx(251,9): error TS7026: JSX element implicitly has type 'any' because no interface 'JSX.IntrinsicElements' exists.
docs/site/tutorial.tsx(251,9): error TS17004: Cannot use JSX unless the '--jsx' flag is provided.
docs/site/tutorial.tsx(256,13): error TS17004: Cannot use JSX unless the '--jsx' flag is provided.
docs/site/tutorial.tsx(257,13): error TS7026: JSX element implicitly has type 'any' because no interface 'JSX.IntrinsicElements' exists.
docs/site/tutorial.tsx(257,13): error TS17004: Cannot use JSX unless the '--jsx' flag is provided.
docs/site/tutorial.tsx(259,21): error TS7026: JSX element implicitly has type 'any' because no interface 'JSX.IntrinsicElements' exists.
docs/site/tutorial.tsx(259,21): error TS17004: Cannot use JSX unless the '--jsx' flag is provided.
docs/site/tutorial.tsx(260,25): error TS17004: Cannot use JSX unless the '--jsx' flag is provided.
docs/site/tutorial.tsx(268,21): error TS7026: JSX element implicitly has type 'any' because no interface 'JSX.IntrinsicElements' exists.
docs/site/tutorial.tsx(270,13): error TS7026: JSX element implicitly has type 'any' because no interface 'JSX.IntrinsicElements' exists.
docs/site/tutorial.tsx(271,13): error TS7026: JSX element implicitly has type 'any' because no interface 'JSX.IntrinsicElements' exists.
docs/site/tutorial.tsx(271,13): error TS17004: Cannot use JSX unless the '--jsx' flag is provided.
docs/site/tutorial.tsx(272,17): error TS7026: JSX element implicitly has type 'any' because no interface 'JSX.IntrinsicElements' exists.
docs/site/tutorial.tsx(272,17): error TS17004: Cannot use JSX unless the '--jsx' flag is provided.
docs/site/tutorial.tsx(274,17): error TS7026: JSX element implicitly has type 'any' because no interface 'JSX.IntrinsicElements' exists.
docs/site/tutorial.tsx(275,17): error TS7026: JSX element implicitly has type 'any' because no interface 'JSX.IntrinsicElements' exists.
docs/site/tutorial.tsx(275,17): error TS17004: Cannot use JSX unless the '--jsx' flag is provided.
docs/site/tutorial.tsx(276,21): error TS7026: JSX element implicitly has type 'any' because no interface 'JSX.IntrinsicElements' exists.
docs/site/tutorial.tsx(276,21): error TS17004: Cannot use JSX unless the '--jsx' flag is provided.
docs/site/tutorial.tsx(276,36): error TS7026: JSX element implicitly has type 'any' because no interface 'JSX.IntrinsicElements' exists.
docs/site/tutorial.tsx(277,21): error TS7026: JSX element implicitly has type 'any' because no interface 'JSX.IntrinsicElements' exists.
docs/site/tutorial.tsx(277,21): error TS17004: Cannot use JSX unless the '--jsx' flag is provided.
docs/site/tutorial.tsx(277,34): error TS7026: JSX element implicitly has type 'any' because no interface 'JSX.IntrinsicElements' exists.
docs/site/tutorial.tsx(279,25): error TS7026: JSX element implicitly has type 'any' because no interface 'JSX.IntrinsicElements' exists.
docs/site/tutorial.tsx(279,25): error TS17004: Cannot use JSX unless the '--jsx' flag is provided.
docs/site/tutorial.tsx(280,29): error TS7026: JSX element implicitly has type 'any' because no interface 'JSX.IntrinsicElements' exists.
docs/site/tutorial.tsx(280,29): error TS17004: Cannot use JSX unless the '--jsx' flag is provided.
docs/site/tutorial.tsx(280,42): error TS7026: JSX element implicitly has type 'any' because no interface 'JSX.IntrinsicElements' exists.
docs/site/tutorial.tsx(282,25): error TS7026: JSX element implicitly has type 'any' because no interface 'JSX.IntrinsicElements' exists.
docs/site/tutorial.tsx(285,25): error TS17004: Cannot use JSX unless the '--jsx' flag is provided.
docs/site/tutorial.tsx(286,29): error TS7026: JSX element implicitly has type 'any' because no interface 'JSX.IntrinsicElements' exists.
docs/site/tutorial.tsx(286,29): error TS17004: Cannot use JSX unless the '--jsx' flag is provided.
docs/site/tutorial.tsx(286,37): error TS7026: JSX element implicitly has type 'any' because no interface 'JSX.IntrinsicElements' exists.
docs/site/tutorial.tsx(287,29): error TS7026: JSX element implicitly has type 'any' because no interface 'JSX.IntrinsicElements' exists.
docs/site/tutorial.tsx(287,29): error TS17004: Cannot use JSX unless the '--jsx' flag is provided.
docs/site/tutorial.tsx(289,37): error TS7026: JSX element implicitly has type 'any' because no interface 'JSX.IntrinsicElements' exists.
docs/site/tutorial.tsx(289,37): error TS17004: Cannot use JSX unless the '--jsx' flag is provided.
docs/site/tutorial.tsx(289,62): error TS7026: JSX element implicitly has type 'any' because no interface 'JSX.IntrinsicElements' exists.
docs/site/tutorial.tsx(291,29): error TS7026: JSX element implicitly has type 'any' because no interface 'JSX.IntrinsicElements' exists.
docs/site/tutorial.tsx(294,17): error TS7026: JSX element implicitly has type 'any' because no interface 'JSX.IntrinsicElements' exists.
docs/site/tutorial.tsx(295,17): error TS7026: JSX element implicitly has type 'any' because no interface 'JSX.IntrinsicElements' exists.
docs/site/tutorial.tsx(295,17): error TS17004: Cannot use JSX unless the '--jsx' flag is provided.
docs/site/tutorial.tsx(296,21): error TS7026: JSX element implicitly has type 'any' because no interface 'JSX.IntrinsicElements' exists.
docs/site/tutorial.tsx(296,21): error TS17004: Cannot use JSX unless the '--jsx' flag is provided.
docs/site/tutorial.tsx(297,25): error TS7026: JSX element implicitly has type 'any' because no interface 'JSX.IntrinsicElements' exists.
docs/site/tutorial.tsx(297,25): error TS17004: Cannot use JSX unless the '--jsx' flag is provided.
docs/site/tutorial.tsx(297,37): error TS7026: JSX element implicitly has type 'any' because no interface 'JSX.IntrinsicElements' exists.
docs/site/tutorial.tsx(298,21): error TS7026: JSX element implicitly has type 'any' because no interface 'JSX.IntrinsicElements' exists.
docs/site/tutorial.tsx(299,21): error TS7026: JSX element implicitly has type 'any' because no interface 'JSX.IntrinsicElements' exists.
docs/site/tutorial.tsx(299,21): error TS17004: Cannot use JSX unless the '--jsx' flag is provided.
docs/site/tutorial.tsx(300,25): error TS7026: JSX element implicitly has type 'any' because no interface 'JSX.IntrinsicElements' exists.
docs/site/tutorial.tsx(300,25): error TS17004: Cannot use JSX unless the '--jsx' flag is provided.
docs/site/tutorial.tsx(300,37): error TS7026: JSX element implicitly has type 'any' because no interface 'JSX.IntrinsicElements' exists.
docs/site/tutorial.tsx(301,21): error TS7026: JSX element implicitly has type 'any' because no interface 'JSX.IntrinsicElements' exists.
docs/site/tutorial.tsx(302,17): error TS7026: JSX element implicitly has type 'any' because no interface 'JSX.IntrinsicElements' exists.
docs/site/tutorial.tsx(303,17): error TS17004: Cannot use JSX unless the '--jsx' flag is provided.
docs/site/tutorial.tsx(307,25): error TS7026: JSX element implicitly has type 'any' because no interface 'JSX.IntrinsicElements' exists.
docs/site/tutorial.tsx(307,25): error TS17004: Cannot use JSX unless the '--jsx' flag is provided.
docs/site/tutorial.tsx(308,29): error TS7026: JSX element implicitly has type 'any' because no interface 'JSX.IntrinsicElements' exists.
docs/site/tutorial.tsx(308,29): error TS17004: Cannot use JSX unless the '--jsx' flag is provided.
docs/site/tutorial.tsx(308,39): error TS7026: JSX element implicitly has type 'any' because no interface 'JSX.IntrinsicElements' exists.
docs/site/tutorial.tsx(309,29): error TS17004: Cannot use JSX unless the '--jsx' flag is provided.
docs/site/tutorial.tsx(318,25): error TS7026: JSX element implicitly has type 'any' because no interface 'JSX.IntrinsicElements' exists.
docs/site/tutorial.tsx(327,40): error TS7006: Parameter 'source' implicitly has an 'any' type.
docs/site/tutorial.tsx(337,21): error TS7026: JSX element implicitly has type 'any' because no interface 'JSX.IntrinsicElements' exists.
docs/site/tutorial.tsx(337,21): error TS17004: Cannot use JSX unless the '--jsx' flag is provided.
docs/site/tutorial.tsx(339,29): error TS17004: Cannot use JSX unless the '--jsx' flag is provided.
docs/site/tutorial.tsx(339,44): error TS2322: Type '{ key: string; load: () => Promise<{ default: ComponentType; }>; resetKey: any; }' is not assignable to type '{ readonly load: ExampleLoader; readonly resetKey?: number | undefined; }'.
  Property 'key' does not exist on type '{ readonly load: ExampleLoader; readonly resetKey?: number | undefined; }'.
docs/site/tutorial.tsx(341,29): error TS17004: Cannot use JSX unless the '--jsx' flag is provided.
docs/site/tutorial.tsx(342,33): error TS17004: Cannot use JSX unless the '--jsx' flag is provided.
docs/site/tutorial.tsx(348,21): error TS7026: JSX element implicitly has type 'any' because no interface 'JSX.IntrinsicElements' exists.
docs/site/tutorial.tsx(350,31): error TS7026: JSX element implicitly has type 'any' because no interface 'JSX.IntrinsicElements' exists.
docs/site/tutorial.tsx(350,31): error TS17004: Cannot use JSX unless the '--jsx' flag is provided.
docs/site/tutorial.tsx(350,59): error TS7026: JSX element implicitly has type 'any' because no interface 'JSX.IntrinsicElements' exists.
docs/site/tutorial.tsx(351,17): error TS7026: JSX element implicitly has type 'any' because no interface 'JSX.IntrinsicElements' exists.
docs/site/tutorial.tsx(351,17): error TS17004: Cannot use JSX unless the '--jsx' flag is provided.
docs/site/tutorial.tsx(352,21): error TS17004: Cannot use JSX unless the '--jsx' flag is provided.
docs/site/tutorial.tsx(355,21): error TS17004: Cannot use JSX unless the '--jsx' flag is provided.
docs/site/tutorial.tsx(362,17): error TS7026: JSX element implicitly has type 'any' because no interface 'JSX.IntrinsicElements' exists.
docs/site/tutorial.tsx(363,13): error TS7026: JSX element implicitly has type 'any' because no interface 'JSX.IntrinsicElements' exists.
docs/site/tutorial.tsx(364,9): error TS7026: JSX element implicitly has type 'any' because no interface 'JSX.IntrinsicElements' exists.
docs/site/ui.tsx(1,62): error TS2307: Cannot find module 'react' or its corresponding type declarations.
docs/site/ui.tsx(2,33): error TS2307: Cannot find module 'react' or its corresponding type declarations.
docs/site/ui.tsx(3,30): error TS2307: Cannot find module '@crab-dev/wake/docs' or its corresponding type declarations.
docs/site/ui.tsx(4,26): error TS2307: Cannot find module '@crab-dev/wake/docs' or its corresponding type declarations.
docs/site/ui.tsx(5,20): error TS2307: Cannot find module '@crab-dev/rc-button' or its corresponding type declarations.
docs/site/ui.tsx(6,20): error TS2307: Cannot find module '@crab-dev/rc-dialog' or its corresponding type declarations.
docs/site/ui.tsx(7,20): error TS2307: Cannot find module '@crab-dev/rc-drawer' or its corresponding type declarations.
docs/site/ui.tsx(8,22): error TS2307: Cannot find module '@crab-dev/rc-line-edit' or its corresponding type declarations.
docs/site/ui.tsx(9,23): error TS2307: Cannot find module '@crab-dev/rc-segmented' or its corresponding type declarations.
docs/site/ui.tsx(10,19): error TS2307: Cannot find module '@crab-dev/rc-alert' or its corresponding type declarations.
docs/site/ui.tsx(11,19): error TS2307: Cannot find module '@crab-dev/rc-empty' or its corresponding type declarations.
docs/site/ui.tsx(12,18): error TS2307: Cannot find module '@crab-dev/rc-spin' or its corresponding type declarations.
docs/site/ui.tsx(34,9): error TS17004: Cannot use JSX unless the '--jsx' flag is provided.
docs/site/ui.tsx(35,13): error TS7026: JSX element implicitly has type 'any' because no interface 'JSX.IntrinsicElements' exists.
docs/site/ui.tsx(35,13): error TS17004: Cannot use JSX unless the '--jsx' flag is provided.
docs/site/ui.tsx(37,13): error TS7026: JSX element implicitly has type 'any' because no interface 'JSX.IntrinsicElements' exists.
docs/site/ui.tsx(47,9): error TS17004: Cannot use JSX unless the '--jsx' flag is provided.
docs/site/ui.tsx(48,13): error TS7026: JSX element implicitly has type 'any' because no interface 'JSX.IntrinsicElements' exists.
docs/site/ui.tsx(48,13): error TS17004: Cannot use JSX unless the '--jsx' flag is provided.
docs/site/ui.tsx(49,17): error TS7026: JSX element implicitly has type 'any' because no interface 'JSX.IntrinsicElements' exists.
docs/site/ui.tsx(49,17): error TS17004: Cannot use JSX unless the '--jsx' flag is provided.
docs/site/ui.tsx(49,65): error TS7026: JSX element implicitly has type 'any' because no interface 'JSX.IntrinsicElements' exists.
docs/site/ui.tsx(50,17): error TS7026: JSX element implicitly has type 'any' because no interface 'JSX.IntrinsicElements' exists.
docs/site/ui.tsx(50,17): error TS17004: Cannot use JSX unless the '--jsx' flag is provided.
docs/site/ui.tsx(51,21): error TS7026: JSX element implicitly has type 'any' because no interface 'JSX.IntrinsicElements' exists.
docs/site/ui.tsx(51,21): error TS17004: Cannot use JSX unless the '--jsx' flag is provided.
docs/site/ui.tsx(51,76): error TS7026: JSX element implicitly has type 'any' because no interface 'JSX.IntrinsicElements' exists.
docs/site/ui.tsx(52,21): error TS7026: JSX element implicitly has type 'any' because no interface 'JSX.IntrinsicElements' exists.
docs/site/ui.tsx(52,21): error TS17004: Cannot use JSX unless the '--jsx' flag is provided.
docs/site/ui.tsx(52,72): error TS7026: JSX element implicitly has type 'any' because no interface 'JSX.IntrinsicElements' exists.
docs/site/ui.tsx(53,21): error TS7026: JSX element implicitly has type 'any' because no interface 'JSX.IntrinsicElements' exists.
docs/site/ui.tsx(53,21): error TS17004: Cannot use JSX unless the '--jsx' flag is provided.
docs/site/ui.tsx(54,25): error TS7026: JSX element implicitly has type 'any' because no interface 'JSX.IntrinsicElements' exists.
docs/site/ui.tsx(54,25): error TS17004: Cannot use JSX unless the '--jsx' flag is provided.
docs/site/ui.tsx(56,21): error TS7026: JSX element implicitly has type 'any' because no interface 'JSX.IntrinsicElements' exists.
docs/site/ui.tsx(57,17): error TS7026: JSX element implicitly has type 'any' because no interface 'JSX.IntrinsicElements' exists.
docs/site/ui.tsx(60,13): error TS7026: JSX element implicitly has type 'any' because no interface 'JSX.IntrinsicElements' exists.
docs/site/ui.tsx(67,9): error TS7026: JSX element implicitly has type 'any' because no interface 'JSX.IntrinsicElements' exists.
docs/site/ui.tsx(67,9): error TS17004: Cannot use JSX unless the '--jsx' flag is provided.
docs/site/ui.tsx(68,13): error TS17004: Cannot use JSX unless the '--jsx' flag is provided.
docs/site/ui.tsx(73,21): error TS7026: JSX element implicitly has type 'any' because no interface 'JSX.IntrinsicElements' exists.
docs/site/ui.tsx(73,21): error TS17004: Cannot use JSX unless the '--jsx' flag is provided.
docs/site/ui.tsx(75,21): error TS7026: JSX element implicitly has type 'any' because no interface 'JSX.IntrinsicElements' exists.
docs/site/ui.tsx(78,27): error TS7006: Parameter 'event' implicitly has an 'any' type.
docs/site/ui.tsx(82,13): error TS7026: JSX element implicitly has type 'any' because no interface 'JSX.IntrinsicElements' exists.
docs/site/ui.tsx(82,13): error TS17004: Cannot use JSX unless the '--jsx' flag is provided.
docs/site/ui.tsx(83,17): error TS17004: Cannot use JSX unless the '--jsx' flag is provided.
docs/site/ui.tsx(87,31): error TS7006: Parameter 'event' implicitly has an 'any' type.
docs/site/ui.tsx(91,17): error TS17004: Cannot use JSX unless the '--jsx' flag is provided.
docs/site/ui.tsx(95,31): error TS7006: Parameter 'event' implicitly has an 'any' type.
docs/site/ui.tsx(100,21): error TS17004: Cannot use JSX unless the '--jsx' flag is provided.
docs/site/ui.tsx(104,13): error TS7026: JSX element implicitly has type 'any' because no interface 'JSX.IntrinsicElements' exists.
docs/site/ui.tsx(105,13): error TS7026: JSX element implicitly has type 'any' because no interface 'JSX.IntrinsicElements' exists.
docs/site/ui.tsx(105,13): error TS17004: Cannot use JSX unless the '--jsx' flag is provided.
docs/site/ui.tsx(106,17): error TS17004: Cannot use JSX unless the '--jsx' flag is provided.
docs/site/ui.tsx(109,27): error TS17004: Cannot use JSX unless the '--jsx' flag is provided.
docs/site/ui.tsx(114,21): error TS7026: JSX element implicitly has type 'any' because no interface 'JSX.IntrinsicElements' exists.
docs/site/ui.tsx(114,21): error TS17004: Cannot use JSX unless the '--jsx' flag is provided.
docs/site/ui.tsx(114,66): error TS7026: JSX element implicitly has type 'any' because no interface 'JSX.IntrinsicElements' exists.
docs/site/ui.tsx(115,21): error TS7026: JSX element implicitly has type 'any' because no interface 'JSX.IntrinsicElements' exists.
docs/site/ui.tsx(115,21): error TS17004: Cannot use JSX unless the '--jsx' flag is provided.
docs/site/ui.tsx(117,21): error TS7026: JSX element implicitly has type 'any' because no interface 'JSX.IntrinsicElements' exists.
docs/site/ui.tsx(118,21): error TS7026: JSX element implicitly has type 'any' because no interface 'JSX.IntrinsicElements' exists.
docs/site/ui.tsx(118,21): error TS17004: Cannot use JSX unless the '--jsx' flag is provided.
docs/site/ui.tsx(118,62): error TS7026: JSX element implicitly has type 'any' because no interface 'JSX.IntrinsicElements' exists.
docs/site/ui.tsx(120,17): error TS17004: Cannot use JSX unless the '--jsx' flag is provided.
docs/site/ui.tsx(129,32): error TS7006: Parameter 'value' implicitly has an 'any' type.
docs/site/ui.tsx(134,17): error TS17004: Cannot use JSX unless the '--jsx' flag is provided.
docs/site/ui.tsx(143,13): error TS7026: JSX element implicitly has type 'any' because no interface 'JSX.IntrinsicElements' exists.
docs/site/ui.tsx(144,9): error TS7026: JSX element implicitly has type 'any' because no interface 'JSX.IntrinsicElements' exists.
docs/site/ui.tsx(150,9): error TS7026: JSX element implicitly has type 'any' because no interface 'JSX.IntrinsicElements' exists.
docs/site/ui.tsx(150,9): error TS17004: Cannot use JSX unless the '--jsx' flag is provided.
docs/site/ui.tsx(151,13): error TS7026: JSX element implicitly has type 'any' because no interface 'JSX.IntrinsicElements' exists.
docs/site/ui.tsx(151,13): error TS17004: Cannot use JSX unless the '--jsx' flag is provided.
docs/site/ui.tsx(152,13): error TS7026: JSX element implicitly has type 'any' because no interface 'JSX.IntrinsicElements' exists.
docs/site/ui.tsx(152,13): error TS17004: Cannot use JSX unless the '--jsx' flag is provided.
docs/site/ui.tsx(153,9): error TS7026: JSX element implicitly has type 'any' because no interface 'JSX.IntrinsicElements' exists.
docs/site/ui.tsx(159,9): error TS7026: JSX element implicitly has type 'any' because no interface 'JSX.IntrinsicElements' exists.
docs/site/ui.tsx(159,9): error TS17004: Cannot use JSX unless the '--jsx' flag is provided.
docs/site/ui.tsx(160,13): error TS7026: JSX element implicitly has type 'any' because no interface 'JSX.IntrinsicElements' exists.
docs/site/ui.tsx(160,13): error TS17004: Cannot use JSX unless the '--jsx' flag is provided.
docs/site/ui.tsx(161,9): error TS7026: JSX element implicitly has type 'any' because no interface 'JSX.IntrinsicElements' exists.
docs/site/ui.tsx(168,9): error TS17004: Cannot use JSX unless the '--jsx' flag is provided.
docs/site/ui.tsx(174,23): error TS7006: Parameter 'event' implicitly has an 'any' type.
docs/site/ui.tsx(180,9): error TS7026: JSX element implicitly has type 'any' because no interface 'JSX.IntrinsicElements' exists.
docs/site/ui.tsx(180,9): error TS17004: Cannot use JSX unless the '--jsx' flag is provided.
docs/site/ui.tsx(181,26): error TS7006: Parameter 'group' implicitly has an 'any' type.
docs/site/ui.tsx(182,17): error TS7026: JSX element implicitly has type 'any' because no interface 'JSX.IntrinsicElements' exists.
docs/site/ui.tsx(182,17): error TS17004: Cannot use JSX unless the '--jsx' flag is provided.
docs/site/ui.tsx(183,21): error TS7026: JSX element implicitly has type 'any' because no interface 'JSX.IntrinsicElements' exists.
docs/site/ui.tsx(183,21): error TS17004: Cannot use JSX unless the '--jsx' flag is provided.
docs/site/ui.tsx(183,38): error TS7026: JSX element implicitly has type 'any' because no interface 'JSX.IntrinsicElements' exists.
docs/site/ui.tsx(185,42): error TS7006: Parameter 'section' implicitly has an 'any' type.
docs/site/ui.tsx(186,25): error TS7026: JSX element implicitly has type 'any' because no interface 'JSX.IntrinsicElements' exists.
docs/site/ui.tsx(186,25): error TS17004: Cannot use JSX unless the '--jsx' flag is provided.
docs/site/ui.tsx(187,29): error TS17004: Cannot use JSX unless the '--jsx' flag is provided.
docs/site/ui.tsx(193,44): error TS17004: Cannot use JSX unless the '--jsx' flag is provided.
docs/site/ui.tsx(197,29): error TS7026: JSX element implicitly has type 'any' because no interface 'JSX.IntrinsicElements' exists.
docs/site/ui.tsx(197,29): error TS17004: Cannot use JSX unless the '--jsx' flag is provided.
docs/site/ui.tsx(204,33): error TS7026: JSX element implicitly has type 'any' because no interface 'JSX.IntrinsicElements' exists.
docs/site/ui.tsx(204,33): error TS17004: Cannot use JSX unless the '--jsx' flag is provided.
docs/site/ui.tsx(205,37): error TS7026: JSX element implicitly has type 'any' because no interface 'JSX.IntrinsicElements' exists.
docs/site/ui.tsx(205,37): error TS17004: Cannot use JSX unless the '--jsx' flag is provided.
docs/site/ui.tsx(207,37): error TS7026: JSX element implicitly has type 'any' because no interface 'JSX.IntrinsicElements' exists.
docs/site/ui.tsx(208,33): error TS7026: JSX element implicitly has type 'any' because no interface 'JSX.IntrinsicElements' exists.
docs/site/ui.tsx(209,29): error TS7026: JSX element implicitly has type 'any' because no interface 'JSX.IntrinsicElements' exists.
docs/site/ui.tsx(210,25): error TS7026: JSX element implicitly has type 'any' because no interface 'JSX.IntrinsicElements' exists.
docs/site/ui.tsx(212,17): error TS7026: JSX element implicitly has type 'any' because no interface 'JSX.IntrinsicElements' exists.
docs/site/ui.tsx(214,9): error TS7026: JSX element implicitly has type 'any' because no interface 'JSX.IntrinsicElements' exists.
docs/site/ui.tsx(234,9): error TS7026: JSX element implicitly has type 'any' because no interface 'JSX.IntrinsicElements' exists.
docs/site/ui.tsx(234,9): error TS17004: Cannot use JSX unless the '--jsx' flag is provided.
docs/site/ui.tsx(235,19): error TS7006: Parameter 'node' implicitly has an 'any' type.
docs/site/ui.tsx(241,13): error TS17004: Cannot use JSX unless the '--jsx' flag is provided.
docs/site/ui.tsx(250,32): error TS7006: Parameter 'value' implicitly has an 'any' type.
docs/site/ui.tsx(255,17): error TS7026: JSX element implicitly has type 'any' because no interface 'JSX.IntrinsicElements' exists.
docs/site/ui.tsx(255,17): error TS17004: Cannot use JSX unless the '--jsx' flag is provided.
docs/site/ui.tsx(255,74): error TS7026: JSX element implicitly has type 'any' because no interface 'JSX.IntrinsicElements' exists.
docs/site/ui.tsx(257,9): error TS7026: JSX element implicitly has type 'any' because no interface 'JSX.IntrinsicElements' exists.
docs/site/ui.tsx(295,9): error TS17004: Cannot use JSX unless the '--jsx' flag is provided.
docs/site/ui.tsx(302,19): error TS7006: Parameter 'node' implicitly has an 'any' type.
docs/site/ui.tsx(313,13): error TS7026: JSX element implicitly has type 'any' because no interface 'JSX.IntrinsicElements' exists.
docs/site/ui.tsx(313,13): error TS17004: Cannot use JSX unless the '--jsx' flag is provided.
docs/site/ui.tsx(314,17): error TS7026: JSX element implicitly has type 'any' because no interface 'JSX.IntrinsicElements' exists.
docs/site/ui.tsx(314,17): error TS17004: Cannot use JSX unless the '--jsx' flag is provided.
docs/site/ui.tsx(315,21): error TS17004: Cannot use JSX unless the '--jsx' flag is provided.
docs/site/ui.tsx(331,33): error TS17004: Cannot use JSX unless the '--jsx' flag is provided.
docs/site/ui.tsx(334,33): error TS17004: Cannot use JSX unless the '--jsx' flag is provided.
docs/site/ui.tsx(340,37): error TS7026: JSX element implicitly has type 'any' because no interface 'JSX.IntrinsicElements' exists.
docs/site/ui.tsx(340,37): error TS17004: Cannot use JSX unless the '--jsx' flag is provided.
docs/site/ui.tsx(345,41): error TS7026: JSX element implicitly has type 'any' because no interface 'JSX.IntrinsicElements' exists.
docs/site/ui.tsx(345,41): error TS17004: Cannot use JSX unless the '--jsx' flag is provided.
docs/site/ui.tsx(346,37): error TS7026: JSX element implicitly has type 'any' because no interface 'JSX.IntrinsicElements' exists.
docs/site/ui.tsx(351,36): error TS7006: Parameter 'event' implicitly has an 'any' type.
docs/site/ui.tsx(352,37): error TS7006: Parameter 'event' implicitly has an 'any' type.
docs/site/ui.tsx(370,17): error TS7026: JSX element implicitly has type 'any' because no interface 'JSX.IntrinsicElements' exists.
docs/site/ui.tsx(371,17): error TS7026: JSX element implicitly has type 'any' because no interface 'JSX.IntrinsicElements' exists.
docs/site/ui.tsx(371,17): error TS17004: Cannot use JSX unless the '--jsx' flag is provided.
docs/site/ui.tsx(372,21): error TS7026: JSX element implicitly has type 'any' because no interface 'JSX.IntrinsicElements' exists.
docs/site/ui.tsx(372,21): error TS17004: Cannot use JSX unless the '--jsx' flag is provided.
docs/site/ui.tsx(372,66): error TS7026: JSX element implicitly has type 'any' because no interface 'JSX.IntrinsicElements' exists.
docs/site/ui.tsx(373,21): error TS7026: JSX element implicitly has type 'any' because no interface 'JSX.IntrinsicElements' exists.
docs/site/ui.tsx(373,21): error TS17004: Cannot use JSX unless the '--jsx' flag is provided.
docs/site/ui.tsx(379,21): error TS7026: JSX element implicitly has type 'any' because no interface 'JSX.IntrinsicElements' exists.
docs/site/ui.tsx(380,17): error TS7026: JSX element implicitly has type 'any' because no interface 'JSX.IntrinsicElements' exists.
docs/site/ui.tsx(381,17): error TS7026: JSX element implicitly has type 'any' because no interface 'JSX.IntrinsicElements' exists.
docs/site/ui.tsx(381,17): error TS17004: Cannot use JSX unless the '--jsx' flag is provided.
docs/site/ui.tsx(383,25): error TS7026: JSX element implicitly has type 'any' because no interface 'JSX.IntrinsicElements' exists.
docs/site/ui.tsx(383,25): error TS17004: Cannot use JSX unless the '--jsx' flag is provided.
docs/site/ui.tsx(384,29): error TS17004: Cannot use JSX unless the '--jsx' flag is provided.
docs/site/ui.tsx(385,25): error TS7026: JSX element implicitly has type 'any' because no interface 'JSX.IntrinsicElements' exists.
docs/site/ui.tsx(388,25): error TS17004: Cannot use JSX unless the '--jsx' flag is provided.
docs/site/ui.tsx(393,25): error TS17004: Cannot use JSX unless the '--jsx' flag is provided.
docs/site/ui.tsx(399,21): error TS7026: JSX element implicitly has type 'any' because no interface 'JSX.IntrinsicElements' exists.
docs/site/ui.tsx(399,21): error TS17004: Cannot use JSX unless the '--jsx' flag is provided.
docs/site/ui.tsx(406,39): error TS7006: Parameter 'result' implicitly has an 'any' type.
docs/site/ui.tsx(406,47): error TS7006: Parameter 'index' implicitly has an 'any' type.
docs/site/ui.tsx(415,33): error TS7026: JSX element implicitly has type 'any' because no interface 'JSX.IntrinsicElements' exists.
docs/site/ui.tsx(415,33): error TS17004: Cannot use JSX unless the '--jsx' flag is provided.
docs/site/ui.tsx(416,37): error TS17004: Cannot use JSX unless the '--jsx' flag is provided.
docs/site/ui.tsx(426,41): error TS7026: JSX element implicitly has type 'any' because no interface 'JSX.IntrinsicElements' exists.
docs/site/ui.tsx(426,41): error TS17004: Cannot use JSX unless the '--jsx' flag is provided.
docs/site/ui.tsx(427,45): error TS7026: JSX element implicitly has type 'any' because no interface 'JSX.IntrinsicElements' exists.
docs/site/ui.tsx(427,45): error TS17004: Cannot use JSX unless the '--jsx' flag is provided.
docs/site/ui.tsx(427,60): error TS7026: JSX element implicitly has type 'any' because no interface 'JSX.IntrinsicElements' exists.
docs/site/ui.tsx(429,49): error TS7026: JSX element implicitly has type 'any' because no interface 'JSX.IntrinsicElements' exists.
docs/site/ui.tsx(429,49): error TS17004: Cannot use JSX unless the '--jsx' flag is provided.
docs/site/ui.tsx(431,49): error TS7026: JSX element implicitly has type 'any' because no interface 'JSX.IntrinsicElements' exists.
docs/site/ui.tsx(433,41): error TS7026: JSX element implicitly has type 'any' because no interface 'JSX.IntrinsicElements' exists.
docs/site/ui.tsx(434,41): error TS7026: JSX element implicitly has type 'any' because no interface 'JSX.IntrinsicElements' exists.
docs/site/ui.tsx(434,41): error TS17004: Cannot use JSX unless the '--jsx' flag is provided.
docs/site/ui.tsx(439,41): error TS7026: JSX element implicitly has type 'any' because no interface 'JSX.IntrinsicElements' exists.
docs/site/ui.tsx(441,45): error TS7026: JSX element implicitly has type 'any' because no interface 'JSX.IntrinsicElements' exists.
docs/site/ui.tsx(441,45): error TS17004: Cannot use JSX unless the '--jsx' flag is provided.
docs/site/ui.tsx(446,45): error TS7026: JSX element implicitly has type 'any' because no interface 'JSX.IntrinsicElements' exists.
docs/site/ui.tsx(448,41): error TS7026: JSX element implicitly has type 'any' because no interface 'JSX.IntrinsicElements' exists.
docs/site/ui.tsx(448,41): error TS17004: Cannot use JSX unless the '--jsx' flag is provided.
docs/site/ui.tsx(450,41): error TS7026: JSX element implicitly has type 'any' because no interface 'JSX.IntrinsicElements' exists.
docs/site/ui.tsx(452,33): error TS7026: JSX element implicitly has type 'any' because no interface 'JSX.IntrinsicElements' exists.
docs/site/ui.tsx(455,21): error TS7026: JSX element implicitly has type 'any' because no interface 'JSX.IntrinsicElements' exists.
docs/site/ui.tsx(456,17): error TS7026: JSX element implicitly has type 'any' because no interface 'JSX.IntrinsicElements' exists.
docs/site/ui.tsx(457,17): error TS7026: JSX element implicitly has type 'any' because no interface 'JSX.IntrinsicElements' exists.
docs/site/ui.tsx(457,17): error TS17004: Cannot use JSX unless the '--jsx' flag is provided.
docs/site/ui.tsx(458,21): error TS7026: JSX element implicitly has type 'any' because no interface 'JSX.IntrinsicElements' exists.
docs/site/ui.tsx(458,21): error TS17004: Cannot use JSX unless the '--jsx' flag is provided.
docs/site/ui.tsx(459,25): error TS7026: JSX element implicitly has type 'any' because no interface 'JSX.IntrinsicElements' exists.
docs/site/ui.tsx(459,25): error TS17004: Cannot use JSX unless the '--jsx' flag is provided.
docs/site/ui.tsx(459,31): error TS7026: JSX element implicitly has type 'any' because no interface 'JSX.IntrinsicElements' exists.
docs/site/ui.tsx(459,38): error TS7026: JSX element implicitly has type 'any' because no interface 'JSX.IntrinsicElements' exists.
docs/site/ui.tsx(459,38): error TS17004: Cannot use JSX unless the '--jsx' flag is provided.
docs/site/ui.tsx(459,44): error TS7026: JSX element implicitly has type 'any' because no interface 'JSX.IntrinsicElements' exists.
docs/site/ui.tsx(460,21): error TS7026: JSX element implicitly has type 'any' because no interface 'JSX.IntrinsicElements' exists.
docs/site/ui.tsx(461,21): error TS7026: JSX element implicitly has type 'any' because no interface 'JSX.IntrinsicElements' exists.
docs/site/ui.tsx(461,21): error TS17004: Cannot use JSX unless the '--jsx' flag is provided.
docs/site/ui.tsx(462,25): error TS7026: JSX element implicitly has type 'any' because no interface 'JSX.IntrinsicElements' exists.
docs/site/ui.tsx(462,25): error TS17004: Cannot use JSX unless the '--jsx' flag is provided.
docs/site/ui.tsx(462,35): error TS7026: JSX element implicitly has type 'any' because no interface 'JSX.IntrinsicElements' exists.
docs/site/ui.tsx(463,21): error TS7026: JSX element implicitly has type 'any' because no interface 'JSX.IntrinsicElements' exists.
docs/site/ui.tsx(464,21): error TS7026: JSX element implicitly has type 'any' because no interface 'JSX.IntrinsicElements' exists.
docs/site/ui.tsx(464,21): error TS17004: Cannot use JSX unless the '--jsx' flag is provided.
docs/site/ui.tsx(465,25): error TS7026: JSX element implicitly has type 'any' because no interface 'JSX.IntrinsicElements' exists.
docs/site/ui.tsx(465,25): error TS17004: Cannot use JSX unless the '--jsx' flag is provided.
docs/site/ui.tsx(465,33): error TS7026: JSX element implicitly has type 'any' because no interface 'JSX.IntrinsicElements' exists.
docs/site/ui.tsx(466,21): error TS7026: JSX element implicitly has type 'any' because no interface 'JSX.IntrinsicElements' exists.
docs/site/ui.tsx(467,17): error TS7026: JSX element implicitly has type 'any' because no interface 'JSX.IntrinsicElements' exists.
docs/site/ui.tsx(468,13): error TS7026: JSX element implicitly has type 'any' because no interface 'JSX.IntrinsicElements' exists.
docs/site/ui.tsx(490,38): error TS7006: Parameter 'heading' implicitly has an 'any' type.
docs/site/ui.tsx(493,9): error TS7026: JSX element implicitly has type 'any' because no interface 'JSX.IntrinsicElements' exists.
docs/site/ui.tsx(493,9): error TS17004: Cannot use JSX unless the '--jsx' flag is provided.
docs/site/ui.tsx(494,13): error TS7026: JSX element implicitly has type 'any' because no interface 'JSX.IntrinsicElements' exists.
docs/site/ui.tsx(494,13): error TS17004: Cannot use JSX unless the '--jsx' flag is provided.
docs/site/ui.tsx(494,25): error TS7026: JSX element implicitly has type 'any' because no interface 'JSX.IntrinsicElements' exists.
docs/site/ui.tsx(495,27): error TS7006: Parameter 'heading' implicitly has an 'any' type.
docs/site/ui.tsx(496,17): error TS17004: Cannot use JSX unless the '--jsx' flag is provided.
docs/site/ui.tsx(501,31): error TS7006: Parameter 'event' implicitly has an 'any' type.
docs/site/ui.tsx(506,9): error TS7026: JSX element implicitly has type 'any' because no interface 'JSX.IntrinsicElements' exists.
docs/site/ui.tsx(535,9): error TS7026: JSX element implicitly has type 'any' because no interface 'JSX.IntrinsicElements' exists.
docs/site/ui.tsx(535,9): error TS17004: Cannot use JSX unless the '--jsx' flag is provided.
docs/site/ui.tsx(537,17): error TS7026: JSX element implicitly has type 'any' because no interface 'JSX.IntrinsicElements' exists.
docs/site/ui.tsx(537,17): error TS17004: Cannot use JSX unless the '--jsx' flag is provided.
docs/site/ui.tsx(538,21): error TS7026: JSX element implicitly has type 'any' because no interface 'JSX.IntrinsicElements' exists.
docs/site/ui.tsx(538,21): error TS17004: Cannot use JSX unless the '--jsx' flag is provided.
docs/site/ui.tsx(538,77): error TS7026: JSX element implicitly has type 'any' because no interface 'JSX.IntrinsicElements' exists.
docs/site/ui.tsx(539,21): error TS7026: JSX element implicitly has type 'any' because no interface 'JSX.IntrinsicElements' exists.
docs/site/ui.tsx(539,21): error TS17004: Cannot use JSX unless the '--jsx' flag is provided.
docs/site/ui.tsx(539,37): error TS7026: JSX element implicitly has type 'any' because no interface 'JSX.IntrinsicElements' exists.
docs/site/ui.tsx(540,21): error TS7026: JSX element implicitly has type 'any' because no interface 'JSX.IntrinsicElements' exists.
docs/site/ui.tsx(540,21): error TS17004: Cannot use JSX unless the '--jsx' flag is provided.
docs/site/ui.tsx(540,42): error TS7026: JSX element implicitly has type 'any' because no interface 'JSX.IntrinsicElements' exists.
docs/site/ui.tsx(542,25): error TS17004: Cannot use JSX unless the '--jsx' flag is provided.
docs/site/ui.tsx(543,29): error TS7026: JSX element implicitly has type 'any' because no interface 'JSX.IntrinsicElements' exists.
docs/site/ui.tsx(543,29): error TS17004: Cannot use JSX unless the '--jsx' flag is provided.
docs/site/ui.tsx(543,74): error TS7026: JSX element implicitly has type 'any' because no interface 'JSX.IntrinsicElements' exists.
docs/site/ui.tsx(544,29): error TS7026: JSX element implicitly has type 'any' because no interface 'JSX.IntrinsicElements' exists.
docs/site/ui.tsx(544,29): error TS17004: Cannot use JSX unless the '--jsx' flag is provided.
docs/site/ui.tsx(545,33): error TS17004: Cannot use JSX unless the '--jsx' flag is provided.
docs/site/ui.tsx(551,54): error TS7006: Parameter 'item' implicitly has an 'any' type.
docs/site/ui.tsx(552,37): error TS17004: Cannot use JSX unless the '--jsx' flag is provided.
docs/site/ui.tsx(556,33): error TS17004: Cannot use JSX unless the '--jsx' flag is provided.
docs/site/ui.tsx(562,29): error TS7026: JSX element implicitly has type 'any' because no interface 'JSX.IntrinsicElements' exists.
docs/site/ui.tsx(565,17): error TS7026: JSX element implicitly has type 'any' because no interface 'JSX.IntrinsicElements' exists.
docs/site/ui.tsx(568,17): error TS7026: JSX element implicitly has type 'any' because no interface 'JSX.IntrinsicElements' exists.
docs/site/ui.tsx(568,17): error TS17004: Cannot use JSX unless the '--jsx' flag is provided.
docs/site/ui.tsx(569,21): error TS7026: JSX element implicitly has type 'any' because no interface 'JSX.IntrinsicElements' exists.
docs/site/ui.tsx(569,21): error TS17004: Cannot use JSX unless the '--jsx' flag is provided.
docs/site/ui.tsx(571,25): error TS17004: Cannot use JSX unless the '--jsx' flag is provided.
docs/site/ui.tsx(572,21): error TS7026: JSX element implicitly has type 'any' because no interface 'JSX.IntrinsicElements' exists.
docs/site/ui.tsx(573,21): error TS7026: JSX element implicitly has type 'any' because no interface 'JSX.IntrinsicElements' exists.
docs/site/ui.tsx(573,21): error TS17004: Cannot use JSX unless the '--jsx' flag is provided.
docs/site/ui.tsx(575,38): error TS7006: Parameter 'item' implicitly has an 'any' type.
docs/site/ui.tsx(576,35): error TS7006: Parameter 'item' implicitly has an 'any' type.
docs/site/ui.tsx(577,33): error TS17004: Cannot use JSX unless the '--jsx' flag is provided.
docs/site/ui.tsx(581,21): error TS7026: JSX element implicitly has type 'any' because no interface 'JSX.IntrinsicElements' exists.
docs/site/ui.tsx(582,17): error TS7026: JSX element implicitly has type 'any' because no interface 'JSX.IntrinsicElements' exists.
docs/site/ui.tsx(584,13): error TS7026: JSX element implicitly has type 'any' because no interface 'JSX.IntrinsicElements' exists.
docs/site/ui.tsx(584,13): error TS17004: Cannot use JSX unless the '--jsx' flag is provided.
docs/site/ui.tsx(584,56): error TS7026: JSX element implicitly has type 'any' because no interface 'JSX.IntrinsicElements' exists.
docs/site/ui.tsx(586,17): error TS7026: JSX element implicitly has type 'any' because no interface 'JSX.IntrinsicElements' exists.
docs/site/ui.tsx(586,17): error TS17004: Cannot use JSX unless the '--jsx' flag is provided.
docs/site/ui.tsx(588,25): error TS17004: Cannot use JSX unless the '--jsx' flag is provided.
docs/site/ui.tsx(591,39): error TS7006: Parameter 'event' implicitly has an 'any' type.
docs/site/ui.tsx(597,25): error TS17004: Cannot use JSX unless the '--jsx' flag is provided.
docs/site/ui.tsx(600,39): error TS7006: Parameter 'event' implicitly has an 'any' type.
docs/site/ui.tsx(605,17): error TS7026: JSX element implicitly has type 'any' because no interface 'JSX.IntrinsicElements' exists.
docs/site/ui.tsx(607,9): error TS7026: JSX element implicitly has type 'any' because no interface 'JSX.IntrinsicElements' exists.
docs/site/ui.tsx(624,9): error TS7026: JSX element implicitly has type 'any' because no interface 'JSX.IntrinsicElements' exists.
docs/site/ui.tsx(624,9): error TS17004: Cannot use JSX unless the '--jsx' flag is provided.
docs/site/ui.tsx(625,13): error TS7026: JSX element implicitly has type 'any' because no interface 'JSX.IntrinsicElements' exists.
docs/site/ui.tsx(625,13): error TS17004: Cannot use JSX unless the '--jsx' flag is provided.
docs/site/ui.tsx(626,17): error TS7026: JSX element implicitly has type 'any' because no interface 'JSX.IntrinsicElements' exists.
docs/site/ui.tsx(626,17): error TS17004: Cannot use JSX unless the '--jsx' flag is provided.
docs/site/ui.tsx(626,50): error TS7026: JSX element implicitly has type 'any' because no interface 'JSX.IntrinsicElements' exists.
docs/site/ui.tsx(627,17): error TS17004: Cannot use JSX unless the '--jsx' flag is provided.
docs/site/ui.tsx(634,13): error TS7026: JSX element implicitly has type 'any' because no interface 'JSX.IntrinsicElements' exists.
docs/site/ui.tsx(635,13): error TS7026: JSX element implicitly has type 'any' because no interface 'JSX.IntrinsicElements' exists.
docs/site/ui.tsx(635,13): error TS17004: Cannot use JSX unless the '--jsx' flag is provided.
docs/site/ui.tsx(636,17): error TS7026: JSX element implicitly has type 'any' because no interface 'JSX.IntrinsicElements' exists.
docs/site/ui.tsx(636,17): error TS17004: Cannot use JSX unless the '--jsx' flag is provided.
docs/site/ui.tsx(637,35): error TS7006: Parameter 'line' implicitly has an 'any' type.
docs/site/ui.tsx(637,41): error TS7006: Parameter 'index' implicitly has an 'any' type.
docs/site/ui.tsx(638,25): error TS7026: JSX element implicitly has type 'any' because no interface 'JSX.IntrinsicElements' exists.
docs/site/ui.tsx(638,25): error TS17004: Cannot use JSX unless the '--jsx' flag is provided.
docs/site/ui.tsx(640,25): error TS7026: JSX element implicitly has type 'any' because no interface 'JSX.IntrinsicElements' exists.
docs/site/ui.tsx(642,17): error TS7026: JSX element implicitly has type 'any' because no interface 'JSX.IntrinsicElements' exists.
docs/site/ui.tsx(643,13): error TS7026: JSX element implicitly has type 'any' because no interface 'JSX.IntrinsicElements' exists.
docs/site/ui.tsx(644,40): error TS7026: JSX element implicitly has type 'any' because no interface 'JSX.IntrinsicElements' exists.
docs/site/ui.tsx(644,40): error TS17004: Cannot use JSX unless the '--jsx' flag is provided.
docs/site/ui.tsx(644,73): error TS7026: JSX element implicitly has type 'any' because no interface 'JSX.IntrinsicElements' exists.
docs/site/ui.tsx(645,9): error TS7026: JSX element implicitly has type 'any' because no interface 'JSX.IntrinsicElements' exists.
docs/site/ui.tsx(651,9): error TS7026: JSX element implicitly has type 'any' because no interface 'JSX.IntrinsicElements' exists.
docs/site/ui.tsx(651,9): error TS17004: Cannot use JSX unless the '--jsx' flag is provided.
docs/site/ui.tsx(652,13): error TS7026: JSX element implicitly has type 'any' because no interface 'JSX.IntrinsicElements' exists.
docs/site/ui.tsx(652,13): error TS17004: Cannot use JSX unless the '--jsx' flag is provided.
docs/site/ui.tsx(653,17): error TS7026: JSX element implicitly has type 'any' because no interface 'JSX.IntrinsicElements' exists.
docs/site/ui.tsx(653,17): error TS17004: Cannot use JSX unless the '--jsx' flag is provided.
docs/site/ui.tsx(653,39): error TS7026: JSX element implicitly has type 'any' because no interface 'JSX.IntrinsicElements' exists.
docs/site/ui.tsx(654,17): error TS7026: JSX element implicitly has type 'any' because no interface 'JSX.IntrinsicElements' exists.
docs/site/ui.tsx(654,17): error TS17004: Cannot use JSX unless the '--jsx' flag is provided.
docs/site/ui.tsx(656,17): error TS7026: JSX element implicitly has type 'any' because no interface 'JSX.IntrinsicElements' exists.
docs/site/ui.tsx(657,13): error TS7026: JSX element implicitly has type 'any' because no interface 'JSX.IntrinsicElements' exists.
docs/site/ui.tsx(658,35): error TS7026: JSX element implicitly has type 'any' because no interface 'JSX.IntrinsicElements' exists.
docs/site/ui.tsx(658,35): error TS17004: Cannot use JSX unless the '--jsx' flag is provided.
docs/site/ui.tsx(658,57): error TS7026: JSX element implicitly has type 'any' because no interface 'JSX.IntrinsicElements' exists.
docs/site/ui.tsx(659,13): error TS17004: Cannot use JSX unless the '--jsx' flag is provided.
docs/site/ui.tsx(663,25): error TS17004: Cannot use JSX unless the '--jsx' flag is provided.
docs/site/ui.tsx(665,28): error TS7006: Parameter 'event' implicitly has an 'any' type.
docs/site/ui.tsx(668,17): error TS17004: Cannot use JSX unless the '--jsx' flag is provided.
docs/site/ui.tsx(672,13): error TS7026: JSX element implicitly has type 'any' because no interface 'JSX.IntrinsicElements' exists.
docs/site/ui.tsx(672,13): error TS17004: Cannot use JSX unless the '--jsx' flag is provided.
docs/site/ui.tsx(673,40): error TS7006: Parameter 'property' implicitly has an 'any' type.
docs/site/ui.tsx(674,21): error TS7026: JSX element implicitly has type 'any' because no interface 'JSX.IntrinsicElements' exists.
docs/site/ui.tsx(674,21): error TS17004: Cannot use JSX unless the '--jsx' flag is provided.
docs/site/ui.tsx(675,25): error TS7026: JSX element implicitly has type 'any' because no interface 'JSX.IntrinsicElements' exists.
docs/site/ui.tsx(675,25): error TS17004: Cannot use JSX unless the '--jsx' flag is provided.
docs/site/ui.tsx(676,29): error TS7026: JSX element implicitly has type 'any' because no interface 'JSX.IntrinsicElements' exists.
docs/site/ui.tsx(676,29): error TS17004: Cannot use JSX unless the '--jsx' flag is provided.
docs/site/ui.tsx(676,50): error TS7026: JSX element implicitly has type 'any' because no interface 'JSX.IntrinsicElements' exists.
docs/site/ui.tsx(677,51): error TS7026: JSX element implicitly has type 'any' because no interface 'JSX.IntrinsicElements' exists.
docs/site/ui.tsx(677,51): error TS17004: Cannot use JSX unless the '--jsx' flag is provided.
docs/site/ui.tsx(677,80): error TS7026: JSX element implicitly has type 'any' because no interface 'JSX.IntrinsicElements' exists.
docs/site/ui.tsx(678,53): error TS7026: JSX element implicitly has type 'any' because no interface 'JSX.IntrinsicElements' exists.
docs/site/ui.tsx(678,53): error TS17004: Cannot use JSX unless the '--jsx' flag is provided.
docs/site/ui.tsx(678,85): error TS7026: JSX element implicitly has type 'any' because no interface 'JSX.IntrinsicElements' exists.
docs/site/ui.tsx(679,25): error TS7026: JSX element implicitly has type 'any' because no interface 'JSX.IntrinsicElements' exists.
docs/site/ui.tsx(680,25): error TS7026: JSX element implicitly has type 'any' because no interface 'JSX.IntrinsicElements' exists.
docs/site/ui.tsx(680,25): error TS17004: Cannot use JSX unless the '--jsx' flag is provided.
docs/site/ui.tsx(681,29): error TS7026: JSX element implicitly has type 'any' because no interface 'JSX.IntrinsicElements' exists.
docs/site/ui.tsx(681,29): error TS17004: Cannot use JSX unless the '--jsx' flag is provided.
docs/site/ui.tsx(681,55): error TS7026: JSX element implicitly has type 'any' because no interface 'JSX.IntrinsicElements' exists.
docs/site/ui.tsx(682,29): error TS7026: JSX element implicitly has type 'any' because no interface 'JSX.IntrinsicElements' exists.
docs/site/ui.tsx(682,29): error TS17004: Cannot use JSX unless the '--jsx' flag is provided.
docs/site/ui.tsx(682,64): error TS7026: JSX element implicitly has type 'any' because no interface 'JSX.IntrinsicElements' exists.
docs/site/ui.tsx(683,29): error TS7026: JSX element implicitly has type 'any' because no interface 'JSX.IntrinsicElements' exists.
docs/site/ui.tsx(683,29): error TS17004: Cannot use JSX unless the '--jsx' flag is provided.
docs/site/ui.tsx(686,29): error TS7026: JSX element implicitly has type 'any' because no interface 'JSX.IntrinsicElements' exists.
docs/site/ui.tsx(687,25): error TS7026: JSX element implicitly has type 'any' because no interface 'JSX.IntrinsicElements' exists.
docs/site/ui.tsx(688,21): error TS7026: JSX element implicitly has type 'any' because no interface 'JSX.IntrinsicElements' exists.
docs/site/ui.tsx(690,13): error TS7026: JSX element implicitly has type 'any' because no interface 'JSX.IntrinsicElements' exists.
docs/site/ui.tsx(692,17): error TS17004: Cannot use JSX unless the '--jsx' flag is provided.
docs/site/ui.tsx(695,17): error TS7026: JSX element implicitly has type 'any' because no interface 'JSX.IntrinsicElements' exists.
docs/site/ui.tsx(695,17): error TS17004: Cannot use JSX unless the '--jsx' flag is provided.
docs/site/ui.tsx(696,21): error TS7026: JSX element implicitly has type 'any' because no interface 'JSX.IntrinsicElements' exists.
docs/site/ui.tsx(696,21): error TS17004: Cannot use JSX unless the '--jsx' flag is provided.
docs/site/ui.tsx(696,60): error TS7026: JSX element implicitly has type 'any' because no interface 'JSX.IntrinsicElements' exists.
docs/site/ui.tsx(697,21): error TS7026: JSX element implicitly has type 'any' because no interface 'JSX.IntrinsicElements' exists.
docs/site/ui.tsx(697,21): error TS17004: Cannot use JSX unless the '--jsx' flag is provided.
docs/site/ui.tsx(698,47): error TS7006: Parameter 'item' implicitly has an 'any' type.
docs/site/ui.tsx(698,53): error TS7006: Parameter 'index' implicitly has an 'any' type.
docs/site/ui.tsx(699,29): error TS7026: JSX element implicitly has type 'any' because no interface 'JSX.IntrinsicElements' exists.
docs/site/ui.tsx(699,29): error TS17004: Cannot use JSX unless the '--jsx' flag is provided.
docs/site/ui.tsx(700,33): error TS7026: JSX element implicitly has type 'any' because no interface 'JSX.IntrinsicElements' exists.
docs/site/ui.tsx(700,33): error TS17004: Cannot use JSX unless the '--jsx' flag is provided.
docs/site/ui.tsx(702,33): error TS7026: JSX element implicitly has type 'any' because no interface 'JSX.IntrinsicElements' exists.
docs/site/ui.tsx(704,29): error TS7026: JSX element implicitly has type 'any' because no interface 'JSX.IntrinsicElements' exists.
docs/site/ui.tsx(706,21): error TS7026: JSX element implicitly has type 'any' because no interface 'JSX.IntrinsicElements' exists.
docs/site/ui.tsx(707,17): error TS7026: JSX element implicitly has type 'any' because no interface 'JSX.IntrinsicElements' exists.
docs/site/ui.tsx(710,17): error TS7026: JSX element implicitly has type 'any' because no interface 'JSX.IntrinsicElements' exists.
docs/site/ui.tsx(710,17): error TS17004: Cannot use JSX unless the '--jsx' flag is provided.
docs/site/ui.tsx(711,21): error TS7026: JSX element implicitly has type 'any' because no interface 'JSX.IntrinsicElements' exists.
docs/site/ui.tsx(711,21): error TS17004: Cannot use JSX unless the '--jsx' flag is provided.
docs/site/ui.tsx(711,36): error TS7026: JSX element implicitly has type 'any' because no interface 'JSX.IntrinsicElements' exists.
docs/site/ui.tsx(712,21): error TS7026: JSX element implicitly has type 'any' because no interface 'JSX.IntrinsicElements' exists.
docs/site/ui.tsx(712,21): error TS17004: Cannot use JSX unless the '--jsx' flag is provided.
docs/site/ui.tsx(713,46): error TS7006: Parameter 'warning' implicitly has an 'any' type.
docs/site/ui.tsx(713,55): error TS7006: Parameter 'index' implicitly has an 'any' type.
docs/site/ui.tsx(714,29): error TS7026: JSX element implicitly has type 'any' because no interface 'JSX.IntrinsicElements' exists.
docs/site/ui.tsx(714,29): error TS17004: Cannot use JSX unless the '--jsx' flag is provided.
docs/site/ui.tsx(714,54): error TS7026: JSX element implicitly has type 'any' because no interface 'JSX.IntrinsicElements' exists.
docs/site/ui.tsx(716,21): error TS7026: JSX element implicitly has type 'any' because no interface 'JSX.IntrinsicElements' exists.
docs/site/ui.tsx(717,17): error TS7026: JSX element implicitly has type 'any' because no interface 'JSX.IntrinsicElements' exists.
docs/site/ui.tsx(719,9): error TS7026: JSX element implicitly has type 'any' because no interface 'JSX.IntrinsicElements' exists.
docs/site/ui.tsx(732,9): error TS7026: JSX element implicitly has type 'any' because no interface 'JSX.IntrinsicElements' exists.
docs/site/ui.tsx(732,9): error TS17004: Cannot use JSX unless the '--jsx' flag is provided.
docs/site/ui.tsx(740,9): error TS7026: JSX element implicitly has type 'any' because no interface 'JSX.IntrinsicElements' exists.
docs/site/ui.tsx(743,9): error TS7026: JSX element implicitly has type 'any' because no interface 'JSX.IntrinsicElements' exists.
docs/site/ui.tsx(743,9): error TS17004: Cannot use JSX unless the '--jsx' flag is provided.
docs/site/ui.tsx(744,13): error TS7026: JSX element implicitly has type 'any' because no interface 'JSX.IntrinsicElements' exists.
docs/site/ui.tsx(744,13): error TS17004: Cannot use JSX unless the '--jsx' flag is provided.
docs/site/ui.tsx(744,30): error TS7026: JSX element implicitly has type 'any' because no interface 'JSX.IntrinsicElements' exists.
docs/site/ui.tsx(745,13): error TS7026: JSX element implicitly has type 'any' because no interface 'JSX.IntrinsicElements' exists.
docs/site/ui.tsx(745,13): error TS17004: Cannot use JSX unless the '--jsx' flag is provided.
docs/site/ui.tsx(745,35): error TS7026: JSX element implicitly has type 'any' because no interface 'JSX.IntrinsicElements' exists.
docs/site/ui.tsx(747,17): error TS7026: JSX element implicitly has type 'any' because no interface 'JSX.IntrinsicElements' exists.
docs/site/ui.tsx(747,17): error TS17004: Cannot use JSX unless the '--jsx' flag is provided.
docs/site/ui.tsx(748,21): error TS17004: Cannot use JSX unless the '--jsx' flag is provided.
docs/site/ui.tsx(749,17): error TS7026: JSX element implicitly has type 'any' because no interface 'JSX.IntrinsicElements' exists.
docs/site/ui.tsx(752,17): error TS17004: Cannot use JSX unless the '--jsx' flag is provided.
docs/site/ui.tsx(757,13): error TS7026: JSX element implicitly has type 'any' because no interface 'JSX.IntrinsicElements' exists.
docs/site/ui.tsx(757,13): error TS17004: Cannot use JSX unless the '--jsx' flag is provided.
docs/site/ui.tsx(758,17): error TS17004: Cannot use JSX unless the '--jsx' flag is provided.
docs/site/ui.tsx(765,17): error TS17004: Cannot use JSX unless the '--jsx' flag is provided.
docs/site/ui.tsx(774,32): error TS7006: Parameter 'value' implicitly has an 'any' type.
docs/site/ui.tsx(779,17): error TS17004: Cannot use JSX unless the '--jsx' flag is provided.
docs/site/ui.tsx(780,17): error TS17004: Cannot use JSX unless the '--jsx' flag is provided.
docs/site/ui.tsx(781,13): error TS7026: JSX element implicitly has type 'any' because no interface 'JSX.IntrinsicElements' exists.
docs/site/ui.tsx(782,13): error TS7026: JSX element implicitly has type 'any' because no interface 'JSX.IntrinsicElements' exists.
docs/site/ui.tsx(782,13): error TS17004: Cannot use JSX unless the '--jsx' flag is provided.
docs/site/ui.tsx(783,17): error TS7026: JSX element implicitly has type 'any' because no interface 'JSX.IntrinsicElements' exists.
docs/site/ui.tsx(783,17): error TS17004: Cannot use JSX unless the '--jsx' flag is provided.
docs/site/ui.tsx(784,21): error TS7026: JSX element implicitly has type 'any' because no interface 'JSX.IntrinsicElements' exists.
docs/site/ui.tsx(784,21): error TS17004: Cannot use JSX unless the '--jsx' flag is provided.
docs/site/ui.tsx(784,68): error TS7026: JSX element implicitly has type 'any' because no interface 'JSX.IntrinsicElements' exists.
docs/site/ui.tsx(785,17): error TS7026: JSX element implicitly has type 'any' because no interface 'JSX.IntrinsicElements' exists.
docs/site/ui.tsx(786,13): error TS7026: JSX element implicitly has type 'any' because no interface 'JSX.IntrinsicElements' exists.
docs/site/ui.tsx(787,13): error TS17004: Cannot use JSX unless the '--jsx' flag is provided.
docs/site/ui.tsx(793,23): error TS7006: Parameter 'node' implicitly has an 'any' type.
docs/site/ui.tsx(801,9): error TS7026: JSX element implicitly has type 'any' because no interface 'JSX.IntrinsicElements' exists.
docs/site/ui.tsx(807,9): error TS7026: JSX element implicitly has type 'any' because no interface 'JSX.IntrinsicElements' exists.
docs/site/ui.tsx(807,9): error TS17004: Cannot use JSX unless the '--jsx' flag is provided.
docs/site/ui.tsx(808,13): error TS17004: Cannot use JSX unless the '--jsx' flag is provided.
docs/site/ui.tsx(809,9): error TS7026: JSX element implicitly has type 'any' because no interface 'JSX.IntrinsicElements' exists.
docs/site/ui.tsx(814,9): error TS7026: JSX element implicitly has type 'any' because no interface 'JSX.IntrinsicElements' exists.
docs/site/ui.tsx(814,9): error TS17004: Cannot use JSX unless the '--jsx' flag is provided.
docs/site/ui.tsx(815,13): error TS17004: Cannot use JSX unless the '--jsx' flag is provided.
docs/site/ui.tsx(818,13): error TS17004: Cannot use JSX unless the '--jsx' flag is provided.
docs/site/ui.tsx(819,9): error TS7026: JSX element implicitly has type 'any' because no interface 'JSX.IntrinsicElements' exists.
docs/site/ui.tsx(824,9): error TS7026: JSX element implicitly has type 'any' because no interface 'JSX.IntrinsicElements' exists.
docs/site/ui.tsx(824,9): error TS17004: Cannot use JSX unless the '--jsx' flag is provided.
docs/site/ui.tsx(825,13): error TS17004: Cannot use JSX unless the '--jsx' flag is provided.
docs/site/ui.tsx(826,13): error TS17004: Cannot use JSX unless the '--jsx' flag is provided.
docs/site/ui.tsx(827,9): error TS7026: JSX element implicitly has type 'any' because no interface 'JSX.IntrinsicElements' exists.
tsconfig.json(2,16): error TS6053: File '@crab-dev/standards-typescript-preset/tsconfig.browser.react.json' not found.
