{
  "errorCount": 0,
  "exitCode": 0,
  "files": [
    {
      "changed": false,
      "diagnostics": [],
      "fixPasses": 0,
      "path": "scripts/check-token-contract.mjs",
      "written": false
    },
    {
      "changed": false,
      "diagnostics": [],
      "fixPasses": 0,
      "path": "scripts/typecheck-fixtures.mjs",
      "written": false
    },
    {
      "changed": false,
      "diagnostics": [],
      "fixPasses": 0,
      "path": "scripts/typecheck.mjs",
      "written": false
    },
    {
      "changed": false,
      "diagnostics": [],
      "fixPasses": 0,
      "path": "standards/eslint-preset/eslint.browser.react.config.mjs",
      "written": false
    },
    {
      "changed": false,
      "diagnostics": [],
      "fixPasses": 0,
      "path": "standards/eslint-preset/eslint.node.config.mjs",
      "written": false
    },
    {
      "changed": false,
      "diagnostics": [],
      "fixPasses": 0,
      "path": "standards/eslint-preset/index.mjs",
      "written": false
    },
    {
      "changed": false,
      "diagnostics": [],
      "fixPasses": 0,
      "path": "standards/typescript-preset/src/__tests__/typecheck.test.ts",
      "written": false
    },
    {
      "changed": false,
      "diagnostics": [],
      "fixPasses": 0,
      "path": "test/wake-css.setup.ts",
      "written": false
    }
  ],
  "warningCount": 0
}
• turbo 2.10.12
 WARNING  Circular package dependency detected: @crab-dev/rc-spin, @crab-dev/rc-button, @crab-dev/rc-component-preview, @crab-dev/rc-menu, @crab-dev/rc-masonry

   • Packages in scope: @crab-dev/rc-alert, @crab-dev/rc-app-main-layout, @crab-dev/rc-auto-sizer, @crab-dev/rc-avatar, @crab-dev/rc-badge, @crab-dev/rc-bar-chart, @crab-dev/rc-breadcrumbs, @crab-dev/rc-button, @crab-dev/rc-canvas, @crab-dev/rc-card, @crab-dev/rc-checkbox, @crab-dev/rc-color-picker, @crab-dev/rc-component-preview, @crab-dev/rc-cron-picker, @crab-dev/rc-date-picker, @crab-dev/rc-dialog, @crab-dev/rc-divider, @crab-dev/rc-drawer, @crab-dev/rc-dropdown-container, @crab-dev/rc-empty, @crab-dev/rc-flow-diagram, @crab-dev/rc-form, @crab-dev/rc-hooks, @crab-dev/rc-line-edit, @crab-dev/rc-masonry, @crab-dev/rc-menu, @crab-dev/rc-message, @crab-dev/rc-notification, @crab-dev/rc-number-edit, @crab-dev/rc-pagination, @crab-dev/rc-prose, @crab-dev/rc-radio, @crab-dev/rc-realm, @crab-dev/rc-router, @crab-dev/rc-segmented, @crab-dev/rc-select, @crab-dev/rc-skeleton, @crab-dev/rc-slider, @crab-dev/rc-spin, @crab-dev/rc-split-pane, @crab-dev/rc-switch, @crab-dev/rc-table, @crab-dev/rc-table-pro, @crab-dev/rc-tabs, @crab-dev/rc-tag, @crab-dev/rc-text-edit, @crab-dev/rc-theme, @crab-dev/rc-token-global, @crab-dev/rc-token-semantic, @crab-dev/rc-tooltip, @crab-dev/rc-tree, @crab-dev/rc-virtual, @crab-dev/standards-eslint-preset, @crab-dev/standards-typescript-preset, @crab-dev/website
   • Running lint in 55 packages
   • Remote caching disabled

@crab-dev/rc-flow-diagram:lint: cache miss, executing 29f03cff36e7d6ea
@crab-dev/rc-slider:lint: cache miss, executing 90fa5bc30258b571
@crab-dev/rc-router:lint: cache miss, executing 564f81e811da3a82
@crab-dev/rc-tabs:lint: cache miss, executing 9ae8cb7e5e24052d
@crab-dev/rc-component-preview:lint: cache miss, executing 5d750fe30039d6f6
@crab-dev/rc-avatar:lint: cache miss, executing 8c750fcce0fede42
@crab-dev/rc-select:lint: cache miss, executing f1e48318409e3f06
@crab-dev/rc-bar-chart:lint: cache miss, executing 202b8f690346760e
@crab-dev/rc-table:lint: cache miss, executing e4c4c8a420945b40
@crab-dev/rc-checkbox:lint: cache miss, executing bee7b08e26ab8d6d
@crab-dev/rc-flow-diagram:lint: {
@crab-dev/rc-flow-diagram:lint:   "errorCount": 0,
@crab-dev/rc-flow-diagram:lint:   "exitCode": 0,
@crab-dev/rc-flow-diagram:lint:   "files": [
@crab-dev/rc-flow-diagram:lint:     {
@crab-dev/rc-flow-diagram:lint:       "changed": false,
@crab-dev/rc-flow-diagram:lint:       "diagnostics": [],
@crab-dev/rc-flow-diagram:lint:       "fixPasses": 0,
@crab-dev/rc-flow-diagram:lint:       "path": "components/rc-flow-diagram/docs/demo-layout.ts",
@crab-dev/rc-flow-diagram:lint:       "written": false
@crab-dev/rc-flow-diagram:lint:     },
@crab-dev/rc-flow-diagram:lint:     {
@crab-dev/rc-flow-diagram:lint:       "changed": false,
@crab-dev/rc-flow-diagram:lint:       "diagnostics": [],
@crab-dev/rc-flow-diagram:lint:       "fixPasses": 0,
@crab-dev/rc-flow-diagram:lint:       "path": "components/rc-flow-diagram/docs/demos/animated-edge.demo.tsx",
@crab-dev/rc-flow-diagram:lint:       "written": false
@crab-dev/rc-flow-diagram:lint:     },
@crab-dev/rc-flow-diagram:lint:     {
@crab-dev/rc-flow-diagram:lint:       "changed": false,
@crab-dev/rc-flow-diagram:lint:       "diagnostics": [],
@crab-dev/rc-flow-diagram:lint:       "fixPasses": 0,
@crab-dev/rc-flow-diagram:lint:       "path": "components/rc-flow-diagram/docs/demos/edge.demo.tsx",
@crab-dev/rc-flow-diagram:lint:       "written": false
@crab-dev/rc-flow-diagram:lint:     },
@crab-dev/rc-flow-diagram:lint:     {
@crab-dev/rc-flow-diagram:lint:       "changed": false,
@crab-dev/rc-flow-diagram:lint:       "diagnostics": [],
@crab-dev/rc-flow-diagram:lint:       "fixPasses": 0,
@crab-dev/rc-flow-diagram:lint:       "path": "components/rc-flow-diagram/docs/demos/elk-layout.demo.tsx",
@crab-dev/rc-flow-diagram:lint:       "written": false
@crab-dev/rc-flow-diagram:lint:     },
@crab-dev/rc-flow-diagram:lint:     {
@crab-dev/rc-flow-diagram:lint:       "changed": false,
@crab-dev/rc-flow-diagram:lint:       "diagnostics": [],
@crab-dev/rc-flow-diagram:lint:       "fixPasses": 0,
@crab-dev/rc-flow-diagram:lint:       "path": "components/rc-flow-diagram/docs/shims/web-worker.ts",
@crab-dev/rc-flow-diagram:lint:       "written": false
@crab-dev/rc-flow-diagram:lint:     },
@crab-dev/rc-flow-diagram:lint:     {
@crab-dev/rc-flow-diagram:lint:       "changed": false,
@crab-dev/rc-flow-diagram:lint:       "diagnostics": [],
@crab-dev/rc-flow-diagram:lint:       "fixPasses": 0,
@crab-dev/rc-flow-diagram:lint:       "path": "components/rc-flow-diagram/src/__tests__/flow-edge.test.tsx",
@crab-dev/rc-flow-diagram:lint:       "written": false
@crab-dev/rc-flow-diagram:lint:     },
@crab-dev/rc-flow-diagram:lint:     {
@crab-dev/rc-flow-diagram:lint:       "changed": false,
@crab-dev/rc-flow-diagram:lint:       "diagnostics": [],
@crab-dev/rc-flow-diagram:lint:       "fixPasses": 0,
@crab-dev/rc-flow-diagram:lint:       "path": "components/rc-flow-diagram/src/__tests__/palette.test.tsx",
@crab-dev/rc-flow-diagram:lint:       "written": false
@crab-dev/rc-flow-diagram:lint:     },
@crab-dev/rc-flow-diagram:lint:     {
@crab-dev/rc-flow-diagram:lint:       "changed": false,
@crab-dev/rc-flow-diagram:lint:       "diagnostics": [],
@crab-dev/rc-flow-diagram:lint:       "fixPasses": 0,
@crab-dev/rc-flow-diagram:lint:       "path": "components/rc-flow-diagram/src/edge.tsx",
@crab-dev/rc-flow-diagram:lint:       "written": false
@crab-dev/rc-flow-diagram:lint:     },
@crab-dev/rc-flow-diagram:lint:     {
@crab-dev/rc-flow-diagram:lint:       "changed": false,
@crab-dev/rc-flow-diagram:lint:       "diagnostics": [],
@crab-dev/rc-flow-diagram:lint:       "fixPasses": 0,
@crab-dev/rc-flow-diagram:lint:       "path": "components/rc-flow-diagram/src/flow-diagram.tsx",
@crab-dev/rc-flow-diagram:lint:       "written": false
@crab-dev/rc-flow-diagram:lint:     },
@crab-dev/rc-flow-diagram:lint:     {
@crab-dev/rc-flow-diagram:lint:       "changed": false,
@crab-dev/rc-flow-diagram:lint:       "diagnostics": [],
@crab-dev/rc-flow-diagram:lint:       "fixPasses": 0,
@crab-dev/rc-flow-diagram:lint:       "path": "components/rc-flow-diagram/src/flow-edge.tsx",
@crab-dev/rc-flow-diagram:lint:       "written": false
@crab-dev/rc-flow-diagram:lint:     },
@crab-dev/rc-flow-diagram:lint:     {
@crab-dev/rc-flow-diagram:lint:       "changed": false,
@crab-dev/rc-flow-diagram:lint:       "diagnostics": [],
@crab-dev/rc-flow-diagram:lint:       "fixPasses": 0,
@crab-dev/rc-flow-diagram:lint:       "path": "components/rc-flow-diagram/src/flow-node.tsx",
@crab-dev/rc-flow-diagram:lint:       "written": false
@crab-dev/rc-flow-diagram:lint:     },
@crab-dev/rc-flow-diagram:lint:     {
@crab-dev/rc-flow-diagram:lint:       "changed": false,
@crab-dev/rc-flow-diagram:lint:       "diagnostics": [],
@crab-dev/rc-flow-diagram:lint:       "fixPasses": 0,
@crab-dev/rc-flow-diagram:lint:       "path": "components/rc-flow-diagram/src/hooks/useEdgeCrossings.ts",
@crab-dev/rc-flow-diagram:lint:       "written": false
@crab-dev/rc-flow-diagram:lint:     },
@crab-dev/rc-flow-diagram:lint:     {
@crab-dev/rc-flow-diagram:lint:       "changed": false,
@crab-dev/rc-flow-diagram:lint:       "diagnostics": [],
@crab-dev/rc-flow-diagram:lint:       "fixPasses": 0,
@crab-dev/rc-flow-diagram:lint:       "path": "components/rc-flow-diagram/src/hooks/useEdgeRouting.ts",
@crab-dev/rc-flow-diagram:lint:       "written": false
@crab-dev/rc-flow-diagram:lint:     },
@crab-dev/rc-flow-diagram:lint:     {
@crab-dev/rc-flow-diagram:lint:       "changed": false,
@crab-dev/rc-flow-diagram:lint:       "diagnostics": [],
@crab-dev/rc-flow-diagram:lint:       "fixPasses": 0,
@crab-dev/rc-flow-diagram:lint:       "path": "components/rc-flow-diagram/src/hooks/useElkLayout.ts",
@crab-dev/rc-flow-diagram:lint:       "written": false
@crab-dev/rc-flow-diagram:lint:     },
@crab-dev/rc-flow-diagram:lint:     {
@crab-dev/rc-flow-diagram:lint:       "changed": false,
@crab-dev/rc-flow-diagram:lint:       "diagnostics": [],
@crab-dev/rc-flow-diagram:lint:       "fixPasses": 0,
@crab-dev/rc-flow-diagram:lint:       "path": "components/rc-flow-diagram/src/hooks/useFlowDiagramControls.ts",
@crab-dev/rc-flow-diagram:lint:       "written": false
@crab-dev/rc-flow-diagram:lint:     },
@crab-dev/rc-flow-diagram:lint:     {
@crab-dev/rc-flow-diagram:lint:       "changed": false,
@crab-dev/rc-flow-diagram:lint:       "diagnostics": [],
@crab-dev/rc-flow-diagram:lint:       "fixPasses": 0,
@crab-dev/rc-flow-diagram:lint:       "path": "components/rc-flow-diagram/src/index.ts",
@crab-dev/rc-flow-diagram:lint:       "written": false
@crab-dev/rc-flow-diagram:lint:     },
@crab-dev/rc-flow-diagram:lint:     {
@crab-dev/rc-flow-diagram:lint:       "changed": false,
@crab-dev/rc-flow-diagram:lint:       "diagnostics": [],
@crab-dev/rc-flow-diagram:lint:       "fixPasses": 0,
@crab-dev/rc-flow-diagram:lint:       "path": "components/rc-flow-diagram/src/palette-context.ts",
@crab-dev/rc-flow-diagram:lint:       "written": false
@crab-dev/rc-flow-diagram:lint:     },
@crab-dev/rc-flow-diagram:lint:     {
@crab-dev/rc-flow-diagram:lint:       "changed": false,
@crab-dev/rc-flow-diagram:lint:       "diagnostics": [],
@crab-dev/rc-flow-diagram:lint:       "fixPasses": 0,
@crab-dev/rc-flow-diagram:lint:       "path": "components/rc-flow-diagram/src/palette.ts",
@crab-dev/rc-flow-diagram:lint:       "written": false
@crab-dev/rc-flow-diagram:lint:     }
@crab-dev/rc-flow-diagram:lint:   ],
@crab-dev/rc-flow-diagram:lint:   "warningCount": 0
@crab-dev/rc-flow-diagram:lint: }
@crab-dev/rc-slider:lint: {
@crab-dev/rc-slider:lint:   "errorCount": 0,
@crab-dev/rc-slider:lint:   "exitCode": 0,
@crab-dev/rc-slider:lint:   "files": [
@crab-dev/rc-slider:lint:     {
@crab-dev/rc-slider:lint:       "changed": false,
@crab-dev/rc-slider:lint:       "diagnostics": [],
@crab-dev/rc-slider:lint:       "fixPasses": 0,
@crab-dev/rc-slider:lint:       "path": "components/rc-slider/docs/demos/base.demo.tsx",
@crab-dev/rc-slider:lint:       "written": false
@crab-dev/rc-slider:lint:     },
@crab-dev/rc-slider:lint:     {
@crab-dev/rc-slider:lint:       "changed": false,
@crab-dev/rc-slider:lint:       "diagnostics": [],
@crab-dev/rc-slider:lint:       "fixPasses": 0,
@crab-dev/rc-slider:lint:       "path": "components/rc-slider/src/__tests__/slider.test.tsx",
@crab-dev/rc-slider:lint:       "written": false
@crab-dev/rc-slider:lint:     },
@crab-dev/rc-slider:lint:     {
@crab-dev/rc-slider:lint:       "changed": false,
@crab-dev/rc-slider:lint:       "diagnostics": [],
@crab-dev/rc-slider:lint:       "fixPasses": 0,
@crab-dev/rc-slider:lint:       "path": "components/rc-slider/src/__tests__/token-vars.test.ts",
@crab-dev/rc-slider:lint:       "written": false
@crab-dev/rc-slider:lint:     },
@crab-dev/rc-slider:lint:     {
@crab-dev/rc-slider:lint:       "changed": false,
@crab-dev/rc-slider:lint:       "diagnostics": [],
@crab-dev/rc-slider:lint:       "fixPasses": 0,
@crab-dev/rc-slider:lint:       "path": "components/rc-slider/src/index.ts",
@crab-dev/rc-slider:lint:       "written": false
@crab-dev/rc-slider:lint:     },
@crab-dev/rc-slider:lint:     {
@crab-dev/rc-slider:lint:       "changed": false,
@crab-dev/rc-slider:lint:       "diagnostics": [],
@crab-dev/rc-slider:lint:       "fixPasses": 0,
@crab-dev/rc-slider:lint:       "path": "components/rc-slider/src/slider.tsx",
@crab-dev/rc-slider:lint:       "written": false
@crab-dev/rc-slider:lint:     },
@crab-dev/rc-slider:lint:     {
@crab-dev/rc-slider:lint:       "changed": false,
@crab-dev/rc-slider:lint:       "diagnostics": [],
@crab-dev/rc-slider:lint:       "fixPasses": 0,
@crab-dev/rc-slider:lint:       "path": "components/rc-slider/src/token-vars.ts",
@crab-dev/rc-slider:lint:       "written": false
@crab-dev/rc-slider:lint:     }
@crab-dev/rc-slider:lint:   ],
@crab-dev/rc-slider:lint:   "warningCount": 0
@crab-dev/rc-slider:lint: }
@crab-dev/rc-router:lint: {
@crab-dev/rc-router:lint:   "errorCount": 0,
@crab-dev/rc-router:lint:   "exitCode": 0,
@crab-dev/rc-router:lint:   "files": [
@crab-dev/rc-router:lint:     {
@crab-dev/rc-router:lint:       "changed": false,
@crab-dev/rc-router:lint:       "diagnostics": [],
@crab-dev/rc-router:lint:       "fixPasses": 0,
@crab-dev/rc-router:lint:       "path": "components/rc-router/docs/demos/basic.demo.tsx",
@crab-dev/rc-router:lint:       "written": false
@crab-dev/rc-router:lint:     },
@crab-dev/rc-router:lint:     {
@crab-dev/rc-router:lint:       "changed": false,
@crab-dev/rc-router:lint:       "diagnostics": [],
@crab-dev/rc-router:lint:       "fixPasses": 0,
@crab-dev/rc-router:lint:       "path": "components/rc-router/src/__tests__/matcher.test.tsx",
@crab-dev/rc-router:lint:       "written": false
@crab-dev/rc-router:lint:     },
@crab-dev/rc-router:lint:     {
@crab-dev/rc-router:lint:       "changed": false,
@crab-dev/rc-router:lint:       "diagnostics": [],
@crab-dev/rc-router:lint:       "fixPasses": 0,
@crab-dev/rc-router:lint:       "path": "components/rc-router/src/__tests__/path.test.ts",
@crab-dev/rc-router:lint:       "written": false
@crab-dev/rc-router:lint:     },
@crab-dev/rc-router:lint:     {
@crab-dev/rc-router:lint:       "changed": false,
@crab-dev/rc-router:lint:       "diagnostics": [],
@crab-dev/rc-router:lint:       "fixPasses": 0,
@crab-dev/rc-router:lint:       "path": "components/rc-router/src/__tests__/router.test.tsx",
@crab-dev/rc-router:lint:       "written": false
@crab-dev/rc-router:lint:     },
@crab-dev/rc-router:lint:     {
@crab-dev/rc-router:lint:       "changed": false,
@crab-dev/rc-router:lint:       "diagnostics": [],
@crab-dev/rc-router:lint:       "fixPasses": 0,
@crab-dev/rc-router:lint:       "path": "components/rc-router/src/contexts.ts",
@crab-dev/rc-router:lint:       "written": false
@crab-dev/rc-router:lint:     },
@crab-dev/rc-router:lint:     {
@crab-dev/rc-router:lint:       "changed": false,
@crab-dev/rc-router:lint:       "diagnostics": [],
@crab-dev/rc-router:lint:       "fixPasses": 0,
@crab-dev/rc-router:lint:       "path": "components/rc-router/src/history.ts",
@crab-dev/rc-router:lint:       "written": false
@crab-dev/rc-router:lint:     },
@crab-dev/rc-router:lint:     {
@crab-dev/rc-router:lint:       "changed": false,
@crab-dev/rc-router:lint:       "diagnostics": [],
@crab-dev/rc-router:lint:       "fixPasses": 0,
@crab-dev/rc-router:lint:       "path": "components/rc-router/src/hooks.ts",
@crab-dev/rc-router:lint:       "written": false
@crab-dev/rc-router:lint:     },
@crab-dev/rc-router:lint:     {
@crab-dev/rc-router:lint:       "changed": false,
@crab-dev/rc-router:lint:       "diagnostics": [],
@crab-dev/rc-router:lint:       "fixPasses": 0,
@crab-dev/rc-router:lint:       "path": "components/rc-router/src/index.ts",
@crab-dev/rc-router:lint:       "written": false
@crab-dev/rc-router:lint:     },
@crab-dev/rc-router:lint:     {
@crab-dev/rc-router:lint:       "changed": false,
@crab-dev/rc-router:lint:       "diagnostics": [],
@crab-dev/rc-router:lint:       "fixPasses": 0,
@crab-dev/rc-router:lint:       "path": "components/rc-router/src/link.tsx",
@crab-dev/rc-router:lint:       "written": false
@crab-dev/rc-router:lint:     },
@crab-dev/rc-router:lint:     {
@crab-dev/rc-router:lint:       "changed": false,
@crab-dev/rc-router:lint:       "diagnostics": [],
@crab-dev/rc-router:lint:       "fixPasses": 0,
@crab-dev/rc-router:lint:       "path": "components/rc-router/src/matcher.ts",
@crab-dev/rc-router:lint:       "written": false
@crab-dev/rc-router:lint:     },
@crab-dev/rc-router:lint:     {
@crab-dev/rc-router:lint:       "changed": false,
@crab-dev/rc-router:lint:       "diagnostics": [],
@crab-dev/rc-router:lint:       "fixPasses": 0,
@crab-dev/rc-router:lint:       "path": "components/rc-router/src/navigate.tsx",
@crab-dev/rc-router:lint:       "written": false
@crab-dev/rc-router:lint:     },
@crab-dev/rc-router:lint:     {
@crab-dev/rc-router:lint:       "changed": false,
@crab-dev/rc-router:lint:       "diagnostics": [],
@crab-dev/rc-router:lint:       "fixPasses": 0,
@crab-dev/rc-router:lint:       "path": "components/rc-router/src/outlet.tsx",
@crab-dev/rc-router:lint:       "written": false
@crab-dev/rc-router:lint:     },
@crab-dev/rc-router:lint:     {
@crab-dev/rc-router:lint:       "changed": false,
@crab-dev/rc-router:lint:       "diagnostics": [],
@crab-dev/rc-router:lint:       "fixPasses": 0,
@crab-dev/rc-router:lint:       "path": "components/rc-router/src/path.ts",
@crab-dev/rc-router:lint:       "written": false
@crab-dev/rc-router:lint:     },
@crab-dev/rc-router:lint:     {
@crab-dev/rc-router:lint:       "changed": false,
@crab-dev/rc-router:lint:       "diagnostics": [],
@crab-dev/rc-router:lint:       "fixPasses": 0,
@crab-dev/rc-router:lint:       "path": "components/rc-router/src/router.tsx",
@crab-dev/rc-router:lint:       "written": false
@crab-dev/rc-router:lint:     },
@crab-dev/rc-router:lint:     {
@crab-dev/rc-router:lint:       "changed": false,
@crab-dev/rc-router:lint:       "diagnostics": [],
@crab-dev/rc-router:lint:       "fixPasses": 0,
@crab-dev/rc-router:lint:       "path": "components/rc-router/src/types.ts",
@crab-dev/rc-router:lint:       "written": false
@crab-dev/rc-router:lint:     }
@crab-dev/rc-router:lint:   ],
@crab-dev/rc-router:lint:   "warningCount": 0
@crab-dev/rc-router:lint: }
@crab-dev/rc-empty:lint: cache miss, executing 8c1bc9543268f32a
@crab-dev/rc-token-semantic:lint: cache miss, executing afdd921c345bbf3e
@crab-dev/rc-message:lint: cache miss, executing 62cc5d61187dc2a1
@crab-dev/rc-tabs:lint: {
@crab-dev/rc-tabs:lint:   "errorCount": 0,
@crab-dev/rc-tabs:lint:   "exitCode": 0,
@crab-dev/rc-tabs:lint:   "files": [
@crab-dev/rc-tabs:lint:     {
@crab-dev/rc-tabs:lint:       "changed": false,
@crab-dev/rc-tabs:lint:       "diagnostics": [],
@crab-dev/rc-tabs:lint:       "fixPasses": 0,
@crab-dev/rc-tabs:lint:       "path": "components/rc-tabs/docs/demos/basic.demo.tsx",
@crab-dev/rc-tabs:lint:       "written": false
@crab-dev/rc-tabs:lint:     },
@crab-dev/rc-tabs:lint:     {
@crab-dev/rc-tabs:lint:       "changed": false,
@crab-dev/rc-tabs:lint:       "diagnostics": [],
@crab-dev/rc-tabs:lint:       "fixPasses": 0,
@crab-dev/rc-tabs:lint:       "path": "components/rc-tabs/docs/demos/card.demo.tsx",
@crab-dev/rc-tabs:lint:       "written": false
@crab-dev/rc-tabs:lint:     },
@crab-dev/rc-tabs:lint:     {
@crab-dev/rc-tabs:lint:       "changed": false,
@crab-dev/rc-tabs:lint:       "diagnostics": [],
@crab-dev/rc-tabs:lint:       "fixPasses": 0,
@crab-dev/rc-tabs:lint:       "path": "components/rc-tabs/docs/demos/closable.demo.tsx",
@crab-dev/rc-tabs:lint:       "written": false
@crab-dev/rc-tabs:lint:     },
@crab-dev/rc-tabs:lint:     {
@crab-dev/rc-tabs:lint:       "changed": false,
@crab-dev/rc-tabs:lint:       "diagnostics": [],
@crab-dev/rc-tabs:lint:       "fixPasses": 0,
@crab-dev/rc-tabs:lint:       "path": "components/rc-tabs/docs/demos/pill.demo.tsx",
@crab-dev/rc-tabs:lint:       "written": false
@crab-dev/rc-tabs:lint:     },
@crab-dev/rc-tabs:lint:     {
@crab-dev/rc-tabs:lint:       "changed": false,
@crab-dev/rc-tabs:lint:       "diagnostics": [],
@crab-dev/rc-tabs:lint:       "fixPasses": 0,
@crab-dev/rc-tabs:lint:       "path": "components/rc-tabs/docs/demos/with-icon.demo.tsx",
@crab-dev/rc-tabs:lint:       "written": false
@crab-dev/rc-tabs:lint:     },
@crab-dev/rc-tabs:lint:     {
@crab-dev/rc-tabs:lint:       "changed": false,
@crab-dev/rc-tabs:lint:       "diagnostics": [],
@crab-dev/rc-tabs:lint:       "fixPasses": 0,
@crab-dev/rc-tabs:lint:       "path": "components/rc-tabs/src/__tests__/tabs.test.tsx",
@crab-dev/rc-tabs:lint:       "written": false
@crab-dev/rc-tabs:lint:     },
@crab-dev/rc-tabs:lint:     {
@crab-dev/rc-tabs:lint:       "changed": false,
@crab-dev/rc-tabs:lint:       "diagnostics": [],
@crab-dev/rc-tabs:lint:       "fixPasses": 0,
@crab-dev/rc-tabs:lint:       "path": "components/rc-tabs/src/index.ts",
@crab-dev/rc-tabs:lint:       "written": false
@crab-dev/rc-tabs:lint:     },
@crab-dev/rc-tabs:lint:     {
@crab-dev/rc-tabs:lint:       "changed": false,
@crab-dev/rc-tabs:lint:       "diagnostics": [],
@crab-dev/rc-tabs:lint:       "fixPasses": 0,
@crab-dev/rc-tabs:lint:       "path": "components/rc-tabs/src/tabs.tsx",
@crab-dev/rc-tabs:lint:       "written": false
@crab-dev/rc-tabs:lint:     },
@crab-dev/rc-tabs:lint:     {
@crab-dev/rc-tabs:lint:       "changed": false,
@crab-dev/rc-tabs:lint:       "diagnostics": [],
@crab-dev/rc-tabs:lint:       "fixPasses": 0,
@crab-dev/rc-tabs:lint:       "path": "components/rc-tabs/src/types.ts",
@crab-dev/rc-tabs:lint:       "written": false
@crab-dev/rc-tabs:lint:     }
@crab-dev/rc-tabs:lint:   ],
@crab-dev/rc-tabs:lint:   "warningCount": 0
@crab-dev/rc-tabs:lint: }
@crab-dev/rc-component-preview:lint: {
@crab-dev/rc-component-preview:lint:   "errorCount": 0,
@crab-dev/rc-component-preview:lint:   "exitCode": 0,
@crab-dev/rc-component-preview:lint:   "files": [
@crab-dev/rc-component-preview:lint:     {
@crab-dev/rc-component-preview:lint:       "changed": false,
@crab-dev/rc-component-preview:lint:       "diagnostics": [],
@crab-dev/rc-component-preview:lint:       "fixPasses": 0,
@crab-dev/rc-component-preview:lint:       "path": "components/rc-component-preview/docs/demos/base.demo.tsx",
@crab-dev/rc-component-preview:lint:       "written": false
@crab-dev/rc-component-preview:lint:     },
@crab-dev/rc-component-preview:lint:     {
@crab-dev/rc-component-preview:lint:       "changed": false,
@crab-dev/rc-component-preview:lint:       "diagnostics": [],
@crab-dev/rc-component-preview:lint:       "fixPasses": 0,
@crab-dev/rc-component-preview:lint:       "path": "components/rc-component-preview/docs/shims/vfile-minpath.ts",
@crab-dev/rc-component-preview:lint:       "written": false
@crab-dev/rc-component-preview:lint:     },
@crab-dev/rc-component-preview:lint:     {
@crab-dev/rc-component-preview:lint:       "changed": false,
@crab-dev/rc-component-preview:lint:       "diagnostics": [],
@crab-dev/rc-component-preview:lint:       "fixPasses": 0,
@crab-dev/rc-component-preview:lint:       "path": "components/rc-component-preview/docs/shims/vfile-minproc.ts",
@crab-dev/rc-component-preview:lint:       "written": false
@crab-dev/rc-component-preview:lint:     },
@crab-dev/rc-component-preview:lint:     {
@crab-dev/rc-component-preview:lint:       "changed": false,
@crab-dev/rc-component-preview:lint:       "diagnostics": [],
@crab-dev/rc-component-preview:lint:       "fixPasses": 0,
@crab-dev/rc-component-preview:lint:       "path": "components/rc-component-preview/docs/shims/vfile-minurl.ts",
@crab-dev/rc-component-preview:lint:       "written": false
@crab-dev/rc-component-preview:lint:     },
@crab-dev/rc-component-preview:lint:     {
@crab-dev/rc-component-preview:lint:       "changed": false,
@crab-dev/rc-component-preview:lint:       "diagnostics": [],
@crab-dev/rc-component-preview:lint:       "fixPasses": 0,
@crab-dev/rc-component-preview:lint:       "path": "components/rc-component-preview/src/__tests__/preview.test.tsx",
@crab-dev/rc-component-preview:lint:       "written": false
@crab-dev/rc-component-preview:lint:     },
@crab-dev/rc-component-preview:lint:     {
@crab-dev/rc-component-preview:lint:       "changed": false,
@crab-dev/rc-component-preview:lint:       "diagnostics": [],
@crab-dev/rc-component-preview:lint:       "fixPasses": 0,
@crab-dev/rc-component-preview:lint:       "path": "components/rc-component-preview/src/icons.tsx",
@crab-dev/rc-component-preview:lint:       "written": false
@crab-dev/rc-component-preview:lint:     },
@crab-dev/rc-component-preview:lint:     {
@crab-dev/rc-component-preview:lint:       "changed": false,
@crab-dev/rc-component-preview:lint:       "diagnostics": [],
@crab-dev/rc-component-preview:lint:       "fixPasses": 0,
@crab-dev/rc-component-preview:lint:       "path": "components/rc-component-preview/src/index.ts",
@crab-dev/rc-component-preview:lint:       "written": false
@crab-dev/rc-component-preview:lint:     },
@crab-dev/rc-component-preview:lint:     {
@crab-dev/rc-component-preview:lint:       "changed": false,
@crab-dev/rc-component-preview:lint:       "diagnostics": [],
@crab-dev/rc-component-preview:lint:       "fixPasses": 0,
@crab-dev/rc-component-preview:lint:       "path": "components/rc-component-preview/src/preview.tsx",
@crab-dev/rc-component-preview:lint:       "written": false
@crab-dev/rc-component-preview:lint:     },
@crab-dev/rc-component-preview:lint:     {
@crab-dev/rc-component-preview:lint:       "changed": false,
@crab-dev/rc-component-preview:lint:       "diagnostics": [],
@crab-dev/rc-component-preview:lint:       "fixPasses": 0,
@crab-dev/rc-component-preview:lint:       "path": "components/rc-component-preview/src/sourceCode.tsx",
@crab-dev/rc-component-preview:lint:       "written": false
@crab-dev/rc-component-preview:lint:     }
@crab-dev/rc-component-preview:lint:   ],
@crab-dev/rc-component-preview:lint:   "warningCount": 0
@crab-dev/rc-component-preview:lint: }
@crab-dev/rc-avatar:lint: {
@crab-dev/rc-avatar:lint:   "errorCount": 0,
@crab-dev/rc-avatar:lint:   "exitCode": 0,
@crab-dev/rc-avatar:lint:   "files": [
@crab-dev/rc-avatar:lint:     {
@crab-dev/rc-avatar:lint:       "changed": false,
@crab-dev/rc-avatar:lint:       "diagnostics": [],
@crab-dev/rc-avatar:lint:       "fixPasses": 0,
@crab-dev/rc-avatar:lint:       "path": "components/rc-avatar/docs/demos/basic.demo.tsx",
@crab-dev/rc-avatar:lint:       "written": false
@crab-dev/rc-avatar:lint:     },
@crab-dev/rc-avatar:lint:     {
@crab-dev/rc-avatar:lint:       "changed": false,
@crab-dev/rc-avatar:lint:       "diagnostics": [],
@crab-dev/rc-avatar:lint:       "fixPasses": 0,
@crab-dev/rc-avatar:lint:       "path": "components/rc-avatar/docs/demos/group.demo.tsx",
@crab-dev/rc-avatar:lint:       "written": false
@crab-dev/rc-avatar:lint:     },
@crab-dev/rc-avatar:lint:     {
@crab-dev/rc-avatar:lint:       "changed": false,
@crab-dev/rc-avatar:lint:       "diagnostics": [],
@crab-dev/rc-avatar:lint:       "fixPasses": 0,
@crab-dev/rc-avatar:lint:       "path": "components/rc-avatar/docs/demos/icon.demo.tsx",
@crab-dev/rc-avatar:lint:       "written": false
@crab-dev/rc-avatar:lint:     },
@crab-dev/rc-avatar:lint:     {
@crab-dev/rc-avatar:lint:       "changed": false,
@crab-dev/rc-avatar:lint:       "diagnostics": [],
@crab-dev/rc-avatar:lint:       "fixPasses": 0,
@crab-dev/rc-avatar:lint:       "path": "components/rc-avatar/docs/demos/image.demo.tsx",
@crab-dev/rc-avatar:lint:       "written": false
@crab-dev/rc-avatar:lint:     },
@crab-dev/rc-avatar:lint:     {
@crab-dev/rc-avatar:lint:       "changed": false,
@crab-dev/rc-avatar:lint:       "diagnostics": [],
@crab-dev/rc-avatar:lint:       "fixPasses": 0,
@crab-dev/rc-avatar:lint:       "path": "components/rc-avatar/docs/demos/shape-size.demo.tsx",
@crab-dev/rc-avatar:lint:       "written": false
@crab-dev/rc-avatar:lint:     },
@crab-dev/rc-avatar:lint:     {
@crab-dev/rc-avatar:lint:       "changed": false,
@crab-dev/rc-avatar:lint:       "diagnostics": [],
@crab-dev/rc-avatar:lint:       "fixPasses": 0,
@crab-dev/rc-avatar:lint:       "path": "components/rc-avatar/src/__tests__/avatar-group.test.tsx",
@crab-dev/rc-avatar:lint:       "written": false
@crab-dev/rc-avatar:lint:     },
@crab-dev/rc-avatar:lint:     {
@crab-dev/rc-avatar:lint:       "changed": false,
@crab-dev/rc-avatar:lint:       "diagnostics": [],
@crab-dev/rc-avatar:lint:       "fixPasses": 0,
@crab-dev/rc-avatar:lint:       "path": "components/rc-avatar/src/__tests__/avatar.test.tsx",
@crab-dev/rc-avatar:lint:       "written": false
@crab-dev/rc-avatar:lint:     },
@crab-dev/rc-avatar:lint:     {
@crab-dev/rc-avatar:lint:       "changed": false,
@crab-dev/rc-avatar:lint:       "diagnostics": [],
@crab-dev/rc-avatar:lint:       "fixPasses": 0,
@crab-dev/rc-avatar:lint:       "path": "components/rc-avatar/src/avatar-group.tsx",
@crab-dev/rc-avatar:lint:       "written": false
@crab-dev/rc-avatar:lint:     },
@crab-dev/rc-avatar:lint:     {
@crab-dev/rc-avatar:lint:       "changed": false,
@crab-dev/rc-avatar:lint:       "diagnostics": [],
@crab-dev/rc-avatar:lint:       "fixPasses": 0,
@crab-dev/rc-avatar:lint:       "path": "components/rc-avatar/src/avatar.tsx",
@crab-dev/rc-avatar:lint:       "written": false
@crab-dev/rc-avatar:lint:     },
@crab-dev/rc-avatar:lint:     {
@crab-dev/rc-avatar:lint:       "changed": false,
@crab-dev/rc-avatar:lint:       "diagnostics": [],
@crab-dev/rc-avatar:lint:       "fixPasses": 0,
@crab-dev/rc-avatar:lint:       "path": "components/rc-avatar/src/index.ts",
@crab-dev/rc-avatar:lint:       "written": false
@crab-dev/rc-avatar:lint:     },
@crab-dev/rc-avatar:lint:     {
@crab-dev/rc-avatar:lint:       "changed": false,
@crab-dev/rc-avatar:lint:       "diagnostics": [],
@crab-dev/rc-avatar:lint:       "fixPasses": 0,
@crab-dev/rc-avatar:lint:       "path": "components/rc-avatar/src/types.ts",
@crab-dev/rc-avatar:lint:       "written": false
@crab-dev/rc-avatar:lint:     }
@crab-dev/rc-avatar:lint:   ],
@crab-dev/rc-avatar:lint:   "warningCount": 0
@crab-dev/rc-avatar:lint: }
@crab-dev/rc-breadcrumbs:lint: cache miss, executing dcd55ed7e2c077f1
@crab-dev/rc-prose:lint: cache miss, executing 2c6845a27fc4e121
@crab-dev/rc-select:lint: {
@crab-dev/rc-select:lint:   "errorCount": 0,
@crab-dev/rc-select:lint:   "exitCode": 0,
@crab-dev/rc-select:lint:   "files": [
@crab-dev/rc-select:lint:     {
@crab-dev/rc-select:lint:       "changed": false,
@crab-dev/rc-select:lint:       "diagnostics": [],
@crab-dev/rc-select:lint:       "fixPasses": 0,
@crab-dev/rc-select:lint:       "path": "components/rc-select/docs/demos/allowClear.demo.tsx",
@crab-dev/rc-select:lint:       "written": false
@crab-dev/rc-select:lint:     },
@crab-dev/rc-select:lint:     {
@crab-dev/rc-select:lint:       "changed": false,
@crab-dev/rc-select:lint:       "diagnostics": [],
@crab-dev/rc-select:lint:       "fixPasses": 0,
@crab-dev/rc-select:lint:       "path": "components/rc-select/docs/demos/basic.demo.tsx",
@crab-dev/rc-select:lint:       "written": false
@crab-dev/rc-select:lint:     },
@crab-dev/rc-select:lint:     {
@crab-dev/rc-select:lint:       "changed": false,
@crab-dev/rc-select:lint:       "diagnostics": [],
@crab-dev/rc-select:lint:       "fixPasses": 0,
@crab-dev/rc-select:lint:       "path": "components/rc-select/docs/demos/disabled.demo.tsx",
@crab-dev/rc-select:lint:       "written": false
@crab-dev/rc-select:lint:     },
@crab-dev/rc-select:lint:     {
@crab-dev/rc-select:lint:       "changed": false,
@crab-dev/rc-select:lint:       "diagnostics": [],
@crab-dev/rc-select:lint:       "fixPasses": 0,
@crab-dev/rc-select:lint:       "path": "components/rc-select/docs/demos/group.demo.tsx",
@crab-dev/rc-select:lint:       "written": false
@crab-dev/rc-select:lint:     },
@crab-dev/rc-select:lint:     {
@crab-dev/rc-select:lint:       "changed": false,
@crab-dev/rc-select:lint:       "diagnostics": [],
@crab-dev/rc-select:lint:       "fixPasses": 0,
@crab-dev/rc-select:lint:       "path": "components/rc-select/docs/demos/loading.demo.tsx",
@crab-dev/rc-select:lint:       "written": false
@crab-dev/rc-select:lint:     },
@crab-dev/rc-select:lint:     {
@crab-dev/rc-select:lint:       "changed": false,
@crab-dev/rc-select:lint:       "diagnostics": [],
@crab-dev/rc-select:lint:       "fixPasses": 0,
@crab-dev/rc-select:lint:       "path": "components/rc-select/docs/demos/maxTagCount.demo.tsx",
@crab-dev/rc-select:lint:       "written": false
@crab-dev/rc-select:lint:     },
@crab-dev/rc-select:lint:     {
@crab-dev/rc-select:lint:       "changed": false,
@crab-dev/rc-select:lint:       "diagnostics": [],
@crab-dev/rc-select:lint:       "fixPasses": 0,
@crab-dev/rc-select:lint:       "path": "components/rc-select/docs/demos/multiple.demo.tsx",
@crab-dev/rc-select:lint:       "written": false
@crab-dev/rc-select:lint:     },
@crab-dev/rc-select:lint:     {
@crab-dev/rc-select:lint:       "changed": false,
@crab-dev/rc-select:lint:       "diagnostics": [],
@crab-dev/rc-select:lint:       "fixPasses": 0,
@crab-dev/rc-select:lint:       "path": "components/rc-select/docs/demos/searchable.demo.tsx",
@crab-dev/rc-select:lint:       "written": false
@crab-dev/rc-select:lint:     },
@crab-dev/rc-select:lint:     {
@crab-dev/rc-select:lint:       "changed": false,
@crab-dev/rc-select:lint:       "diagnostics": [],
@crab-dev/rc-select:lint:       "fixPasses": 0,
@crab-dev/rc-select:lint:       "path": "components/rc-select/docs/demos/size.demo.tsx",
@crab-dev/rc-select:lint:       "written": false
@crab-dev/rc-select:lint:     },
@crab-dev/rc-select:lint:     {
@crab-dev/rc-select:lint:       "changed": false,
@crab-dev/rc-select:lint:       "diagnostics": [],
@crab-dev/rc-select:lint:       "fixPasses": 0,
@crab-dev/rc-select:lint:       "path": "components/rc-select/docs/demos/status.demo.tsx",
@crab-dev/rc-select:lint:       "written": false
@crab-dev/rc-select:lint:     },
@crab-dev/rc-select:lint:     {
@crab-dev/rc-select:lint:       "changed": false,
@crab-dev/rc-select:lint:       "diagnostics": [],
@crab-dev/rc-select:lint:       "fixPasses": 0,
@crab-dev/rc-select:lint:       "path": "components/rc-select/src/__tests__/select.critical-bugs.test.tsx",
@crab-dev/rc-select:lint:       "written": false
@crab-dev/rc-select:lint:     },
@crab-dev/rc-select:lint:     {
@crab-dev/rc-select:lint:       "changed": false,
@crab-dev/rc-select:lint:       "diagnostics": [],
@crab-dev/rc-select:lint:       "fixPasses": 0,
@crab-dev/rc-select:lint:       "path": "components/rc-select/src/__tests__/select.test.tsx",
@crab-dev/rc-select:lint:       "written": false
@crab-dev/rc-select:lint:     },
@crab-dev/rc-select:lint:     {
@crab-dev/rc-select:lint:       "changed": false,
@crab-dev/rc-select:lint:       "diagnostics": [],
@crab-dev/rc-select:lint:       "fixPasses": 0,
@crab-dev/rc-select:lint:       "path": "components/rc-select/src/hooks/useKeyboardNavigation.ts",
@crab-dev/rc-select:lint:       "written": false
@crab-dev/rc-select:lint:     },
@crab-dev/rc-select:lint:     {
@crab-dev/rc-select:lint:       "changed": false,
@crab-dev/rc-select:lint:       "diagnostics": [],
@crab-dev/rc-select:lint:       "fixPasses": 0,
@crab-dev/rc-select:lint:       "path": "components/rc-select/src/index.ts",
@crab-dev/rc-select:lint:       "written": false
@crab-dev/rc-select:lint:     },
@crab-dev/rc-select:lint:     {
@crab-dev/rc-select:lint:       "changed": false,
@crab-dev/rc-select:lint:       "diagnostics": [],
@crab-dev/rc-select:lint:       "fixPasses": 0,
@crab-dev/rc-select:lint:       "path": "components/rc-select/src/select.tsx",
@crab-dev/rc-select:lint:       "written": false
@crab-dev/rc-select:lint:     },
@crab-dev/rc-select:lint:     {
@crab-dev/rc-select:lint:       "changed": false,
@crab-dev/rc-select:lint:       "diagnostics": [],
@crab-dev/rc-select:lint:       "fixPasses": 0,
@crab-dev/rc-select:lint:       "path": "components/rc-select/src/selectInput.tsx",
@crab-dev/rc-select:lint:       "written": false
@crab-dev/rc-select:lint:     },
@crab-dev/rc-select:lint:     {
@crab-dev/rc-select:lint:       "changed": false,
@crab-dev/rc-select:lint:       "diagnostics": [],
@crab-dev/rc-select:lint:       "fixPasses": 0,
@crab-dev/rc-select:lint:       "path": "components/rc-select/src/selectOverlay.tsx",
@crab-dev/rc-select:lint:       "written": false
@crab-dev/rc-select:lint:     },
@crab-dev/rc-select:lint:     {
@crab-dev/rc-select:lint:       "changed": false,
@crab-dev/rc-select:lint:       "diagnostics": [],
@crab-dev/rc-select:lint:       "fixPasses": 0,
@crab-dev/rc-select:lint:       "path": "components/rc-select/src/types.ts",
@crab-dev/rc-select:lint:       "written": false
@crab-dev/rc-select:lint:     }
@crab-dev/rc-select:lint:   ],
@crab-dev/rc-select:lint:   "warningCount": 0
@crab-dev/rc-select:lint: }
@crab-dev/rc-auto-sizer:lint: cache miss, executing 8b944636cdfbb96d
@crab-dev/rc-bar-chart:lint: {
@crab-dev/rc-bar-chart:lint:   "errorCount": 0,
@crab-dev/rc-bar-chart:lint:   "exitCode": 0,
@crab-dev/rc-bar-chart:lint:   "files": [
@crab-dev/rc-bar-chart:lint:     {
@crab-dev/rc-bar-chart:lint:       "changed": false,
@crab-dev/rc-bar-chart:lint:       "diagnostics": [],
@crab-dev/rc-bar-chart:lint:       "fixPasses": 0,
@crab-dev/rc-bar-chart:lint:       "path": "components/rc-bar-chart/docs/demos/annotations.demo.tsx",
@crab-dev/rc-bar-chart:lint:       "written": false
@crab-dev/rc-bar-chart:lint:     },
@crab-dev/rc-bar-chart:lint:     {
@crab-dev/rc-bar-chart:lint:       "changed": false,
@crab-dev/rc-bar-chart:lint:       "diagnostics": [],
@crab-dev/rc-bar-chart:lint:       "fixPasses": 0,
@crab-dev/rc-bar-chart:lint:       "path": "components/rc-bar-chart/docs/demos/basic.demo.tsx",
@crab-dev/rc-bar-chart:lint:       "written": false
@crab-dev/rc-bar-chart:lint:     },
@crab-dev/rc-bar-chart:lint:     {
@crab-dev/rc-bar-chart:lint:       "changed": false,
@crab-dev/rc-bar-chart:lint:       "diagnostics": [],
@crab-dev/rc-bar-chart:lint:       "fixPasses": 0,
@crab-dev/rc-bar-chart:lint:       "path": "components/rc-bar-chart/docs/demos/horizontal.demo.tsx",
@crab-dev/rc-bar-chart:lint:       "written": false
@crab-dev/rc-bar-chart:lint:     },
@crab-dev/rc-bar-chart:lint:     {
@crab-dev/rc-bar-chart:lint:       "changed": false,
@crab-dev/rc-bar-chart:lint:       "diagnostics": [],
@crab-dev/rc-bar-chart:lint:       "fixPasses": 0,
@crab-dev/rc-bar-chart:lint:       "path": "components/rc-bar-chart/docs/demos/live-update.demo.tsx",
@crab-dev/rc-bar-chart:lint:       "written": false
@crab-dev/rc-bar-chart:lint:     },
@crab-dev/rc-bar-chart:lint:     {
@crab-dev/rc-bar-chart:lint:       "changed": false,
@crab-dev/rc-bar-chart:lint:       "diagnostics": [],
@crab-dev/rc-bar-chart:lint:       "fixPasses": 0,
@crab-dev/rc-bar-chart:lint:       "path": "components/rc-bar-chart/docs/demos/multi-series.demo.tsx",
@crab-dev/rc-bar-chart:lint:       "written": false
@crab-dev/rc-bar-chart:lint:     },
@crab-dev/rc-bar-chart:lint:     {
@crab-dev/rc-bar-chart:lint:       "changed": false,
@crab-dev/rc-bar-chart:lint:       "diagnostics": [],
@crab-dev/rc-bar-chart:lint:       "fixPasses": 0,
@crab-dev/rc-bar-chart:lint:       "path": "components/rc-bar-chart/docs/demos/stacked.demo.tsx",
@crab-dev/rc-bar-chart:lint:       "written": false
@crab-dev/rc-bar-chart:lint:     },
@crab-dev/rc-bar-chart:lint:     {
@crab-dev/rc-bar-chart:lint:       "changed": false,
@crab-dev/rc-bar-chart:lint:       "diagnostics": [],
@crab-dev/rc-bar-chart:lint:       "fixPasses": 0,
@crab-dev/rc-bar-chart:lint:       "path": "components/rc-bar-chart/src/__tests__/barChart.test.tsx",
@crab-dev/rc-bar-chart:lint:       "written": false
@crab-dev/rc-bar-chart:lint:     },
@crab-dev/rc-bar-chart:lint:     {
@crab-dev/rc-bar-chart:lint:       "changed": false,
@crab-dev/rc-bar-chart:lint:       "diagnostics": [],
@crab-dev/rc-bar-chart:lint:       "fixPasses": 0,
@crab-dev/rc-bar-chart:lint:       "path": "components/rc-bar-chart/src/__tests__/layout.test.ts",
@crab-dev/rc-bar-chart:lint:       "written": false
@crab-dev/rc-bar-chart:lint:     },
@crab-dev/rc-bar-chart:lint:     {
@crab-dev/rc-bar-chart:lint:       "changed": false,
@crab-dev/rc-bar-chart:lint:       "diagnostics": [],
@crab-dev/rc-bar-chart:lint:       "fixPasses": 0,
@crab-dev/rc-bar-chart:lint:       "path": "components/rc-bar-chart/src/__tests__/palette.test.ts",
@crab-dev/rc-bar-chart:lint:       "written": false
@crab-dev/rc-bar-chart:lint:     },
@crab-dev/rc-bar-chart:lint:     {
@crab-dev/rc-bar-chart:lint:       "changed": false,
@crab-dev/rc-bar-chart:lint:       "diagnostics": [],
@crab-dev/rc-bar-chart:lint:       "fixPasses": 0,
@crab-dev/rc-bar-chart:lint:       "path": "components/rc-bar-chart/src/__tests__/transition.test.ts",
@crab-dev/rc-bar-chart:lint:       "written": false
@crab-dev/rc-bar-chart:lint:     },
@crab-dev/rc-bar-chart:lint:     {
@crab-dev/rc-bar-chart:lint:       "changed": false,
@crab-dev/rc-bar-chart:lint:       "diagnostics": [],
@crab-dev/rc-bar-chart:lint:       "fixPasses": 0,
@crab-dev/rc-bar-chart:lint:       "path": "components/rc-bar-chart/src/barChart.tsx",
@crab-dev/rc-bar-chart:lint:       "written": false
@crab-dev/rc-bar-chart:lint:     },
@crab-dev/rc-bar-chart:lint:     {
@crab-dev/rc-bar-chart:lint:       "changed": false,
@crab-dev/rc-bar-chart:lint:       "diagnostics": [],
@crab-dev/rc-bar-chart:lint:       "fixPasses": 0,
@crab-dev/rc-bar-chart:lint:       "path": "components/rc-bar-chart/src/hooks/useBarTransition.ts",
@crab-dev/rc-bar-chart:lint:       "written": false
@crab-dev/rc-bar-chart:lint:     },
@crab-dev/rc-bar-chart:lint:     {
@crab-dev/rc-bar-chart:lint:       "changed": false,
@crab-dev/rc-bar-chart:lint:       "diagnostics": [],
@crab-dev/rc-bar-chart:lint:       "fixPasses": 0,
@crab-dev/rc-bar-chart:lint:       "path": "components/rc-bar-chart/src/hooks/useCategoryDim.ts",
@crab-dev/rc-bar-chart:lint:       "written": false
@crab-dev/rc-bar-chart:lint:     },
@crab-dev/rc-bar-chart:lint:     {
@crab-dev/rc-bar-chart:lint:       "changed": false,
@crab-dev/rc-bar-chart:lint:       "diagnostics": [],
@crab-dev/rc-bar-chart:lint:       "fixPasses": 0,
@crab-dev/rc-bar-chart:lint:       "path": "components/rc-bar-chart/src/index.ts",
@crab-dev/rc-bar-chart:lint:       "written": false
@crab-dev/rc-bar-chart:lint:     },
@crab-dev/rc-bar-chart:lint:     {
@crab-dev/rc-bar-chart:lint:       "changed": false,
@crab-dev/rc-bar-chart:lint:       "diagnostics": [],
@crab-dev/rc-bar-chart:lint:       "fixPasses": 0,
@crab-dev/rc-bar-chart:lint:       "path": "components/rc-bar-chart/src/layout.ts",
@crab-dev/rc-bar-chart:lint:       "written": false
@crab-dev/rc-bar-chart:lint:     },
@crab-dev/rc-bar-chart:lint:     {
@crab-dev/rc-bar-chart:lint:       "changed": false,
@crab-dev/rc-bar-chart:lint:       "diagnostics": [],
@crab-dev/rc-bar-chart:lint:       "fixPasses": 0,
@crab-dev/rc-bar-chart:lint:       "path": "components/rc-bar-chart/src/palette.ts",
@crab-dev/rc-bar-chart:lint:       "written": false
@crab-dev/rc-bar-chart:lint:     },
@crab-dev/rc-bar-chart:lint:     {
@crab-dev/rc-bar-chart:lint:       "changed": false,
@crab-dev/rc-bar-chart:lint:       "diagnostics": [],
@crab-dev/rc-bar-chart:lint:       "fixPasses": 0,
@crab-dev/rc-bar-chart:lint:       "path": "components/rc-bar-chart/src/types.ts",
@crab-dev/rc-bar-chart:lint:       "written": false
@crab-dev/rc-bar-chart:lint:     }
@crab-dev/rc-bar-chart:lint:   ],
@crab-dev/rc-bar-chart:lint:   "warningCount": 0
@crab-dev/rc-bar-chart:lint: }
@crab-dev/rc-pagination:lint: cache miss, executing 15d590a083d3531e
@crab-dev/rc-table:lint: {
@crab-dev/rc-table:lint:   "errorCount": 0,
@crab-dev/rc-table:lint:   "exitCode": 0,
@crab-dev/rc-table:lint:   "files": [
@crab-dev/rc-table:lint:     {
@crab-dev/rc-table:lint:       "changed": false,
@crab-dev/rc-table:lint:       "diagnostics": [],
@crab-dev/rc-table:lint:       "fixPasses": 0,
@crab-dev/rc-table:lint:       "path": "components/rc-table/docs/demos/_mock.ts",
@crab-dev/rc-table:lint:       "written": false
@crab-dev/rc-table:lint:     },
@crab-dev/rc-table:lint:     {
@crab-dev/rc-table:lint:       "changed": false,
@crab-dev/rc-table:lint:       "diagnostics": [],
@crab-dev/rc-table:lint:       "fixPasses": 0,
@crab-dev/rc-table:lint:       "path": "components/rc-table/docs/demos/_operations.ts",
@crab-dev/rc-table:lint:       "written": false
@crab-dev/rc-table:lint:     },
@crab-dev/rc-table:lint:     {
@crab-dev/rc-table:lint:       "changed": false,
@crab-dev/rc-table:lint:       "diagnostics": [],
@crab-dev/rc-table:lint:       "fixPasses": 0,
@crab-dev/rc-table:lint:       "path": "components/rc-table/docs/demos/_scenarios.ts",
@crab-dev/rc-table:lint:       "written": false
@crab-dev/rc-table:lint:     },
@crab-dev/rc-table:lint:     {
@crab-dev/rc-table:lint:       "changed": false,
@crab-dev/rc-table:lint:       "diagnostics": [],
@crab-dev/rc-table:lint:       "fixPasses": 0,
@crab-dev/rc-table:lint:       "path": "components/rc-table/docs/demos/_shared.tsx",
@crab-dev/rc-table:lint:       "written": false
@crab-dev/rc-table:lint:     },
@crab-dev/rc-table:lint:     {
@crab-dev/rc-table:lint:       "changed": false,
@crab-dev/rc-table:lint:       "diagnostics": [],
@crab-dev/rc-table:lint:       "fixPasses": 0,
@crab-dev/rc-table:lint:       "path": "components/rc-table/docs/demos/basis.demo.tsx",
@crab-dev/rc-table:lint:       "written": false
@crab-dev/rc-table:lint:     },
@crab-dev/rc-table:lint:     {
@crab-dev/rc-table:lint:       "changed": false,
@crab-dev/rc-table:lint:       "diagnostics": [],
@crab-dev/rc-table:lint:       "fixPasses": 0,
@crab-dev/rc-table:lint:       "path": "components/rc-table/docs/demos/columnDrag.demo.tsx",
@crab-dev/rc-table:lint:       "written": false
@crab-dev/rc-table:lint:     },
@crab-dev/rc-table:lint:     {
@crab-dev/rc-table:lint:       "changed": false,
@crab-dev/rc-table:lint:       "diagnostics": [],
@crab-dev/rc-table:lint:       "fixPasses": 0,
@crab-dev/rc-table:lint:       "path": "components/rc-table/docs/demos/columnResize.demo.tsx",
@crab-dev/rc-table:lint:       "written": false
@crab-dev/rc-table:lint:     },
@crab-dev/rc-table:lint:     {
@crab-dev/rc-table:lint:       "changed": false,
@crab-dev/rc-table:lint:       "diagnostics": [],
@crab-dev/rc-table:lint:       "fixPasses": 0,
@crab-dev/rc-table:lint:       "path": "components/rc-table/docs/demos/copy.demo.tsx",
@crab-dev/rc-table:lint:       "written": false
@crab-dev/rc-table:lint:     },
@crab-dev/rc-table:lint:     {
@crab-dev/rc-table:lint:       "changed": false,
@crab-dev/rc-table:lint:       "diagnostics": [],
@crab-dev/rc-table:lint:       "fixPasses": 0,
@crab-dev/rc-table:lint:       "path": "components/rc-table/docs/demos/dynamicRowHeight.demo.tsx",
@crab-dev/rc-table:lint:       "written": false
@crab-dev/rc-table:lint:     },
@crab-dev/rc-table:lint:     {
@crab-dev/rc-table:lint:       "changed": false,
@crab-dev/rc-table:lint:       "diagnostics": [],
@crab-dev/rc-table:lint:       "fixPasses": 0,
@crab-dev/rc-table:lint:       "path": "components/rc-table/docs/demos/edit.demo.tsx",
@crab-dev/rc-table:lint:       "written": false
@crab-dev/rc-table:lint:     },
@crab-dev/rc-table:lint:     {
@crab-dev/rc-table:lint:       "changed": false,
@crab-dev/rc-table:lint:       "diagnostics": [],
@crab-dev/rc-table:lint:       "fixPasses": 0,
@crab-dev/rc-table:lint:       "path": "components/rc-table/docs/demos/empty.demo.tsx",
@crab-dev/rc-table:lint:       "written": false
@crab-dev/rc-table:lint:     },
@crab-dev/rc-table:lint:     {
@crab-dev/rc-table:lint:       "changed": false,
@crab-dev/rc-table:lint:       "diagnostics": [],
@crab-dev/rc-table:lint:       "fixPasses": 0,
@crab-dev/rc-table:lint:       "path": "components/rc-table/docs/demos/filter.demo.tsx",
@crab-dev/rc-table:lint:       "written": false
@crab-dev/rc-table:lint:     },
@crab-dev/rc-table:lint:     {
@crab-dev/rc-table:lint:       "changed": false,
@crab-dev/rc-table:lint:       "diagnostics": [],
@crab-dev/rc-table:lint:       "fixPasses": 0,
@crab-dev/rc-table:lint:       "path": "components/rc-table/docs/demos/highlight.demo.tsx",
@crab-dev/rc-table:lint:       "written": false
@crab-dev/rc-table:lint:     },
@crab-dev/rc-table:lint:     {
@crab-dev/rc-table:lint:       "changed": false,
@crab-dev/rc-table:lint:       "diagnostics": [],
@crab-dev/rc-table:lint:       "fixPasses": 0,
@crab-dev/rc-table:lint:       "path": "components/rc-table/docs/demos/largeScale.demo.tsx",
@crab-dev/rc-table:lint:       "written": false
@crab-dev/rc-table:lint:     },
@crab-dev/rc-table:lint:     {
@crab-dev/rc-table:lint:       "changed": false,
@crab-dev/rc-table:lint:       "diagnostics": [],
@crab-dev/rc-table:lint:       "fixPasses": 0,
@crab-dev/rc-table:lint:       "path": "components/rc-table/docs/demos/mergeCells.demo.tsx",
@crab-dev/rc-table:lint:       "written": false
@crab-dev/rc-table:lint:     },
@crab-dev/rc-table:lint:     {
@crab-dev/rc-table:lint:       "changed": false,
@crab-dev/rc-table:lint:       "diagnostics": [],
@crab-dev/rc-table:lint:       "fixPasses": 0,
@crab-dev/rc-table:lint:       "path": "components/rc-table/docs/demos/mergeTableHeaders.demo.tsx",
@crab-dev/rc-table:lint:       "written": false
@crab-dev/rc-table:lint:     },
@crab-dev/rc-table:lint:     {
@crab-dev/rc-table:lint:       "changed": false,
@crab-dev/rc-table:lint:       "diagnostics": [],
@crab-dev/rc-table:lint:       "fixPasses": 0,
@crab-dev/rc-table:lint:       "path": "components/rc-table/docs/demos/rowEdit.demo.tsx",
@crab-dev/rc-table:lint:       "written": false
@crab-dev/rc-table:lint:     },
@crab-dev/rc-table:lint:     {
@crab-dev/rc-table:lint:       "changed": false,
@crab-dev/rc-table:lint:       "diagnostics": [],
@crab-dev/rc-table:lint:       "fixPasses": 0,
@crab-dev/rc-table:lint:       "path": "components/rc-table/docs/demos/rowEvent.demo.tsx",
@crab-dev/rc-table:lint:       "written": false
@crab-dev/rc-table:lint:     },
@crab-dev/rc-table:lint:     {
@crab-dev/rc-table:lint:       "changed": false,
@crab-dev/rc-table:lint:       "diagnostics": [],
@crab-dev/rc-table:lint:       "fixPasses": 0,
@crab-dev/rc-table:lint:       "path": "components/rc-table/docs/demos/rowExpansion.demo.tsx",
@crab-dev/rc-table:lint:       "written": false
@crab-dev/rc-table:lint:     },
@crab-dev/rc-table:lint:     {
@crab-dev/rc-table:lint:       "changed": false,
@crab-dev/rc-table:lint:       "diagnostics": [],
@crab-dev/rc-table:lint:       "fixPasses": 0,
@crab-dev/rc-table:lint:       "path": "components/rc-table/docs/demos/rowGrouping.demo.tsx",
@crab-dev/rc-table:lint:       "written": false
@crab-dev/rc-table:lint:     },
@crab-dev/rc-table:lint:     {
@crab-dev/rc-table:lint:       "changed": false,
@crab-dev/rc-table:lint:       "diagnostics": [],
@crab-dev/rc-table:lint:       "fixPasses": 0,
@crab-dev/rc-table:lint:       "path": "components/rc-table/docs/demos/rowNumber.demo.tsx",
@crab-dev/rc-table:lint:       "written": false
@crab-dev/rc-table:lint:     },
@crab-dev/rc-table:lint:     {
@crab-dev/rc-table:lint:       "changed": false,
@crab-dev/rc-table:lint:       "diagnostics": [],
@crab-dev/rc-table:lint:       "fixPasses": 0,
@crab-dev/rc-table:lint:       "path": "components/rc-table/docs/demos/rowSelection.demo.tsx",
@crab-dev/rc-table:lint:       "written": false
@crab-dev/rc-table:lint:     },
@crab-dev/rc-table:lint:     {
@crab-dev/rc-table:lint:       "changed": false,
@crab-dev/rc-table:lint:       "diagnostics": [],
@crab-dev/rc-table:lint:       "fixPasses": 0,
@crab-dev/rc-table:lint:       "path": "components/rc-table/docs/demos/rowState.demo.tsx",
@crab-dev/rc-table:lint:       "written": false
@crab-dev/rc-table:lint:     },
@crab-dev/rc-table:lint:     {
@crab-dev/rc-table:lint:       "changed": false,
@crab-dev/rc-table:lint:       "diagnostics": [],
@crab-dev/rc-table:lint:       "fixPasses": 0,
@crab-dev/rc-table:lint:       "path": "components/rc-table/docs/demos/selectCells.demo.tsx",
@crab-dev/rc-table:lint:       "written": false
@crab-dev/rc-table:lint:     },
@crab-dev/rc-table:lint:     {
@crab-dev/rc-table:lint:       "changed": false,
@crab-dev/rc-table:lint:       "diagnostics": [],
@crab-dev/rc-table:lint:       "fixPasses": 0,
@crab-dev/rc-table:lint:       "path": "components/rc-table/docs/demos/sort.demo.tsx",
@crab-dev/rc-table:lint:       "written": false
@crab-dev/rc-table:lint:     },
@crab-dev/rc-table:lint:     {
@crab-dev/rc-table:lint:       "changed": false,
@crab-dev/rc-table:lint:       "diagnostics": [],
@crab-dev/rc-table:lint:       "fixPasses": 0,
@crab-dev/rc-table:lint:       "path": "components/rc-table/docs/demos/summary.demo.tsx",
@crab-dev/rc-table:lint:       "written": false
@crab-dev/rc-table:lint:     },
@crab-dev/rc-table:lint:     {
@crab-dev/rc-table:lint:       "changed": false,
@crab-dev/rc-table:lint:       "diagnostics": [],
@crab-dev/rc-table:lint:       "fixPasses": 0,
@crab-dev/rc-table:lint:       "path": "components/rc-table/docs/demos/tree.demo.tsx",
@crab-dev/rc-table:lint:       "written": false
@crab-dev/rc-table:lint:     },
@crab-dev/rc-table:lint:     {
@crab-dev/rc-table:lint:       "changed": false,
@crab-dev/rc-table:lint:       "diagnostics": [],
@crab-dev/rc-table:lint:       "fixPasses": 0,
@crab-dev/rc-table:lint:       "path": "components/rc-table/src/__tests__/browser/table.test.tsx",
@crab-dev/rc-table:lint:       "written": false
@crab-dev/rc-table:lint:     },
@crab-dev/rc-table:lint:     {
@crab-dev/rc-table:lint:       "changed": false,
@crab-dev/rc-table:lint:       "diagnostics": [],
@crab-dev/rc-table:lint:       "fixPasses": 0,
@crab-dev/rc-table:lint:       "path": "components/rc-table/src/__tests__/demoData.test.ts",
@crab-dev/rc-table:lint:       "written": false
@crab-dev/rc-table:lint:     },
@crab-dev/rc-table:lint:     {
@crab-dev/rc-table:lint:       "changed": false,
@crab-dev/rc-table:lint:       "diagnostics": [],
@crab-dev/rc-table:lint:       "fixPasses": 0,
@crab-dev/rc-table:lint:       "path": "components/rc-table/src/__tests__/performance.test.tsx",
@crab-dev/rc-table:lint:       "written": false
@crab-dev/rc-table:lint:     },
@crab-dev/rc-table:lint:     {
@crab-dev/rc-table:lint:       "changed": false,
@crab-dev/rc-table:lint:       "diagnostics": [],
@crab-dev/rc-table:lint:       "fixPasses": 0,
@crab-dev/rc-table:lint:       "path": "components/rc-table/src/__tests__/selectionVisibility.test.tsx",
@crab-dev/rc-table:lint:       "written": false
@crab-dev/rc-table:lint:     },
@crab-dev/rc-table:lint:     {
@crab-dev/rc-table:lint:       "changed": false,
@crab-dev/rc-table:lint:       "diagnostics": [],
@crab-dev/rc-table:lint:       "fixPasses": 0,
@crab-dev/rc-table:lint:       "path": "components/rc-table/src/__tests__/table.test.tsx",
@crab-dev/rc-table:lint:       "written": false
@crab-dev/rc-table:lint:     },
@crab-dev/rc-table:lint:     {
@crab-dev/rc-table:lint:       "changed": false,
@crab-dev/rc-table:lint:       "diagnostics": [],
@crab-dev/rc-table:lint:       "fixPasses": 0,
@crab-dev/rc-table:lint:       "path": "components/rc-table/src/__tests__/token-vars.test.ts",
@crab-dev/rc-table:lint:       "written": false
@crab-dev/rc-table:lint:     },
@crab-dev/rc-table:lint:     {
@crab-dev/rc-table:lint:       "changed": false,
@crab-dev/rc-table:lint:       "diagnostics": [],
@crab-dev/rc-table:lint:       "fixPasses": 0,
@crab-dev/rc-table:lint:       "path": "components/rc-table/src/__tests__/util.test.ts",
@crab-dev/rc-table:lint:       "written": false
@crab-dev/rc-table:lint:     },
@crab-dev/rc-table:lint:     {
@crab-dev/rc-table:lint:       "changed": false,
@crab-dev/rc-table:lint:       "diagnostics": [],
@crab-dev/rc-table:lint:       "fixPasses": 0,
@crab-dev/rc-table:lint:       "path": "components/rc-table/src/bodyCell.tsx",
@crab-dev/rc-table:lint:       "written": false
@crab-dev/rc-table:lint:     },
@crab-dev/rc-table:lint:     {
@crab-dev/rc-table:lint:       "changed": false,
@crab-dev/rc-table:lint:       "diagnostics": [],
@crab-dev/rc-table:lint:       "fixPasses": 0,
@crab-dev/rc-table:lint:       "path": "components/rc-table/src/bodyRow.tsx",
@crab-dev/rc-table:lint:       "written": false
@crab-dev/rc-table:lint:     },
@crab-dev/rc-table:lint:     {
@crab-dev/rc-table:lint:       "changed": false,
@crab-dev/rc-table:lint:       "diagnostics": [],
@crab-dev/rc-table:lint:       "fixPasses": 0,
@crab-dev/rc-table:lint:       "path": "components/rc-table/src/headerCell.tsx",
@crab-dev/rc-table:lint:       "written": false
@crab-dev/rc-table:lint:     },
@crab-dev/rc-table:lint:     {
@crab-dev/rc-table:lint:       "changed": false,
@crab-dev/rc-table:lint:       "diagnostics": [],
@crab-dev/rc-table:lint:       "fixPasses": 0,
@crab-dev/rc-table:lint:       "path": "components/rc-table/src/hooks/useCellEdit.ts",
@crab-dev/rc-table:lint:       "written": false
@crab-dev/rc-table:lint:     },
@crab-dev/rc-table:lint:     {
@crab-dev/rc-table:lint:       "changed": false,
@crab-dev/rc-table:lint:       "diagnostics": [],
@crab-dev/rc-table:lint:       "fixPasses": 0,
@crab-dev/rc-table:lint:       "path": "components/rc-table/src/hooks/useCellEditNav.ts",
@crab-dev/rc-table:lint:       "written": false
@crab-dev/rc-table:lint:     },
@crab-dev/rc-table:lint:     {
@crab-dev/rc-table:lint:       "changed": false,
@crab-dev/rc-table:lint:       "diagnostics": [],
@crab-dev/rc-table:lint:       "fixPasses": 0,
@crab-dev/rc-table:lint:       "path": "components/rc-table/src/hooks/useCellSelection.ts",
@crab-dev/rc-table:lint:       "written": false
@crab-dev/rc-table:lint:     },
@crab-dev/rc-table:lint:     {
@crab-dev/rc-table:lint:       "changed": false,
@crab-dev/rc-table:lint:       "diagnostics": [],
@crab-dev/rc-checkbox:lint: {
@crab-dev/rc-checkbox:lint:   "errorCount": 0,
@crab-dev/rc-table:lint:       "fixPasses": 0,
@crab-dev/rc-table:lint:       "path": "components/rc-table/src/hooks/useColumnDrag.ts",
@crab-dev/rc-checkbox:lint:   "exitCode": 0,
@crab-dev/rc-table:lint:       "written": false
@crab-dev/rc-checkbox:lint:   "files": [
@crab-dev/rc-checkbox:lint:     {
@crab-dev/rc-table:lint:     },
@crab-dev/rc-table:lint:     {
@crab-dev/rc-checkbox:lint:       "changed": false,
@crab-dev/rc-table:lint:       "changed": false,
@crab-dev/rc-table:lint:       "diagnostics": [],
@crab-dev/rc-checkbox:lint:       "diagnostics": [],
@crab-dev/rc-table:lint:       "fixPasses": 0,
@crab-dev/rc-table:lint:       "path": "components/rc-table/src/hooks/useColumnLayout.ts",
@crab-dev/rc-checkbox:lint:       "fixPasses": 0,
@crab-dev/rc-table:lint:       "written": false
@crab-dev/rc-checkbox:lint:       "path": "components/rc-checkbox/docs/demos/basic.demo.tsx",
@crab-dev/rc-table:lint:     },
@crab-dev/rc-table:lint:     {
@crab-dev/rc-checkbox:lint:       "written": false
@crab-dev/rc-checkbox:lint:     },
@crab-dev/rc-checkbox:lint:     {
@crab-dev/rc-table:lint:       "changed": false,
@crab-dev/rc-table:lint:       "diagnostics": [],
@crab-dev/rc-table:lint:       "fixPasses": 0,
@crab-dev/rc-table:lint:       "path": "components/rc-table/src/hooks/useColumnResize.ts",
@crab-dev/rc-checkbox:lint:       "changed": false,
@crab-dev/rc-table:lint:       "written": false
@crab-dev/rc-table:lint:     },
@crab-dev/rc-checkbox:lint:       "diagnostics": [],
@crab-dev/rc-checkbox:lint:       "fixPasses": 0,
@crab-dev/rc-checkbox:lint:       "path": "components/rc-checkbox/docs/demos/disabled.demo.tsx",
@crab-dev/rc-table:lint:     {
@crab-dev/rc-checkbox:lint:       "written": false
@crab-dev/rc-table:lint:       "changed": false,
@crab-dev/rc-checkbox:lint:     },
@crab-dev/rc-checkbox:lint:     {
@crab-dev/rc-table:lint:       "diagnostics": [],
@crab-dev/rc-table:lint:       "fixPasses": 0,
@crab-dev/rc-checkbox:lint:       "changed": false,
@crab-dev/rc-checkbox:lint:       "diagnostics": [],
@crab-dev/rc-table:lint:       "path": "components/rc-table/src/hooks/useColumnSort.ts",
@crab-dev/rc-table:lint:       "written": false
@crab-dev/rc-checkbox:lint:       "fixPasses": 0,
@crab-dev/rc-checkbox:lint:       "path": "components/rc-checkbox/docs/demos/group.demo.tsx",
@crab-dev/rc-table:lint:     },
@crab-dev/rc-checkbox:lint:       "written": false
@crab-dev/rc-table:lint:     {
@crab-dev/rc-checkbox:lint:     },
@crab-dev/rc-checkbox:lint:     {
@crab-dev/rc-table:lint:       "changed": false,
@crab-dev/rc-table:lint:       "diagnostics": [],
@crab-dev/rc-checkbox:lint:       "changed": false,
@crab-dev/rc-checkbox:lint:       "diagnostics": [],
@crab-dev/rc-table:lint:       "fixPasses": 0,
@crab-dev/rc-table:lint:       "path": "components/rc-table/src/hooks/useKeywordMatch.ts",
@crab-dev/rc-checkbox:lint:       "fixPasses": 0,
@crab-dev/rc-table:lint:       "written": false
@crab-dev/rc-checkbox:lint:       "path": "components/rc-checkbox/docs/demos/indeterminate.demo.tsx",
@crab-dev/rc-table:lint:     },
@crab-dev/rc-table:lint:     {
@crab-dev/rc-checkbox:lint:       "written": false
@crab-dev/rc-checkbox:lint:     },
@crab-dev/rc-table:lint:       "changed": false,
@crab-dev/rc-table:lint:       "diagnostics": [],
@crab-dev/rc-checkbox:lint:     {
@crab-dev/rc-checkbox:lint:       "changed": false,
@crab-dev/rc-table:lint:       "fixPasses": 0,
@crab-dev/rc-table:lint:       "path": "components/rc-table/src/hooks/useRowEdit.ts",
@crab-dev/rc-checkbox:lint:       "diagnostics": [],
@crab-dev/rc-checkbox:lint:       "fixPasses": 0,
@crab-dev/rc-table:lint:       "written": false
@crab-dev/rc-table:lint:     },
@crab-dev/rc-checkbox:lint:       "path": "components/rc-checkbox/docs/demos/size.demo.tsx",
@crab-dev/rc-checkbox:lint:       "written": false
@crab-dev/rc-table:lint:     {
@crab-dev/rc-checkbox:lint:     },
@crab-dev/rc-checkbox:lint:     {
@crab-dev/rc-table:lint:       "changed": false,
@crab-dev/rc-table:lint:       "diagnostics": [],
@crab-dev/rc-checkbox:lint:       "changed": false,
@crab-dev/rc-checkbox:lint:       "diagnostics": [],
@crab-dev/rc-table:lint:       "fixPasses": 0,
@crab-dev/rc-table:lint:       "path": "components/rc-table/src/hooks/useRowEvents.ts",
@crab-dev/rc-checkbox:lint:       "fixPasses": 0,
@crab-dev/rc-checkbox:lint:       "path": "components/rc-checkbox/src/__tests__/checkbox.test.tsx",
@crab-dev/rc-checkbox:lint:       "written": false
@crab-dev/rc-checkbox:lint:     },
@crab-dev/rc-table:lint:       "written": false
@crab-dev/rc-table:lint:     },
@crab-dev/rc-checkbox:lint:     {
@crab-dev/rc-checkbox:lint:       "changed": false,
@crab-dev/rc-table:lint:     {
@crab-dev/rc-table:lint:       "changed": false,
@crab-dev/rc-checkbox:lint:       "diagnostics": [],
@crab-dev/rc-checkbox:lint:       "fixPasses": 0,
@crab-dev/rc-checkbox:lint:       "path": "components/rc-checkbox/src/checkbox-group.tsx",
@crab-dev/rc-checkbox:lint:       "written": false
@crab-dev/rc-checkbox:lint:     },
@crab-dev/rc-checkbox:lint:     {
@crab-dev/rc-checkbox:lint:       "changed": false,
@crab-dev/rc-checkbox:lint:       "diagnostics": [],
@crab-dev/rc-checkbox:lint:       "fixPasses": 0,
@crab-dev/rc-checkbox:lint:       "path": "components/rc-checkbox/src/checkbox.tsx",
@crab-dev/rc-checkbox:lint:       "written": false
@crab-dev/rc-checkbox:lint:     },
@crab-dev/rc-checkbox:lint:     {
@crab-dev/rc-checkbox:lint:       "changed": false,
@crab-dev/rc-checkbox:lint:       "diagnostics": [],
@crab-dev/rc-checkbox:lint:       "fixPasses": 0,
@crab-dev/rc-checkbox:lint:       "path": "components/rc-checkbox/src/context.ts",
@crab-dev/rc-checkbox:lint:       "written": false
@crab-dev/rc-checkbox:lint:     },
@crab-dev/rc-checkbox:lint:     {
@crab-dev/rc-checkbox:lint:       "changed": false,
@crab-dev/rc-checkbox:lint:       "diagnostics": [],
@crab-dev/rc-checkbox:lint:       "fixPasses": 0,
@crab-dev/rc-checkbox:lint:       "path": "components/rc-checkbox/src/index.ts",
@crab-dev/rc-checkbox:lint:       "written": false
@crab-dev/rc-checkbox:lint:     },
@crab-dev/rc-checkbox:lint:     {
@crab-dev/rc-checkbox:lint:       "changed": false,
@crab-dev/rc-checkbox:lint:       "diagnostics": [],
@crab-dev/rc-checkbox:lint:       "fixPasses": 0,
@crab-dev/rc-checkbox:lint:       "path": "components/rc-checkbox/src/types.ts",
@crab-dev/rc-checkbox:lint:       "written": false
@crab-dev/rc-checkbox:lint:     }
@crab-dev/rc-checkbox:lint:   ],
@crab-dev/rc-checkbox:lint:   "warningCount": 0
@crab-dev/rc-checkbox:lint: }
@crab-dev/rc-table:lint:       "diagnostics": [],
@crab-dev/rc-table:lint:       "fixPasses": 0,
@crab-dev/rc-table:lint:       "path": "components/rc-table/src/hooks/useRowExpansion.ts",
@crab-dev/rc-table:lint:       "written": false
@crab-dev/rc-table:lint:     },
@crab-dev/rc-table:lint:     {
@crab-dev/rc-table:lint:       "changed": false,
@crab-dev/rc-table:lint:       "diagnostics": [],
@crab-dev/rc-table:lint:       "fixPasses": 0,
@crab-dev/rc-table:lint:       "path": "components/rc-table/src/hooks/useRowGroup.ts",
@crab-dev/rc-table:lint:       "written": false
@crab-dev/rc-table:lint:     },
@crab-dev/rc-table:lint:     {
@crab-dev/rc-table:lint:       "changed": false,
@crab-dev/rc-table:lint:       "diagnostics": [],
@crab-dev/rc-table:lint:       "fixPasses": 0,
@crab-dev/rc-table:lint:       "path": "components/rc-table/src/hooks/useRowNumber.tsx",
@crab-dev/rc-table:lint:       "written": false
@crab-dev/rc-table:lint:     },
@crab-dev/rc-table:lint:     {
@crab-dev/rc-table:lint:       "changed": false,
@crab-dev/rc-table:lint:       "diagnostics": [],
@crab-dev/rc-table:lint:       "fixPasses": 0,
@crab-dev/rc-table:lint:       "path": "components/rc-table/src/hooks/useRowSelection.ts",
@crab-dev/rc-table:lint:       "written": false
@crab-dev/rc-table:lint:     },
@crab-dev/rc-table:lint:     {
@crab-dev/rc-table:lint:       "changed": false,
@crab-dev/rc-table:lint:       "diagnostics": [],
@crab-dev/rc-table:lint:       "fixPasses": 0,
@crab-dev/rc-table:lint:       "path": "components/rc-table/src/hooks/useSummary.tsx",
@crab-dev/rc-table:lint:       "written": false
@crab-dev/rc-table:lint:     },
@crab-dev/rc-table:lint:     {
@crab-dev/rc-table:lint:       "changed": false,
@crab-dev/rc-table:lint:       "diagnostics": [],
@crab-dev/rc-table:lint:       "fixPasses": 0,
@crab-dev/rc-table:lint:       "path": "components/rc-table/src/hooks/useTableFilter.ts",
@crab-dev/rc-table:lint:       "written": false
@crab-dev/rc-table:lint:     },
@crab-dev/rc-table:lint:     {
@crab-dev/rc-table:lint:       "changed": false,
@crab-dev/rc-table:lint:       "diagnostics": [],
@crab-dev/rc-table:lint:       "fixPasses": 0,
@crab-dev/rc-table:lint:       "path": "components/rc-table/src/hooks/useTableInteractionScope.ts",
@crab-dev/rc-table:lint:       "written": false
@crab-dev/rc-table:lint:     },
@crab-dev/rc-table:lint:     {
@crab-dev/rc-table:lint:       "changed": false,
@crab-dev/rc-table:lint:       "diagnostics": [],
@crab-dev/rc-table:lint:       "fixPasses": 0,
@crab-dev/rc-table:lint:       "path": "components/rc-table/src/hooks/useTreeData.ts",
@crab-dev/rc-table:lint:       "written": false
@crab-dev/rc-table:lint:     },
@crab-dev/rc-table:lint:     {
@crab-dev/rc-table:lint:       "changed": false,
@crab-dev/rc-table:lint:       "diagnostics": [],
@crab-dev/rc-table:lint:       "fixPasses": 0,
@crab-dev/rc-table:lint:       "path": "components/rc-table/src/index.ts",
@crab-dev/rc-table:lint:       "written": false
@crab-dev/rc-table:lint:     },
@crab-dev/rc-table:lint:     {
@crab-dev/rc-table:lint:       "changed": false,
@crab-dev/rc-table:lint:       "diagnostics": [],
@crab-dev/rc-table:lint:       "fixPasses": 0,
@crab-dev/rc-table:lint:       "path": "components/rc-table/src/rowBg.ts",
@crab-dev/rc-table:lint:       "written": false
@crab-dev/rc-table:lint:     },
@crab-dev/rc-table:lint:     {
@crab-dev/rc-table:lint:       "changed": false,
@crab-dev/rc-table:lint:       "diagnostics": [],
@crab-dev/rc-table:lint:       "fixPasses": 0,
@crab-dev/rc-table:lint:       "path": "components/rc-table/src/table.tsx",
@crab-dev/rc-table:lint:       "written": false
@crab-dev/rc-table:lint:     },
@crab-dev/rc-table:lint:     {
@crab-dev/rc-table:lint:       "changed": false,
@crab-dev/rc-table:lint:       "diagnostics": [],
@crab-dev/rc-table:lint:       "fixPasses": 0,
@crab-dev/rc-table:lint:       "path": "components/rc-table/src/token-vars.ts",
@crab-dev/rc-table:lint:       "written": false
@crab-dev/rc-table:lint:     },
@crab-dev/rc-table:lint:     {
@crab-dev/rc-table:lint:       "changed": false,
@crab-dev/rc-table:lint:       "diagnostics": [],
@crab-dev/rc-table:lint:       "fixPasses": 0,
@crab-dev/rc-table:lint:       "path": "components/rc-table/src/types.ts",
@crab-dev/rc-table:lint:       "written": false
@crab-dev/rc-table:lint:     },
@crab-dev/rc-table:lint:     {
@crab-dev/rc-table:lint:       "changed": false,
@crab-dev/rc-table:lint:       "diagnostics": [],
@crab-dev/rc-table:lint:       "fixPasses": 0,
@crab-dev/rc-table:lint:       "path": "components/rc-table/src/util.ts",
@crab-dev/rc-table:lint:       "written": false
@crab-dev/rc-table:lint:     },
@crab-dev/rc-table:lint:     {
@crab-dev/rc-table:lint:       "changed": false,
@crab-dev/rc-table:lint:       "diagnostics": [],
@crab-dev/rc-table:lint:       "fixPasses": 0,
@crab-dev/rc-table:lint:       "path": "components/rc-table/src/valueAccess.ts",
@crab-dev/rc-table:lint:       "written": false
@crab-dev/rc-table:lint:     }
@crab-dev/rc-table:lint:   ],
@crab-dev/rc-table:lint:   "warningCount": 0
@crab-dev/rc-table:lint: }
@crab-dev/rc-drawer:lint: cache miss, executing 0786df8267fab9e9
@crab-dev/rc-tooltip:lint: cache miss, executing f1fac82c4ff41d0e
@crab-dev/rc-switch:lint: cache miss, executing ccfc1945359cf411
@crab-dev/rc-empty:lint: {
@crab-dev/rc-empty:lint:   "errorCount": 0,
@crab-dev/rc-empty:lint:   "exitCode": 0,
@crab-dev/rc-empty:lint:   "files": [
@crab-dev/rc-empty:lint:     {
@crab-dev/rc-empty:lint:       "changed": false,
@crab-dev/rc-empty:lint:       "diagnostics": [],
@crab-dev/rc-empty:lint:       "fixPasses": 0,
@crab-dev/rc-empty:lint:       "path": "components/rc-empty/docs/demos/basic.demo.tsx",
@crab-dev/rc-empty:lint:       "written": false
@crab-dev/rc-empty:lint:     },
@crab-dev/rc-empty:lint:     {
@crab-dev/rc-empty:lint:       "changed": false,
@crab-dev/rc-empty:lint:       "diagnostics": [],
@crab-dev/rc-empty:lint:       "fixPasses": 0,
@crab-dev/rc-empty:lint:       "path": "components/rc-empty/docs/demos/custom.demo.tsx",
@crab-dev/rc-empty:lint:       "written": false
@crab-dev/rc-empty:lint:     },
@crab-dev/rc-empty:lint:     {
@crab-dev/rc-empty:lint:       "changed": false,
@crab-dev/rc-empty:lint:       "diagnostics": [],
@crab-dev/rc-empty:lint:       "fixPasses": 0,
@crab-dev/rc-empty:lint:       "path": "components/rc-empty/docs/demos/preset.demo.tsx",
@crab-dev/rc-empty:lint:       "written": false
@crab-dev/rc-empty:lint:     },
@crab-dev/rc-empty:lint:     {
@crab-dev/rc-empty:lint:       "changed": false,
@crab-dev/rc-empty:lint:       "diagnostics": [],
@crab-dev/rc-empty:lint:       "fixPasses": 0,
@crab-dev/rc-empty:lint:       "path": "components/rc-empty/docs/demos/with-action.demo.tsx",
@crab-dev/rc-empty:lint:       "written": false
@crab-dev/rc-empty:lint:     },
@crab-dev/rc-empty:lint:     {
@crab-dev/rc-empty:lint:       "changed": false,
@crab-dev/rc-empty:lint:       "diagnostics": [],
@crab-dev/rc-empty:lint:       "fixPasses": 0,
@crab-dev/rc-empty:lint:       "path": "components/rc-empty/src/__tests__/empty.test.tsx",
@crab-dev/rc-empty:lint:       "written": false
@crab-dev/rc-empty:lint:     },
@crab-dev/rc-empty:lint:     {
@crab-dev/rc-empty:lint:       "changed": false,
@crab-dev/rc-empty:lint:       "diagnostics": [],
@crab-dev/rc-empty:lint:       "fixPasses": 0,
@crab-dev/rc-empty:lint:       "path": "components/rc-empty/src/empty.tsx",
@crab-dev/rc-empty:lint:       "written": false
@crab-dev/rc-empty:lint:     },
@crab-dev/rc-empty:lint:     {
@crab-dev/rc-empty:lint:       "changed": false,
@crab-dev/rc-empty:lint:       "diagnostics": [],
@crab-dev/rc-empty:lint:       "fixPasses": 0,
@crab-dev/rc-empty:lint:       "path": "components/rc-empty/src/illustrations/no-data.tsx",
@crab-dev/rc-empty:lint:       "written": false
@crab-dev/rc-empty:lint:     },
@crab-dev/rc-empty:lint:     {
@crab-dev/rc-empty:lint:       "changed": false,
@crab-dev/rc-empty:lint:       "diagnostics": [],
@crab-dev/rc-empty:lint:       "fixPasses": 0,
@crab-dev/rc-empty:lint:       "path": "components/rc-empty/src/illustrations/no-permission.tsx",
@crab-dev/rc-empty:lint:       "written": false
@crab-dev/rc-empty:lint:     },
@crab-dev/rc-empty:lint:     {
@crab-dev/rc-empty:lint:       "changed": false,
@crab-dev/rc-empty:lint:       "diagnostics": [],
@crab-dev/rc-empty:lint:       "fixPasses": 0,
@crab-dev/rc-empty:lint:       "path": "components/rc-empty/src/illustrations/search-not-found.tsx",
@crab-dev/rc-empty:lint:       "written": false
@crab-dev/rc-empty:lint:     },
@crab-dev/rc-empty:lint:     {
@crab-dev/rc-empty:lint:       "changed": false,
@crab-dev/rc-empty:lint:       "diagnostics": [],
@crab-dev/rc-empty:lint:       "fixPasses": 0,
@crab-dev/rc-empty:lint:       "path": "components/rc-empty/src/index.ts",
@crab-dev/rc-empty:lint:       "written": false
@crab-dev/rc-empty:lint:     },
@crab-dev/rc-empty:lint:     {
@crab-dev/rc-empty:lint:       "changed": false,
@crab-dev/rc-empty:lint:       "diagnostics": [],
@crab-dev/rc-empty:lint:       "fixPasses": 0,
@crab-dev/rc-empty:lint:       "path": "components/rc-empty/src/types.ts",
@crab-dev/rc-empty:lint:       "written": false
@crab-dev/rc-empty:lint:     }
@crab-dev/rc-empty:lint:   ],
@crab-dev/rc-empty:lint:   "warningCount": 0
@crab-dev/rc-empty:lint: }
@crab-dev/rc-menu:lint: cache miss, executing 4da856f7fad9230b
@crab-dev/rc-token-semantic:lint: {
@crab-dev/rc-token-semantic:lint:   "errorCount": 0,
@crab-dev/rc-token-semantic:lint:   "exitCode": 0,
@crab-dev/rc-token-semantic:lint:   "files": [
@crab-dev/rc-token-semantic:lint:     {
@crab-dev/rc-token-semantic:lint:       "changed": false,
@crab-dev/rc-token-semantic:lint:       "diagnostics": [],
@crab-dev/rc-token-semantic:lint:       "fixPasses": 0,
@crab-dev/rc-token-semantic:lint:       "path": "components/rc-token-semantic/docs/demos/base.demo.tsx",
@crab-dev/rc-token-semantic:lint:       "written": false
@crab-dev/rc-token-semantic:lint:     },
@crab-dev/rc-token-semantic:lint:     {
@crab-dev/rc-token-semantic:lint:       "changed": false,
@crab-dev/rc-token-semantic:lint:       "diagnostics": [],
@crab-dev/rc-token-semantic:lint:       "fixPasses": 0,
@crab-dev/rc-token-semantic:lint:       "path": "components/rc-token-semantic/src/__tests__/token.test.ts",
@crab-dev/rc-token-semantic:lint:       "written": false
@crab-dev/rc-token-semantic:lint:     },
@crab-dev/rc-token-semantic:lint:     {
@crab-dev/rc-token-semantic:lint:       "changed": false,
@crab-dev/rc-token-semantic:lint:       "diagnostics": [],
@crab-dev/rc-token-semantic:lint:       "fixPasses": 0,
@crab-dev/rc-token-semantic:lint:       "path": "components/rc-token-semantic/src/index.ts",
@crab-dev/rc-token-semantic:lint:       "written": false
@crab-dev/rc-token-semantic:lint:     },
@crab-dev/rc-token-semantic:lint:     {
@crab-dev/rc-token-semantic:lint:       "changed": false,
@crab-dev/rc-token-semantic:lint:       "diagnostics": [],
@crab-dev/rc-token-semantic:lint:       "fixPasses": 0,
@crab-dev/rc-token-semantic:lint:       "path": "components/rc-token-semantic/src/theme.ts",
@crab-dev/rc-token-semantic:lint:       "written": false
@crab-dev/rc-token-semantic:lint:     },
@crab-dev/rc-token-semantic:lint:     {
@crab-dev/rc-token-semantic:lint:       "changed": false,
@crab-dev/rc-token-semantic:lint:       "diagnostics": [],
@crab-dev/rc-token-semantic:lint:       "fixPasses": 0,
@crab-dev/rc-token-semantic:lint:       "path": "components/rc-token-semantic/src/token-vars.ts",
@crab-dev/rc-token-semantic:lint:       "written": false
@crab-dev/rc-token-semantic:lint:     },
@crab-dev/rc-token-semantic:lint:     {
@crab-dev/rc-token-semantic:lint:       "changed": false,
@crab-dev/rc-token-semantic:lint:       "diagnostics": [],
@crab-dev/rc-token-semantic:lint:       "fixPasses": 0,
@crab-dev/rc-token-semantic:lint:       "path": "components/rc-token-semantic/src/types.ts",
@crab-dev/rc-token-semantic:lint:       "written": false
@crab-dev/rc-token-semantic:lint:     }
@crab-dev/rc-token-semantic:lint:   ],
@crab-dev/rc-token-semantic:lint:   "warningCount": 0
@crab-dev/rc-token-semantic:lint: }
@crab-dev/rc-message:lint: {
@crab-dev/rc-message:lint:   "errorCount": 0,
@crab-dev/rc-message:lint:   "exitCode": 0,
@crab-dev/rc-message:lint:   "files": [
@crab-dev/rc-message:lint:     {
@crab-dev/rc-message:lint:       "changed": false,
@crab-dev/rc-message:lint:       "diagnostics": [],
@crab-dev/rc-message:lint:       "fixPasses": 0,
@crab-dev/rc-message:lint:       "path": "components/rc-message/docs/demos/basic.demo.tsx",
@crab-dev/rc-message:lint:       "written": false
@crab-dev/rc-message:lint:     },
@crab-dev/rc-message:lint:     {
@crab-dev/rc-message:lint:       "changed": false,
@crab-dev/rc-message:lint:       "diagnostics": [],
@crab-dev/rc-message:lint:       "fixPasses": 0,
@crab-dev/rc-message:lint:       "path": "components/rc-message/docs/demos/custom.demo.tsx",
@crab-dev/rc-message:lint:       "written": false
@crab-dev/rc-message:lint:     },
@crab-dev/rc-message:lint:     {
@crab-dev/rc-message:lint:       "changed": false,
@crab-dev/rc-message:lint:       "diagnostics": [],
@crab-dev/rc-message:lint:       "fixPasses": 0,
@crab-dev/rc-message:lint:       "path": "components/rc-message/docs/demos/stack.demo.tsx",
@crab-dev/rc-message:lint:       "written": false
@crab-dev/rc-message:lint:     },
@crab-dev/rc-message:lint:     {
@crab-dev/rc-message:lint:       "changed": false,
@crab-dev/rc-message:lint:       "diagnostics": [],
@crab-dev/rc-message:lint:       "fixPasses": 0,
@crab-dev/rc-message:lint:       "path": "components/rc-message/src/__tests__/message.test.tsx",
@crab-dev/rc-message:lint:       "written": false
@crab-dev/rc-message:lint:     },
@crab-dev/rc-message:lint:     {
@crab-dev/rc-message:lint:       "changed": false,
@crab-dev/rc-message:lint:       "diagnostics": [],
@crab-dev/rc-message:lint:       "fixPasses": 0,
@crab-dev/rc-message:lint:       "path": "components/rc-message/src/__tests__/token.test.ts",
@crab-dev/rc-message:lint:       "written": false
@crab-dev/rc-message:lint:     },
@crab-dev/rc-message:lint:     {
@crab-dev/rc-message:lint:       "changed": false,
@crab-dev/rc-message:lint:       "diagnostics": [],
@crab-dev/rc-message:lint:       "fixPasses": 0,
@crab-dev/rc-message:lint:       "path": "components/rc-message/src/hooks/useMessage.tsx",
@crab-dev/rc-message:lint:       "written": false
@crab-dev/rc-message:lint:     },
@crab-dev/rc-message:lint:     {
@crab-dev/rc-message:lint:       "changed": false,
@crab-dev/rc-message:lint:       "diagnostics": [],
@crab-dev/rc-message:lint:       "fixPasses": 0,
@crab-dev/rc-message:lint:       "path": "components/rc-message/src/icons.tsx",
@crab-dev/rc-message:lint:       "written": false
@crab-dev/rc-message:lint:     },
@crab-dev/rc-message:lint:     {
@crab-dev/rc-message:lint:       "changed": false,
@crab-dev/rc-message:lint:       "diagnostics": [],
@crab-dev/rc-message:lint:       "fixPasses": 0,
@crab-dev/rc-message:lint:       "path": "components/rc-message/src/index.ts",
@crab-dev/rc-message:lint:       "written": false
@crab-dev/rc-message:lint:     },
@crab-dev/rc-message:lint:     {
@crab-dev/rc-message:lint:       "changed": false,
@crab-dev/rc-message:lint:       "diagnostics": [],
@crab-dev/rc-message:lint:       "fixPasses": 0,
@crab-dev/rc-message:lint:       "path": "components/rc-message/src/message.tsx",
@crab-dev/rc-message:lint:       "written": false
@crab-dev/rc-message:lint:     },
@crab-dev/rc-message:lint:     {
@crab-dev/rc-message:lint:       "changed": false,
@crab-dev/rc-message:lint:       "diagnostics": [],
@crab-dev/rc-message:lint:       "fixPasses": 0,
@crab-dev/rc-message:lint:       "path": "components/rc-message/src/types.ts",
@crab-dev/rc-message:lint:       "written": false
@crab-dev/rc-message:lint:     }
@crab-dev/rc-message:lint:   ],
@crab-dev/rc-message:lint:   "warningCount": 0
@crab-dev/rc-message:lint: }
@crab-dev/rc-theme:lint: cache miss, executing f674ba05ac2711f9
@crab-dev/rc-breadcrumbs:lint: {
@crab-dev/rc-breadcrumbs:lint:   "errorCount": 0,
@crab-dev/rc-breadcrumbs:lint:   "exitCode": 0,
@crab-dev/rc-breadcrumbs:lint:   "files": [
@crab-dev/rc-breadcrumbs:lint:     {
@crab-dev/rc-breadcrumbs:lint:       "changed": false,
@crab-dev/rc-breadcrumbs:lint:       "diagnostics": [],
@crab-dev/rc-breadcrumbs:lint:       "fixPasses": 0,
@crab-dev/rc-breadcrumbs:lint:       "path": "components/rc-breadcrumbs/docs/demos/basic.demo.tsx",
@crab-dev/rc-breadcrumbs:lint:       "written": false
@crab-dev/rc-breadcrumbs:lint:     },
@crab-dev/rc-breadcrumbs:lint:     {
@crab-dev/rc-breadcrumbs:lint:       "changed": false,
@crab-dev/rc-breadcrumbs:lint:       "diagnostics": [],
@crab-dev/rc-breadcrumbs:lint:       "fixPasses": 0,
@crab-dev/rc-breadcrumbs:lint:       "path": "components/rc-breadcrumbs/docs/demos/custom-separator.demo.tsx",
@crab-dev/rc-breadcrumbs:lint:       "written": false
@crab-dev/rc-breadcrumbs:lint:     },
@crab-dev/rc-breadcrumbs:lint:     {
@crab-dev/rc-breadcrumbs:lint:       "changed": false,
@crab-dev/rc-breadcrumbs:lint:       "diagnostics": [],
@crab-dev/rc-breadcrumbs:lint:       "fixPasses": 0,
@crab-dev/rc-breadcrumbs:lint:       "path": "components/rc-breadcrumbs/docs/demos/max-count.demo.tsx",
@crab-dev/rc-breadcrumbs:lint:       "written": false
@crab-dev/rc-breadcrumbs:lint:     },
@crab-dev/rc-breadcrumbs:lint:     {
@crab-dev/rc-breadcrumbs:lint:       "changed": false,
@crab-dev/rc-breadcrumbs:lint:       "diagnostics": [],
@crab-dev/rc-breadcrumbs:lint:       "fixPasses": 0,
@crab-dev/rc-breadcrumbs:lint:       "path": "components/rc-breadcrumbs/src/__tests__/breadcrumbs.test.tsx",
@crab-dev/rc-breadcrumbs:lint:       "written": false
@crab-dev/rc-breadcrumbs:lint:     },
@crab-dev/rc-breadcrumbs:lint:     {
@crab-dev/rc-breadcrumbs:lint:       "changed": false,
@crab-dev/rc-breadcrumbs:lint:       "diagnostics": [],
@crab-dev/rc-breadcrumbs:lint:       "fixPasses": 0,
@crab-dev/rc-breadcrumbs:lint:       "path": "components/rc-breadcrumbs/src/breadcrumbs.tsx",
@crab-dev/rc-breadcrumbs:lint:       "written": false
@crab-dev/rc-breadcrumbs:lint:     },
@crab-dev/rc-breadcrumbs:lint:     {
@crab-dev/rc-breadcrumbs:lint:       "changed": false,
@crab-dev/rc-breadcrumbs:lint:       "diagnostics": [],
@crab-dev/rc-breadcrumbs:lint:       "fixPasses": 0,
@crab-dev/rc-breadcrumbs:lint:       "path": "components/rc-breadcrumbs/src/index.ts",
@crab-dev/rc-breadcrumbs:lint:       "written": false
@crab-dev/rc-breadcrumbs:lint:     },
@crab-dev/rc-breadcrumbs:lint:     {
@crab-dev/rc-breadcrumbs:lint:       "changed": false,
@crab-dev/rc-breadcrumbs:lint:       "diagnostics": [],
@crab-dev/rc-breadcrumbs:lint:       "fixPasses": 0,
@crab-dev/rc-breadcrumbs:lint:       "path": "components/rc-breadcrumbs/src/types.ts",
@crab-dev/rc-breadcrumbs:lint:       "written": false
@crab-dev/rc-breadcrumbs:lint:     }
@crab-dev/rc-breadcrumbs:lint:   ],
@crab-dev/rc-breadcrumbs:lint:   "warningCount": 0
@crab-dev/rc-breadcrumbs:lint: }
@crab-dev/rc-token-global:lint: cache miss, executing 395e502a4f3aad28
@crab-dev/rc-prose:lint: {
@crab-dev/rc-prose:lint:   "errorCount": 0,
@crab-dev/rc-prose:lint:   "exitCode": 0,
@crab-dev/rc-prose:lint:   "files": [
@crab-dev/rc-prose:lint:     {
@crab-dev/rc-prose:lint:       "changed": false,
@crab-dev/rc-prose:lint:       "diagnostics": [],
@crab-dev/rc-prose:lint:       "fixPasses": 0,
@crab-dev/rc-prose:lint:       "path": "components/rc-prose/docs/demos/basic.demo.tsx",
@crab-dev/rc-prose:lint:       "written": false
@crab-dev/rc-prose:lint:     },
@crab-dev/rc-prose:lint:     {
@crab-dev/rc-prose:lint:       "changed": false,
@crab-dev/rc-prose:lint:       "diagnostics": [],
@crab-dev/rc-prose:lint:       "fixPasses": 0,
@crab-dev/rc-prose:lint:       "path": "components/rc-prose/docs/demos/semantic-tag.demo.tsx",
@crab-dev/rc-prose:lint:       "written": false
@crab-dev/rc-prose:lint:     },
@crab-dev/rc-prose:lint:     {
@crab-dev/rc-prose:lint:       "changed": false,
@crab-dev/rc-prose:lint:       "diagnostics": [],
@crab-dev/rc-prose:lint:       "fixPasses": 0,
@crab-dev/rc-prose:lint:       "path": "components/rc-prose/docs/demos/size.demo.tsx",
@crab-dev/rc-prose:lint:       "written": false
@crab-dev/rc-prose:lint:     },
@crab-dev/rc-prose:lint:     {
@crab-dev/rc-prose:lint:       "changed": false,
@crab-dev/rc-prose:lint:       "diagnostics": [],
@crab-dev/rc-prose:lint:       "fixPasses": 0,
@crab-dev/rc-prose:lint:       "path": "components/rc-prose/docs/demos/table.demo.tsx",
@crab-dev/rc-prose:lint:       "written": false
@crab-dev/rc-prose:lint:     },
@crab-dev/rc-prose:lint:     {
@crab-dev/rc-prose:lint:       "changed": false,
@crab-dev/rc-prose:lint:       "diagnostics": [],
@crab-dev/rc-prose:lint:       "fixPasses": 0,
@crab-dev/rc-prose:lint:       "path": "components/rc-prose/src/__tests__/prose.test.tsx",
@crab-dev/rc-prose:lint:       "written": false
@crab-dev/rc-prose:lint:     },
@crab-dev/rc-prose:lint:     {
@crab-dev/rc-prose:lint:       "changed": false,
@crab-dev/rc-prose:lint:       "diagnostics": [],
@crab-dev/rc-prose:lint:       "fixPasses": 0,
@crab-dev/rc-prose:lint:       "path": "components/rc-prose/src/__tests__/token-contrast.test.ts",
@crab-dev/rc-prose:lint:       "written": false
@crab-dev/rc-prose:lint:     },
@crab-dev/rc-prose:lint:     {
@crab-dev/rc-prose:lint:       "changed": false,
@crab-dev/rc-prose:lint:       "diagnostics": [],
@crab-dev/rc-prose:lint:       "fixPasses": 0,
@crab-dev/rc-prose:lint:       "path": "components/rc-prose/src/index.ts",
@crab-dev/rc-prose:lint:       "written": false
@crab-dev/rc-prose:lint:     },
@crab-dev/rc-prose:lint:     {
@crab-dev/rc-prose:lint:       "changed": false,
@crab-dev/rc-prose:lint:       "diagnostics": [],
@crab-dev/rc-prose:lint:       "fixPasses": 0,
@crab-dev/rc-prose:lint:       "path": "components/rc-prose/src/prose.tsx",
@crab-dev/rc-prose:lint:       "written": false
@crab-dev/rc-prose:lint:     },
@crab-dev/rc-prose:lint:     {
@crab-dev/rc-prose:lint:       "changed": false,
@crab-dev/rc-prose:lint:       "diagnostics": [],
@crab-dev/rc-prose:lint:       "fixPasses": 0,
@crab-dev/rc-prose:lint:       "path": "components/rc-prose/src/types.ts",
@crab-dev/rc-prose:lint:       "written": false
@crab-dev/rc-prose:lint:     }
@crab-dev/rc-prose:lint:   ],
@crab-dev/rc-prose:lint:   "warningCount": 0
@crab-dev/rc-prose:lint: }
@crab-dev/rc-text-edit:lint: cache miss, executing f46082fd23d40f52
@crab-dev/rc-auto-sizer:lint: {
@crab-dev/rc-auto-sizer:lint:   "errorCount": 0,
@crab-dev/rc-auto-sizer:lint:   "exitCode": 0,
@crab-dev/rc-auto-sizer:lint:   "files": [
@crab-dev/rc-auto-sizer:lint:     {
@crab-dev/rc-auto-sizer:lint:       "changed": false,
@crab-dev/rc-auto-sizer:lint:       "diagnostics": [],
@crab-dev/rc-auto-sizer:lint:       "fixPasses": 0,
@crab-dev/rc-auto-sizer:lint:       "path": "components/rc-auto-sizer/docs/demos/basic.demo.tsx",
@crab-dev/rc-auto-sizer:lint:       "written": false
@crab-dev/rc-auto-sizer:lint:     },
@crab-dev/rc-auto-sizer:lint:     {
@crab-dev/rc-auto-sizer:lint:       "changed": false,
@crab-dev/rc-auto-sizer:lint:       "diagnostics": [],
@crab-dev/rc-auto-sizer:lint:       "fixPasses": 0,
@crab-dev/rc-auto-sizer:lint:       "path": "components/rc-auto-sizer/docs/demos/with-virtual.demo.tsx",
@crab-dev/rc-auto-sizer:lint:       "written": false
@crab-dev/rc-auto-sizer:lint:     },
@crab-dev/rc-auto-sizer:lint:     {
@crab-dev/rc-auto-sizer:lint:       "changed": false,
@crab-dev/rc-auto-sizer:lint:       "diagnostics": [],
@crab-dev/rc-auto-sizer:lint:       "fixPasses": 0,
@crab-dev/rc-auto-sizer:lint:       "path": "components/rc-auto-sizer/src/__tests__/auto-sizer.test.tsx",
@crab-dev/rc-auto-sizer:lint:       "written": false
@crab-dev/rc-auto-sizer:lint:     },
@crab-dev/rc-auto-sizer:lint:     {
@crab-dev/rc-auto-sizer:lint:       "changed": false,
@crab-dev/rc-auto-sizer:lint:       "diagnostics": [],
@crab-dev/rc-auto-sizer:lint:       "fixPasses": 0,
@crab-dev/rc-auto-sizer:lint:       "path": "components/rc-auto-sizer/src/auto-sizer.tsx",
@crab-dev/rc-auto-sizer:lint:       "written": false
@crab-dev/rc-auto-sizer:lint:     },
@crab-dev/rc-auto-sizer:lint:     {
@crab-dev/rc-auto-sizer:lint:       "changed": false,
@crab-dev/rc-auto-sizer:lint:       "diagnostics": [],
@crab-dev/rc-auto-sizer:lint:       "fixPasses": 0,
@crab-dev/rc-auto-sizer:lint:       "path": "components/rc-auto-sizer/src/index.ts",
@crab-dev/rc-auto-sizer:lint:       "written": false
@crab-dev/rc-auto-sizer:lint:     },
@crab-dev/rc-auto-sizer:lint:     {
@crab-dev/rc-auto-sizer:lint:       "changed": false,
@crab-dev/rc-auto-sizer:lint:       "diagnostics": [],
@crab-dev/rc-auto-sizer:lint:       "fixPasses": 0,
@crab-dev/rc-auto-sizer:lint:       "path": "components/rc-auto-sizer/src/types.ts",
@crab-dev/rc-auto-sizer:lint:       "written": false
@crab-dev/rc-auto-sizer:lint:     }
@crab-dev/rc-auto-sizer:lint:   ],
@crab-dev/rc-auto-sizer:lint:   "warningCount": 0
@crab-dev/rc-auto-sizer:lint: }
@crab-dev/rc-table-pro:lint: cache miss, executing ce68491a7b98e71a
@crab-dev/rc-pagination:lint: {
@crab-dev/rc-pagination:lint:   "errorCount": 0,
@crab-dev/rc-pagination:lint:   "exitCode": 0,
@crab-dev/rc-pagination:lint:   "files": [
@crab-dev/rc-pagination:lint:     {
@crab-dev/rc-pagination:lint:       "changed": false,
@crab-dev/rc-pagination:lint:       "diagnostics": [],
@crab-dev/rc-pagination:lint:       "fixPasses": 0,
@crab-dev/rc-pagination:lint:       "path": "components/rc-pagination/docs/demos/basic.demo.tsx",
@crab-dev/rc-pagination:lint:       "written": false
@crab-dev/rc-pagination:lint:     },
@crab-dev/rc-pagination:lint:     {
@crab-dev/rc-pagination:lint:       "changed": false,
@crab-dev/rc-pagination:lint:       "diagnostics": [],
@crab-dev/rc-pagination:lint:       "fixPasses": 0,
@crab-dev/rc-pagination:lint:       "path": "components/rc-pagination/docs/demos/controlled.demo.tsx",
@crab-dev/rc-pagination:lint:       "written": false
@crab-dev/rc-pagination:lint:     },
@crab-dev/rc-pagination:lint:     {
@crab-dev/rc-pagination:lint:       "changed": false,
@crab-dev/rc-pagination:lint:       "diagnostics": [],
@crab-dev/rc-pagination:lint:       "fixPasses": 0,
@crab-dev/rc-pagination:lint:       "path": "components/rc-pagination/docs/demos/disabled.demo.tsx",
@crab-dev/rc-pagination:lint:       "written": false
@crab-dev/rc-pagination:lint:     },
@crab-dev/rc-pagination:lint:     {
@crab-dev/rc-pagination:lint:       "changed": false,
@crab-dev/rc-pagination:lint:       "diagnostics": [],
@crab-dev/rc-pagination:lint:       "fixPasses": 0,
@crab-dev/rc-pagination:lint:       "path": "components/rc-pagination/docs/demos/many-pages.demo.tsx",
@crab-dev/rc-pagination:lint:       "written": false
@crab-dev/rc-pagination:lint:     },
@crab-dev/rc-pagination:lint:     {
@crab-dev/rc-pagination:lint:       "changed": false,
@crab-dev/rc-pagination:lint:       "diagnostics": [],
@crab-dev/rc-pagination:lint:       "fixPasses": 0,
@crab-dev/rc-pagination:lint:       "path": "components/rc-pagination/docs/demos/quick-jumper.demo.tsx",
@crab-dev/rc-pagination:lint:       "written": false
@crab-dev/rc-pagination:lint:     },
@crab-dev/rc-pagination:lint:     {
@crab-dev/rc-pagination:lint:       "changed": false,
@crab-dev/rc-pagination:lint:       "diagnostics": [],
@crab-dev/rc-pagination:lint:       "fixPasses": 0,
@crab-dev/rc-pagination:lint:       "path": "components/rc-pagination/docs/demos/show-total.demo.tsx",
@crab-dev/rc-pagination:lint:       "written": false
@crab-dev/rc-pagination:lint:     },
@crab-dev/rc-pagination:lint:     {
@crab-dev/rc-pagination:lint:       "changed": false,
@crab-dev/rc-pagination:lint:       "diagnostics": [],
@crab-dev/rc-pagination:lint:       "fixPasses": 0,
@crab-dev/rc-pagination:lint:       "path": "components/rc-pagination/docs/demos/size-changer.demo.tsx",
@crab-dev/rc-pagination:lint:       "written": false
@crab-dev/rc-pagination:lint:     },
@crab-dev/rc-pagination:lint:     {
@crab-dev/rc-pagination:lint:       "changed": false,
@crab-dev/rc-pagination:lint:       "diagnostics": [],
@crab-dev/rc-pagination:lint:       "fixPasses": 0,
@crab-dev/rc-pagination:lint:       "path": "components/rc-pagination/docs/demos/size.demo.tsx",
@crab-dev/rc-pagination:lint:       "written": false
@crab-dev/rc-pagination:lint:     },
@crab-dev/rc-pagination:lint:     {
@crab-dev/rc-pagination:lint:       "changed": false,
@crab-dev/rc-pagination:lint:       "diagnostics": [],
@crab-dev/rc-pagination:lint:       "fixPasses": 0,
@crab-dev/rc-pagination:lint:       "path": "components/rc-pagination/src/__tests__/pagination.test.tsx",
@crab-dev/rc-pagination:lint:       "written": false
@crab-dev/rc-pagination:lint:     },
@crab-dev/rc-pagination:lint:     {
@crab-dev/rc-pagination:lint:       "changed": false,
@crab-dev/rc-pagination:lint:       "diagnostics": [],
@crab-dev/rc-pagination:lint:       "fixPasses": 0,
@crab-dev/rc-pagination:lint:       "path": "components/rc-pagination/src/index.ts",
@crab-dev/rc-pagination:lint:       "written": false
@crab-dev/rc-pagination:lint:     },
@crab-dev/rc-pagination:lint:     {
@crab-dev/rc-pagination:lint:       "changed": false,
@crab-dev/rc-pagination:lint:       "diagnostics": [],
@crab-dev/rc-pagination:lint:       "fixPasses": 0,
@crab-dev/rc-pagination:lint:       "path": "components/rc-pagination/src/pagination.tsx",
@crab-dev/rc-pagination:lint:       "written": false
@crab-dev/rc-pagination:lint:     },
@crab-dev/rc-pagination:lint:     {
@crab-dev/rc-pagination:lint:       "changed": false,
@crab-dev/rc-pagination:lint:       "diagnostics": [],
@crab-dev/rc-pagination:lint:       "fixPasses": 0,
@crab-dev/rc-pagination:lint:       "path": "components/rc-pagination/src/types.ts",
@crab-dev/rc-pagination:lint:       "written": false
@crab-dev/rc-pagination:lint:     }
@crab-dev/rc-pagination:lint:   ],
@crab-dev/rc-pagination:lint:   "warningCount": 0
@crab-dev/rc-pagination:lint: }
@crab-dev/rc-canvas:lint: cache miss, executing 9eff8dbb99626eb2
@crab-dev/website:lint: cache miss, executing daf0197b43d36b28
@crab-dev/rc-drawer:lint: {
@crab-dev/rc-drawer:lint:   "errorCount": 0,
@crab-dev/rc-drawer:lint:   "exitCode": 0,
@crab-dev/rc-drawer:lint:   "files": [
@crab-dev/rc-drawer:lint:     {
@crab-dev/rc-drawer:lint:       "changed": false,
@crab-dev/rc-drawer:lint:       "diagnostics": [],
@crab-dev/rc-drawer:lint:       "fixPasses": 0,
@crab-dev/rc-drawer:lint:       "path": "components/rc-drawer/docs/demos/basic.demo.tsx",
@crab-dev/rc-drawer:lint:       "written": false
@crab-dev/rc-drawer:lint:     },
@crab-dev/rc-drawer:lint:     {
@crab-dev/rc-drawer:lint:       "changed": false,
@crab-dev/rc-drawer:lint:       "diagnostics": [],
@crab-dev/rc-drawer:lint:       "fixPasses": 0,
@crab-dev/rc-drawer:lint:       "path": "components/rc-drawer/docs/demos/nested.demo.tsx",
@crab-dev/rc-drawer:lint:       "written": false
@crab-dev/rc-drawer:lint:     },
@crab-dev/rc-drawer:lint:     {
@crab-dev/rc-drawer:lint:       "changed": false,
@crab-dev/rc-drawer:lint:       "diagnostics": [],
@crab-dev/rc-drawer:lint:       "fixPasses": 0,
@crab-dev/rc-drawer:lint:       "path": "components/rc-drawer/docs/demos/placement.demo.tsx",
@crab-dev/rc-drawer:lint:       "written": false
@crab-dev/rc-drawer:lint:     },
@crab-dev/rc-drawer:lint:     {
@crab-dev/rc-drawer:lint:       "changed": false,
@crab-dev/rc-drawer:lint:       "diagnostics": [],
@crab-dev/rc-drawer:lint:       "fixPasses": 0,
@crab-dev/rc-drawer:lint:       "path": "components/rc-drawer/docs/demos/with-footer.demo.tsx",
@crab-dev/rc-drawer:lint:       "written": false
@crab-dev/rc-drawer:lint:     },
@crab-dev/rc-drawer:lint:     {
@crab-dev/rc-drawer:lint:       "changed": false,
@crab-dev/rc-drawer:lint:       "diagnostics": [],
@crab-dev/rc-drawer:lint:       "fixPasses": 0,
@crab-dev/rc-drawer:lint:       "path": "components/rc-drawer/src/__tests__/drawer.test.tsx",
@crab-dev/rc-drawer:lint:       "written": false
@crab-dev/rc-drawer:lint:     },
@crab-dev/rc-drawer:lint:     {
@crab-dev/rc-drawer:lint:       "changed": false,
@crab-dev/rc-drawer:lint:       "diagnostics": [],
@crab-dev/rc-drawer:lint:       "fixPasses": 0,
@crab-dev/rc-drawer:lint:       "path": "components/rc-drawer/src/drawer.tsx",
@crab-dev/rc-drawer:lint:       "written": false
@crab-dev/rc-drawer:lint:     },
@crab-dev/rc-drawer:lint:     {
@crab-dev/rc-drawer:lint:       "changed": false,
@crab-dev/rc-drawer:lint:       "diagnostics": [],
@crab-dev/rc-drawer:lint:       "fixPasses": 0,
@crab-dev/rc-drawer:lint:       "path": "components/rc-drawer/src/index.ts",
@crab-dev/rc-drawer:lint:       "written": false
@crab-dev/rc-drawer:lint:     }
@crab-dev/rc-drawer:lint:   ],
@crab-dev/rc-drawer:lint:   "warningCount": 0
@crab-dev/rc-drawer:lint: }
@crab-dev/rc-tooltip:lint: {
@crab-dev/rc-tooltip:lint:   "errorCount": 0,
@crab-dev/rc-tooltip:lint:   "exitCode": 0,
@crab-dev/rc-tooltip:lint:   "files": [
@crab-dev/rc-tooltip:lint:     {
@crab-dev/rc-tooltip:lint:       "changed": false,
@crab-dev/rc-tooltip:lint:       "diagnostics": [],
@crab-dev/rc-tooltip:lint:       "fixPasses": 0,
@crab-dev/rc-tooltip:lint:       "path": "components/rc-tooltip/docs/demos/arrow.demo.tsx",
@crab-dev/rc-tooltip:lint:       "written": false
@crab-dev/rc-tooltip:lint:     },
@crab-dev/rc-tooltip:lint:     {
@crab-dev/rc-tooltip:lint:       "changed": false,
@crab-dev/rc-tooltip:lint:       "diagnostics": [],
@crab-dev/rc-tooltip:lint:       "fixPasses": 0,
@crab-dev/rc-tooltip:lint:       "path": "components/rc-tooltip/docs/demos/basic.demo.tsx",
@crab-dev/rc-tooltip:lint:       "written": false
@crab-dev/rc-tooltip:lint:     },
@crab-dev/rc-tooltip:lint:     {
@crab-dev/rc-tooltip:lint:       "changed": false,
@crab-dev/rc-tooltip:lint:       "diagnostics": [],
@crab-dev/rc-tooltip:lint:       "fixPasses": 0,
@crab-dev/rc-tooltip:lint:       "path": "components/rc-tooltip/docs/demos/placement.demo.tsx",
@crab-dev/rc-tooltip:lint:       "written": false
@crab-dev/rc-tooltip:lint:     },
@crab-dev/rc-tooltip:lint:     {
@crab-dev/rc-tooltip:lint:       "changed": false,
@crab-dev/rc-tooltip:lint:       "diagnostics": [],
@crab-dev/rc-tooltip:lint:       "fixPasses": 0,
@crab-dev/rc-tooltip:lint:       "path": "components/rc-tooltip/src/__tests__/tooltip.test.tsx",
@crab-dev/rc-tooltip:lint:       "written": false
@crab-dev/rc-tooltip:lint:     },
@crab-dev/rc-tooltip:lint:     {
@crab-dev/rc-tooltip:lint:       "changed": false,
@crab-dev/rc-tooltip:lint:       "diagnostics": [],
@crab-dev/rc-tooltip:lint:       "fixPasses": 0,
@crab-dev/rc-tooltip:lint:       "path": "components/rc-tooltip/src/index.ts",
@crab-dev/rc-tooltip:lint:       "written": false
@crab-dev/rc-tooltip:lint:     },
@crab-dev/rc-tooltip:lint:     {
@crab-dev/rc-tooltip:lint:       "changed": false,
@crab-dev/rc-tooltip:lint:       "diagnostics": [],
@crab-dev/rc-tooltip:lint:       "fixPasses": 0,
@crab-dev/rc-tooltip:lint:       "path": "components/rc-tooltip/src/tooltip.tsx",
@crab-dev/rc-tooltip:lint:       "written": false
@crab-dev/rc-tooltip:lint:     },
@crab-dev/rc-tooltip:lint:     {
@crab-dev/rc-tooltip:lint:       "changed": false,
@crab-dev/rc-tooltip:lint:       "diagnostics": [],
@crab-dev/rc-tooltip:lint:       "fixPasses": 0,
@crab-dev/rc-tooltip:lint:       "path": "components/rc-tooltip/src/types.ts",
@crab-dev/rc-tooltip:lint:       "written": false
@crab-dev/rc-tooltip:lint:     }
@crab-dev/rc-tooltip:lint:   ],
@crab-dev/rc-tooltip:lint:   "warningCount": 0
@crab-dev/rc-tooltip:lint: }
@crab-dev/rc-switch:lint: {
@crab-dev/rc-switch:lint:   "errorCount": 0,
@crab-dev/rc-switch:lint:   "exitCode": 0,
@crab-dev/rc-switch:lint:   "files": [
@crab-dev/rc-switch:lint:     {
@crab-dev/rc-switch:lint:       "changed": false,
@crab-dev/rc-switch:lint:       "diagnostics": [],
@crab-dev/rc-switch:lint:       "fixPasses": 0,
@crab-dev/rc-switch:lint:       "path": "components/rc-switch/docs/demos/basic.demo.tsx",
@crab-dev/rc-switch:lint:       "written": false
@crab-dev/rc-switch:lint:     },
@crab-dev/rc-switch:lint:     {
@crab-dev/rc-switch:lint:       "changed": false,
@crab-dev/rc-switch:lint:       "diagnostics": [],
@crab-dev/rc-switch:lint:       "fixPasses": 0,
@crab-dev/rc-switch:lint:       "path": "components/rc-switch/docs/demos/disabled.demo.tsx",
@crab-dev/rc-switch:lint:       "written": false
@crab-dev/rc-switch:lint:     },
@crab-dev/rc-switch:lint:     {
@crab-dev/rc-switch:lint:       "changed": false,
@crab-dev/rc-switch:lint:       "diagnostics": [],
@crab-dev/rc-switch:lint:       "fixPasses": 0,
@crab-dev/rc-switch:lint:       "path": "components/rc-switch/docs/demos/size.demo.tsx",
@crab-dev/rc-switch:lint:       "written": false
@crab-dev/rc-switch:lint:     },
@crab-dev/rc-switch:lint:     {
@crab-dev/rc-switch:lint:       "changed": false,
@crab-dev/rc-switch:lint:       "diagnostics": [],
@crab-dev/rc-switch:lint:       "fixPasses": 0,
@crab-dev/rc-switch:lint:       "path": "components/rc-switch/src/__tests__/switch.test.tsx",
@crab-dev/rc-switch:lint:       "written": false
@crab-dev/rc-switch:lint:     },
@crab-dev/rc-switch:lint:     {
@crab-dev/rc-switch:lint:       "changed": false,
@crab-dev/rc-switch:lint:       "diagnostics": [],
@crab-dev/rc-switch:lint:       "fixPasses": 0,
@crab-dev/rc-switch:lint:       "path": "components/rc-switch/src/index.ts",
@crab-dev/rc-switch:lint:       "written": false
@crab-dev/rc-switch:lint:     },
@crab-dev/rc-switch:lint:     {
@crab-dev/rc-switch:lint:       "changed": false,
@crab-dev/rc-switch:lint:       "diagnostics": [],
@crab-dev/rc-switch:lint:       "fixPasses": 0,
@crab-dev/rc-switch:lint:       "path": "components/rc-switch/src/switch.tsx",
@crab-dev/rc-switch:lint:       "written": false
@crab-dev/rc-switch:lint:     },
@crab-dev/rc-switch:lint:     {
@crab-dev/rc-switch:lint:       "changed": false,
@crab-dev/rc-switch:lint:       "diagnostics": [],
@crab-dev/rc-switch:lint:       "fixPasses": 0,
@crab-dev/rc-switch:lint:       "path": "components/rc-switch/src/types.ts",
@crab-dev/rc-switch:lint:       "written": false
@crab-dev/rc-switch:lint:     }
@crab-dev/rc-switch:lint:   ],
@crab-dev/rc-switch:lint:   "warningCount": 0
@crab-dev/rc-switch:lint: }
@crab-dev/rc-color-picker:lint: cache miss, executing bd52d2f230f2efd6
@crab-dev/rc-masonry:lint: cache miss, executing 94717746feaf6ca4
@crab-dev/rc-dialog:lint: cache miss, executing 9f1205489be962fd
@crab-dev/rc-menu:lint: {
@crab-dev/rc-menu:lint:   "errorCount": 0,
@crab-dev/rc-menu:lint:   "exitCode": 0,
@crab-dev/rc-menu:lint:   "files": [
@crab-dev/rc-menu:lint:     {
@crab-dev/rc-menu:lint:       "changed": false,
@crab-dev/rc-menu:lint:       "diagnostics": [],
@crab-dev/rc-menu:lint:       "fixPasses": 0,
@crab-dev/rc-menu:lint:       "path": "components/rc-menu/docs/demos/basic.demo.tsx",
@crab-dev/rc-menu:lint:       "written": false
@crab-dev/rc-menu:lint:     },
@crab-dev/rc-menu:lint:     {
@crab-dev/rc-menu:lint:       "changed": false,
@crab-dev/rc-menu:lint:       "diagnostics": [],
@crab-dev/rc-menu:lint:       "fixPasses": 0,
@crab-dev/rc-menu:lint:       "path": "components/rc-menu/docs/demos/collapsed.demo.tsx",
@crab-dev/rc-menu:lint:       "written": false
@crab-dev/rc-menu:lint:     },
@crab-dev/rc-menu:lint:     {
@crab-dev/rc-menu:lint:       "changed": false,
@crab-dev/rc-menu:lint:       "diagnostics": [],
@crab-dev/rc-menu:lint:       "fixPasses": 0,
@crab-dev/rc-menu:lint:       "path": "components/rc-menu/docs/demos/group.demo.tsx",
@crab-dev/rc-menu:lint:       "written": false
@crab-dev/rc-menu:lint:     },
@crab-dev/rc-menu:lint:     {
@crab-dev/rc-menu:lint:       "changed": false,
@crab-dev/rc-menu:lint:       "diagnostics": [],
@crab-dev/rc-menu:lint:       "fixPasses": 0,
@crab-dev/rc-menu:lint:       "path": "components/rc-menu/docs/demos/horizontal.demo.tsx",
@crab-dev/rc-menu:lint:       "written": false
@crab-dev/rc-menu:lint:     },
@crab-dev/rc-menu:lint:     {
@crab-dev/rc-menu:lint:       "changed": false,
@crab-dev/rc-menu:lint:       "diagnostics": [],
@crab-dev/rc-menu:lint:       "fixPasses": 0,
@crab-dev/rc-menu:lint:       "path": "components/rc-menu/src/__tests__/menu.test.tsx",
@crab-dev/rc-menu:lint:       "written": false
@crab-dev/rc-menu:lint:     },
@crab-dev/rc-menu:lint:     {
@crab-dev/rc-menu:lint:       "changed": false,
@crab-dev/rc-menu:lint:       "diagnostics": [],
@crab-dev/rc-menu:lint:       "fixPasses": 0,
@crab-dev/rc-menu:lint:       "path": "components/rc-menu/src/__tests__/token.test.ts",
@crab-dev/rc-menu:lint:       "written": false
@crab-dev/rc-menu:lint:     },
@crab-dev/rc-menu:lint:     {
@crab-dev/rc-menu:lint:       "changed": false,
@crab-dev/rc-menu:lint:       "diagnostics": [],
@crab-dev/rc-menu:lint:       "fixPasses": 0,
@crab-dev/rc-menu:lint:       "path": "components/rc-menu/src/horizontal/index.tsx",
@crab-dev/rc-menu:lint:       "written": false
@crab-dev/rc-menu:lint:     },
@crab-dev/rc-menu:lint:     {
@crab-dev/rc-menu:lint:       "changed": false,
@crab-dev/rc-menu:lint:       "diagnostics": [],
@crab-dev/rc-menu:lint:       "fixPasses": 0,
@crab-dev/rc-menu:lint:       "path": "components/rc-menu/src/horizontal/itemGroup.tsx",
@crab-dev/rc-menu:lint:       "written": false
@crab-dev/rc-menu:lint:     },
@crab-dev/rc-menu:lint:     {
@crab-dev/rc-menu:lint:       "changed": false,
@crab-dev/rc-menu:lint:       "diagnostics": [],
@crab-dev/rc-menu:lint:       "fixPasses": 0,
@crab-dev/rc-menu:lint:       "path": "components/rc-menu/src/horizontal/itemNormal.tsx",
@crab-dev/rc-menu:lint:       "written": false
@crab-dev/rc-menu:lint:     },
@crab-dev/rc-menu:lint:     {
@crab-dev/rc-menu:lint:       "changed": false,
@crab-dev/rc-menu:lint:       "diagnostics": [],
@crab-dev/rc-menu:lint:       "fixPasses": 0,
@crab-dev/rc-menu:lint:       "path": "components/rc-menu/src/horizontal/styles/itemGroup.styles.ts",
@crab-dev/rc-menu:lint:       "written": false
@crab-dev/rc-menu:lint:     },
@crab-dev/rc-menu:lint:     {
@crab-dev/rc-menu:lint:       "changed": false,
@crab-dev/rc-menu:lint:       "diagnostics": [],
@crab-dev/rc-menu:lint:       "fixPasses": 0,
@crab-dev/rc-menu:lint:       "path": "components/rc-menu/src/horizontal/styles/itemNormal.styles.ts",
@crab-dev/rc-menu:lint:       "written": false
@crab-dev/rc-menu:lint:     },
@crab-dev/rc-menu:lint:     {
@crab-dev/rc-menu:lint:       "changed": false,
@crab-dev/rc-menu:lint:       "diagnostics": [],
@crab-dev/rc-menu:lint:       "fixPasses": 0,
@crab-dev/rc-menu:lint:       "path": "components/rc-menu/src/icon.tsx",
@crab-dev/rc-menu:lint:       "written": false
@crab-dev/rc-menu:lint:     },
@crab-dev/rc-menu:lint:     {
@crab-dev/rc-menu:lint:       "changed": false,
@crab-dev/rc-menu:lint:       "diagnostics": [],
@crab-dev/rc-menu:lint:       "fixPasses": 0,
@crab-dev/rc-menu:lint:       "path": "components/rc-menu/src/index.ts",
@crab-dev/rc-menu:lint:       "written": false
@crab-dev/rc-menu:lint:     },
@crab-dev/rc-menu:lint:     {
@crab-dev/rc-menu:lint:       "changed": false,
@crab-dev/rc-menu:lint:       "diagnostics": [],
@crab-dev/rc-menu:lint:       "fixPasses": 0,
@crab-dev/rc-menu:lint:       "path": "components/rc-menu/src/menu.tsx",
@crab-dev/rc-menu:lint:       "written": false
@crab-dev/rc-menu:lint:     },
@crab-dev/rc-menu:lint:     {
@crab-dev/rc-menu:lint:       "changed": false,
@crab-dev/rc-menu:lint:       "diagnostics": [],
@crab-dev/rc-menu:lint:       "fixPasses": 0,
@crab-dev/rc-menu:lint:       "path": "components/rc-menu/src/type.ts",
@crab-dev/rc-menu:lint:       "written": false
@crab-dev/rc-menu:lint:     },
@crab-dev/rc-menu:lint:     {
@crab-dev/rc-menu:lint:       "changed": false,
@crab-dev/rc-menu:lint:       "diagnostics": [],
@crab-dev/rc-menu:lint:       "fixPasses": 0,
@crab-dev/rc-menu:lint:       "path": "components/rc-menu/src/vertical/collapsed.tsx",
@crab-dev/rc-menu:lint:       "written": false
@crab-dev/rc-menu:lint:     },
@crab-dev/rc-menu:lint:     {
@crab-dev/rc-menu:lint:       "changed": false,
@crab-dev/rc-menu:lint:       "diagnostics": [],
@crab-dev/rc-menu:lint:       "fixPasses": 0,
@crab-dev/rc-menu:lint:       "path": "components/rc-menu/src/vertical/index.tsx",
@crab-dev/rc-menu:lint:       "written": false
@crab-dev/rc-menu:lint:     },
@crab-dev/rc-menu:lint:     {
@crab-dev/rc-menu:lint:       "changed": false,
@crab-dev/rc-menu:lint:       "diagnostics": [],
@crab-dev/rc-menu:lint:       "fixPasses": 0,
@crab-dev/rc-menu:lint:       "path": "components/rc-menu/src/vertical/normal.tsx",
@crab-dev/rc-menu:lint:       "written": false
@crab-dev/rc-menu:lint:     }
@crab-dev/rc-menu:lint:   ],
@crab-dev/rc-menu:lint:   "warningCount": 0
@crab-dev/rc-menu:lint: }
@crab-dev/rc-card:lint: cache miss, executing a0b0ed82c6c467d8
@crab-dev/rc-theme:lint: {
@crab-dev/rc-theme:lint:   "errorCount": 0,
@crab-dev/rc-theme:lint:   "exitCode": 0,
@crab-dev/rc-theme:lint:   "files": [
@crab-dev/rc-theme:lint:     {
@crab-dev/rc-theme:lint:       "changed": false,
@crab-dev/rc-theme:lint:       "diagnostics": [],
@crab-dev/rc-theme:lint:       "fixPasses": 0,
@crab-dev/rc-theme:lint:       "path": "components/rc-theme/docs/demos/light-dark.demo.tsx",
@crab-dev/rc-theme:lint:       "written": false
@crab-dev/rc-theme:lint:     },
@crab-dev/rc-theme:lint:     {
@crab-dev/rc-theme:lint:       "changed": false,
@crab-dev/rc-theme:lint:       "diagnostics": [],
@crab-dev/rc-theme:lint:       "fixPasses": 0,
@crab-dev/rc-theme:lint:       "path": "components/rc-theme/src/__tests__/theme.test.ts",
@crab-dev/rc-theme:lint:       "written": false
@crab-dev/rc-theme:lint:     },
@crab-dev/rc-theme:lint:     {
@crab-dev/rc-theme:lint:       "changed": false,
@crab-dev/rc-theme:lint:       "diagnostics": [],
@crab-dev/rc-theme:lint:       "fixPasses": 0,
@crab-dev/rc-theme:lint:       "path": "components/rc-theme/src/index.ts",
@crab-dev/rc-theme:lint:       "written": false
@crab-dev/rc-theme:lint:     },
@crab-dev/rc-theme:lint:     {
@crab-dev/rc-theme:lint:       "changed": false,
@crab-dev/rc-theme:lint:       "diagnostics": [],
@crab-dev/rc-theme:lint:       "fixPasses": 0,
@crab-dev/rc-theme:lint:       "path": "components/rc-theme/src/theme-values.ts",
@crab-dev/rc-theme:lint:       "written": false
@crab-dev/rc-theme:lint:     },
@crab-dev/rc-theme:lint:     {
@crab-dev/rc-theme:lint:       "changed": false,
@crab-dev/rc-theme:lint:       "diagnostics": [],
@crab-dev/rc-theme:lint:       "fixPasses": 0,
@crab-dev/rc-theme:lint:       "path": "components/rc-theme/src/theme.ts",
@crab-dev/rc-theme:lint:       "written": false
@crab-dev/rc-theme:lint:     }
@crab-dev/rc-theme:lint:   ],
@crab-dev/rc-theme:lint:   "warningCount": 0
@crab-dev/rc-theme:lint: }
@crab-dev/rc-token-global:lint: {
@crab-dev/rc-token-global:lint:   "errorCount": 0,
@crab-dev/rc-token-global:lint:   "exitCode": 0,
@crab-dev/rc-token-global:lint:   "files": [
@crab-dev/rc-token-global:lint:     {
@crab-dev/rc-token-global:lint:       "changed": false,
@crab-dev/rc-token-global:lint:       "diagnostics": [],
@crab-dev/rc-token-global:lint:       "fixPasses": 0,
@crab-dev/rc-token-global:lint:       "path": "components/rc-token-global/docs/demos/base.demo.tsx",
@crab-dev/rc-token-global:lint:       "written": false
@crab-dev/rc-token-global:lint:     },
@crab-dev/rc-token-global:lint:     {
@crab-dev/rc-token-global:lint:       "changed": false,
@crab-dev/rc-token-global:lint:       "diagnostics": [],
@crab-dev/rc-token-global:lint:       "fixPasses": 0,
@crab-dev/rc-token-global:lint:       "path": "components/rc-token-global/src/index.ts",
@crab-dev/rc-token-global:lint:       "written": false
@crab-dev/rc-token-global:lint:     }
@crab-dev/rc-token-global:lint:   ],
@crab-dev/rc-token-global:lint:   "warningCount": 0
@crab-dev/rc-token-global:lint: }
@crab-dev/rc-split-pane:lint: cache miss, executing 742957f730ff2c2a
@crab-dev/rc-number-edit:lint: cache miss, executing 5c1dfb14cbcc3159
@crab-dev/rc-text-edit:lint: {
@crab-dev/rc-text-edit:lint:   "errorCount": 0,
@crab-dev/rc-text-edit:lint:   "exitCode": 0,
@crab-dev/rc-text-edit:lint:   "files": [
@crab-dev/rc-text-edit:lint:     {
@crab-dev/rc-text-edit:lint:       "changed": false,
@crab-dev/rc-text-edit:lint:       "diagnostics": [],
@crab-dev/rc-text-edit:lint:       "fixPasses": 0,
@crab-dev/rc-text-edit:lint:       "path": "components/rc-text-edit/docs/demos/allow-clear.demo.tsx",
@crab-dev/rc-text-edit:lint:       "written": false
@crab-dev/rc-text-edit:lint:     },
@crab-dev/rc-text-edit:lint:     {
@crab-dev/rc-text-edit:lint:       "changed": false,
@crab-dev/rc-text-edit:lint:       "diagnostics": [],
@crab-dev/rc-text-edit:lint:       "fixPasses": 0,
@crab-dev/rc-text-edit:lint:       "path": "components/rc-text-edit/docs/demos/auto-size.demo.tsx",
@crab-dev/rc-text-edit:lint:       "written": false
@crab-dev/rc-text-edit:lint:     },
@crab-dev/rc-text-edit:lint:     {
@crab-dev/rc-text-edit:lint:       "changed": false,
@crab-dev/rc-text-edit:lint:       "diagnostics": [],
@crab-dev/rc-text-edit:lint:       "fixPasses": 0,
@crab-dev/rc-text-edit:lint:       "path": "components/rc-text-edit/docs/demos/show-count.demo.tsx",
@crab-dev/rc-text-edit:lint:       "written": false
@crab-dev/rc-text-edit:lint:     },
@crab-dev/rc-text-edit:lint:     {
@crab-dev/rc-text-edit:lint:       "changed": false,
@crab-dev/rc-text-edit:lint:       "diagnostics": [],
@crab-dev/rc-text-edit:lint:       "fixPasses": 0,
@crab-dev/rc-text-edit:lint:       "path": "components/rc-text-edit/docs/demos/simple.demo.tsx",
@crab-dev/rc-text-edit:lint:       "written": false
@crab-dev/rc-text-edit:lint:     },
@crab-dev/rc-text-edit:lint:     {
@crab-dev/rc-text-edit:lint:       "changed": false,
@crab-dev/rc-text-edit:lint:       "diagnostics": [],
@crab-dev/rc-text-edit:lint:       "fixPasses": 0,
@crab-dev/rc-text-edit:lint:       "path": "components/rc-text-edit/docs/demos/size.demo.tsx",
@crab-dev/rc-text-edit:lint:       "written": false
@crab-dev/rc-text-edit:lint:     },
@crab-dev/rc-text-edit:lint:     {
@crab-dev/rc-text-edit:lint:       "changed": false,
@crab-dev/rc-text-edit:lint:       "diagnostics": [],
@crab-dev/rc-text-edit:lint:       "fixPasses": 0,
@crab-dev/rc-text-edit:lint:       "path": "components/rc-text-edit/docs/demos/status.demo.tsx",
@crab-dev/rc-text-edit:lint:       "written": false
@crab-dev/rc-text-edit:lint:     },
@crab-dev/rc-text-edit:lint:     {
@crab-dev/rc-text-edit:lint:       "changed": false,
@crab-dev/rc-text-edit:lint:       "diagnostics": [],
@crab-dev/rc-text-edit:lint:       "fixPasses": 0,
@crab-dev/rc-text-edit:lint:       "path": "components/rc-text-edit/src/__tests__/textEdit.test.tsx",
@crab-dev/rc-text-edit:lint:       "written": false
@crab-dev/rc-text-edit:lint:     },
@crab-dev/rc-text-edit:lint:     {
@crab-dev/rc-text-edit:lint:       "changed": false,
@crab-dev/rc-text-edit:lint:       "diagnostics": [],
@crab-dev/rc-text-edit:lint:       "fixPasses": 0,
@crab-dev/rc-text-edit:lint:       "path": "components/rc-text-edit/src/index.ts",
@crab-dev/rc-text-edit:lint:       "written": false
@crab-dev/rc-text-edit:lint:     },
@crab-dev/rc-text-edit:lint:     {
@crab-dev/rc-text-edit:lint:       "changed": false,
@crab-dev/rc-text-edit:lint:       "diagnostics": [],
@crab-dev/rc-text-edit:lint:       "fixPasses": 0,
@crab-dev/rc-text-edit:lint:       "path": "components/rc-text-edit/src/textEdit.tsx",
@crab-dev/rc-text-edit:lint:       "written": false
@crab-dev/rc-text-edit:lint:     }
@crab-dev/rc-text-edit:lint:   ],
@crab-dev/rc-text-edit:lint:   "warningCount": 0
@crab-dev/rc-text-edit:lint: }
@crab-dev/rc-table-pro:lint: {
@crab-dev/rc-table-pro:lint:   "errorCount": 0,
@crab-dev/rc-table-pro:lint:   "exitCode": 0,
@crab-dev/rc-table-pro:lint:   "files": [
@crab-dev/rc-table-pro:lint:     {
@crab-dev/rc-table-pro:lint:       "changed": false,
@crab-dev/rc-table-pro:lint:       "diagnostics": [],
@crab-dev/rc-table-pro:lint:       "fixPasses": 0,
@crab-dev/rc-table-pro:lint:       "path": "components/rc-table-pro/docs/demos/auto-refresh.demo.tsx",
@crab-dev/rc-table-pro:lint:       "written": false
@crab-dev/rc-table-pro:lint:     },
@crab-dev/rc-table-pro:lint:     {
@crab-dev/rc-table-pro:lint:       "changed": false,
@crab-dev/rc-table-pro:lint:       "diagnostics": [],
@crab-dev/rc-table-pro:lint:       "fixPasses": 0,
@crab-dev/rc-table-pro:lint:       "path": "components/rc-table-pro/docs/demos/basic.demo.tsx",
@crab-dev/rc-table-pro:lint:       "written": false
@crab-dev/rc-table-pro:lint:     },
@crab-dev/rc-table-pro:lint:     {
@crab-dev/rc-table-pro:lint:       "changed": false,
@crab-dev/rc-table-pro:lint:       "diagnostics": [],
@crab-dev/rc-table-pro:lint:       "fixPasses": 0,
@crab-dev/rc-table-pro:lint:       "path": "components/rc-table-pro/docs/demos/export.demo.tsx",
@crab-dev/rc-table-pro:lint:       "written": false
@crab-dev/rc-table-pro:lint:     },
@crab-dev/rc-table-pro:lint:     {
@crab-dev/rc-table-pro:lint:       "changed": false,
@crab-dev/rc-table-pro:lint:       "diagnostics": [],
@crab-dev/rc-table-pro:lint:       "fixPasses": 0,
@crab-dev/rc-table-pro:lint:       "path": "components/rc-table-pro/docs/demos/pagination.demo.tsx",
@crab-dev/rc-table-pro:lint:       "written": false
@crab-dev/rc-table-pro:lint:     },
@crab-dev/rc-table-pro:lint:     {
@crab-dev/rc-table-pro:lint:       "changed": false,
@crab-dev/rc-table-pro:lint:       "diagnostics": [],
@crab-dev/rc-table-pro:lint:       "fixPasses": 0,
@crab-dev/rc-table-pro:lint:       "path": "components/rc-table-pro/docs/demos/search-bar.demo.tsx",
@crab-dev/rc-table-pro:lint:       "written": false
@crab-dev/rc-table-pro:lint:     },
@crab-dev/rc-table-pro:lint:     {
@crab-dev/rc-table-pro:lint:       "changed": false,
@crab-dev/rc-table-pro:lint:       "diagnostics": [],
@crab-dev/rc-table-pro:lint:       "fixPasses": 0,
@crab-dev/rc-table-pro:lint:       "path": "components/rc-table-pro/docs/demos/sidebar.demo.tsx",
@crab-dev/rc-table-pro:lint:       "written": false
@crab-dev/rc-table-pro:lint:     },
@crab-dev/rc-table-pro:lint:     {
@crab-dev/rc-table-pro:lint:       "changed": false,
@crab-dev/rc-table-pro:lint:       "diagnostics": [],
@crab-dev/rc-table-pro:lint:       "fixPasses": 0,
@crab-dev/rc-table-pro:lint:       "path": "components/rc-table-pro/docs/demos/state-persistence.demo.tsx",
@crab-dev/rc-table-pro:lint:       "written": false
@crab-dev/rc-table-pro:lint:     },
@crab-dev/rc-table-pro:lint:     {
@crab-dev/rc-table-pro:lint:       "changed": false,
@crab-dev/rc-table-pro:lint:       "diagnostics": [],
@crab-dev/rc-table-pro:lint:       "fixPasses": 0,
@crab-dev/rc-table-pro:lint:       "path": "components/rc-table-pro/docs/demos/type-loaders.demo.tsx",
@crab-dev/rc-table-pro:lint:       "written": false
@crab-dev/rc-table-pro:lint:     },
@crab-dev/rc-table-pro:lint:     {
@crab-dev/rc-table-pro:lint:       "changed": false,
@crab-dev/rc-table-pro:lint:       "diagnostics": [],
@crab-dev/rc-table-pro:lint:       "fixPasses": 0,
@crab-dev/rc-table-pro:lint:       "path": "components/rc-table-pro/src/__tests__/table.test.tsx",
@crab-dev/rc-table-pro:lint:       "written": false
@crab-dev/rc-table-pro:lint:     },
@crab-dev/rc-table-pro:lint:     {
@crab-dev/rc-table-pro:lint:       "changed": false,
@crab-dev/rc-table-pro:lint:       "diagnostics": [],
@crab-dev/rc-table-pro:lint:       "fixPasses": 0,
@crab-dev/rc-table-pro:lint:       "path": "components/rc-table-pro/src/__tests__/token.test.ts",
@crab-dev/rc-table-pro:lint:       "written": false
@crab-dev/rc-table-pro:lint:     },
@crab-dev/rc-table-pro:lint:     {
@crab-dev/rc-table-pro:lint:       "changed": false,
@crab-dev/rc-table-pro:lint:       "diagnostics": [],
@crab-dev/rc-table-pro:lint:       "fixPasses": 0,
@crab-dev/rc-table-pro:lint:       "path": "components/rc-table-pro/src/columnUtils.ts",
@crab-dev/rc-table-pro:lint:       "written": false
@crab-dev/rc-table-pro:lint:     },
@crab-dev/rc-table-pro:lint:     {
@crab-dev/rc-table-pro:lint:       "changed": false,
@crab-dev/rc-table-pro:lint:       "diagnostics": [],
@crab-dev/rc-table-pro:lint:       "fixPasses": 0,
@crab-dev/rc-table-pro:lint:       "path": "components/rc-table-pro/src/hooks/useColumnManagement.tsx",
@crab-dev/rc-table-pro:lint:       "written": false
@crab-dev/rc-table-pro:lint:     },
@crab-dev/rc-table-pro:lint:     {
@crab-dev/rc-table-pro:lint:       "changed": false,
@crab-dev/rc-table-pro:lint:       "diagnostics": [],
@crab-dev/rc-table-pro:lint:       "fixPasses": 0,
@crab-dev/rc-table-pro:lint:       "path": "components/rc-table-pro/src/hooks/useSearchBar.ts",
@crab-dev/rc-table-pro:lint:       "written": false
@crab-dev/rc-table-pro:lint:     },
@crab-dev/rc-table-pro:lint:     {
@crab-dev/rc-table-pro:lint:       "changed": false,
@crab-dev/rc-table-pro:lint:       "diagnostics": [],
@crab-dev/rc-table-pro:lint:       "fixPasses": 0,
@crab-dev/rc-table-pro:lint:       "path": "components/rc-table-pro/src/hooks/useTableData.ts",
@crab-dev/rc-table-pro:lint:       "written": false
@crab-dev/rc-table-pro:lint:     },
@crab-dev/rc-table-pro:lint:     {
@crab-dev/rc-table-pro:lint:       "changed": false,
@crab-dev/rc-table-pro:lint:       "diagnostics": [],
@crab-dev/rc-table-pro:lint:       "fixPasses": 0,
@crab-dev/rc-table-pro:lint:       "path": "components/rc-table-pro/src/icons.tsx",
@crab-dev/rc-table-pro:lint:       "written": false
@crab-dev/rc-table-pro:lint:     },
@crab-dev/rc-table-pro:lint:     {
@crab-dev/rc-table-pro:lint:       "changed": false,
@crab-dev/rc-table-pro:lint:       "diagnostics": [],
@crab-dev/rc-table-pro:lint:       "fixPasses": 0,
@crab-dev/rc-table-pro:lint:       "path": "components/rc-table-pro/src/index.ts",
@crab-dev/rc-table-pro:lint:       "written": false
@crab-dev/rc-table-pro:lint:     },
@crab-dev/rc-table-pro:lint:     {
@crab-dev/rc-table-pro:lint:       "changed": false,
@crab-dev/rc-table-pro:lint:       "diagnostics": [],
@crab-dev/rc-table-pro:lint:       "fixPasses": 0,
@crab-dev/rc-table-pro:lint:       "path": "components/rc-table-pro/src/table.tsx",
@crab-dev/rc-table-pro:lint:       "written": false
@crab-dev/rc-table-pro:lint:     },
@crab-dev/rc-table-pro:lint:     {
@crab-dev/rc-table-pro:lint:       "changed": false,
@crab-dev/rc-table-pro:lint:       "diagnostics": [],
@crab-dev/rc-table-pro:lint:       "fixPasses": 0,
@crab-dev/rc-table-pro:lint:       "path": "components/rc-table-pro/src/types.ts",
@crab-dev/rc-table-pro:lint:       "written": false
@crab-dev/rc-table-pro:lint:     },
@crab-dev/rc-table-pro:lint:     {
@crab-dev/rc-table-pro:lint:       "changed": false,
@crab-dev/rc-table-pro:lint:       "diagnostics": [],
@crab-dev/rc-table-pro:lint:       "fixPasses": 0,
@crab-dev/rc-table-pro:lint:       "path": "components/rc-table-pro/src/util.ts",
@crab-dev/rc-table-pro:lint:       "written": false
@crab-dev/rc-table-pro:lint:     }
@crab-dev/rc-table-pro:lint:   ],
@crab-dev/rc-table-pro:lint:   "warningCount": 0
@crab-dev/rc-table-pro:lint: }
@crab-dev/rc-virtual:lint: cache miss, executing dcea0867c813cf3c
@crab-dev/rc-alert:lint: cache miss, executing 213baf24b029808b
@crab-dev/rc-canvas:lint: {
@crab-dev/rc-canvas:lint:   "errorCount": 0,
@crab-dev/rc-canvas:lint:   "exitCode": 0,
@crab-dev/rc-canvas:lint:   "files": [
@crab-dev/rc-canvas:lint:     {
@crab-dev/rc-canvas:lint:       "changed": false,
@crab-dev/rc-canvas:lint:       "diagnostics": [],
@crab-dev/rc-canvas:lint:       "fixPasses": 0,
@crab-dev/rc-canvas:lint:       "path": "components/rc-canvas/docs/demo-layout.ts",
@crab-dev/rc-canvas:lint:       "written": false
@crab-dev/rc-canvas:lint:     },
@crab-dev/rc-canvas:lint:     {
@crab-dev/rc-canvas:lint:       "changed": false,
@crab-dev/rc-canvas:lint:       "diagnostics": [],
@crab-dev/rc-canvas:lint:       "fixPasses": 0,
@crab-dev/rc-canvas:lint:       "path": "components/rc-canvas/docs/demos/animation.demo.tsx",
@crab-dev/rc-canvas:lint:       "written": false
@crab-dev/rc-canvas:lint:     },
@crab-dev/rc-canvas:lint:     {
@crab-dev/rc-canvas:lint:       "changed": false,
@crab-dev/rc-canvas:lint:       "diagnostics": [],
@crab-dev/rc-canvas:lint:       "fixPasses": 0,
@crab-dev/rc-canvas:lint:       "path": "components/rc-canvas/docs/demos/basic.demo.tsx",
@crab-dev/rc-canvas:lint:       "written": false
@crab-dev/rc-canvas:lint:     },
@crab-dev/rc-canvas:lint:     {
@crab-dev/rc-canvas:lint:       "changed": false,
@crab-dev/rc-canvas:lint:       "diagnostics": [],
@crab-dev/rc-canvas:lint:       "fixPasses": 0,
@crab-dev/rc-canvas:lint:       "path": "components/rc-canvas/docs/demos/draggable.demo.tsx",
@crab-dev/rc-canvas:lint:       "written": false
@crab-dev/rc-canvas:lint:     },
@crab-dev/rc-canvas:lint:     {
@crab-dev/rc-canvas:lint:       "changed": false,
@crab-dev/rc-canvas:lint:       "diagnostics": [],
@crab-dev/rc-canvas:lint:       "fixPasses": 0,
@crab-dev/rc-canvas:lint:       "path": "components/rc-canvas/docs/demos/group.demo.tsx",
@crab-dev/rc-canvas:lint:       "written": false
@crab-dev/rc-canvas:lint:     },
@crab-dev/rc-canvas:lint:     {
@crab-dev/rc-canvas:lint:       "changed": false,
@crab-dev/rc-canvas:lint:       "diagnostics": [],
@crab-dev/rc-canvas:lint:       "fixPasses": 0,
@crab-dev/rc-canvas:lint:       "path": "components/rc-canvas/docs/demos/hover.demo.tsx",
@crab-dev/rc-canvas:lint:       "written": false
@crab-dev/rc-canvas:lint:     },
@crab-dev/rc-canvas:lint:     {
@crab-dev/rc-canvas:lint:       "changed": false,
@crab-dev/rc-canvas:lint:       "diagnostics": [],
@crab-dev/rc-canvas:lint:       "fixPasses": 0,
@crab-dev/rc-canvas:lint:       "path": "components/rc-canvas/docs/demos/infinite-canvas.demo.tsx",
@crab-dev/rc-canvas:lint:       "written": false
@crab-dev/rc-canvas:lint:     },
@crab-dev/rc-canvas:lint:     {
@crab-dev/rc-canvas:lint:       "changed": false,
@crab-dev/rc-canvas:lint:       "diagnostics": [],
@crab-dev/rc-canvas:lint:       "fixPasses": 0,
@crab-dev/rc-canvas:lint:       "path": "components/rc-canvas/docs/demos/line.demo.tsx",
@crab-dev/rc-canvas:lint:       "written": false
@crab-dev/rc-canvas:lint:     },
@crab-dev/rc-canvas:lint:     {
@crab-dev/rc-canvas:lint:       "changed": false,
@crab-dev/rc-canvas:lint:       "diagnostics": [],
@crab-dev/rc-canvas:lint:       "fixPasses": 0,
@crab-dev/rc-canvas:lint:       "path": "components/rc-canvas/docs/demos/minimap.demo.tsx",
@crab-dev/rc-canvas:lint:       "written": false
@crab-dev/rc-canvas:lint:     },
@crab-dev/rc-canvas:lint:     {
@crab-dev/rc-canvas:lint:       "changed": false,
@crab-dev/rc-canvas:lint:       "diagnostics": [],
@crab-dev/rc-canvas:lint:       "fixPasses": 0,
@crab-dev/rc-canvas:lint:       "path": "components/rc-canvas/docs/demos/opacity.demo.tsx",
@crab-dev/rc-canvas:lint:       "written": false
@crab-dev/rc-canvas:lint:     },
@crab-dev/rc-canvas:lint:     {
@crab-dev/rc-canvas:lint:       "changed": false,
@crab-dev/rc-canvas:lint:       "diagnostics": [],
@crab-dev/rc-canvas:lint:       "fixPasses": 0,
@crab-dev/rc-canvas:lint:       "path": "components/rc-canvas/docs/demos/rounded.demo.tsx",
@crab-dev/rc-canvas:lint:       "written": false
@crab-dev/rc-canvas:lint:     },
@crab-dev/rc-canvas:lint:     {
@crab-dev/rc-canvas:lint:       "changed": false,
@crab-dev/rc-canvas:lint:       "diagnostics": [],
@crab-dev/rc-canvas:lint:       "fixPasses": 0,
@crab-dev/rc-canvas:lint:       "path": "components/rc-canvas/docs/demos/text-advanced.demo.tsx",
@crab-dev/rc-canvas:lint:       "written": false
@crab-dev/rc-canvas:lint:     },
@crab-dev/rc-canvas:lint:     {
@crab-dev/rc-canvas:lint:       "changed": false,
@crab-dev/rc-canvas:lint:       "diagnostics": [],
@crab-dev/rc-canvas:lint:       "fixPasses": 0,
@crab-dev/rc-canvas:lint:       "path": "components/rc-canvas/docs/demos/text.demo.tsx",
@crab-dev/rc-canvas:lint:       "written": false
@crab-dev/rc-canvas:lint:     },
@crab-dev/rc-canvas:lint:     {
@crab-dev/rc-canvas:lint:       "changed": false,
@crab-dev/rc-canvas:lint:       "diagnostics": [],
@crab-dev/rc-canvas:lint:       "fixPasses": 0,
@crab-dev/rc-canvas:lint:       "path": "components/rc-canvas/docs/demos/transformer.demo.tsx",
@crab-dev/rc-canvas:lint:       "written": false
@crab-dev/rc-canvas:lint:     },
@crab-dev/rc-canvas:lint:     {
@crab-dev/rc-canvas:lint:       "changed": false,
@crab-dev/rc-canvas:lint:       "diagnostics": [],
@crab-dev/rc-canvas:lint:       "fixPasses": 0,
@crab-dev/rc-canvas:lint:       "path": "components/rc-canvas/src/__tests__/__mocks__/webgl-mock.ts",
@crab-dev/rc-canvas:lint:       "written": false
@crab-dev/rc-canvas:lint:     },
@crab-dev/rc-canvas:lint:     {
@crab-dev/rc-canvas:lint:       "changed": false,
@crab-dev/rc-canvas:lint:       "diagnostics": [],
@crab-dev/rc-canvas:lint:       "fixPasses": 0,
@crab-dev/rc-canvas:lint:       "path": "components/rc-canvas/src/__tests__/canvas.test.tsx",
@crab-dev/rc-canvas:lint:       "written": false
@crab-dev/rc-canvas:lint:     },
@crab-dev/rc-canvas:lint:     {
@crab-dev/rc-canvas:lint:       "changed": false,
@crab-dev/rc-canvas:lint:       "diagnostics": [],
@crab-dev/rc-canvas:lint:       "fixPasses": 0,
@crab-dev/rc-canvas:lint:       "path": "components/rc-canvas/src/__tests__/color.test.ts",
@crab-dev/rc-canvas:lint:       "written": false
@crab-dev/rc-canvas:lint:     },
@crab-dev/rc-canvas:lint:     {
@crab-dev/rc-canvas:lint:       "changed": false,
@crab-dev/rc-canvas:lint:       "diagnostics": [],
@crab-dev/rc-canvas:lint:       "fixPasses": 0,
@crab-dev/rc-canvas:lint:       "path": "components/rc-canvas/src/__tests__/flow-animation.test.tsx",
@crab-dev/rc-canvas:lint:       "written": false
@crab-dev/rc-canvas:lint:     },
@crab-dev/rc-canvas:lint:     {
@crab-dev/rc-canvas:lint:       "changed": false,
@crab-dev/rc-canvas:lint:       "diagnostics": [],
@crab-dev/rc-canvas:lint:       "fixPasses": 0,
@crab-dev/rc-canvas:lint:       "path": "components/rc-canvas/src/__tests__/group.test.tsx",
@crab-dev/rc-canvas:lint:       "written": false
@crab-dev/rc-canvas:lint:     },
@crab-dev/rc-canvas:lint:     {
@crab-dev/rc-canvas:lint:       "changed": false,
@crab-dev/rc-canvas:lint:       "diagnostics": [],
@crab-dev/rc-canvas:lint:       "fixPasses": 0,
@crab-dev/rc-canvas:lint:       "path": "components/rc-canvas/src/__tests__/line.test.tsx",
@crab-dev/rc-canvas:lint:       "written": false
@crab-dev/rc-canvas:lint:     },
@crab-dev/rc-canvas:lint:     {
@crab-dev/rc-canvas:lint:       "changed": false,
@crab-dev/rc-canvas:lint:       "diagnostics": [],
@crab-dev/rc-canvas:lint:       "fixPasses": 0,
@crab-dev/rc-canvas:lint:       "path": "components/rc-canvas/src/__tests__/matrix.test.ts",
@crab-dev/rc-canvas:lint:       "written": false
@crab-dev/rc-canvas:lint:     },
@crab-dev/rc-canvas:lint:     {
@crab-dev/rc-canvas:lint:       "changed": false,
@crab-dev/rc-canvas:lint:       "diagnostics": [],
@crab-dev/rc-canvas:lint:       "fixPasses": 0,
@crab-dev/rc-canvas:lint:       "path": "components/rc-canvas/src/__tests__/palette.test.ts",
@crab-dev/rc-canvas:lint:       "written": false
@crab-dev/rc-canvas:lint:     },
@crab-dev/rc-canvas:lint:     {
@crab-dev/rc-canvas:lint:       "changed": false,
@crab-dev/rc-canvas:lint:       "diagnostics": [],
@crab-dev/rc-canvas:lint:       "fixPasses": 0,
@crab-dev/rc-canvas:lint:       "path": "components/rc-canvas/src/__tests__/rect.test.tsx",
@crab-dev/rc-canvas:lint:       "written": false
@crab-dev/rc-canvas:lint:     },
@crab-dev/rc-canvas:lint:     {
@crab-dev/rc-canvas:lint:       "changed": false,
@crab-dev/rc-canvas:lint:       "diagnostics": [],
@crab-dev/rc-canvas:lint:       "fixPasses": 0,
@crab-dev/rc-canvas:lint:       "path": "components/rc-canvas/src/__tests__/routing.test.ts",
@crab-dev/rc-canvas:lint:       "written": false
@crab-dev/rc-canvas:lint:     },
@crab-dev/rc-canvas:lint:     {
@crab-dev/rc-canvas:lint:       "changed": false,
@crab-dev/rc-canvas:lint:       "diagnostics": [],
@crab-dev/rc-canvas:lint:       "fixPasses": 0,
@crab-dev/rc-canvas:lint:       "path": "components/rc-canvas/src/__tests__/text-atlas.test.ts",
@crab-dev/rc-canvas:lint:       "written": false
@crab-dev/rc-canvas:lint:     },
@crab-dev/rc-canvas:lint:     {
@crab-dev/rc-canvas:lint:       "changed": false,
@crab-dev/rc-canvas:lint:       "diagnostics": [],
@crab-dev/rc-canvas:lint:       "fixPasses": 0,
@crab-dev/rc-canvas:lint:       "path": "components/rc-canvas/src/__tests__/zindex.test.tsx",
@crab-dev/rc-canvas:lint:       "written": false
@crab-dev/rc-canvas:lint:     },
@crab-dev/rc-canvas:lint:     {
@crab-dev/rc-canvas:lint:       "changed": false,
@crab-dev/rc-canvas:lint:       "diagnostics": [],
@crab-dev/rc-canvas:lint:       "fixPasses": 0,
@crab-dev/rc-canvas:lint:       "path": "components/rc-canvas/src/canvas.tsx",
@crab-dev/rc-canvas:lint:       "written": false
@crab-dev/rc-canvas:lint:     },
@crab-dev/rc-canvas:lint:     {
@crab-dev/rc-canvas:lint:       "changed": false,
@crab-dev/rc-canvas:lint:       "diagnostics": [],
@crab-dev/rc-canvas:lint:       "fixPasses": 0,
@crab-dev/rc-canvas:lint:       "path": "components/rc-canvas/src/context/canvas-context.ts",
@crab-dev/rc-canvas:lint:       "written": false
@crab-dev/rc-canvas:lint:     },
@crab-dev/rc-canvas:lint:     {
@crab-dev/rc-canvas:lint:       "changed": false,
@crab-dev/rc-canvas:lint:       "diagnostics": [],
@crab-dev/rc-canvas:lint:       "fixPasses": 0,
@crab-dev/rc-canvas:lint:       "path": "components/rc-canvas/src/context/palette-context.ts",
@crab-dev/rc-canvas:lint:       "written": false
@crab-dev/rc-canvas:lint:     },
@crab-dev/rc-canvas:lint:     {
@crab-dev/rc-canvas:lint:       "changed": false,
@crab-dev/rc-canvas:lint:       "diagnostics": [],
@crab-dev/rc-canvas:lint:       "fixPasses": 0,
@crab-dev/rc-canvas:lint:       "path": "components/rc-canvas/src/drag-types.ts",
@crab-dev/rc-canvas:lint:       "written": false
@crab-dev/rc-canvas:lint:     },
@crab-dev/rc-canvas:lint:     {
@crab-dev/rc-canvas:lint:       "changed": false,
@crab-dev/rc-canvas:lint:       "diagnostics": [],
@crab-dev/rc-canvas:lint:       "fixPasses": 0,
@crab-dev/rc-canvas:lint:       "path": "components/rc-canvas/src/hooks/useCanvasControls.ts",
@crab-dev/rc-canvas:lint:       "written": false
@crab-dev/rc-canvas:lint:     },
@crab-dev/rc-canvas:lint:     {
@crab-dev/rc-canvas:lint:       "changed": false,
@crab-dev/rc-canvas:lint:       "diagnostics": [],
@crab-dev/rc-canvas:lint:       "fixPasses": 0,
@crab-dev/rc-canvas:lint:       "path": "components/rc-canvas/src/hooks/useEdgeRouting.ts",
@crab-dev/rc-canvas:lint:       "written": false
@crab-dev/rc-canvas:lint:     },
@crab-dev/rc-canvas:lint:     {
@crab-dev/rc-canvas:lint:       "changed": false,
@crab-dev/rc-canvas:lint:       "diagnostics": [],
@crab-dev/rc-canvas:lint:       "fixPasses": 0,
@crab-dev/rc-canvas:lint:       "path": "components/rc-canvas/src/index.ts",
@crab-dev/rc-canvas:lint:       "written": false
@crab-dev/rc-canvas:lint:     },
@crab-dev/rc-canvas:lint:     {
@crab-dev/rc-canvas:lint:       "changed": false,
@crab-dev/rc-canvas:lint:       "diagnostics": [],
@crab-dev/rc-canvas:lint:       "fixPasses": 0,
@crab-dev/rc-canvas:lint:       "path": "components/rc-canvas/src/math/color.ts",
@crab-dev/rc-canvas:lint:       "written": false
@crab-dev/rc-canvas:lint:     },
@crab-dev/rc-canvas:lint:     {
@crab-dev/rc-canvas:lint:       "changed": false,
@crab-dev/rc-canvas:lint:       "diagnostics": [],
@crab-dev/rc-canvas:lint:       "fixPasses": 0,
@crab-dev/rc-canvas:lint:       "path": "components/rc-canvas/src/math/matrix.ts",
@crab-dev/rc-canvas:lint:       "written": false
@crab-dev/rc-canvas:lint:     },
@crab-dev/rc-canvas:lint:     {
@crab-dev/rc-canvas:lint:       "changed": false,
@crab-dev/rc-canvas:lint:       "diagnostics": [],
@crab-dev/rc-canvas:lint:       "fixPasses": 0,
@crab-dev/rc-canvas:lint:       "path": "components/rc-canvas/src/palette.ts",
@crab-dev/rc-canvas:lint:       "written": false
@crab-dev/rc-canvas:lint:     },
@crab-dev/rc-canvas:lint:     {
@crab-dev/rc-canvas:lint:       "changed": false,
@crab-dev/rc-canvas:lint:       "diagnostics": [],
@crab-dev/rc-canvas:lint:       "fixPasses": 0,
@crab-dev/rc-canvas:lint:       "path": "components/rc-canvas/src/renderer/draw-command.ts",
@crab-dev/rc-canvas:lint:       "written": false
@crab-dev/rc-canvas:lint:     },
@crab-dev/rc-canvas:lint:     {
@crab-dev/rc-canvas:lint:       "changed": false,
@crab-dev/rc-canvas:lint:       "diagnostics": [],
@crab-dev/rc-canvas:lint:       "fixPasses": 0,
@crab-dev/rc-canvas:lint:       "path": "components/rc-canvas/src/renderer/renderer.ts",
@crab-dev/rc-canvas:lint:       "written": false
@crab-dev/rc-canvas:lint:     },
@crab-dev/rc-canvas:lint:     {
@crab-dev/rc-canvas:lint:       "changed": false,
@crab-dev/rc-canvas:lint:       "diagnostics": [],
@crab-dev/rc-canvas:lint:       "fixPasses": 0,
@crab-dev/rc-canvas:lint:       "path": "components/rc-canvas/src/renderer/text-atlas.ts",
@crab-dev/rc-canvas:lint:       "written": false
@crab-dev/rc-canvas:lint:     },
@crab-dev/rc-canvas:lint:     {
@crab-dev/rc-canvas:lint:       "changed": false,
@crab-dev/rc-canvas:lint:       "diagnostics": [],
@crab-dev/rc-canvas:lint:       "fixPasses": 0,
@crab-dev/rc-canvas:lint:       "path": "components/rc-canvas/src/routing/geometry.ts",
@crab-dev/rc-canvas:lint:       "written": false
@crab-dev/rc-canvas:lint:     },
@crab-dev/rc-canvas:lint:     {
@crab-dev/rc-canvas:lint:       "changed": false,
@crab-dev/rc-canvas:lint:       "diagnostics": [],
@crab-dev/rc-canvas:lint:       "fixPasses": 0,
@crab-dev/rc-canvas:lint:       "path": "components/rc-canvas/src/routing/index.ts",
@crab-dev/rc-canvas:lint:       "written": false
@crab-dev/rc-canvas:lint:     },
@crab-dev/rc-canvas:lint:     {
@crab-dev/rc-canvas:lint:       "changed": false,
@crab-dev/rc-canvas:lint:       "diagnostics": [],
@crab-dev/rc-canvas:lint:       "fixPasses": 0,
@crab-dev/rc-canvas:lint:       "path": "components/rc-canvas/src/routing/obstacle-avoidance.ts",
@crab-dev/rc-canvas:lint:       "written": false
@crab-dev/rc-canvas:lint:     },
@crab-dev/rc-canvas:lint:     {
@crab-dev/rc-canvas:lint:       "changed": false,
@crab-dev/rc-canvas:lint:       "diagnostics": [],
@crab-dev/rc-canvas:lint:       "fixPasses": 0,
@crab-dev/rc-canvas:lint:       "path": "components/rc-canvas/src/routing/orthogonal.ts",
@crab-dev/rc-canvas:lint:       "written": false
@crab-dev/rc-canvas:lint:     },
@crab-dev/rc-canvas:lint:     {
@crab-dev/rc-canvas:lint:       "changed": false,
@crab-dev/rc-canvas:lint:       "diagnostics": [],
@crab-dev/rc-canvas:lint:       "fixPasses": 0,
@crab-dev/rc-canvas:lint:       "path": "components/rc-canvas/src/routing/ports.ts",
@crab-dev/rc-canvas:lint:       "written": false
@crab-dev/rc-canvas:lint:     },
@crab-dev/rc-canvas:lint:     {
@crab-dev/rc-canvas:lint:       "changed": false,
@crab-dev/rc-canvas:lint:       "diagnostics": [],
@crab-dev/rc-canvas:lint:       "fixPasses": 0,
@crab-dev/rc-canvas:lint:       "path": "components/rc-canvas/src/shaders/flat.frag.ts",
@crab-dev/rc-canvas:lint:       "written": false
@crab-dev/rc-canvas:lint:     },
@crab-dev/rc-canvas:lint:     {
@crab-dev/rc-canvas:lint:       "changed": false,
@crab-dev/rc-canvas:lint:       "diagnostics": [],
@crab-dev/rc-canvas:lint:       "fixPasses": 0,
@crab-dev/rc-canvas:lint:       "path": "components/rc-canvas/src/shaders/flat.vert.ts",
@crab-dev/rc-canvas:lint:       "written": false
@crab-dev/rc-canvas:lint:     },
@crab-dev/rc-canvas:lint:     {
@crab-dev/rc-canvas:lint:       "changed": false,
@crab-dev/rc-canvas:lint:       "diagnostics": [],
@crab-dev/rc-canvas:lint:       "fixPasses": 0,
@crab-dev/rc-canvas:lint:       "path": "components/rc-canvas/src/shaders/grid.frag.ts",
@crab-dev/rc-canvas:lint:       "written": false
@crab-dev/rc-canvas:lint:     },
@crab-dev/rc-canvas:lint:     {
@crab-dev/rc-canvas:lint:       "changed": false,
@crab-dev/rc-canvas:lint:       "diagnostics": [],
@crab-dev/rc-canvas:lint:       "fixPasses": 0,
@crab-dev/rc-canvas:lint:       "path": "components/rc-canvas/src/shaders/grid.vert.ts",
@crab-dev/rc-canvas:lint:       "written": false
@crab-dev/rc-canvas:lint:     },
@crab-dev/rc-canvas:lint:     {
@crab-dev/rc-canvas:lint:       "changed": false,
@crab-dev/rc-canvas:lint:       "diagnostics": [],
@crab-dev/rc-canvas:lint:       "fixPasses": 0,
@crab-dev/rc-canvas:lint:       "path": "components/rc-canvas/src/shaders/line.frag.ts",
@crab-dev/rc-canvas:lint:       "written": false
@crab-dev/rc-canvas:lint:     },
@crab-dev/rc-canvas:lint:     {
@crab-dev/rc-canvas:lint:       "changed": false,
@crab-dev/rc-canvas:lint:       "diagnostics": [],
@crab-dev/rc-canvas:lint:       "fixPasses": 0,
@crab-dev/rc-canvas:lint:       "path": "components/rc-canvas/src/shaders/line.vert.ts",
@crab-dev/rc-canvas:lint:       "written": false
@crab-dev/rc-canvas:lint:     },
@crab-dev/rc-canvas:lint:     {
@crab-dev/rc-canvas:lint:       "changed": false,
@crab-dev/rc-canvas:lint:       "diagnostics": [],
@crab-dev/rc-canvas:lint:       "fixPasses": 0,
@crab-dev/rc-canvas:lint:       "path": "components/rc-canvas/src/shaders/marker.frag.ts",
@crab-dev/rc-canvas:lint:       "written": false
@crab-dev/rc-canvas:lint:     },
@crab-dev/rc-canvas:lint:     {
@crab-dev/rc-canvas:lint:       "changed": false,
@crab-dev/rc-canvas:lint:       "diagnostics": [],
@crab-dev/rc-canvas:lint:       "fixPasses": 0,
@crab-dev/rc-canvas:lint:       "path": "components/rc-canvas/src/shaders/marker.vert.ts",
@crab-dev/rc-canvas:lint:       "written": false
@crab-dev/rc-canvas:lint:     },
@crab-dev/rc-canvas:lint:     {
@crab-dev/rc-canvas:lint:       "changed": false,
@crab-dev/rc-canvas:lint:       "diagnostics": [],
@crab-dev/rc-canvas:lint:       "fixPasses": 0,
@crab-dev/rc-canvas:lint:       "path": "components/rc-canvas/src/shaders/sdf.frag.ts",
@crab-dev/rc-canvas:lint:       "written": false
@crab-dev/rc-canvas:lint:     },
@crab-dev/rc-canvas:lint:     {
@crab-dev/rc-canvas:lint:       "changed": false,
@crab-dev/rc-canvas:lint:       "diagnostics": [],
@crab-dev/rc-canvas:lint:       "fixPasses": 0,
@crab-dev/rc-canvas:lint:       "path": "components/rc-canvas/src/shaders/sdf.vert.ts",
@crab-dev/rc-canvas:lint:       "written": false
@crab-dev/rc-canvas:lint:     },
@crab-dev/rc-canvas:lint:     {
@crab-dev/rc-canvas:lint:       "changed": false,
@crab-dev/rc-canvas:lint:       "diagnostics": [],
@crab-dev/rc-canvas:lint:       "fixPasses": 0,
@crab-dev/rc-canvas:lint:       "path": "components/rc-canvas/src/shaders/texture.frag.ts",
@crab-dev/rc-canvas:lint:       "written": false
@crab-dev/rc-canvas:lint:     },
@crab-dev/rc-canvas:lint:     {
@crab-dev/rc-canvas:lint:       "changed": false,
@crab-dev/rc-canvas:lint:       "diagnostics": [],
@crab-dev/rc-canvas:lint:       "fixPasses": 0,
@crab-dev/rc-canvas:lint:       "path": "components/rc-canvas/src/shaders/texture.vert.ts",
@crab-dev/rc-canvas:lint:       "written": false
@crab-dev/rc-canvas:lint:     },
@crab-dev/rc-canvas:lint:     {
@crab-dev/rc-canvas:lint:       "changed": false,
@crab-dev/rc-canvas:lint:       "diagnostics": [],
@crab-dev/rc-canvas:lint:       "fixPasses": 0,
@crab-dev/rc-canvas:lint:       "path": "components/rc-canvas/src/shapes/circle.tsx",
@crab-dev/rc-canvas:lint:       "written": false
@crab-dev/rc-canvas:lint:     },
@crab-dev/rc-canvas:lint:     {
@crab-dev/rc-canvas:lint:       "changed": false,
@crab-dev/rc-canvas:lint:       "diagnostics": [],
@crab-dev/rc-canvas:lint:       "fixPasses": 0,
@crab-dev/rc-canvas:lint:       "path": "components/rc-canvas/src/shapes/edge.tsx",
@crab-dev/rc-canvas:lint:       "written": false
@crab-dev/rc-canvas:lint:     },
@crab-dev/rc-canvas:lint:     {
@crab-dev/rc-canvas:lint:       "changed": false,
@crab-dev/rc-canvas:lint:       "diagnostics": [],
@crab-dev/rc-canvas:lint:       "fixPasses": 0,
@crab-dev/rc-canvas:lint:       "path": "components/rc-canvas/src/shapes/group.tsx",
@crab-dev/rc-canvas:lint:       "written": false
@crab-dev/rc-canvas:lint:     },
@crab-dev/rc-canvas:lint:     {
@crab-dev/rc-canvas:lint:       "changed": false,
@crab-dev/rc-canvas:lint:       "diagnostics": [],
@crab-dev/rc-canvas:lint:       "fixPasses": 0,
@crab-dev/rc-canvas:lint:       "path": "components/rc-canvas/src/shapes/image.tsx",
@crab-dev/rc-canvas:lint:       "written": false
@crab-dev/rc-canvas:lint:     },
@crab-dev/rc-canvas:lint:     {
@crab-dev/rc-canvas:lint:       "changed": false,
@crab-dev/rc-canvas:lint:       "diagnostics": [],
@crab-dev/rc-canvas:lint:       "fixPasses": 0,
@crab-dev/rc-canvas:lint:       "path": "components/rc-canvas/src/shapes/infinite-grid.tsx",
@crab-dev/rc-canvas:lint:       "written": false
@crab-dev/rc-canvas:lint:     },
@crab-dev/rc-canvas:lint:     {
@crab-dev/rc-canvas:lint:       "changed": false,
@crab-dev/rc-canvas:lint:       "diagnostics": [],
@crab-dev/rc-canvas:lint:       "fixPasses": 0,
@crab-dev/rc-canvas:lint:       "path": "components/rc-canvas/src/shapes/line.tsx",
@crab-dev/rc-canvas:lint:       "written": false
@crab-dev/rc-canvas:lint:     },
@crab-dev/rc-canvas:lint:     {
@crab-dev/rc-canvas:lint:       "changed": false,
@crab-dev/rc-canvas:lint:       "diagnostics": [],
@crab-dev/rc-canvas:lint:       "fixPasses": 0,
@crab-dev/rc-canvas:lint:       "path": "components/rc-canvas/src/shapes/marker.tsx",
@crab-dev/rc-canvas:lint:       "written": false
@crab-dev/rc-canvas:lint:     },
@crab-dev/rc-canvas:lint:     {
@crab-dev/rc-canvas:lint:       "changed": false,
@crab-dev/rc-canvas:lint:       "diagnostics": [],
@crab-dev/rc-canvas:lint:       "fixPasses": 0,
@crab-dev/rc-canvas:lint:       "path": "components/rc-canvas/src/shapes/minimap.tsx",
@crab-dev/rc-canvas:lint:       "written": false
@crab-dev/rc-canvas:lint:     },
@crab-dev/rc-canvas:lint:     {
@crab-dev/rc-canvas:lint:       "changed": false,
@crab-dev/rc-canvas:lint:       "diagnostics": [],
@crab-dev/rc-canvas:lint:       "fixPasses": 0,
@crab-dev/rc-canvas:lint:       "path": "components/rc-canvas/src/shapes/rect.tsx",
@crab-dev/rc-canvas:lint:       "written": false
@crab-dev/rc-canvas:lint:     },
@crab-dev/rc-canvas:lint:     {
@crab-dev/rc-canvas:lint:       "changed": false,
@crab-dev/rc-canvas:lint:       "diagnostics": [],
@crab-dev/rc-canvas:lint:       "fixPasses": 0,
@crab-dev/rc-canvas:lint:       "path": "components/rc-canvas/src/shapes/text.tsx",
@crab-dev/rc-canvas:lint:       "written": false
@crab-dev/rc-canvas:lint:     },
@crab-dev/rc-canvas:lint:     {
@crab-dev/rc-canvas:lint:       "changed": false,
@crab-dev/rc-canvas:lint:       "diagnostics": [],
@crab-dev/rc-canvas:lint:       "fixPasses": 0,
@crab-dev/rc-canvas:lint:       "path": "components/rc-canvas/src/shapes/transformer.tsx",
@crab-dev/rc-canvas:lint:       "written": false
@crab-dev/rc-canvas:lint:     },
@crab-dev/rc-canvas:lint:     {
@crab-dev/rc-canvas:lint:       "changed": false,
@crab-dev/rc-canvas:lint:       "diagnostics": [],
@crab-dev/rc-canvas:lint:       "fixPasses": 0,
@crab-dev/rc-canvas:lint:       "path": "components/rc-canvas/src/transform-types.ts",
@crab-dev/rc-canvas:lint:       "written": false
@crab-dev/rc-canvas:lint:     },
@crab-dev/rc-canvas:lint:     {
@crab-dev/rc-canvas:lint:       "changed": false,
@crab-dev/rc-canvas:lint:       "diagnostics": [],
@crab-dev/rc-canvas:lint:       "fixPasses": 0,
@crab-dev/rc-canvas:lint:       "path": "components/rc-canvas/src/types.ts",
@crab-dev/rc-canvas:lint:       "written": false
@crab-dev/rc-canvas:lint:     },
@crab-dev/rc-canvas:lint:     {
@crab-dev/rc-canvas:lint:       "changed": false,
@crab-dev/rc-canvas:lint:       "diagnostics": [],
@crab-dev/rc-canvas:lint:       "fixPasses": 0,
@crab-dev/rc-canvas:lint:       "path": "components/rc-canvas/src/viewport.tsx",
@crab-dev/rc-canvas:lint:       "written": false
@crab-dev/rc-canvas:lint:     }
@crab-dev/rc-canvas:lint:   ],
@crab-dev/rc-canvas:lint:   "warningCount": 0
@crab-dev/rc-canvas:lint: }
@crab-dev/rc-skeleton:lint: cache miss, executing 3fb8bc15c3425eec
@crab-dev/rc-color-picker:lint: {
@crab-dev/rc-color-picker:lint:   "errorCount": 0,
@crab-dev/rc-color-picker:lint:   "exitCode": 0,
@crab-dev/rc-color-picker:lint:   "files": [
@crab-dev/rc-color-picker:lint:     {
@crab-dev/rc-color-picker:lint:       "changed": false,
@crab-dev/rc-color-picker:lint:       "diagnostics": [],
@crab-dev/rc-color-picker:lint:       "fixPasses": 0,
@crab-dev/rc-color-picker:lint:       "path": "components/rc-color-picker/docs/demos/colorPicker.demo.tsx",
@crab-dev/rc-color-picker:lint:       "written": false
@crab-dev/rc-color-picker:lint:     },
@crab-dev/rc-color-picker:lint:     {
@crab-dev/rc-color-picker:lint:       "changed": false,
@crab-dev/rc-color-picker:lint:       "diagnostics": [],
@crab-dev/rc-color-picker:lint:       "fixPasses": 0,
@crab-dev/rc-color-picker:lint:       "path": "components/rc-color-picker/docs/demos/colorPickerPanel.demo.tsx",
@crab-dev/rc-color-picker:lint:       "written": false
@crab-dev/rc-color-picker:lint:     },
@crab-dev/rc-color-picker:lint:     {
@crab-dev/rc-color-picker:lint:       "changed": false,
@crab-dev/rc-color-picker:lint:       "diagnostics": [],
@crab-dev/rc-color-picker:lint:       "fixPasses": 0,
@crab-dev/rc-color-picker:lint:       "path": "components/rc-color-picker/src/__tests__/colorPicker.test.tsx",
@crab-dev/rc-color-picker:lint:       "written": false
@crab-dev/rc-color-picker:lint:     },
@crab-dev/rc-color-picker:lint:     {
@crab-dev/rc-color-picker:lint:       "changed": false,
@crab-dev/rc-color-picker:lint:       "diagnostics": [],
@crab-dev/rc-color-picker:lint:       "fixPasses": 0,
@crab-dev/rc-color-picker:lint:       "path": "components/rc-color-picker/src/__tests__/colorPickerPanel.test.tsx",
@crab-dev/rc-color-picker:lint:       "written": false
@crab-dev/rc-color-picker:lint:     },
@crab-dev/rc-color-picker:lint:     {
@crab-dev/rc-color-picker:lint:       "changed": false,
@crab-dev/rc-color-picker:lint:       "diagnostics": [],
@crab-dev/rc-color-picker:lint:       "fixPasses": 0,
@crab-dev/rc-color-picker:lint:       "path": "components/rc-color-picker/src/__tests__/colorPickerSelectNesting.test.tsx",
@crab-dev/rc-color-picker:lint:       "written": false
@crab-dev/rc-color-picker:lint:     },
@crab-dev/rc-color-picker:lint:     {
@crab-dev/rc-color-picker:lint:       "changed": false,
@crab-dev/rc-color-picker:lint:       "diagnostics": [],
@crab-dev/rc-color-picker:lint:       "fixPasses": 0,
@crab-dev/rc-color-picker:lint:       "path": "components/rc-color-picker/src/colorPicker/colorPicker.tsx",
@crab-dev/rc-color-picker:lint:       "written": false
@crab-dev/rc-color-picker:lint:     },
@crab-dev/rc-color-picker:lint:     {
@crab-dev/rc-color-picker:lint:       "changed": false,
@crab-dev/rc-color-picker:lint:       "diagnostics": [],
@crab-dev/rc-color-picker:lint:       "fixPasses": 0,
@crab-dev/rc-color-picker:lint:       "path": "components/rc-color-picker/src/colorPicker/colorPickerInput.tsx",
@crab-dev/rc-color-picker:lint:       "written": false
@crab-dev/rc-color-picker:lint:     },
@crab-dev/rc-color-picker:lint:     {
@crab-dev/rc-color-picker:lint:       "changed": false,
@crab-dev/rc-color-picker:lint:       "diagnostics": [],
@crab-dev/rc-color-picker:lint:       "fixPasses": 0,
@crab-dev/rc-color-picker:lint:       "path": "components/rc-color-picker/src/colorPicker/colorPickerOverlay.tsx",
@crab-dev/rc-color-picker:lint:       "written": false
@crab-dev/rc-color-picker:lint:     },
@crab-dev/rc-color-picker:lint:     {
@crab-dev/rc-color-picker:lint:       "changed": false,
@crab-dev/rc-color-picker:lint:       "diagnostics": [],
@crab-dev/rc-color-picker:lint:       "fixPasses": 0,
@crab-dev/rc-color-picker:lint:       "path": "components/rc-color-picker/src/colorPicker/index.ts",
@crab-dev/rc-color-picker:lint:       "written": false
@crab-dev/rc-color-picker:lint:     },
@crab-dev/rc-color-picker:lint:     {
@crab-dev/rc-color-picker:lint:       "changed": false,
@crab-dev/rc-color-picker:lint:       "diagnostics": [],
@crab-dev/rc-color-picker:lint:       "fixPasses": 0,
@crab-dev/rc-color-picker:lint:       "path": "components/rc-color-picker/src/index.ts",
@crab-dev/rc-color-picker:lint:       "written": false
@crab-dev/rc-color-picker:lint:     },
@crab-dev/rc-color-picker:lint:     {
@crab-dev/rc-color-picker:lint:       "changed": false,
@crab-dev/rc-color-picker:lint:       "diagnostics": [],
@crab-dev/rc-color-picker:lint:       "fixPasses": 0,
@crab-dev/rc-color-picker:lint:       "path": "components/rc-color-picker/src/panels/colorInput.tsx",
@crab-dev/rc-color-picker:lint:       "written": false
@crab-dev/rc-color-picker:lint:     },
@crab-dev/rc-color-picker:lint:     {
@crab-dev/rc-color-picker:lint:       "changed": false,
@crab-dev/rc-color-picker:lint:       "diagnostics": [],
@crab-dev/rc-color-picker:lint:       "fixPasses": 0,
@crab-dev/rc-color-picker:lint:       "path": "components/rc-color-picker/src/panels/colorPickerPanel.tsx",
@crab-dev/rc-color-picker:lint:       "written": false
@crab-dev/rc-color-picker:lint:     },
@crab-dev/rc-color-picker:lint:     {
@crab-dev/rc-color-picker:lint:       "changed": false,
@crab-dev/rc-color-picker:lint:       "diagnostics": [],
@crab-dev/rc-color-picker:lint:       "fixPasses": 0,
@crab-dev/rc-color-picker:lint:       "path": "components/rc-color-picker/src/panels/presetSwatches.tsx",
@crab-dev/rc-color-picker:lint:       "written": false
@crab-dev/rc-color-picker:lint:     },
@crab-dev/rc-color-picker:lint:     {
@crab-dev/rc-color-picker:lint:       "changed": false,
@crab-dev/rc-color-picker:lint:       "diagnostics": [],
@crab-dev/rc-color-picker:lint:       "fixPasses": 0,
@crab-dev/rc-color-picker:lint:       "path": "components/rc-color-picker/src/types.ts",
@crab-dev/rc-color-picker:lint:       "written": false
@crab-dev/rc-color-picker:lint:     },
@crab-dev/rc-color-picker:lint:     {
@crab-dev/rc-color-picker:lint:       "changed": false,
@crab-dev/rc-color-picker:lint:       "diagnostics": [],
@crab-dev/rc-color-picker:lint:       "fixPasses": 0,
@crab-dev/rc-color-picker:lint:       "path": "components/rc-color-picker/src/utils/__tests__/color.test.ts",
@crab-dev/rc-color-picker:lint:       "written": false
@crab-dev/rc-color-picker:lint:     },
@crab-dev/rc-color-picker:lint:     {
@crab-dev/rc-color-picker:lint:       "changed": false,
@crab-dev/rc-color-picker:lint:       "diagnostics": [],
@crab-dev/rc-color-picker:lint:       "fixPasses": 0,
@crab-dev/rc-color-picker:lint:       "path": "components/rc-color-picker/src/utils/color.ts",
@crab-dev/rc-color-picker:lint:       "written": false
@crab-dev/rc-color-picker:lint:     }
@crab-dev/rc-color-picker:lint:   ],
@crab-dev/rc-color-picker:lint:   "warningCount": 0
@crab-dev/rc-color-picker:lint: }
@crab-dev/website:lint: {
@crab-dev/website:lint:   "errorCount": 1,
@crab-dev/website:lint:   "exitCode": 1,
@crab-dev/website:lint:   "files": [
@crab-dev/website:lint:     {
@crab-dev/website:lint:       "changed": false,
@crab-dev/website:lint:       "diagnostics": [],
@crab-dev/website:lint:       "fixPasses": 0,
@crab-dev/website:lint:       "path": ".website/docs/_generated/globalTokenReference.ts",
@crab-dev/website:lint:       "written": false
@crab-dev/website:lint:     },
@crab-dev/website:lint:     {
@crab-dev/website:lint:       "changed": false,
@crab-dev/website:lint:       "diagnostics": [],
@crab-dev/website:lint:       "fixPasses": 0,
@crab-dev/website:lint:       "path": ".website/docs/_generated/rc-alert.ts",
@crab-dev/website:lint:       "written": false
@crab-dev/website:lint:     },
@crab-dev/website:lint:     {
@crab-dev/website:lint:       "changed": false,
@crab-dev/website:lint:       "diagnostics": [],
@crab-dev/website:lint:       "fixPasses": 0,
@crab-dev/website:lint:       "path": ".website/docs/_generated/rc-app-main-layout.ts",
@crab-dev/website:lint:       "written": false
@crab-dev/website:lint:     },
@crab-dev/website:lint:     {
@crab-dev/website:lint:       "changed": false,
@crab-dev/website:lint:       "diagnostics": [],
@crab-dev/website:lint:       "fixPasses": 0,
@crab-dev/website:lint:       "path": ".website/docs/_generated/rc-auto-sizer.ts",
@crab-dev/website:lint:       "written": false
@crab-dev/website:lint:     },
@crab-dev/website:lint:     {
@crab-dev/website:lint:       "changed": false,
@crab-dev/website:lint:       "diagnostics": [],
@crab-dev/website:lint:       "fixPasses": 0,
@crab-dev/website:lint:       "path": ".website/docs/_generated/rc-avatar.ts",
@crab-dev/website:lint:       "written": false
@crab-dev/website:lint:     },
@crab-dev/website:lint:     {
@crab-dev/website:lint:       "changed": false,
@crab-dev/website:lint:       "diagnostics": [],
@crab-dev/website:lint:       "fixPasses": 0,
@crab-dev/website:lint:       "path": ".website/docs/_generated/rc-badge.ts",
@crab-dev/website:lint:       "written": false
@crab-dev/website:lint:     },
@crab-dev/website:lint:     {
@crab-dev/website:lint:       "changed": false,
@crab-dev/website:lint:       "diagnostics": [],
@crab-dev/website:lint:       "fixPasses": 0,
@crab-dev/website:lint:       "path": ".website/docs/_generated/rc-bar-chart.ts",
@crab-dev/website:lint:       "written": false
@crab-dev/website:lint:     },
@crab-dev/website:lint:     {
@crab-dev/website:lint:       "changed": false,
@crab-dev/website:lint:       "diagnostics": [],
@crab-dev/website:lint:       "fixPasses": 0,
@crab-dev/website:lint:       "path": ".website/docs/_generated/rc-breadcrumbs.ts",
@crab-dev/website:lint:       "written": false
@crab-dev/website:lint:     },
@crab-dev/website:lint:     {
@crab-dev/website:lint:       "changed": false,
@crab-dev/website:lint:       "diagnostics": [],
@crab-dev/website:lint:       "fixPasses": 0,
@crab-dev/website:lint:       "path": ".website/docs/_generated/rc-button.ts",
@crab-dev/website:lint:       "written": false
@crab-dev/website:lint:     },
@crab-dev/website:lint:     {
@crab-dev/website:lint:       "changed": false,
@crab-dev/website:lint:       "diagnostics": [],
@crab-dev/website:lint:       "fixPasses": 0,
@crab-dev/website:lint:       "path": ".website/docs/_generated/rc-canvas.ts",
@crab-dev/website:lint:       "written": false
@crab-dev/website:lint:     },
@crab-dev/website:lint:     {
@crab-dev/website:lint:       "changed": false,
@crab-dev/website:lint:       "diagnostics": [],
@crab-dev/website:lint:       "fixPasses": 0,
@crab-dev/website:lint:       "path": ".website/docs/_generated/rc-card.ts",
@crab-dev/website:lint:       "written": false
@crab-dev/website:lint:     },
@crab-dev/website:lint:     {
@crab-dev/website:lint:       "changed": false,
@crab-dev/website:lint:       "diagnostics": [],
@crab-dev/website:lint:       "fixPasses": 0,
@crab-dev/website:lint:       "path": ".website/docs/_generated/rc-checkbox.ts",
@crab-dev/website:lint:       "written": false
@crab-dev/website:lint:     },
@crab-dev/website:lint:     {
@crab-dev/website:lint:       "changed": false,
@crab-dev/website:lint:       "diagnostics": [],
@crab-dev/website:lint:       "fixPasses": 0,
@crab-dev/website:lint:       "path": ".website/docs/_generated/rc-color-picker.ts",
@crab-dev/website:lint:       "written": false
@crab-dev/website:lint:     },
@crab-dev/website:lint:     {
@crab-dev/website:lint:       "changed": false,
@crab-dev/website:lint:       "diagnostics": [],
@crab-dev/website:lint:       "fixPasses": 0,
@crab-dev/website:lint:       "path": ".website/docs/_generated/rc-component-preview.ts",
@crab-dev/website:lint:       "written": false
@crab-dev/website:lint:     },
@crab-dev/website:lint:     {
@crab-dev/website:lint:       "changed": false,
@crab-dev/website:lint:       "diagnostics": [],
@crab-dev/website:lint:       "fixPasses": 0,
@crab-dev/website:lint:       "path": ".website/docs/_generated/rc-cron-picker.ts",
@crab-dev/website:lint:       "written": false
@crab-dev/website:lint:     },
@crab-dev/website:lint:     {
@crab-dev/website:lint:       "changed": false,
@crab-dev/website:lint:       "diagnostics": [],
@crab-dev/website:lint:       "fixPasses": 0,
@crab-dev/website:lint:       "path": ".website/docs/_generated/rc-date-picker.ts",
@crab-dev/website:lint:       "written": false
@crab-dev/website:lint:     },
@crab-dev/website:lint:     {
@crab-dev/website:lint:       "changed": false,
@crab-dev/website:lint:       "diagnostics": [],
@crab-dev/website:lint:       "fixPasses": 0,
@crab-dev/website:lint:       "path": ".website/docs/_generated/rc-dialog.ts",
@crab-dev/website:lint:       "written": false
@crab-dev/website:lint:     },
@crab-dev/website:lint:     {
@crab-dev/website:lint:       "changed": false,
@crab-dev/website:lint:       "diagnostics": [],
@crab-dev/website:lint:       "fixPasses": 0,
@crab-dev/website:lint:       "path": ".website/docs/_generated/rc-divider.ts",
@crab-dev/website:lint:       "written": false
@crab-dev/website:lint:     },
@crab-dev/website:lint:     {
@crab-dev/website:lint:       "changed": false,
@crab-dev/website:lint:       "diagnostics": [],
@crab-dev/website:lint:       "fixPasses": 0,
@crab-dev/website:lint:       "path": ".website/docs/_generated/rc-drawer.ts",
@crab-dev/website:lint:       "written": false
@crab-dev/website:lint:     },
@crab-dev/website:lint:     {
@crab-dev/website:lint:       "changed": false,
@crab-dev/website:lint:       "diagnostics": [],
@crab-dev/website:lint:       "fixPasses": 0,
@crab-dev/website:lint:       "path": ".website/docs/_generated/rc-dropdown-container.ts",
@crab-dev/website:lint:       "written": false
@crab-dev/website:lint:     },
@crab-dev/website:lint:     {
@crab-dev/website:lint:       "changed": false,
@crab-dev/website:lint:       "diagnostics": [],
@crab-dev/website:lint:       "fixPasses": 0,
@crab-dev/website:lint:       "path": ".website/docs/_generated/rc-empty.ts",
@crab-dev/website:lint:       "written": false
@crab-dev/website:lint:     },
@crab-dev/website:lint:     {
@crab-dev/website:lint:       "changed": false,
@crab-dev/website:lint:       "diagnostics": [],
@crab-dev/website:lint:       "fixPasses": 0,
@crab-dev/website:lint:       "path": ".website/docs/_generated/rc-flow-diagram.ts",
@crab-dev/website:lint:       "written": false
@crab-dev/website:lint:     },
@crab-dev/website:lint:     {
@crab-dev/website:lint:       "changed": false,
@crab-dev/website:lint:       "diagnostics": [],
@crab-dev/website:lint:       "fixPasses": 0,
@crab-dev/website:lint:       "path": ".website/docs/_generated/rc-form.ts",
@crab-dev/website:lint:       "written": false
@crab-dev/website:lint:     },
@crab-dev/website:lint:     {
@crab-dev/website:lint:       "changed": false,
@crab-dev/website:lint:       "diagnostics": [],
@crab-dev/website:lint:       "fixPasses": 0,
@crab-dev/website:lint:       "path": ".website/docs/_generated/rc-hooks.ts",
@crab-dev/website:lint:       "written": false
@crab-dev/website:lint:     },
@crab-dev/website:lint:     {
@crab-dev/website:lint:       "changed": false,
@crab-dev/website:lint:       "diagnostics": [],
@crab-dev/website:lint:       "fixPasses": 0,
@crab-dev/website:lint:       "path": ".website/docs/_generated/rc-line-edit.ts",
@crab-dev/website:lint:       "written": false
@crab-dev/website:lint:     },
@crab-dev/website:lint:     {
@crab-dev/website:lint:       "changed": false,
@crab-dev/website:lint:       "diagnostics": [],
@crab-dev/website:lint:       "fixPasses": 0,
@crab-dev/website:lint:       "path": ".website/docs/_generated/rc-masonry.ts",
@crab-dev/website:lint:       "written": false
@crab-dev/website:lint:     },
@crab-dev/website:lint:     {
@crab-dev/website:lint:       "changed": false,
@crab-dev/website:lint:       "diagnostics": [],
@crab-dev/website:lint:       "fixPasses": 0,
@crab-dev/website:lint:       "path": ".website/docs/_generated/rc-menu.ts",
@crab-dev/website:lint:       "written": false
@crab-dev/website:lint:     },
@crab-dev/website:lint:     {
@crab-dev/website:lint:       "changed": false,
@crab-dev/website:lint:       "diagnostics": [],
@crab-dev/website:lint:       "fixPasses": 0,
@crab-dev/website:lint:       "path": ".website/docs/_generated/rc-message.ts",
@crab-dev/website:lint:       "written": false
@crab-dev/website:lint:     },
@crab-dev/website:lint:     {
@crab-dev/website:lint:       "changed": false,
@crab-dev/website:lint:       "diagnostics": [],
@crab-dev/website:lint:       "fixPasses": 0,
@crab-dev/website:lint:       "path": ".website/docs/_generated/rc-notification.ts",
@crab-dev/website:lint:       "written": false
@crab-dev/website:lint:     },
@crab-dev/website:lint:     {
@crab-dev/website:lint:       "changed": false,
@crab-dev/website:lint:       "diagnostics": [],
@crab-dev/website:lint:       "fixPasses": 0,
@crab-dev/website:lint:       "path": ".website/docs/_generated/rc-number-edit.ts",
@crab-dev/website:lint:       "written": false
@crab-dev/website:lint:     },
@crab-dev/website:lint:     {
@crab-dev/website:lint:       "changed": false,
@crab-dev/website:lint:       "diagnostics": [],
@crab-dev/website:lint:       "fixPasses": 0,
@crab-dev/website:lint:       "path": ".website/docs/_generated/rc-pagination.ts",
@crab-dev/website:lint:       "written": false
@crab-dev/website:lint:     },
@crab-dev/website:lint:     {
@crab-dev/website:lint:       "changed": false,
@crab-dev/website:lint:       "diagnostics": [],
@crab-dev/website:lint:       "fixPasses": 0,
@crab-dev/website:lint:       "path": ".website/docs/_generated/rc-prose.ts",
@crab-dev/website:lint:       "written": false
@crab-dev/website:lint:     },
@crab-dev/website:lint:     {
@crab-dev/website:lint:       "changed": false,
@crab-dev/website:lint:       "diagnostics": [],
@crab-dev/website:lint:       "fixPasses": 0,
@crab-dev/website:lint:       "path": ".website/docs/_generated/rc-radio.ts",
@crab-dev/website:lint:       "written": false
@crab-dev/website:lint:     },
@crab-dev/website:lint:     {
@crab-dev/website:lint:       "changed": false,
@crab-dev/website:lint:       "diagnostics": [],
@crab-dev/website:lint:       "fixPasses": 0,
@crab-dev/website:lint:       "path": ".website/docs/_generated/rc-realm.ts",
@crab-dev/website:lint:       "written": false
@crab-dev/website:lint:     },
@crab-dev/website:lint:     {
@crab-dev/website:lint:       "changed": false,
@crab-dev/website:lint:       "diagnostics": [],
@crab-dev/website:lint:       "fixPasses": 0,
@crab-dev/website:lint:       "path": ".website/docs/_generated/rc-router.ts",
@crab-dev/website:lint:       "written": false
@crab-dev/website:lint:     },
@crab-dev/website:lint:     {
@crab-dev/website:lint:       "changed": false,
@crab-dev/website:lint:       "diagnostics": [],
@crab-dev/website:lint:       "fixPasses": 0,
@crab-dev/website:lint:       "path": ".website/docs/_generated/rc-segmented.ts",
@crab-dev/website:lint:       "written": false
@crab-dev/website:lint:     },
@crab-dev/website:lint:     {
@crab-dev/website:lint:       "changed": false,
@crab-dev/website:lint:       "diagnostics": [],
@crab-dev/website:lint:       "fixPasses": 0,
@crab-dev/website:lint:       "path": ".website/docs/_generated/rc-select.ts",
@crab-dev/website:lint:       "written": false
@crab-dev/website:lint:     },
@crab-dev/website:lint:     {
@crab-dev/website:lint:       "changed": false,
@crab-dev/website:lint:       "diagnostics": [],
@crab-dev/website:lint:       "fixPasses": 0,
@crab-dev/website:lint:       "path": ".website/docs/_generated/rc-skeleton.ts",
@crab-dev/website:lint:       "written": false
@crab-dev/website:lint:     },
@crab-dev/website:lint:     {
@crab-dev/website:lint:       "changed": false,
@crab-dev/website:lint:       "diagnostics": [],
@crab-dev/website:lint:       "fixPasses": 0,
@crab-dev/website:lint:       "path": ".website/docs/_generated/rc-slider.ts",
@crab-dev/website:lint:       "written": false
@crab-dev/website:lint:     },
@crab-dev/website:lint:     {
@crab-dev/website:lint:       "changed": false,
@crab-dev/website:lint:       "diagnostics": [],
@crab-dev/website:lint:       "fixPasses": 0,
@crab-dev/website:lint:       "path": ".website/docs/_generated/rc-spin.ts",
@crab-dev/website:lint:       "written": false
@crab-dev/website:lint:     },
@crab-dev/website:lint:     {
@crab-dev/website:lint:       "changed": false,
@crab-dev/website:lint:       "diagnostics": [],
@crab-dev/website:lint:       "fixPasses": 0,
@crab-dev/website:lint:       "path": ".website/docs/_generated/rc-split-pane.ts",
@crab-dev/website:lint:       "written": false
@crab-dev/website:lint:     },
@crab-dev/website:lint:     {
@crab-dev/website:lint:       "changed": false,
@crab-dev/website:lint:       "diagnostics": [],
@crab-dev/website:lint:       "fixPasses": 0,
@crab-dev/website:lint:       "path": ".website/docs/_generated/rc-switch.ts",
@crab-dev/website:lint:       "written": false
@crab-dev/website:lint:     },
@crab-dev/website:lint:     {
@crab-dev/website:lint:       "changed": false,
@crab-dev/website:lint:       "diagnostics": [],
@crab-dev/website:lint:       "fixPasses": 0,
@crab-dev/website:lint:       "path": ".website/docs/_generated/rc-table-pro.ts",
@crab-dev/website:lint:       "written": false
@crab-dev/website:lint:     },
@crab-dev/website:lint:     {
@crab-dev/website:lint:       "changed": false,
@crab-dev/website:lint:       "diagnostics": [],
@crab-dev/website:lint:       "fixPasses": 0,
@crab-dev/website:lint:       "path": ".website/docs/_generated/rc-table.ts",
@crab-dev/website:lint:       "written": false
@crab-dev/website:lint:     },
@crab-dev/website:lint:     {
@crab-dev/website:lint:       "changed": false,
@crab-dev/website:lint:       "diagnostics": [],
@crab-dev/website:lint:       "fixPasses": 0,
@crab-dev/website:lint:       "path": ".website/docs/_generated/rc-tabs.ts",
@crab-dev/website:lint:       "written": false
@crab-dev/website:lint:     },
@crab-dev/website:lint:     {
@crab-dev/website:lint:       "changed": false,
@crab-dev/website:lint:       "diagnostics": [],
@crab-dev/website:lint:       "fixPasses": 0,
@crab-dev/website:lint:       "path": ".website/docs/_generated/rc-tag.ts",
@crab-dev/website:lint:       "written": false
@crab-dev/website:lint:     },
@crab-dev/website:lint:     {
@crab-dev/website:lint:       "changed": false,
@crab-dev/website:lint:       "diagnostics": [],
@crab-dev/website:lint:       "fixPasses": 0,
@crab-dev/website:lint:       "path": ".website/docs/_generated/rc-text-edit.ts",
@crab-dev/website:lint:       "written": false
@crab-dev/website:lint:     },
@crab-dev/website:lint:     {
@crab-dev/website:lint:       "changed": false,
@crab-dev/website:lint:       "diagnostics": [],
@crab-dev/website:lint:       "fixPasses": 0,
@crab-dev/website:lint:       "path": ".website/docs/_generated/rc-theme.ts",
@crab-dev/website:lint:       "written": false
@crab-dev/website:lint:     },
@crab-dev/website:lint:     {
@crab-dev/website:lint:       "changed": false,
@crab-dev/website:lint:       "diagnostics": [],
@crab-dev/website:lint:       "fixPasses": 0,
@crab-dev/website:lint:       "path": ".website/docs/_generated/rc-token-global.ts",
@crab-dev/website:lint:       "written": false
@crab-dev/website:lint:     },
@crab-dev/website:lint:     {
@crab-dev/website:lint:       "changed": false,
@crab-dev/website:lint:       "diagnostics": [],
@crab-dev/website:lint:       "fixPasses": 0,
@crab-dev/website:lint:       "path": ".website/docs/_generated/rc-token-semantic.ts",
@crab-dev/website:lint:       "written": false
@crab-dev/website:lint:     },
@crab-dev/website:lint:     {
@crab-dev/website:lint:       "changed": false,
@crab-dev/website:lint:       "diagnostics": [],
@crab-dev/website:lint:       "fixPasses": 0,
@crab-dev/website:lint:       "path": ".website/docs/_generated/rc-tooltip.ts",
@crab-dev/website:lint:       "written": false
@crab-dev/website:lint:     },
@crab-dev/website:lint:     {
@crab-dev/website:lint:       "changed": false,
@crab-dev/website:lint:       "diagnostics": [],
@crab-dev/website:lint:       "fixPasses": 0,
@crab-dev/website:lint:       "path": ".website/docs/_generated/rc-tree.ts",
@crab-dev/website:lint:       "written": false
@crab-dev/website:lint:     },
@crab-dev/website:lint:     {
@crab-dev/website:lint:       "changed": false,
@crab-dev/website:lint:       "diagnostics": [],
@crab-dev/website:lint:       "fixPasses": 0,
@crab-dev/website:lint:       "path": ".website/docs/_generated/rc-virtual.ts",
@crab-dev/website:lint:       "written": false
@crab-dev/website:lint:     },
@crab-dev/website:lint:     {
@crab-dev/website:lint:       "changed": false,
@crab-dev/website:lint:       "diagnostics": [],
@crab-dev/website:lint:       "fixPasses": 0,
@crab-dev/website:lint:       "path": ".website/docs/_generated_api/rc-alert.ts",
@crab-dev/website:lint:       "written": false
@crab-dev/website:lint:     },
@crab-dev/website:lint:     {
@crab-dev/website:lint:       "changed": false,
@crab-dev/website:lint:       "diagnostics": [],
@crab-dev/website:lint:       "fixPasses": 0,
@crab-dev/website:lint:       "path": ".website/docs/_generated_api/rc-app-main-layout.ts",
@crab-dev/website:lint:       "written": false
@crab-dev/website:lint:     },
@crab-dev/website:lint:     {
@crab-dev/website:lint:       "changed": false,
@crab-dev/website:lint:       "diagnostics": [],
@crab-dev/website:lint:       "fixPasses": 0,
@crab-dev/website:lint:       "path": ".website/docs/_generated_api/rc-auto-sizer.ts",
@crab-dev/website:lint:       "written": false
@crab-dev/website:lint:     },
@crab-dev/website:lint:     {
@crab-dev/website:lint:       "changed": false,
@crab-dev/website:lint:       "diagnostics": [],
@crab-dev/website:lint:       "fixPasses": 0,
@crab-dev/website:lint:       "path": ".website/docs/_generated_api/rc-avatar.ts",
@crab-dev/website:lint:       "written": false
@crab-dev/website:lint:     },
@crab-dev/website:lint:     {
@crab-dev/website:lint:       "changed": false,
@crab-dev/website:lint:       "diagnostics": [],
@crab-dev/website:lint:       "fixPasses": 0,
@crab-dev/website:lint:       "path": ".website/docs/_generated_api/rc-badge.ts",
@crab-dev/website:lint:       "written": false
@crab-dev/website:lint:     },
@crab-dev/website:lint:     {
@crab-dev/website:lint:       "changed": false,
@crab-dev/website:lint:       "diagnostics": [],
@crab-dev/website:lint:       "fixPasses": 0,
@crab-dev/website:lint:       "path": ".website/docs/_generated_api/rc-bar-chart.ts",
@crab-dev/website:lint:       "written": false
@crab-dev/website:lint:     },
@crab-dev/website:lint:     {
@crab-dev/website:lint:       "changed": false,
@crab-dev/website:lint:       "diagnostics": [],
@crab-dev/website:lint:       "fixPasses": 0,
@crab-dev/website:lint:       "path": ".website/docs/_generated_api/rc-breadcrumbs.ts",
@crab-dev/website:lint:       "written": false
@crab-dev/website:lint:     },
@crab-dev/website:lint:     {
@crab-dev/website:lint:       "changed": false,
@crab-dev/website:lint:       "diagnostics": [],
@crab-dev/website:lint:       "fixPasses": 0,
@crab-dev/website:lint:       "path": ".website/docs/_generated_api/rc-button.ts",
@crab-dev/website:lint:       "written": false
@crab-dev/website:lint:     },
@crab-dev/website:lint:     {
@crab-dev/website:lint:       "changed": false,
@crab-dev/website:lint:       "diagnostics": [],
@crab-dev/website:lint:       "fixPasses": 0,
@crab-dev/website:lint:       "path": ".website/docs/_generated_api/rc-canvas.ts",
@crab-dev/website:lint:       "written": false
@crab-dev/website:lint:     },
@crab-dev/website:lint:     {
@crab-dev/website:lint:       "changed": false,
@crab-dev/website:lint:       "diagnostics": [],
@crab-dev/website:lint:       "fixPasses": 0,
@crab-dev/website:lint:       "path": ".website/docs/_generated_api/rc-card.ts",
@crab-dev/website:lint:       "written": false
@crab-dev/website:lint:     },
@crab-dev/website:lint:     {
@crab-dev/website:lint:       "changed": false,
@crab-dev/website:lint:       "diagnostics": [],
@crab-dev/website:lint:       "fixPasses": 0,
@crab-dev/website:lint:       "path": ".website/docs/_generated_api/rc-checkbox.ts",
@crab-dev/website:lint:       "written": false
@crab-dev/website:lint:     },
@crab-dev/website:lint:     {
@crab-dev/website:lint:       "changed": false,
@crab-dev/website:lint:       "diagnostics": [],
@crab-dev/website:lint:       "fixPasses": 0,
@crab-dev/website:lint:       "path": ".website/docs/_generated_api/rc-color-picker.ts",
@crab-dev/website:lint:       "written": false
@crab-dev/website:lint:     },
@crab-dev/website:lint:     {
@crab-dev/website:lint:       "changed": false,
@crab-dev/website:lint:       "diagnostics": [],
@crab-dev/website:lint:       "fixPasses": 0,
@crab-dev/website:lint:       "path": ".website/docs/_generated_api/rc-component-preview.ts",
@crab-dev/website:lint:       "written": false
@crab-dev/website:lint:     },
@crab-dev/website:lint:     {
@crab-dev/website:lint:       "changed": false,
@crab-dev/website:lint:       "diagnostics": [],
@crab-dev/website:lint:       "fixPasses": 0,
@crab-dev/website:lint:       "path": ".website/docs/_generated_api/rc-cron-picker.ts",
@crab-dev/website:lint:       "written": false
@crab-dev/website:lint:     },
@crab-dev/website:lint:     {
@crab-dev/website:lint:       "changed": false,
@crab-dev/website:lint:       "diagnostics": [
@crab-dev/website:lint:         {
@crab-dev/website:lint:           "code": "ts/no-namespace",
@crab-dev/website:lint:           "end": 831,
@crab-dev/website:lint:           "location": {
@crab-dev/website:lint:             "column": 9,
@crab-dev/website:lint:             "endColumn": 2,
@crab-dev/website:lint:             "endLine": 18,
@crab-dev/website:lint:             "label": "namespace",
@crab-dev/website:lint:             "line": 16,
@crab-dev/website:lint:             "lineText": "declare namespace Temporal {"
@crab-dev/website:lint:           },
@crab-dev/website:lint:           "message": "Use module exports instead of a named namespace.",
@crab-dev/website:lint:           "messageId": "namespace",
@crab-dev/website:lint:           "path": ".website/docs/_generated_api/rc-date-picker.ts",
@crab-dev/website:lint:           "severity": "error",
@crab-dev/website:lint:           "start": 763
@crab-dev/website:lint:         }
@crab-dev/website:lint:       ],
@crab-dev/website:lint:       "fixPasses": 0,
@crab-dev/website:lint:       "path": ".website/docs/_generated_api/rc-date-picker.ts",
@crab-dev/website:lint:       "written": false
@crab-dev/website:lint:     },
@crab-dev/website:lint:     {
@crab-dev/website:lint:       "changed": false,
@crab-dev/website:lint:       "diagnostics": [],
@crab-dev/website:lint:       "fixPasses": 0,
@crab-dev/website:lint:       "path": ".website/docs/_generated_api/rc-dialog.ts",
@crab-dev/website:lint:       "written": false
@crab-dev/website:lint:     },
@crab-dev/website:lint:     {
@crab-dev/website:lint:       "changed": false,
@crab-dev/website:lint:       "diagnostics": [],
@crab-dev/website:lint:       "fixPasses": 0,
@crab-dev/website:lint:       "path": ".website/docs/_generated_api/rc-divider.ts",
@crab-dev/website:lint:       "written": false
@crab-dev/website:lint:     },
@crab-dev/website:lint:     {
@crab-dev/website:lint:       "changed": false,
@crab-dev/website:lint:       "diagnostics": [],
@crab-dev/website:lint:       "fixPasses": 0,
@crab-dev/website:lint:       "path": ".website/docs/_generated_api/rc-drawer.ts",
@crab-dev/website:lint:       "written": false
@crab-dev/website:lint:     },
@crab-dev/website:lint:     {
@crab-dev/website:lint:       "changed": false,
@crab-dev/website:lint:       "diagnostics": [],
@crab-dev/website:lint:       "fixPasses": 0,
@crab-dev/website:lint:       "path": ".website/docs/_generated_api/rc-dropdown-container.ts",
@crab-dev/website:lint:       "written": false
@crab-dev/website:lint:     },
@crab-dev/website:lint:     {
@crab-dev/website:lint:       "changed": false,
@crab-dev/website:lint:       "diagnostics": [],
@crab-dev/website:lint:       "fixPasses": 0,
@crab-dev/website:lint:       "path": ".website/docs/_generated_api/rc-empty.ts",
@crab-dev/website:lint:       "written": false
@crab-dev/website:lint:     },
@crab-dev/website:lint:     {
@crab-dev/website:lint:       "changed": false,
@crab-dev/website:lint:       "diagnostics": [],
@crab-dev/website:lint:       "fixPasses": 0,
@crab-dev/website:lint:       "path": ".website/docs/_generated_api/rc-flow-diagram.ts",
@crab-dev/website:lint:       "written": false
@crab-dev/website:lint:     },
@crab-dev/website:lint:     {
@crab-dev/website:lint:       "changed": false,
@crab-dev/website:lint:       "diagnostics": [],
@crab-dev/website:lint:       "fixPasses": 0,
@crab-dev/website:lint:       "path": ".website/docs/_generated_api/rc-form.ts",
@crab-dev/website:lint:       "written": false
@crab-dev/website:lint:     },
@crab-dev/website:lint:     {
@crab-dev/website:lint:       "changed": false,
@crab-dev/website:lint:       "diagnostics": [],
@crab-dev/website:lint:       "fixPasses": 0,
@crab-dev/website:lint:       "path": ".website/docs/_generated_api/rc-line-edit.ts",
@crab-dev/website:lint:       "written": false
@crab-dev/website:lint:     },
@crab-dev/website:lint:     {
@crab-dev/website:lint:       "changed": false,
@crab-dev/website:lint:       "diagnostics": [],
@crab-dev/website:lint:       "fixPasses": 0,
@crab-dev/website:lint:       "path": ".website/docs/_generated_api/rc-masonry.ts",
@crab-dev/website:lint:       "written": false
@crab-dev/website:lint:     },
@crab-dev/website:lint:     {
@crab-dev/website:lint:       "changed": false,
@crab-dev/website:lint:       "diagnostics": [],
@crab-dev/website:lint:       "fixPasses": 0,
@crab-dev/website:lint:       "path": ".website/docs/_generated_api/rc-menu.ts",
@crab-dev/website:lint:       "written": false
@crab-dev/website:lint:     },
@crab-dev/website:lint:     {
@crab-dev/website:lint:       "changed": false,
@crab-dev/website:lint:       "diagnostics": [],
@crab-dev/website:lint:       "fixPasses": 0,
@crab-dev/website:lint:       "path": ".website/docs/_generated_api/rc-message.ts",
@crab-dev/website:lint:       "written": false
@crab-dev/website:lint:     },
@crab-dev/website:lint:     {
@crab-dev/website:lint:       "changed": false,
@crab-dev/website:lint:       "diagnostics": [],
@crab-dev/website:lint:       "fixPasses": 0,
@crab-dev/website:lint:       "path": ".website/docs/_generated_api/rc-notification.ts",
@crab-dev/website:lint:       "written": false
@crab-dev/website:lint:     },
@crab-dev/website:lint:     {
@crab-dev/website:lint:       "changed": false,
@crab-dev/website:lint:       "diagnostics": [],
@crab-dev/website:lint:       "fixPasses": 0,
@crab-dev/website:lint:       "path": ".website/docs/_generated_api/rc-number-edit.ts",
@crab-dev/website:lint:       "written": false
@crab-dev/website:lint:     },
@crab-dev/website:lint:     {
@crab-dev/website:lint:       "changed": false,
@crab-dev/website:lint:       "diagnostics": [],
@crab-dev/website:lint:       "fixPasses": 0,
@crab-dev/website:lint:       "path": ".website/docs/_generated_api/rc-pagination.ts",
@crab-dev/website:lint:       "written": false
@crab-dev/website:lint:     },
@crab-dev/website:lint:     {
@crab-dev/website:lint:       "changed": false,
@crab-dev/website:lint:       "diagnostics": [],
@crab-dev/website:lint:       "fixPasses": 0,
@crab-dev/website:lint:       "path": ".website/docs/_generated_api/rc-prose.ts",
@crab-dev/website:lint:       "written": false
@crab-dev/website:lint:     },
@crab-dev/website:lint:     {
@crab-dev/website:lint:       "changed": false,
@crab-dev/website:lint:       "diagnostics": [],
@crab-dev/website:lint:       "fixPasses": 0,
@crab-dev/website:lint:       "path": ".website/docs/_generated_api/rc-radio.ts",
@crab-dev/website:lint:       "written": false
@crab-dev/website:lint:     },
@crab-dev/website:lint:     {
@crab-dev/website:lint:       "changed": false,
@crab-dev/website:lint:       "diagnostics": [],
@crab-dev/website:lint:       "fixPasses": 0,
@crab-dev/website:lint:       "path": ".website/docs/_generated_api/rc-realm.ts",
@crab-dev/website:lint:       "written": false
@crab-dev/website:lint:     },
@crab-dev/website:lint:     {
@crab-dev/website:lint:       "changed": false,
@crab-dev/website:lint:       "diagnostics": [],
@crab-dev/website:lint:       "fixPasses": 0,
@crab-dev/website:lint:       "path": ".website/docs/_generated_api/rc-router.ts",
@crab-dev/website:lint:       "written": false
@crab-dev/website:lint:     },
@crab-dev/website:lint:     {
@crab-dev/website:lint:       "changed": false,
@crab-dev/website:lint:       "diagnostics": [],
@crab-dev/website:lint:       "fixPasses": 0,
@crab-dev/website:lint:       "path": ".website/docs/_generated_api/rc-segmented.ts",
@crab-dev/website:lint:       "written": false
@crab-dev/website:lint:     },
@crab-dev/website:lint:     {
@crab-dev/website:lint:       "changed": false,
@crab-dev/website:lint:       "diagnostics": [],
@crab-dev/website:lint:       "fixPasses": 0,
@crab-dev/website:lint:       "path": ".website/docs/_generated_api/rc-select.ts",
@crab-dev/website:lint:       "written": false
@crab-dev/website:lint:     },
@crab-dev/website:lint:     {
@crab-dev/website:lint:       "changed": false,
@crab-dev/website:lint:       "diagnostics": [],
@crab-dev/website:lint:       "fixPasses": 0,
@crab-dev/website:lint:       "path": ".website/docs/_generated_api/rc-skeleton.ts",
@crab-dev/website:lint:       "written": false
@crab-dev/website:lint:     },
@crab-dev/website:lint:     {
@crab-dev/website:lint:       "changed": false,
@crab-dev/website:lint:       "diagnostics": [],
@crab-dev/website:lint:       "fixPasses": 0,
@crab-dev/website:lint:       "path": ".website/docs/_generated_api/rc-slider.ts",
@crab-dev/website:lint:       "written": false
@crab-dev/website:lint:     },
@crab-dev/website:lint:     {
@crab-dev/website:lint:       "changed": false,
@crab-dev/website:lint:       "diagnostics": [],
@crab-dev/website:lint:       "fixPasses": 0,
@crab-dev/website:lint:       "path": ".website/docs/_generated_api/rc-spin.ts",
@crab-dev/website:lint:       "written": false
@crab-dev/website:lint:     },
@crab-dev/website:lint:     {
@crab-dev/website:lint:       "changed": false,
@crab-dev/website:lint:       "diagnostics": [],
@crab-dev/website:lint:       "fixPasses": 0,
@crab-dev/website:lint:       "path": ".website/docs/_generated_api/rc-split-pane.ts",
@crab-dev/website:lint:       "written": false
@crab-dev/website:lint:     },
@crab-dev/website:lint:     {
@crab-dev/website:lint:       "changed": false,
@crab-dev/website:lint:       "diagnostics": [],
@crab-dev/website:lint:       "fixPasses": 0,
@crab-dev/website:lint:       "path": ".website/docs/_generated_api/rc-switch.ts",
@crab-dev/website:lint:       "written": false
@crab-dev/website:lint:     },
@crab-dev/website:lint:     {
@crab-dev/website:lint:       "changed": false,
@crab-dev/website:lint:       "diagnostics": [],
@crab-dev/website:lint:       "fixPasses": 0,
@crab-dev/website:lint:       "path": ".website/docs/_generated_api/rc-table-pro.ts",
@crab-dev/website:lint:       "written": false
@crab-dev/website:lint:     },
@crab-dev/website:lint:     {
@crab-dev/website:lint:       "changed": false,
@crab-dev/website:lint:       "diagnostics": [],
@crab-dev/website:lint:       "fixPasses": 0,
@crab-dev/website:lint:       "path": ".website/docs/_generated_api/rc-table.ts",
@crab-dev/website:lint:       "written": false
@crab-dev/website:lint:     },
@crab-dev/website:lint:     {
@crab-dev/website:lint:       "changed": false,
@crab-dev/website:lint:       "diagnostics": [],
@crab-dev/website:lint:       "fixPasses": 0,
@crab-dev/website:lint:       "path": ".website/docs/_generated_api/rc-tabs.ts",
@crab-dev/website:lint:       "written": false
@crab-dev/website:lint:     },
@crab-dev/website:lint:     {
@crab-dev/website:lint:       "changed": false,
@crab-dev/website:lint:       "diagnostics": [],
@crab-dev/website:lint:       "fixPasses": 0,
@crab-dev/website:lint:       "path": ".website/docs/_generated_api/rc-tag.ts",
@crab-dev/website:lint:       "written": false
@crab-dev/website:lint:     },
@crab-dev/website:lint:     {
@crab-dev/website:lint:       "changed": false,
@crab-dev/website:lint:       "diagnostics": [],
@crab-dev/website:lint:       "fixPasses": 0,
@crab-dev/website:lint:       "path": ".website/docs/_generated_api/rc-text-edit.ts",
@crab-dev/website:lint:       "written": false
@crab-dev/website:lint:     },
@crab-dev/website:lint:     {
@crab-dev/website:lint:       "changed": false,
@crab-dev/website:lint:       "diagnostics": [],
@crab-dev/website:lint:       "fixPasses": 0,
@crab-dev/website:lint:       "path": ".website/docs/_generated_api/rc-tooltip.ts",
@crab-dev/website:lint:       "written": false
@crab-dev/website:lint:     },
@crab-dev/website:lint:     {
@crab-dev/website:lint:       "changed": false,
@crab-dev/website:lint:       "diagnostics": [],
@crab-dev/website:lint:       "fixPasses": 0,
@crab-dev/website:lint:       "path": ".website/docs/_generated_api/rc-tree.ts",
@crab-dev/website:lint:       "written": false
@crab-dev/website:lint:     },
@crab-dev/website:lint:     {
@crab-dev/website:lint:       "changed": false,
@crab-dev/website:lint:       "diagnostics": [],
@crab-dev/website:lint:       "fixPasses": 0,
@crab-dev/website:lint:       "path": ".website/docs/_generated_api/rc-virtual.ts",
@crab-dev/website:lint:       "written": false
@crab-dev/website:lint:     },
@crab-dev/website:lint:     {
@crab-dev/website:lint:       "changed": false,
@crab-dev/website:lint:       "diagnostics": [],
@crab-dev/website:lint:       "fixPasses": 0,
@crab-dev/website:lint:       "path": ".website/docs/_generated_tutorials/home.ts",
@crab-dev/website:lint:       "written": false
@crab-dev/website:lint:     },
@crab-dev/website:lint:     {
@crab-dev/website:lint:       "changed": false,
@crab-dev/website:lint:       "diagnostics": [],
@crab-dev/website:lint:       "fixPasses": 0,
@crab-dev/website:lint:       "path": ".website/docs/_generated_tutorials/practice-admin.ts",
@crab-dev/website:lint:       "written": false
@crab-dev/website:lint:     },
@crab-dev/website:lint:     {
@crab-dev/website:lint:       "changed": false,
@crab-dev/website:lint:       "diagnostics": [],
@crab-dev/website:lint:       "fixPasses": 0,
@crab-dev/website:lint:       "path": ".website/docs/_generated_tutorials/practice-data.ts",
@crab-dev/website:lint:       "written": false
@crab-dev/website:lint:     },
@crab-dev/website:lint:     {
@crab-dev/website:lint:       "changed": false,
@crab-dev/website:lint:       "diagnostics": [],
@crab-dev/website:lint:       "fixPasses": 0,
@crab-dev/website:lint:       "path": ".website/docs/_generated_tutorials/practice-profile.ts",
@crab-dev/website:lint:       "written": false
@crab-dev/website:lint:     },
@crab-dev/website:lint:     {
@crab-dev/website:lint:       "changed": false,
@crab-dev/website:lint:       "diagnostics": [],
@crab-dev/website:lint:       "fixPasses": 0,
@crab-dev/website:lint:       "path": ".website/docs/_generated_tutorials/rc-alert.ts",
@crab-dev/website:lint:       "written": false
@crab-dev/website:lint:     },
@crab-dev/website:lint:     {
@crab-dev/website:lint:       "changed": false,
@crab-dev/website:lint:       "diagnostics": [],
@crab-dev/website:lint:       "fixPasses": 0,
@crab-dev/website:lint:       "path": ".website/docs/_generated_tutorials/rc-app-main-layout.ts",
@crab-dev/website:lint:       "written": false
@crab-dev/website:lint:     },
@crab-dev/website:lint:     {
@crab-dev/website:lint:       "changed": false,
@crab-dev/website:lint:       "diagnostics": [],
@crab-dev/website:lint:       "fixPasses": 0,
@crab-dev/website:lint:       "path": ".website/docs/_generated_tutorials/rc-auto-sizer.ts",
@crab-dev/website:lint:       "written": false
@crab-dev/website:lint:     },
@crab-dev/website:lint:     {
@crab-dev/website:lint:       "changed": false,
@crab-dev/website:lint:       "diagnostics": [],
@crab-dev/website:lint:       "fixPasses": 0,
@crab-dev/website:lint:       "path": ".website/docs/_generated_tutorials/rc-avatar.ts",
@crab-dev/website:lint:       "written": false
@crab-dev/website:lint:     },
@crab-dev/website:lint:     {
@crab-dev/website:lint:       "changed": false,
@crab-dev/website:lint:       "diagnostics": [],
@crab-dev/website:lint:       "fixPasses": 0,
@crab-dev/website:lint:       "path": ".website/docs/_generated_tutorials/rc-badge.ts",
@crab-dev/website:lint:       "written": false
@crab-dev/website:lint:     },
@crab-dev/website:lint:     {
@crab-dev/website:lint:       "changed": false,
@crab-dev/website:lint:       "diagnostics": [],
@crab-dev/website:lint:       "fixPasses": 0,
@crab-dev/website:lint:       "path": ".website/docs/_generated_tutorials/rc-bar-chart.ts",
@crab-dev/website:lint:       "written": false
@crab-dev/website:lint:     },
@crab-dev/website:lint:     {
@crab-dev/website:lint:       "changed": false,
@crab-dev/website:lint:       "diagnostics": [],
@crab-dev/website:lint:       "fixPasses": 0,
@crab-dev/website:lint:       "path": ".website/docs/_generated_tutorials/rc-breadcrumbs.ts",
@crab-dev/website:lint:       "written": false
@crab-dev/website:lint:     },
@crab-dev/website:lint:     {
@crab-dev/website:lint:       "changed": false,
@crab-dev/website:lint:       "diagnostics": [],
@crab-dev/website:lint:       "fixPasses": 0,
@crab-dev/website:lint:       "path": ".website/docs/_generated_tutorials/rc-button.ts",
@crab-dev/website:lint:       "written": false
@crab-dev/website:lint:     },
@crab-dev/website:lint:     {
@crab-dev/website:lint:       "changed": false,
@crab-dev/website:lint:       "diagnostics": [],
@crab-dev/website:lint:       "fixPasses": 0,
@crab-dev/website:lint:       "path": ".website/docs/_generated_tutorials/rc-canvas.ts",
@crab-dev/website:lint:       "written": false
@crab-dev/website:lint:     },
@crab-dev/website:lint:     {
@crab-dev/website:lint:       "changed": false,
@crab-dev/website:lint:       "diagnostics": [],
@crab-dev/website:lint:       "fixPasses": 0,
@crab-dev/website:lint:       "path": ".website/docs/_generated_tutorials/rc-card.ts",
@crab-dev/website:lint:       "written": false
@crab-dev/website:lint:     },
@crab-dev/website:lint:     {
@crab-dev/website:lint:       "changed": false,
@crab-dev/website:lint:       "diagnostics": [],
@crab-dev/website:lint:       "fixPasses": 0,
@crab-dev/website:lint:       "path": ".website/docs/_generated_tutorials/rc-checkbox.ts",
@crab-dev/website:lint:       "written": false
@crab-dev/website:lint:     },
@crab-dev/website:lint:     {
@crab-dev/website:lint:       "changed": false,
@crab-dev/website:lint:       "diagnostics": [],
@crab-dev/website:lint:       "fixPasses": 0,
@crab-dev/website:lint:       "path": ".website/docs/_generated_tutorials/rc-color-picker.ts",
@crab-dev/website:lint:       "written": false
@crab-dev/website:lint:     },
@crab-dev/website:lint:     {
@crab-dev/website:lint:       "changed": false,
@crab-dev/website:lint:       "diagnostics": [],
@crab-dev/website:lint:       "fixPasses": 0,
@crab-dev/website:lint:       "path": ".website/docs/_generated_tutorials/rc-component-preview.ts",
@crab-dev/website:lint:       "written": false
@crab-dev/website:lint:     },
@crab-dev/website:lint:     {
@crab-dev/website:lint:       "changed": false,
@crab-dev/website:lint:       "diagnostics": [],
@crab-dev/website:lint:       "fixPasses": 0,
@crab-dev/website:lint:       "path": ".website/docs/_generated_tutorials/rc-cron-picker.ts",
@crab-dev/website:lint:       "written": false
@crab-dev/website:lint:     },
@crab-dev/website:lint:     {
@crab-dev/website:lint:       "changed": false,
@crab-dev/website:lint:       "diagnostics": [],
@crab-dev/website:lint:       "fixPasses": 0,
@crab-dev/website:lint:       "path": ".website/docs/_generated_tutorials/rc-date-picker.ts",
@crab-dev/website:lint:       "written": false
@crab-dev/website:lint:     },
@crab-dev/website:lint:     {
@crab-dev/website:lint:       "changed": false,
@crab-dev/website:lint:       "diagnostics": [],
@crab-dev/website:lint:       "fixPasses": 0,
@crab-dev/website:lint:       "path": ".website/docs/_generated_tutorials/rc-dialog.ts",
@crab-dev/website:lint:       "written": false
@crab-dev/website:lint:     },
@crab-dev/website:lint:     {
@crab-dev/website:lint:       "changed": false,
@crab-dev/website:lint:       "diagnostics": [],
@crab-dev/website:lint:       "fixPasses": 0,
@crab-dev/website:lint:       "path": ".website/docs/_generated_tutorials/rc-divider.ts",
@crab-dev/website:lint:       "written": false
@crab-dev/website:lint:     },
@crab-dev/website:lint:     {
@crab-dev/website:lint:       "changed": false,
@crab-dev/website:lint:       "diagnostics": [],
@crab-dev/website:lint:       "fixPasses": 0,
@crab-dev/website:lint:       "path": ".website/docs/_generated_tutorials/rc-drawer.ts",
@crab-dev/website:lint:       "written": false
@crab-dev/website:lint:     },
@crab-dev/website:lint:     {
@crab-dev/website:lint:       "changed": false,
@crab-dev/website:lint:       "diagnostics": [],
@crab-dev/website:lint:       "fixPasses": 0,
@crab-dev/website:lint:       "path": ".website/docs/_generated_tutorials/rc-dropdown-container.ts",
@crab-dev/website:lint:       "written": false
@crab-dev/website:lint:     },
@crab-dev/website:lint:     {
@crab-dev/website:lint:       "changed": false,
@crab-dev/website:lint:       "diagnostics": [],
@crab-dev/website:lint:       "fixPasses": 0,
@crab-dev/website:lint:       "path": ".website/docs/_generated_tutorials/rc-empty.ts",
@crab-dev/website:lint:       "written": false
@crab-dev/website:lint:     },
@crab-dev/website:lint:     {
@crab-dev/website:lint:       "changed": false,
@crab-dev/website:lint:       "diagnostics": [],
@crab-dev/website:lint:       "fixPasses": 0,
@crab-dev/website:lint:       "path": ".website/docs/_generated_tutorials/rc-flow-diagram.ts",
@crab-dev/website:lint:       "written": false
@crab-dev/website:lint:     },
@crab-dev/website:lint:     {
@crab-dev/website:lint:       "changed": false,
@crab-dev/website:lint:       "diagnostics": [],
@crab-dev/website:lint:       "fixPasses": 0,
@crab-dev/website:lint:       "path": ".website/docs/_generated_tutorials/rc-form.ts",
@crab-dev/website:lint:       "written": false
@crab-dev/website:lint:     },
@crab-dev/website:lint:     {
@crab-dev/website:lint:       "changed": false,
@crab-dev/website:lint:       "diagnostics": [],
@crab-dev/website:lint:       "fixPasses": 0,
@crab-dev/website:lint:       "path": ".website/docs/_generated_tutorials/rc-hooks.ts",
@crab-dev/website:lint:       "written": false
@crab-dev/website:lint:     },
@crab-dev/website:lint:     {
@crab-dev/website:lint:       "changed": false,
@crab-dev/website:lint:       "diagnostics": [],
@crab-dev/website:lint:       "fixPasses": 0,
@crab-dev/website:lint:       "path": ".website/docs/_generated_tutorials/rc-line-edit.ts",
@crab-dev/website:lint:       "written": false
@crab-dev/website:lint:     },
@crab-dev/website:lint:     {
@crab-dev/website:lint:       "changed": false,
@crab-dev/website:lint:       "diagnostics": [],
@crab-dev/website:lint:       "fixPasses": 0,
@crab-dev/website:lint:       "path": ".website/docs/_generated_tutorials/rc-masonry.ts",
@crab-dev/website:lint:       "written": false
@crab-dev/website:lint:     },
@crab-dev/website:lint:     {
@crab-dev/website:lint:       "changed": false,
@crab-dev/website:lint:       "diagnostics": [],
@crab-dev/website:lint:       "fixPasses": 0,
@crab-dev/website:lint:       "path": ".website/docs/_generated_tutorials/rc-menu.ts",
@crab-dev/website:lint:       "written": false
@crab-dev/website:lint:     },
@crab-dev/website:lint:     {
@crab-dev/website:lint:       "changed": false,
@crab-dev/website:lint:       "diagnostics": [],
@crab-dev/website:lint:       "fixPasses": 0,
@crab-dev/website:lint:       "path": ".website/docs/_generated_tutorials/rc-message.ts",
@crab-dev/website:lint:       "written": false
@crab-dev/website:lint:     },
@crab-dev/website:lint:     {
@crab-dev/website:lint:       "changed": false,
@crab-dev/website:lint:       "diagnostics": [],
@crab-dev/website:lint:       "fixPasses": 0,
@crab-dev/website:lint:       "path": ".website/docs/_generated_tutorials/rc-notification.ts",
@crab-dev/website:lint:       "written": false
@crab-dev/website:lint:     },
@crab-dev/website:lint:     {
@crab-dev/website:lint:       "changed": false,
@crab-dev/website:lint:       "diagnostics": [],
@crab-dev/website:lint:       "fixPasses": 0,
@crab-dev/website:lint:       "path": ".website/docs/_generated_tutorials/rc-number-edit.ts",
@crab-dev/website:lint:       "written": false
@crab-dev/website:lint:     },
@crab-dev/website:lint:     {
@crab-dev/website:lint:       "changed": false,
@crab-dev/website:lint:       "diagnostics": [],
@crab-dev/website:lint:       "fixPasses": 0,
@crab-dev/website:lint:       "path": ".website/docs/_generated_tutorials/rc-pagination.ts",
@crab-dev/website:lint:       "written": false
@crab-dev/website:lint:     },
@crab-dev/website:lint:     {
@crab-dev/website:lint:       "changed": false,
@crab-dev/website:lint:       "diagnostics": [],
@crab-dev/website:lint:       "fixPasses": 0,
@crab-dev/website:lint:       "path": ".website/docs/_generated_tutorials/rc-prose.ts",
@crab-dev/website:lint:       "written": false
@crab-dev/website:lint:     },
@crab-dev/website:lint:     {
@crab-dev/website:lint:       "changed": false,
@crab-dev/website:lint:       "diagnostics": [],
@crab-dev/website:lint:       "fixPasses": 0,
@crab-dev/website:lint:       "path": ".website/docs/_generated_tutorials/rc-radio.ts",
@crab-dev/website:lint:       "written": false
@crab-dev/website:lint:     },
@crab-dev/website:lint:     {
@crab-dev/website:lint:       "changed": false,
@crab-dev/website:lint:       "diagnostics": [],
@crab-dev/website:lint:       "fixPasses": 0,
@crab-dev/website:lint:       "path": ".website/docs/_generated_tutorials/rc-realm.ts",
@crab-dev/website:lint:       "written": false
@crab-dev/website:lint:     },
@crab-dev/website:lint:     {
@crab-dev/website:lint:       "changed": false,
@crab-dev/website:lint:       "diagnostics": [],
@crab-dev/website:lint:       "fixPasses": 0,
@crab-dev/website:lint:       "path": ".website/docs/_generated_tutorials/rc-router.ts",
@crab-dev/website:lint:       "written": false
@crab-dev/website:lint:     },
@crab-dev/website:lint:     {
@crab-dev/website:lint:       "changed": false,
@crab-dev/website:lint:       "diagnostics": [],
@crab-dev/website:lint:       "fixPasses": 0,
@crab-dev/website:lint:       "path": ".website/docs/_generated_tutorials/rc-segmented.ts",
@crab-dev/website:lint:       "written": false
@crab-dev/website:lint:     },
@crab-dev/website:lint:     {
@crab-dev/website:lint:       "changed": false,
@crab-dev/website:lint:       "diagnostics": [],
@crab-dev/website:lint:       "fixPasses": 0,
@crab-dev/website:lint:       "path": ".website/docs/_generated_tutorials/rc-select.ts",
@crab-dev/website:lint:       "written": false
@crab-dev/website:lint:     },
@crab-dev/website:lint:     {
@crab-dev/website:lint:       "changed": false,
@crab-dev/website:lint:       "diagnostics": [],
@crab-dev/website:lint:       "fixPasses": 0,
@crab-dev/website:lint:       "path": ".website/docs/_generated_tutorials/rc-skeleton.ts",
@crab-dev/website:lint:       "written": false
@crab-dev/website:lint:     },
@crab-dev/website:lint:     {
@crab-dev/website:lint:       "changed": false,
@crab-dev/website:lint:       "diagnostics": [],
@crab-dev/website:lint:       "fixPasses": 0,
@crab-dev/website:lint:       "path": ".website/docs/_generated_tutorials/rc-slider.ts",
@crab-dev/website:lint:       "written": false
@crab-dev/website:lint:     },
@crab-dev/website:lint:     {
@crab-dev/website:lint:       "changed": false,
@crab-dev/website:lint:       "diagnostics": [],
@crab-dev/website:lint:       "fixPasses": 0,
@crab-dev/website:lint:       "path": ".website/docs/_generated_tutorials/rc-spin.ts",
@crab-dev/website:lint:       "written": false
@crab-dev/website:lint:     },
@crab-dev/website:lint:     {
@crab-dev/website:lint:       "changed": false,
@crab-dev/website:lint:       "diagnostics": [],
@crab-dev/website:lint:       "fixPasses": 0,
@crab-dev/website:lint:       "path": ".website/docs/_generated_tutorials/rc-split-pane.ts",
@crab-dev/website:lint:       "written": false
@crab-dev/website:lint:     },
@crab-dev/website:lint:     {
@crab-dev/website:lint:       "changed": false,
@crab-dev/website:lint:       "diagnostics": [],
@crab-dev/website:lint:       "fixPasses": 0,
@crab-dev/website:lint:       "path": ".website/docs/_generated_tutorials/rc-switch.ts",
@crab-dev/website:lint:       "written": false
@crab-dev/website:lint:     },
@crab-dev/website:lint:     {
@crab-dev/website:lint:       "changed": false,
@crab-dev/website:lint:       "diagnostics": [],
@crab-dev/website:lint:       "fixPasses": 0,
@crab-dev/website:lint:       "path": ".website/docs/_generated_tutorials/rc-table-pro.ts",
@crab-dev/website:lint:       "written": false
@crab-dev/website:lint:     },
@crab-dev/website:lint:     {
@crab-dev/website:lint:       "changed": false,
@crab-dev/website:lint:       "diagnostics": [],
@crab-dev/website:lint:       "fixPasses": 0,
@crab-dev/website:lint:       "path": ".website/docs/_generated_tutorials/rc-table.ts",
@crab-dev/website:lint:       "written": false
@crab-dev/website:lint:     },
@crab-dev/website:lint:     {
@crab-dev/website:lint:       "changed": false,
@crab-dev/website:lint:       "diagnostics": [],
@crab-dev/website:lint:       "fixPasses": 0,
@crab-dev/website:lint:       "path": ".website/docs/_generated_tutorials/rc-tabs.ts",
@crab-dev/website:lint:       "written": false
@crab-dev/website:lint:     },
@crab-dev/website:lint:     {
@crab-dev/website:lint:       "changed": false,
@crab-dev/website:lint:       "diagnostics": [],
@crab-dev/website:lint:       "fixPasses": 0,
@crab-dev/website:lint:       "path": ".website/docs/_generated_tutorials/rc-tag.ts",
@crab-dev/website:lint:       "written": false
@crab-dev/website:lint:     },
@crab-dev/website:lint:     {
@crab-dev/website:lint:       "changed": false,
@crab-dev/website:lint:       "diagnostics": [],
@crab-dev/website:lint:       "fixPasses": 0,
@crab-dev/website:lint:       "path": ".website/docs/_generated_tutorials/rc-text-edit.ts",
@crab-dev/website:lint:       "written": false
@crab-dev/website:lint:     },
@crab-dev/website:lint:     {
@crab-dev/website:lint:       "changed": false,
@crab-dev/website:lint:       "diagnostics": [],
@crab-dev/website:lint:       "fixPasses": 0,
@crab-dev/website:lint:       "path": ".website/docs/_generated_tutorials/rc-theme.ts",
@crab-dev/website:lint:       "written": false
@crab-dev/website:lint:     },
@crab-dev/website:lint:     {
@crab-dev/website:lint:       "changed": false,
@crab-dev/website:lint:       "diagnostics": [],
@crab-dev/website:lint:       "fixPasses": 0,
@crab-dev/website:lint:       "path": ".website/docs/_generated_tutorials/rc-token-global.ts",
@crab-dev/website:lint:       "written": false
@crab-dev/website:lint:     },
@crab-dev/website:lint:     {
@crab-dev/website:lint:       "changed": false,
@crab-dev/website:lint:       "diagnostics": [],
@crab-dev/website:lint:       "fixPasses": 0,
@crab-dev/website:lint:       "path": ".website/docs/_generated_tutorials/rc-token-semantic.ts",
@crab-dev/website:lint:       "written": false
@crab-dev/website:lint:     },
@crab-dev/website:lint:     {
@crab-dev/website:lint:       "changed": false,
@crab-dev/website:lint:       "diagnostics": [],
@crab-dev/website:lint:       "fixPasses": 0,
@crab-dev/website:lint:       "path": ".website/docs/_generated_tutorials/rc-tooltip.ts",
@crab-dev/website:lint:       "written": false
@crab-dev/website:lint:     },
@crab-dev/website:lint:     {
@crab-dev/website:lint:       "changed": false,
@crab-dev/website:lint:       "diagnostics": [],
@crab-dev/website:lint:       "fixPasses": 0,
@crab-dev/website:lint:       "path": ".website/docs/_generated_tutorials/rc-tree.ts",
@crab-dev/website:lint:       "written": false
@crab-dev/website:lint:     },
@crab-dev/website:lint:     {
@crab-dev/website:lint:       "changed": false,
@crab-dev/website:lint:       "diagnostics": [],
@crab-dev/website:lint:       "fixPasses": 0,
@crab-dev/website:lint:       "path": ".website/docs/_generated_tutorials/rc-virtual.ts",
@crab-dev/website:lint:       "written": false
@crab-dev/website:lint:     },
@crab-dev/website:lint:     {
@crab-dev/website:lint:       "changed": false,
@crab-dev/website:lint:       "diagnostics": [],
@crab-dev/website:lint:       "fixPasses": 0,
@crab-dev/website:lint:       "path": ".website/docs/examples/home/profile.tsx",
@crab-dev/website:lint:       "written": false
@crab-dev/website:lint:     },
@crab-dev/website:lint:     {
@crab-dev/website:lint:       "changed": false,
@crab-dev/website:lint:       "diagnostics": [],
@crab-dev/website:lint:       "fixPasses": 0,
@crab-dev/website:lint:       "path": ".website/docs/examples/practice-admin/step-1.tsx",
@crab-dev/website:lint:       "written": false
@crab-dev/website:lint:     },
@crab-dev/website:lint:     {
@crab-dev/website:lint:       "changed": false,
@crab-dev/website:lint:       "diagnostics": [],
@crab-dev/website:lint:       "fixPasses": 0,
@crab-dev/website:lint:       "path": ".website/docs/examples/practice-admin/step-2.tsx",
@crab-dev/website:lint:       "written": false
@crab-dev/website:lint:     },
@crab-dev/website:lint:     {
@crab-dev/website:lint:       "changed": false,
@crab-dev/website:lint:       "diagnostics": [],
@crab-dev/website:lint:       "fixPasses": 0,
@crab-dev/website:lint:       "path": ".website/docs/examples/practice-admin/step-3.tsx",
@crab-dev/website:lint:       "written": false
@crab-dev/website:lint:     },
@crab-dev/website:lint:     {
@crab-dev/website:lint:       "changed": false,
@crab-dev/website:lint:       "diagnostics": [],
@crab-dev/website:lint:       "fixPasses": 0,
@crab-dev/website:lint:       "path": ".website/docs/examples/practice-admin/step-4.tsx",
@crab-dev/website:lint:       "written": false
@crab-dev/website:lint:     },
@crab-dev/website:lint:     {
@crab-dev/website:lint:       "changed": false,
@crab-dev/website:lint:       "diagnostics": [],
@crab-dev/website:lint:       "fixPasses": 0,
@crab-dev/website:lint:       "path": ".website/docs/examples/practice-data/step-1.tsx",
@crab-dev/website:lint:       "written": false
@crab-dev/website:lint:     },
@crab-dev/website:lint:     {
@crab-dev/website:lint:       "changed": false,
@crab-dev/website:lint:       "diagnostics": [],
@crab-dev/website:lint:       "fixPasses": 0,
@crab-dev/website:lint:       "path": ".website/docs/examples/practice-data/step-2.tsx",
@crab-dev/website:lint:       "written": false
@crab-dev/website:lint:     },
@crab-dev/website:lint:     {
@crab-dev/website:lint:       "changed": false,
@crab-dev/website:lint:       "diagnostics": [],
@crab-dev/website:lint:       "fixPasses": 0,
@crab-dev/website:lint:       "path": ".website/docs/examples/practice-data/step-3.tsx",
@crab-dev/website:lint:       "written": false
@crab-dev/website:lint:     },
@crab-dev/website:lint:     {
@crab-dev/website:lint:       "changed": false,
@crab-dev/website:lint:       "diagnostics": [],
@crab-dev/website:lint:       "fixPasses": 0,
@crab-dev/website:lint:       "path": ".website/docs/examples/practice-data/step-4.tsx",
@crab-dev/website:lint:       "written": false
@crab-dev/website:lint:     },
@crab-dev/website:lint:     {
@crab-dev/website:lint:       "changed": false,
@crab-dev/website:lint:       "diagnostics": [],
@crab-dev/website:lint:       "fixPasses": 0,
@crab-dev/website:lint:       "path": ".website/docs/examples/practice-profile/step-1.tsx",
@crab-dev/website:lint:       "written": false
@crab-dev/website:lint:     },
@crab-dev/website:lint:     {
@crab-dev/website:lint:       "changed": false,
@crab-dev/website:lint:       "diagnostics": [],
@crab-dev/website:lint:       "fixPasses": 0,
@crab-dev/website:lint:       "path": ".website/docs/examples/practice-profile/step-2.tsx",
@crab-dev/website:lint:       "written": false
@crab-dev/website:lint:     },
@crab-dev/website:lint:     {
@crab-dev/website:lint:       "changed": false,
@crab-dev/website:lint:       "diagnostics": [],
@crab-dev/website:lint:       "fixPasses": 0,
@crab-dev/website:lint:       "path": ".website/docs/examples/practice-profile/step-3.tsx",
@crab-dev/website:lint:       "written": false
@crab-dev/website:lint:     },
@crab-dev/website:lint:     {
@crab-dev/website:lint:       "changed": false,
@crab-dev/website:lint:       "diagnostics": [],
@crab-dev/website:lint:       "fixPasses": 0,
@crab-dev/website:lint:       "path": ".website/docs/examples/practice-profile/step-4.tsx",
@crab-dev/website:lint:       "written": false
@crab-dev/website:lint:     },
@crab-dev/website:lint:     {
@crab-dev/website:lint:       "changed": false,
@crab-dev/website:lint:       "diagnostics": [],
@crab-dev/website:lint:       "fixPasses": 0,
@crab-dev/website:lint:       "path": ".website/docs/examples/rc-alert/step-1.tsx",
@crab-dev/website:lint:       "written": false
@crab-dev/website:lint:     },
@crab-dev/website:lint:     {
@crab-dev/website:lint:       "changed": false,
@crab-dev/website:lint:       "diagnostics": [],
@crab-dev/website:lint:       "fixPasses": 0,
@crab-dev/website:lint:       "path": ".website/docs/examples/rc-alert/step-2.tsx",
@crab-dev/website:lint:       "written": false
@crab-dev/website:lint:     },
@crab-dev/website:lint:     {
@crab-dev/website:lint:       "changed": false,
@crab-dev/website:lint:       "diagnostics": [],
@crab-dev/website:lint:       "fixPasses": 0,
@crab-dev/website:lint:       "path": ".website/docs/examples/rc-app-main-layout/step-1.tsx",
@crab-dev/website:lint:       "written": false
@crab-dev/website:lint:     },
@crab-dev/website:lint:     {
@crab-dev/website:lint:       "changed": false,
@crab-dev/website:lint:       "diagnostics": [],
@crab-dev/website:lint:       "fixPasses": 0,
@crab-dev/website:lint:       "path": ".website/docs/examples/rc-app-main-layout/step-2.tsx",
@crab-dev/website:lint:       "written": false
@crab-dev/website:lint:     },
@crab-dev/website:lint:     {
@crab-dev/website:lint:       "changed": false,
@crab-dev/website:lint:       "diagnostics": [],
@crab-dev/website:lint:       "fixPasses": 0,
@crab-dev/website:lint:       "path": ".website/docs/examples/rc-auto-sizer/step-1.tsx",
@crab-dev/website:lint:       "written": false
@crab-dev/website:lint:     },
@crab-dev/website:lint:     {
@crab-dev/website:lint:       "changed": false,
@crab-dev/website:lint:       "diagnostics": [],
@crab-dev/website:lint:       "fixPasses": 0,
@crab-dev/website:lint:       "path": ".website/docs/examples/rc-auto-sizer/step-2.tsx",
@crab-dev/website:lint:       "written": false
@crab-dev/website:lint:     },
@crab-dev/website:lint:     {
@crab-dev/website:lint:       "changed": false,
@crab-dev/website:lint:       "diagnostics": [],
@crab-dev/website:lint:       "fixPasses": 0,
@crab-dev/website:lint:       "path": ".website/docs/examples/rc-avatar/step-1.tsx",
@crab-dev/website:lint:       "written": false
@crab-dev/website:lint:     },
@crab-dev/website:lint:     {
@crab-dev/website:lint:       "changed": false,
@crab-dev/website:lint:       "diagnostics": [],
@crab-dev/website:lint:       "fixPasses": 0,
@crab-dev/website:lint:       "path": ".website/docs/examples/rc-avatar/step-2.tsx",
@crab-dev/website:lint:       "written": false
@crab-dev/website:lint:     },
@crab-dev/website:lint:     {
@crab-dev/website:lint:       "changed": false,
@crab-dev/website:lint:       "diagnostics": [],
@crab-dev/website:lint:       "fixPasses": 0,
@crab-dev/website:lint:       "path": ".website/docs/examples/rc-badge/step-1.tsx",
@crab-dev/website:lint:       "written": false
@crab-dev/website:lint:     },
@crab-dev/website:lint:     {
@crab-dev/website:lint:       "changed": false,
@crab-dev/website:lint:       "diagnostics": [],
@crab-dev/website:lint:       "fixPasses": 0,
@crab-dev/website:lint:       "path": ".website/docs/examples/rc-badge/step-2.tsx",
@crab-dev/website:lint:       "written": false
@crab-dev/website:lint:     },
@crab-dev/website:lint:     {
@crab-dev/website:lint:       "changed": false,
@crab-dev/website:lint:       "diagnostics": [],
@crab-dev/website:lint:       "fixPasses": 0,
@crab-dev/website:lint:       "path": ".website/docs/examples/rc-bar-chart/step-1.tsx",
@crab-dev/website:lint:       "written": false
@crab-dev/website:lint:     },
@crab-dev/website:lint:     {
@crab-dev/website:lint:       "changed": false,
@crab-dev/website:lint:       "diagnostics": [],
@crab-dev/website:lint:       "fixPasses": 0,
@crab-dev/website:lint:       "path": ".website/docs/examples/rc-bar-chart/step-2.tsx",
@crab-dev/website:lint:       "written": false
@crab-dev/website:lint:     },
@crab-dev/website:lint:     {
@crab-dev/website:lint:       "changed": false,
@crab-dev/website:lint:       "diagnostics": [],
@crab-dev/website:lint:       "fixPasses": 0,
@crab-dev/website:lint:       "path": ".website/docs/examples/rc-breadcrumbs/step-1.tsx",
@crab-dev/website:lint:       "written": false
@crab-dev/website:lint:     },
@crab-dev/website:lint:     {
@crab-dev/website:lint:       "changed": false,
@crab-dev/website:lint:       "diagnostics": [],
@crab-dev/website:lint:       "fixPasses": 0,
@crab-dev/website:lint:       "path": ".website/docs/examples/rc-breadcrumbs/step-2.tsx",
@crab-dev/website:lint:       "written": false
@crab-dev/website:lint:     },
@crab-dev/website:lint:     {
@crab-dev/website:lint:       "changed": false,
@crab-dev/website:lint:       "diagnostics": [],
@crab-dev/website:lint:       "fixPasses": 0,
@crab-dev/website:lint:       "path": ".website/docs/examples/rc-button/step-1.tsx",
@crab-dev/website:lint:       "written": false
@crab-dev/website:lint:     },
@crab-dev/website:lint:     {
@crab-dev/website:lint:       "changed": false,
@crab-dev/website:lint:       "diagnostics": [],
@crab-dev/website:lint:       "fixPasses": 0,
@crab-dev/website:lint:       "path": ".website/docs/examples/rc-button/step-2.tsx",
@crab-dev/website:lint:       "written": false
@crab-dev/website:lint:     },
@crab-dev/website:lint:     {
@crab-dev/website:lint:       "changed": false,
@crab-dev/website:lint:       "diagnostics": [],
@crab-dev/website:lint:       "fixPasses": 0,
@crab-dev/website:lint:       "path": ".website/docs/examples/rc-canvas/step-1.tsx",
@crab-dev/website:lint:       "written": false
@crab-dev/website:lint:     },
@crab-dev/website:lint:     {
@crab-dev/website:lint:       "changed": false,
@crab-dev/website:lint:       "diagnostics": [],
@crab-dev/website:lint:       "fixPasses": 0,
@crab-dev/website:lint:       "path": ".website/docs/examples/rc-canvas/step-2.tsx",
@crab-dev/website:lint:       "written": false
@crab-dev/website:lint:     },
@crab-dev/website:lint:     {
@crab-dev/website:lint:       "changed": false,
@crab-dev/website:lint:       "diagnostics": [],
@crab-dev/website:lint:       "fixPasses": 0,
@crab-dev/website:lint:       "path": ".website/docs/examples/rc-card/step-1.tsx",
@crab-dev/website:lint:       "written": false
@crab-dev/website:lint:     },
@crab-dev/website:lint:     {
@crab-dev/website:lint:       "changed": false,
@crab-dev/website:lint:       "diagnostics": [],
@crab-dev/website:lint:       "fixPasses": 0,
@crab-dev/website:lint:       "path": ".website/docs/examples/rc-card/step-2.tsx",
@crab-dev/website:lint:       "written": false
@crab-dev/website:lint:     },
@crab-dev/website:lint:     {
@crab-dev/website:lint:       "changed": false,
@crab-dev/website:lint:       "diagnostics": [],
@crab-dev/website:lint:       "fixPasses": 0,
@crab-dev/website:lint:       "path": ".website/docs/examples/rc-checkbox/step-1.tsx",
@crab-dev/website:lint:       "written": false
@crab-dev/website:lint:     },
@crab-dev/website:lint:     {
@crab-dev/website:lint:       "changed": false,
@crab-dev/website:lint:       "diagnostics": [],
@crab-dev/website:lint:       "fixPasses": 0,
@crab-dev/website:lint:       "path": ".website/docs/examples/rc-checkbox/step-2.tsx",
@crab-dev/website:lint:       "written": false
@crab-dev/website:lint:     },
@crab-dev/website:lint:     {
@crab-dev/website:lint:       "changed": false,
@crab-dev/website:lint:       "diagnostics": [],
@crab-dev/website:lint:       "fixPasses": 0,
@crab-dev/website:lint:       "path": ".website/docs/examples/rc-color-picker/step-1.tsx",
@crab-dev/website:lint:       "written": false
@crab-dev/website:lint:     },
@crab-dev/website:lint:     {
@crab-dev/website:lint:       "changed": false,
@crab-dev/website:lint:       "diagnostics": [],
@crab-dev/website:lint:       "fixPasses": 0,
@crab-dev/website:lint:       "path": ".website/docs/examples/rc-color-picker/step-2.tsx",
@crab-dev/website:lint:       "written": false
@crab-dev/website:lint:     },
@crab-dev/website:lint:     {
@crab-dev/website:lint:       "changed": false,
@crab-dev/website:lint:       "diagnostics": [],
@crab-dev/website:lint:       "fixPasses": 0,
@crab-dev/website:lint:       "path": ".website/docs/examples/rc-component-preview/step-1.tsx",
@crab-dev/website:lint:       "written": false
@crab-dev/website:lint:     },
@crab-dev/website:lint:     {
@crab-dev/website:lint:       "changed": false,
@crab-dev/website:lint:       "diagnostics": [],
@crab-dev/website:lint:       "fixPasses": 0,
@crab-dev/website:lint:       "path": ".website/docs/examples/rc-component-preview/step-2.tsx",
@crab-dev/website:lint:       "written": false
@crab-dev/website:lint:     },
@crab-dev/website:lint:     {
@crab-dev/website:lint:       "changed": false,
@crab-dev/website:lint:       "diagnostics": [],
@crab-dev/website:lint:       "fixPasses": 0,
@crab-dev/website:lint:       "path": ".website/docs/examples/rc-cron-picker/step-1.tsx",
@crab-dev/website:lint:       "written": false
@crab-dev/website:lint:     },
@crab-dev/website:lint:     {
@crab-dev/website:lint:       "changed": false,
@crab-dev/website:lint:       "diagnostics": [],
@crab-dev/website:lint:       "fixPasses": 0,
@crab-dev/website:lint:       "path": ".website/docs/examples/rc-cron-picker/step-2.tsx",
@crab-dev/website:lint:       "written": false
@crab-dev/website:lint:     },
@crab-dev/website:lint:     {
@crab-dev/website:lint:       "changed": false,
@crab-dev/website:lint:       "diagnostics": [],
@crab-dev/website:lint:       "fixPasses": 0,
@crab-dev/website:lint:       "path": ".website/docs/examples/rc-date-picker/step-1.tsx",
@crab-dev/website:lint:       "written": false
@crab-dev/website:lint:     },
@crab-dev/website:lint:     {
@crab-dev/website:lint:       "changed": false,
@crab-dev/website:lint:       "diagnostics": [],
@crab-dev/website:lint:       "fixPasses": 0,
@crab-dev/website:lint:       "path": ".website/docs/examples/rc-date-picker/step-2.tsx",
@crab-dev/website:lint:       "written": false
@crab-dev/website:lint:     },
@crab-dev/website:lint:     {
@crab-dev/website:lint:       "changed": false,
@crab-dev/website:lint:       "diagnostics": [],
@crab-dev/website:lint:       "fixPasses": 0,
@crab-dev/website:lint:       "path": ".website/docs/examples/rc-dialog/step-1.tsx",
@crab-dev/website:lint:       "written": false
@crab-dev/website:lint:     },
@crab-dev/website:lint:     {
@crab-dev/website:lint:       "changed": false,
@crab-dev/website:lint:       "diagnostics": [],
@crab-dev/website:lint:       "fixPasses": 0,
@crab-dev/website:lint:       "path": ".website/docs/examples/rc-dialog/step-2.tsx",
@crab-dev/website:lint:       "written": false
@crab-dev/website:lint:     },
@crab-dev/website:lint:     {
@crab-dev/website:lint:       "changed": false,
@crab-dev/website:lint:       "diagnostics": [],
@crab-dev/website:lint:       "fixPasses": 0,
@crab-dev/website:lint:       "path": ".website/docs/examples/rc-divider/step-1.tsx",
@crab-dev/website:lint:       "written": false
@crab-dev/website:lint:     },
@crab-dev/website:lint:     {
@crab-dev/website:lint:       "changed": false,
@crab-dev/website:lint:       "diagnostics": [],
@crab-dev/website:lint:       "fixPasses": 0,
@crab-dev/website:lint:       "path": ".website/docs/examples/rc-divider/step-2.tsx",
@crab-dev/website:lint:       "written": false
@crab-dev/website:lint:     },
@crab-dev/website:lint:     {
@crab-dev/website:lint:       "changed": false,
@crab-dev/website:lint:       "diagnostics": [],
@crab-dev/website:lint:       "fixPasses": 0,
@crab-dev/website:lint:       "path": ".website/docs/examples/rc-drawer/step-1.tsx",
@crab-dev/website:lint:       "written": false
@crab-dev/website:lint:     },
@crab-dev/website:lint:     {
@crab-dev/website:lint:       "changed": false,
@crab-dev/website:lint:       "diagnostics": [],
@crab-dev/website:lint:       "fixPasses": 0,
@crab-dev/website:lint:       "path": ".website/docs/examples/rc-drawer/step-2.tsx",
@crab-dev/website:lint:       "written": false
@crab-dev/website:lint:     },
@crab-dev/website:lint:     {
@crab-dev/website:lint:       "changed": false,
@crab-dev/website:lint:       "diagnostics": [],
@crab-dev/website:lint:       "fixPasses": 0,
@crab-dev/website:lint:       "path": ".website/docs/examples/rc-dropdown-container/step-1.tsx",
@crab-dev/website:lint:       "written": false
@crab-dev/website:lint:     },
@crab-dev/website:lint:     {
@crab-dev/website:lint:       "changed": false,
@crab-dev/website:lint:       "diagnostics": [],
@crab-dev/website:lint:       "fixPasses": 0,
@crab-dev/website:lint:       "path": ".website/docs/examples/rc-dropdown-container/step-2.tsx",
@crab-dev/website:lint:       "written": false
@crab-dev/website:lint:     },
@crab-dev/website:lint:     {
@crab-dev/website:lint:       "changed": false,
@crab-dev/website:lint:       "diagnostics": [],
@crab-dev/website:lint:       "fixPasses": 0,
@crab-dev/website:lint:       "path": ".website/docs/examples/rc-empty/step-1.tsx",
@crab-dev/website:lint:       "written": false
@crab-dev/website:lint:     },
@crab-dev/website:lint:     {
@crab-dev/website:lint:       "changed": false,
@crab-dev/website:lint:       "diagnostics": [],
@crab-dev/website:lint:       "fixPasses": 0,
@crab-dev/website:lint:       "path": ".website/docs/examples/rc-empty/step-2.tsx",
@crab-dev/website:lint:       "written": false
@crab-dev/website:lint:     },
@crab-dev/website:lint:     {
@crab-dev/website:lint:       "changed": false,
@crab-dev/website:lint:       "diagnostics": [],
@crab-dev/website:lint:       "fixPasses": 0,
@crab-dev/website:lint:       "path": ".website/docs/examples/rc-flow-diagram/step-1.tsx",
@crab-dev/website:lint:       "written": false
@crab-dev/website:lint:     },
@crab-dev/website:lint:     {
@crab-dev/website:lint:       "changed": false,
@crab-dev/website:lint:       "diagnostics": [],
@crab-dev/website:lint:       "fixPasses": 0,
@crab-dev/website:lint:       "path": ".website/docs/examples/rc-flow-diagram/step-2.tsx",
@crab-dev/website:lint:       "written": false
@crab-dev/website:lint:     },
@crab-dev/website:lint:     {
@crab-dev/website:lint:       "changed": false,
@crab-dev/website:lint:       "diagnostics": [],
@crab-dev/website:lint:       "fixPasses": 0,
@crab-dev/website:lint:       "path": ".website/docs/examples/rc-form/step-1.tsx",
@crab-dev/website:lint:       "written": false
@crab-dev/website:lint:     },
@crab-dev/website:lint:     {
@crab-dev/website:lint:       "changed": false,
@crab-dev/website:lint:       "diagnostics": [],
@crab-dev/website:lint:       "fixPasses": 0,
@crab-dev/website:lint:       "path": ".website/docs/examples/rc-form/step-2.tsx",
@crab-dev/website:lint:       "written": false
@crab-dev/website:lint:     },
@crab-dev/website:lint:     {
@crab-dev/website:lint:       "changed": false,
@crab-dev/website:lint:       "diagnostics": [],
@crab-dev/website:lint:       "fixPasses": 0,
@crab-dev/website:lint:       "path": ".website/docs/examples/rc-hooks/step-1.tsx",
@crab-dev/website:lint:       "written": false
@crab-dev/website:lint:     },
@crab-dev/website:lint:     {
@crab-dev/website:lint:       "changed": false,
@crab-dev/website:lint:       "diagnostics": [],
@crab-dev/website:lint:       "fixPasses": 0,
@crab-dev/website:lint:       "path": ".website/docs/examples/rc-hooks/step-2.tsx",
@crab-dev/website:lint:       "written": false
@crab-dev/website:lint:     },
@crab-dev/website:lint:     {
@crab-dev/website:lint:       "changed": false,
@crab-dev/website:lint:       "diagnostics": [],
@crab-dev/website:lint:       "fixPasses": 0,
@crab-dev/website:lint:       "path": ".website/docs/examples/rc-line-edit/step-1.tsx",
@crab-dev/website:lint:       "written": false
@crab-dev/website:lint:     },
@crab-dev/website:lint:     {
@crab-dev/website:lint:       "changed": false,
@crab-dev/website:lint:       "diagnostics": [],
@crab-dev/website:lint:       "fixPasses": 0,
@crab-dev/website:lint:       "path": ".website/docs/examples/rc-line-edit/step-2.tsx",
@crab-dev/website:lint:       "written": false
@crab-dev/website:lint:     },
@crab-dev/website:lint:     {
@crab-dev/website:lint:       "changed": false,
@crab-dev/website:lint:       "diagnostics": [],
@crab-dev/website:lint:       "fixPasses": 0,
@crab-dev/website:lint:       "path": ".website/docs/examples/rc-masonry/step-1.tsx",
@crab-dev/website:lint:       "written": false
@crab-dev/website:lint:     },
@crab-dev/website:lint:     {
@crab-dev/website:lint:       "changed": false,
@crab-dev/website:lint:       "diagnostics": [],
@crab-dev/website:lint:       "fixPasses": 0,
@crab-dev/website:lint:       "path": ".website/docs/examples/rc-masonry/step-2.tsx",
@crab-dev/website:lint:       "written": false
@crab-dev/website:lint:     },
@crab-dev/website:lint:     {
@crab-dev/website:lint:       "changed": false,
@crab-dev/website:lint:       "diagnostics": [],
@crab-dev/website:lint:       "fixPasses": 0,
@crab-dev/website:lint:       "path": ".website/docs/examples/rc-menu/step-1.tsx",
@crab-dev/website:lint:       "written": false
@crab-dev/website:lint:     },
@crab-dev/website:lint:     {
@crab-dev/website:lint:       "changed": false,
@crab-dev/website:lint:       "diagnostics": [],
@crab-dev/website:lint:       "fixPasses": 0,
@crab-dev/website:lint:       "path": ".website/docs/examples/rc-menu/step-2.tsx",
@crab-dev/website:lint:       "written": false
@crab-dev/website:lint:     },
@crab-dev/website:lint:     {
@crab-dev/website:lint:       "changed": false,
@crab-dev/website:lint:       "diagnostics": [],
@crab-dev/website:lint:       "fixPasses": 0,
@crab-dev/website:lint:       "path": ".website/docs/examples/rc-message/step-1.tsx",
@crab-dev/website:lint:       "written": false
@crab-dev/website:lint:     },
@crab-dev/website:lint:     {
@crab-dev/website:lint:       "changed": false,
@crab-dev/website:lint:       "diagnostics": [],
@crab-dev/website:lint:       "fixPasses": 0,
@crab-dev/website:lint:       "path": ".website/docs/examples/rc-message/step-2.tsx",
@crab-dev/website:lint:       "written": false
@crab-dev/website:lint:     },
@crab-dev/website:lint:     {
@crab-dev/website:lint:       "changed": false,
@crab-dev/website:lint:       "diagnostics": [],
@crab-dev/website:lint:       "fixPasses": 0,
@crab-dev/website:lint:       "path": ".website/docs/examples/rc-notification/step-1.tsx",
@crab-dev/website:lint:       "written": false
@crab-dev/website:lint:     },
@crab-dev/website:lint:     {
@crab-dev/website:lint:       "changed": false,
@crab-dev/website:lint:       "diagnostics": [],
@crab-dev/website:lint:       "fixPasses": 0,
@crab-dev/website:lint:       "path": ".website/docs/examples/rc-notification/step-2.tsx",
@crab-dev/website:lint:       "written": false
@crab-dev/website:lint:     },
@crab-dev/website:lint:     {
@crab-dev/website:lint:       "changed": false,
@crab-dev/website:lint:       "diagnostics": [],
@crab-dev/website:lint:       "fixPasses": 0,
@crab-dev/website:lint:       "path": ".website/docs/examples/rc-number-edit/step-1.tsx",
@crab-dev/website:lint:       "written": false
@crab-dev/website:lint:     },
@crab-dev/website:lint:     {
@crab-dev/website:lint:       "changed": false,
@crab-dev/website:lint:       "diagnostics": [],
@crab-dev/website:lint:       "fixPasses": 0,
@crab-dev/website:lint:       "path": ".website/docs/examples/rc-number-edit/step-2.tsx",
@crab-dev/website:lint:       "written": false
@crab-dev/website:lint:     },
@crab-dev/website:lint:     {
@crab-dev/website:lint:       "changed": false,
@crab-dev/website:lint:       "diagnostics": [],
@crab-dev/website:lint:       "fixPasses": 0,
@crab-dev/website:lint:       "path": ".website/docs/examples/rc-pagination/step-1.tsx",
@crab-dev/website:lint:       "written": false
@crab-dev/website:lint:     },
@crab-dev/website:lint:     {
@crab-dev/website:lint:       "changed": false,
@crab-dev/website:lint:       "diagnostics": [],
@crab-dev/website:lint:       "fixPasses": 0,
@crab-dev/website:lint:       "path": ".website/docs/examples/rc-pagination/step-2.tsx",
@crab-dev/website:lint:       "written": false
@crab-dev/website:lint:     },
@crab-dev/website:lint:     {
@crab-dev/website:lint:       "changed": false,
@crab-dev/website:lint:       "diagnostics": [],
@crab-dev/website:lint:       "fixPasses": 0,
@crab-dev/website:lint:       "path": ".website/docs/examples/rc-prose/step-1.tsx",
@crab-dev/website:lint:       "written": false
@crab-dev/website:lint:     },
@crab-dev/website:lint:     {
@crab-dev/website:lint:       "changed": false,
@crab-dev/website:lint:       "diagnostics": [],
@crab-dev/website:lint:       "fixPasses": 0,
@crab-dev/website:lint:       "path": ".website/docs/examples/rc-prose/step-2.tsx",
@crab-dev/website:lint:       "written": false
@crab-dev/website:lint:     },
@crab-dev/website:lint:     {
@crab-dev/website:lint:       "changed": false,
@crab-dev/website:lint:       "diagnostics": [],
@crab-dev/website:lint:       "fixPasses": 0,
@crab-dev/website:lint:       "path": ".website/docs/examples/rc-radio/step-1.tsx",
@crab-dev/website:lint:       "written": false
@crab-dev/website:lint:     },
@crab-dev/website:lint:     {
@crab-dev/website:lint:       "changed": false,
@crab-dev/website:lint:       "diagnostics": [],
@crab-dev/website:lint:       "fixPasses": 0,
@crab-dev/website:lint:       "path": ".website/docs/examples/rc-radio/step-2.tsx",
@crab-dev/website:lint:       "written": false
@crab-dev/website:lint:     },
@crab-dev/website:lint:     {
@crab-dev/website:lint:       "changed": false,
@crab-dev/website:lint:       "diagnostics": [],
@crab-dev/website:lint:       "fixPasses": 0,
@crab-dev/website:lint:       "path": ".website/docs/examples/rc-realm/step-1.tsx",
@crab-dev/website:lint:       "written": false
@crab-dev/website:lint:     },
@crab-dev/website:lint:     {
@crab-dev/website:lint:       "changed": false,
@crab-dev/website:lint:       "diagnostics": [],
@crab-dev/website:lint:       "fixPasses": 0,
@crab-dev/website:lint:       "path": ".website/docs/examples/rc-realm/step-2.tsx",
@crab-dev/website:lint:       "written": false
@crab-dev/website:lint:     },
@crab-dev/website:lint:     {
@crab-dev/website:lint:       "changed": false,
@crab-dev/website:lint:       "diagnostics": [],
@crab-dev/website:lint:       "fixPasses": 0,
@crab-dev/website:lint:       "path": ".website/docs/examples/rc-router/step-1.tsx",
@crab-dev/website:lint:       "written": false
@crab-dev/website:lint:     },
@crab-dev/website:lint:     {
@crab-dev/website:lint:       "changed": false,
@crab-dev/website:lint:       "diagnostics": [],
@crab-dev/website:lint:       "fixPasses": 0,
@crab-dev/website:lint:       "path": ".website/docs/examples/rc-router/step-2.tsx",
@crab-dev/website:lint:       "written": false
@crab-dev/website:lint:     },
@crab-dev/website:lint:     {
@crab-dev/website:lint:       "changed": false,
@crab-dev/website:lint:       "diagnostics": [],
@crab-dev/website:lint:       "fixPasses": 0,
@crab-dev/website:lint:       "path": ".website/docs/examples/rc-segmented/step-1.tsx",
@crab-dev/website:lint:       "written": false
@crab-dev/website:lint:     },
@crab-dev/website:lint:     {
@crab-dev/website:lint:       "changed": false,
@crab-dev/website:lint:       "diagnostics": [],
@crab-dev/website:lint:       "fixPasses": 0,
@crab-dev/website:lint:       "path": ".website/docs/examples/rc-segmented/step-2.tsx",
@crab-dev/website:lint:       "written": false
@crab-dev/website:lint:     },
@crab-dev/website:lint:     {
@crab-dev/website:lint:       "changed": false,
@crab-dev/website:lint:       "diagnostics": [],
@crab-dev/website:lint:       "fixPasses": 0,
@crab-dev/website:lint:       "path": ".website/docs/examples/rc-select/step-1.tsx",
@crab-dev/website:lint:       "written": false
@crab-dev/website:lint:     },
@crab-dev/website:lint:     {
@crab-dev/website:lint:       "changed": false,
@crab-dev/website:lint:       "diagnostics": [],
@crab-dev/website:lint:       "fixPasses": 0,
@crab-dev/website:lint:       "path": ".website/docs/examples/rc-select/step-2.tsx",
@crab-dev/website:lint:       "written": false
@crab-dev/website:lint:     },
@crab-dev/website:lint:     {
@crab-dev/website:lint:       "changed": false,
@crab-dev/website:lint:       "diagnostics": [],
@crab-dev/website:lint:       "fixPasses": 0,
@crab-dev/website:lint:       "path": ".website/docs/examples/rc-skeleton/step-1.tsx",
@crab-dev/website:lint:       "written": false
@crab-dev/website:lint:     },
@crab-dev/website:lint:     {
@crab-dev/website:lint:       "changed": false,
@crab-dev/website:lint:       "diagnostics": [],
@crab-dev/website:lint:       "fixPasses": 0,
@crab-dev/website:lint:       "path": ".website/docs/examples/rc-skeleton/step-2.tsx",
@crab-dev/website:lint:       "written": false
@crab-dev/website:lint:     },
@crab-dev/website:lint:     {
@crab-dev/website:lint:       "changed": false,
@crab-dev/website:lint:       "diagnostics": [],
@crab-dev/website:lint:       "fixPasses": 0,
@crab-dev/website:lint:       "path": ".website/docs/examples/rc-slider/step-1.tsx",
@crab-dev/website:lint:       "written": false
@crab-dev/website:lint:     },
@crab-dev/website:lint:     {
@crab-dev/website:lint:       "changed": false,
@crab-dev/website:lint:       "diagnostics": [],
@crab-dev/website:lint:       "fixPasses": 0,
@crab-dev/website:lint:       "path": ".website/docs/examples/rc-slider/step-2.tsx",
@crab-dev/website:lint:       "written": false
@crab-dev/website:lint:     },
@crab-dev/website:lint:     {
@crab-dev/website:lint:       "changed": false,
@crab-dev/website:lint:       "diagnostics": [],
@crab-dev/website:lint:       "fixPasses": 0,
@crab-dev/website:lint:       "path": ".website/docs/examples/rc-spin/step-1.tsx",
@crab-dev/website:lint:       "written": false
@crab-dev/website:lint:     },
@crab-dev/website:lint:     {
@crab-dev/website:lint:       "changed": false,
@crab-dev/website:lint:       "diagnostics": [],
@crab-dev/website:lint:       "fixPasses": 0,
@crab-dev/website:lint:       "path": ".website/docs/examples/rc-spin/step-2.tsx",
@crab-dev/website:lint:       "written": false
@crab-dev/website:lint:     },
@crab-dev/website:lint:     {
@crab-dev/website:lint:       "changed": false,
@crab-dev/website:lint:       "diagnostics": [],
@crab-dev/website:lint:       "fixPasses": 0,
@crab-dev/website:lint:       "path": ".website/docs/examples/rc-split-pane/step-1.tsx",
@crab-dev/website:lint:       "written": false
@crab-dev/website:lint:     },
@crab-dev/website:lint:     {
@crab-dev/website:lint:       "changed": false,
@crab-dev/website:lint:       "diagnostics": [],
@crab-dev/website:lint:       "fixPasses": 0,
@crab-dev/website:lint:       "path": ".website/docs/examples/rc-split-pane/step-2.tsx",
@crab-dev/website:lint:       "written": false
@crab-dev/website:lint:     },
@crab-dev/website:lint:     {
@crab-dev/website:lint:       "changed": false,
@crab-dev/website:lint:       "diagnostics": [],
@crab-dev/website:lint:       "fixPasses": 0,
@crab-dev/website:lint:       "path": ".website/docs/examples/rc-switch/step-1.tsx",
@crab-dev/website:lint:       "written": false
@crab-dev/website:lint:     },
@crab-dev/website:lint:     {
@crab-dev/website:lint:       "changed": false,
@crab-dev/website:lint:       "diagnostics": [],
@crab-dev/website:lint:       "fixPasses": 0,
@crab-dev/website:lint:       "path": ".website/docs/examples/rc-switch/step-2.tsx",
@crab-dev/website:lint:       "written": false
@crab-dev/website:lint:     },
@crab-dev/website:lint:     {
@crab-dev/website:lint:       "changed": false,
@crab-dev/website:lint:       "diagnostics": [],
@crab-dev/website:lint:       "fixPasses": 0,
@crab-dev/website:lint:       "path": ".website/docs/examples/rc-table-pro/step-1.tsx",
@crab-dev/website:lint:       "written": false
@crab-dev/website:lint:     },
@crab-dev/website:lint:     {
@crab-dev/website:lint:       "changed": false,
@crab-dev/website:lint:       "diagnostics": [],
@crab-dev/website:lint:       "fixPasses": 0,
@crab-dev/website:lint:       "path": ".website/docs/examples/rc-table-pro/step-2.tsx",
@crab-dev/website:lint:       "written": false
@crab-dev/website:lint:     },
@crab-dev/website:lint:     {
@crab-dev/website:lint:       "changed": false,
@crab-dev/website:lint:       "diagnostics": [],
@crab-dev/website:lint:       "fixPasses": 0,
@crab-dev/website:lint:       "path": ".website/docs/examples/rc-table/step-1.tsx",
@crab-dev/website:lint:       "written": false
@crab-dev/website:lint:     },
@crab-dev/website:lint:     {
@crab-dev/website:lint:       "changed": false,
@crab-dev/website:lint:       "diagnostics": [],
@crab-dev/website:lint:       "fixPasses": 0,
@crab-dev/website:lint:       "path": ".website/docs/examples/rc-table/step-2.tsx",
@crab-dev/website:lint:       "written": false
@crab-dev/website:lint:     },
@crab-dev/website:lint:     {
@crab-dev/website:lint:       "changed": false,
@crab-dev/website:lint:       "diagnostics": [],
@crab-dev/website:lint:       "fixPasses": 0,
@crab-dev/website:lint:       "path": ".website/docs/examples/rc-tabs/step-1.tsx",
@crab-dev/website:lint:       "written": false
@crab-dev/website:lint:     },
@crab-dev/website:lint:     {
@crab-dev/website:lint:       "changed": false,
@crab-dev/website:lint:       "diagnostics": [],
@crab-dev/website:lint:       "fixPasses": 0,
@crab-dev/website:lint:       "path": ".website/docs/examples/rc-tabs/step-2.tsx",
@crab-dev/website:lint:       "written": false
@crab-dev/website:lint:     },
@crab-dev/website:lint:     {
@crab-dev/website:lint:       "changed": false,
@crab-dev/website:lint:       "diagnostics": [],
@crab-dev/website:lint:       "fixPasses": 0,
@crab-dev/website:lint:       "path": ".website/docs/examples/rc-tag/step-1.tsx",
@crab-dev/website:lint:       "written": false
@crab-dev/website:lint:     },
@crab-dev/website:lint:     {
@crab-dev/website:lint:       "changed": false,
@crab-dev/website:lint:       "diagnostics": [],
@crab-dev/website:lint:       "fixPasses": 0,
@crab-dev/website:lint:       "path": ".website/docs/examples/rc-tag/step-2.tsx",
@crab-dev/website:lint:       "written": false
@crab-dev/website:lint:     },
@crab-dev/website:lint:     {
@crab-dev/website:lint:       "changed": false,
@crab-dev/website:lint:       "diagnostics": [],
@crab-dev/website:lint:       "fixPasses": 0,
@crab-dev/website:lint:       "path": ".website/docs/examples/rc-text-edit/step-1.tsx",
@crab-dev/website:lint:       "written": false
@crab-dev/website:lint:     },
@crab-dev/website:lint:     {
@crab-dev/website:lint:       "changed": false,
@crab-dev/website:lint:       "diagnostics": [],
@crab-dev/website:lint:       "fixPasses": 0,
@crab-dev/website:lint:       "path": ".website/docs/examples/rc-text-edit/step-2.tsx",
@crab-dev/website:lint:       "written": false
@crab-dev/website:lint:     },
@crab-dev/website:lint:     {
@crab-dev/website:lint:       "changed": false,
@crab-dev/website:lint:       "diagnostics": [],
@crab-dev/website:lint:       "fixPasses": 0,
@crab-dev/website:lint:       "path": ".website/docs/examples/rc-theme/step-1.tsx",
@crab-dev/website:lint:       "written": false
@crab-dev/website:lint:     },
@crab-dev/website:lint:     {
@crab-dev/website:lint:       "changed": false,
@crab-dev/website:lint:       "diagnostics": [],
@crab-dev/website:lint:       "fixPasses": 0,
@crab-dev/website:lint:       "path": ".website/docs/examples/rc-theme/step-2.tsx",
@crab-dev/website:lint:       "written": false
@crab-dev/website:lint:     },
@crab-dev/website:lint:     {
@crab-dev/website:lint:       "changed": false,
@crab-dev/website:lint:       "diagnostics": [],
@crab-dev/website:lint:       "fixPasses": 0,
@crab-dev/website:lint:       "path": ".website/docs/examples/rc-token-global/step-1.tsx",
@crab-dev/website:lint:       "written": false
@crab-dev/website:lint:     },
@crab-dev/website:lint:     {
@crab-dev/website:lint:       "changed": false,
@crab-dev/website:lint:       "diagnostics": [],
@crab-dev/website:lint:       "fixPasses": 0,
@crab-dev/website:lint:       "path": ".website/docs/examples/rc-token-global/step-2.tsx",
@crab-dev/website:lint:       "written": false
@crab-dev/website:lint:     },
@crab-dev/website:lint:     {
@crab-dev/website:lint:       "changed": false,
@crab-dev/website:lint:       "diagnostics": [],
@crab-dev/website:lint:       "fixPasses": 0,
@crab-dev/website:lint:       "path": ".website/docs/examples/rc-token-semantic/step-1.tsx",
@crab-dev/website:lint:       "written": false
@crab-dev/website:lint:     },
@crab-dev/website:lint:     {
@crab-dev/website:lint:       "changed": false,
@crab-dev/website:lint:       "diagnostics": [],
@crab-dev/website:lint:       "fixPasses": 0,
@crab-dev/website:lint:       "path": ".website/docs/examples/rc-token-semantic/step-2.tsx",
@crab-dev/website:lint:       "written": false
@crab-dev/website:lint:     },
@crab-dev/website:lint:     {
@crab-dev/website:lint:       "changed": false,
@crab-dev/website:lint:       "diagnostics": [],
@crab-dev/website:lint:       "fixPasses": 0,
@crab-dev/website:lint:       "path": ".website/docs/examples/rc-tooltip/step-1.tsx",
@crab-dev/website:lint:       "written": false
@crab-dev/website:lint:     },
@crab-dev/website:lint:     {
@crab-dev/website:lint:       "changed": false,
@crab-dev/website:lint:       "diagnostics": [],
@crab-dev/website:lint:       "fixPasses": 0,
@crab-dev/website:lint:       "path": ".website/docs/examples/rc-tooltip/step-2.tsx",
@crab-dev/website:lint:       "written": false
@crab-dev/website:lint:     },
@crab-dev/website:lint:     {
@crab-dev/website:lint:       "changed": false,
@crab-dev/website:lint:       "diagnostics": [],
@crab-dev/website:lint:       "fixPasses": 0,
@crab-dev/website:lint:       "path": ".website/docs/examples/rc-tree/step-1.tsx",
@crab-dev/website:lint:       "written": false
@crab-dev/website:lint:     },
@crab-dev/website:lint:     {
@crab-dev/website:lint:       "changed": false,
@crab-dev/website:lint:       "diagnostics": [],
@crab-dev/website:lint:       "fixPasses": 0,
@crab-dev/website:lint:       "path": ".website/docs/examples/rc-tree/step-2.tsx",
@crab-dev/website:lint:       "written": false
@crab-dev/website:lint:     },
@crab-dev/website:lint:     {
@crab-dev/website:lint:       "changed": false,
@crab-dev/website:lint:       "diagnostics": [],
@crab-dev/website:lint:       "fixPasses": 0,
@crab-dev/website:lint:       "path": ".website/docs/examples/rc-virtual/step-1.tsx",
@crab-dev/website:lint:       "written": false
@crab-dev/website:lint:     },
@crab-dev/website:lint:     {
@crab-dev/website:lint:       "changed": false,
@crab-dev/website:lint:       "diagnostics": [],
@crab-dev/website:lint:       "fixPasses": 0,
@crab-dev/website:lint:       "path": ".website/docs/examples/rc-virtual/step-2.tsx",
@crab-dev/website:lint:       "written": false
@crab-dev/website:lint:     },
@crab-dev/website:lint:     {
@crab-dev/website:lint:       "changed": false,
@crab-dev/website:lint:       "diagnostics": [],
@crab-dev/website:lint:       "fixPasses": 0,
@crab-dev/website:lint:       "path": ".website/docs/site/__tests__/colorAssertions.ts",
@crab-dev/website:lint:       "written": false
@crab-dev/website:lint:     },
@crab-dev/website:lint:     {
@crab-dev/website:lint:       "changed": false,
@crab-dev/website:lint:       "diagnostics": [],
@crab-dev/website:lint:       "fixPasses": 0,
@crab-dev/website:lint:       "path": ".website/docs/site/__tests__/componentDemos.test.tsx",
@crab-dev/website:lint:       "written": false
@crab-dev/website:lint:     },
@crab-dev/website:lint:     {
@crab-dev/website:lint:       "changed": false,
@crab-dev/website:lint:       "diagnostics": [],
@crab-dev/website:lint:       "fixPasses": 0,
@crab-dev/website:lint:       "path": ".website/docs/site/__tests__/palette.test.ts",
@crab-dev/website:lint:       "written": false
@crab-dev/website:lint:     },
@crab-dev/website:lint:     {
@crab-dev/website:lint:       "changed": false,
@crab-dev/website:lint:       "diagnostics": [],
@crab-dev/website:lint:       "fixPasses": 0,
@crab-dev/website:lint:       "path": ".website/docs/site/__tests__/tokenReference.test.tsx",
@crab-dev/website:lint:       "written": false
@crab-dev/website:lint:     },
@crab-dev/website:lint:     {
@crab-dev/website:lint:       "changed": false,
@crab-dev/website:lint:       "diagnostics": [],
@crab-dev/website:lint:       "fixPasses": 0,
@crab-dev/website:lint:       "path": ".website/docs/site/__tests__/tutorial.test.tsx",
@crab-dev/website:lint:       "written": false
@crab-dev/website:lint:     },
@crab-dev/website:lint:     {
@crab-dev/website:lint:       "changed": false,
@crab-dev/website:lint:       "diagnostics": [],
@crab-dev/website:lint:       "fixPasses": 0,
@crab-dev/website:lint:       "path": ".website/docs/site/__tests__/ui.test.tsx",
@crab-dev/website:lint:       "written": false
@crab-dev/website:lint:     },
@crab-dev/website:lint:     {
@crab-dev/website:lint:       "changed": false,
@crab-dev/website:lint:       "diagnostics": [],
@crab-dev/website:lint:       "fixPasses": 0,
@crab-dev/website:lint:       "path": ".website/docs/site/catalog/display.tsx",
@crab-dev/website:lint:       "written": false
@crab-dev/website:lint:     },
@crab-dev/website:lint:     {
@crab-dev/website:lint:       "changed": false,
@crab-dev/website:lint:       "diagnostics": [],
@crab-dev/website:lint:       "fixPasses": 0,
@crab-dev/website:lint:       "path": ".website/docs/site/catalog/foundation.tsx",
@crab-dev/website:lint:       "written": false
@crab-dev/website:lint:     },
@crab-dev/website:lint:     {
@crab-dev/website:lint:       "changed": false,
@crab-dev/website:lint:       "diagnostics": [],
@crab-dev/website:lint:       "fixPasses": 0,
@crab-dev/website:lint:       "path": ".website/docs/site/catalog/input.tsx",
@crab-dev/website:lint:       "written": false
@crab-dev/website:lint:     },
@crab-dev/website:lint:     {
@crab-dev/website:lint:       "changed": false,
@crab-dev/website:lint:       "diagnostics": [],
@crab-dev/website:lint:       "fixPasses": 0,
@crab-dev/website:lint:       "path": ".website/docs/site/catalog/preview.tsx",
@crab-dev/website:lint:       "written": false
@crab-dev/website:lint:     },
@crab-dev/website:lint:     {
@crab-dev/website:lint:       "changed": false,
@crab-dev/website:lint:       "diagnostics": [],
@crab-dev/website:lint:       "fixPasses": 0,
@crab-dev/website:lint:       "path": ".website/docs/site/catalog/shapes.tsx",
@crab-dev/website:lint:       "written": false
@crab-dev/website:lint:     },
@crab-dev/website:lint:     {
@crab-dev/website:lint:       "changed": false,
@crab-dev/website:lint:       "diagnostics": [],
@crab-dev/website:lint:       "fixPasses": 0,
@crab-dev/website:lint:       "path": ".website/docs/site/catalog/structure.tsx",
@crab-dev/website:lint:       "written": false
@crab-dev/website:lint:     },
@crab-dev/website:lint:     {
@crab-dev/website:lint:       "changed": false,
@crab-dev/website:lint:       "diagnostics": [],
@crab-dev/website:lint:       "fixPasses": 0,
@crab-dev/website:lint:       "path": ".website/docs/site/catalogStyles.ts",
@crab-dev/website:lint:       "written": false
@crab-dev/website:lint:     },
@crab-dev/website:lint:     {
@crab-dev/website:lint:       "changed": false,
@crab-dev/website:lint:       "diagnostics": [],
@crab-dev/website:lint:       "fixPasses": 0,
@crab-dev/website:lint:       "path": ".website/docs/site/componentCatalog.tsx",
@crab-dev/website:lint:       "written": false
@crab-dev/website:lint:     },
@crab-dev/website:lint:     {
@crab-dev/website:lint:       "changed": false,
@crab-dev/website:lint:       "diagnostics": [],
@crab-dev/website:lint:       "fixPasses": 0,
@crab-dev/website:lint:       "path": ".website/docs/site/componentDemoFrame.tsx",
@crab-dev/website:lint:       "written": false
@crab-dev/website:lint:     },
@crab-dev/website:lint:     {
@crab-dev/website:lint:       "changed": false,
@crab-dev/website:lint:       "diagnostics": [],
@crab-dev/website:lint:       "fixPasses": 0,
@crab-dev/website:lint:       "path": ".website/docs/site/componentDemos.tsx",
@crab-dev/website:lint:       "written": false
@crab-dev/website:lint:     },
@crab-dev/website:lint:     {
@crab-dev/website:lint:       "changed": false,
@crab-dev/website:lint:       "diagnostics": [],
@crab-dev/website:lint:       "fixPasses": 0,
@crab-dev/website:lint:       "path": ".website/docs/site/design/__tests__/contract.test.ts",
@crab-dev/website:lint:       "written": false
@crab-dev/website:lint:     },
@crab-dev/website:lint:     {
@crab-dev/website:lint:       "changed": false,
@crab-dev/website:lint:       "diagnostics": [],
@crab-dev/website:lint:       "fixPasses": 0,
@crab-dev/website:lint:       "path": ".website/docs/site/design/__tests__/profile.test.tsx",
@crab-dev/website:lint:       "written": false
@crab-dev/website:lint:     },
@crab-dev/website:lint:     {
@crab-dev/website:lint:       "changed": false,
@crab-dev/website:lint:       "diagnostics": [],
@crab-dev/website:lint:       "fixPasses": 0,
@crab-dev/website:lint:       "path": ".website/docs/site/design/color.tsx",
@crab-dev/website:lint:       "written": false
@crab-dev/website:lint:     },
@crab-dev/website:lint:     {
@crab-dev/website:lint:       "changed": false,
@crab-dev/website:lint:       "diagnostics": [],
@crab-dev/website:lint:       "fixPasses": 0,
@crab-dev/website:lint:       "path": ".website/docs/site/design/data.ts",
@crab-dev/website:lint:       "written": false
@crab-dev/website:lint:     },
@crab-dev/website:lint:     {
@crab-dev/website:lint:       "changed": false,
@crab-dev/website:lint:       "diagnostics": [],
@crab-dev/website:lint:       "fixPasses": 0,
@crab-dev/website:lint:       "path": ".website/docs/site/design/formPage.tsx",
@crab-dev/website:lint:       "written": false
@crab-dev/website:lint:     },
@crab-dev/website:lint:     {
@crab-dev/website:lint:       "changed": false,
@crab-dev/website:lint:       "diagnostics": [],
@crab-dev/website:lint:       "fixPasses": 0,
@crab-dev/website:lint:       "path": ".website/docs/site/design/interaction.tsx",
@crab-dev/website:lint:       "written": false
@crab-dev/website:lint:     },
@crab-dev/website:lint:     {
@crab-dev/website:lint:       "changed": false,
@crab-dev/website:lint:       "diagnostics": [],
@crab-dev/website:lint:       "fixPasses": 0,
@crab-dev/website:lint:       "path": ".website/docs/site/design/language.tsx",
@crab-dev/website:lint:       "written": false
@crab-dev/website:lint:     },
@crab-dev/website:lint:     {
@crab-dev/website:lint:       "changed": false,
@crab-dev/website:lint:       "diagnostics": [],
@crab-dev/website:lint:       "fixPasses": 0,
@crab-dev/website:lint:       "path": ".website/docs/site/design/preview.tsx",
@crab-dev/website:lint:       "written": false
@crab-dev/website:lint:     },
@crab-dev/website:lint:     {
@crab-dev/website:lint:       "changed": false,
@crab-dev/website:lint:       "diagnostics": [],
@crab-dev/website:lint:       "fixPasses": 0,
@crab-dev/website:lint:       "path": ".website/docs/site/design/profile.tsx",
@crab-dev/website:lint:       "written": false
@crab-dev/website:lint:     },
@crab-dev/website:lint:     {
@crab-dev/website:lint:       "changed": false,
@crab-dev/website:lint:       "diagnostics": [],
@crab-dev/website:lint:       "fixPasses": 0,
@crab-dev/website:lint:       "path": ".website/docs/site/design/styles.ts",
@crab-dev/website:lint:       "written": false
@crab-dev/website:lint:     },
@crab-dev/website:lint:     {
@crab-dev/website:lint:       "changed": false,
@crab-dev/website:lint:       "diagnostics": [],
@crab-dev/website:lint:       "fixPasses": 0,
@crab-dev/website:lint:       "path": ".website/docs/site/design/system.tsx",
@crab-dev/website:lint:       "written": false
@crab-dev/website:lint:     },
@crab-dev/website:lint:     {
@crab-dev/website:lint:       "changed": false,
@crab-dev/website:lint:       "diagnostics": [],
@crab-dev/website:lint:       "fixPasses": 0,
@crab-dev/website:lint:       "path": ".website/docs/site/design/tokens.ts",
@crab-dev/website:lint:       "written": false
@crab-dev/website:lint:     },
@crab-dev/website:lint:     {
@crab-dev/website:lint:       "changed": false,
@crab-dev/website:lint:       "diagnostics": [],
@crab-dev/website:lint:       "fixPasses": 0,
@crab-dev/website:lint:       "path": ".website/docs/site/design/typography.tsx",
@crab-dev/website:lint:       "written": false
@crab-dev/website:lint:     },
@crab-dev/website:lint:     {
@crab-dev/website:lint:       "changed": false,
@crab-dev/website:lint:       "diagnostics": [],
@crab-dev/website:lint:       "fixPasses": 0,
@crab-dev/website:lint:       "path": ".website/docs/site/design/workbench.tsx",
@crab-dev/website:lint:       "written": false
@crab-dev/website:lint:     },
@crab-dev/website:lint:     {
@crab-dev/website:lint:       "changed": false,
@crab-dev/website:lint:       "diagnostics": [],
@crab-dev/website:lint:       "fixPasses": 0,
@crab-dev/website:lint:       "path": ".website/docs/site/design/workbenchPage.tsx",
@crab-dev/website:lint:       "written": false
@crab-dev/website:lint:     },
@crab-dev/website:lint:     {
@crab-dev/website:lint:       "changed": false,
@crab-dev/website:lint:       "diagnostics": [],
@crab-dev/website:lint:       "fixPasses": 0,
@crab-dev/website:lint:       "path": ".website/docs/site/firstExample.tsx",
@crab-dev/website:lint:       "written": false
@crab-dev/website:lint:     },
@crab-dev/website:lint:     {
@crab-dev/website:lint:       "changed": false,
@crab-dev/website:lint:       "diagnostics": [],
@crab-dev/website:lint:       "fixPasses": 0,
@crab-dev/website:lint:       "path": ".website/docs/site/homeProjectPreview.tsx",
@crab-dev/website:lint:       "written": false
@crab-dev/website:lint:     },
@crab-dev/website:lint:     {
@crab-dev/website:lint:       "changed": false,
@crab-dev/website:lint:       "diagnostics": [],
@crab-dev/website:lint:       "fixPasses": 0,
@crab-dev/website:lint:       "path": ".website/docs/site/homeStyles.ts",
@crab-dev/website:lint:       "written": false
@crab-dev/website:lint:     },
@crab-dev/website:lint:     {
@crab-dev/website:lint:       "changed": false,
@crab-dev/website:lint:       "diagnostics": [],
@crab-dev/website:lint:       "fixPasses": 0,
@crab-dev/website:lint:       "path": ".website/docs/site/learningHome.tsx",
@crab-dev/website:lint:       "written": false
@crab-dev/website:lint:     },
@crab-dev/website:lint:     {
@crab-dev/website:lint:       "changed": false,
@crab-dev/website:lint:       "diagnostics": [],
@crab-dev/website:lint:       "fixPasses": 0,
@crab-dev/website:lint:       "path": ".website/docs/site/liveExample.tsx",
@crab-dev/website:lint:       "written": false
@crab-dev/website:lint:     },
@crab-dev/website:lint:     {
@crab-dev/website:lint:       "changed": false,
@crab-dev/website:lint:       "diagnostics": [],
@crab-dev/website:lint:       "fixPasses": 0,
@crab-dev/website:lint:       "path": ".website/docs/site/palette.ts",
@crab-dev/website:lint:       "written": false
@crab-dev/website:lint:     },
@crab-dev/website:lint:     {
@crab-dev/website:lint:       "changed": false,
@crab-dev/website:lint:       "diagnostics": [],
@crab-dev/website:lint:       "fixPasses": 0,
@crab-dev/website:lint:       "path": ".website/docs/site/paletteStyles.ts",
@crab-dev/website:lint:       "written": false
@crab-dev/website:lint:     },
@crab-dev/website:lint:     {
@crab-dev/website:lint:       "changed": false,
@crab-dev/website:lint:       "diagnostics": [],
@crab-dev/website:lint:       "fixPasses": 0,
@crab-dev/website:lint:       "path": ".website/docs/site/practiceGallery.tsx",
@crab-dev/website:lint:       "written": false
@crab-dev/website:lint:     },
@crab-dev/website:lint:     {
@crab-dev/website:lint:       "changed": false,
@crab-dev/website:lint:       "diagnostics": [],
@crab-dev/website:lint:       "fixPasses": 0,
@crab-dev/website:lint:       "path": ".website/docs/site/siteContext.ts",
@crab-dev/website:lint:       "written": false
@crab-dev/website:lint:     },
@crab-dev/website:lint:     {
@crab-dev/website:lint:       "changed": false,
@crab-dev/website:lint:       "diagnostics": [],
@crab-dev/website:lint:       "fixPasses": 0,
@crab-dev/website:lint:       "path": ".website/docs/site/siteStyles.ts",
@crab-dev/website:lint:       "written": false
@crab-dev/website:lint:     },
@crab-dev/website:lint:     {
@crab-dev/website:lint:       "changed": false,
@crab-dev/website:lint:       "diagnostics": [],
@crab-dev/website:lint:       "fixPasses": 0,
@crab-dev/website:lint:       "path": ".website/docs/site/themeSwitch.tsx",
@crab-dev/website:lint:       "written": false
@crab-dev/website:lint:     },
@crab-dev/website:lint:     {
@crab-dev/website:lint:       "changed": false,
@crab-dev/website:lint:       "diagnostics": [],
@crab-dev/website:lint:       "fixPasses": 0,
@crab-dev/website:lint:       "path": ".website/docs/site/tokenReference.tsx",
@crab-dev/website:lint:       "written": false
@crab-dev/website:lint:     },
@crab-dev/website:lint:     {
@crab-dev/website:lint:       "changed": false,
@crab-dev/website:lint:       "diagnostics": [],
@crab-dev/website:lint:       "fixPasses": 0,
@crab-dev/website:lint:       "path": ".website/docs/site/tokenReferenceStyles.ts",
@crab-dev/website:lint:       "written": false
@crab-dev/website:lint:     },
@crab-dev/website:lint:     {
@crab-dev/website:lint:       "changed": false,
@crab-dev/website:lint:       "diagnostics": [],
@crab-dev/website:lint:       "fixPasses": 0,
@crab-dev/website:lint:       "path": ".website/docs/site/tutorial.tsx",
@crab-dev/website:lint:       "written": false
@crab-dev/website:lint:     },
@crab-dev/website:lint:     {
@crab-dev/website:lint:       "changed": false,
@crab-dev/website:lint:       "diagnostics": [],
@crab-dev/website:lint:       "fixPasses": 0,
@crab-dev/website:lint:       "path": ".website/docs/site/ui.tsx",
@crab-dev/website:lint:       "written": false
@crab-dev/website:lint:     }
@crab-dev/website:lint:   ],
@crab-dev/website:lint:   "warningCount": 0
@crab-dev/website:lint: }
@crab-dev/rc-tag:lint: cache miss, executing 3c75b57759fac41d
@crab-dev/rc-masonry:lint: {
@crab-dev/rc-masonry:lint:   "errorCount": 0,
@crab-dev/rc-masonry:lint:   "exitCode": 0,
@crab-dev/rc-masonry:lint:   "files": [
@crab-dev/rc-masonry:lint:     {
@crab-dev/rc-masonry:lint:       "changed": false,
@crab-dev/rc-masonry:lint:       "diagnostics": [],
@crab-dev/rc-masonry:lint:       "fixPasses": 0,
@crab-dev/rc-masonry:lint:       "path": "components/rc-masonry/docs/demos/basic.demo.tsx",
@crab-dev/rc-masonry:lint:       "written": false
@crab-dev/rc-masonry:lint:     },
@crab-dev/rc-masonry:lint:     {
@crab-dev/rc-masonry:lint:       "changed": false,
@crab-dev/rc-masonry:lint:       "diagnostics": [],
@crab-dev/rc-masonry:lint:       "fixPasses": 0,
@crab-dev/rc-masonry:lint:       "path": "components/rc-masonry/docs/demos/columns.demo.tsx",
@crab-dev/rc-masonry:lint:       "written": false
@crab-dev/rc-masonry:lint:     },
@crab-dev/rc-masonry:lint:     {
@crab-dev/rc-masonry:lint:       "changed": false,
@crab-dev/rc-masonry:lint:       "diagnostics": [],
@crab-dev/rc-masonry:lint:       "fixPasses": 0,
@crab-dev/rc-masonry:lint:       "path": "components/rc-masonry/docs/demos/sequential.demo.tsx",
@crab-dev/rc-masonry:lint:       "written": false
@crab-dev/rc-masonry:lint:     },
@crab-dev/rc-masonry:lint:     {
@crab-dev/rc-masonry:lint:       "changed": false,
@crab-dev/rc-masonry:lint:       "diagnostics": [],
@crab-dev/rc-masonry:lint:       "fixPasses": 0,
@crab-dev/rc-masonry:lint:       "path": "components/rc-masonry/src/__tests__/masonry.test.tsx",
@crab-dev/rc-masonry:lint:       "written": false
@crab-dev/rc-masonry:lint:     },
@crab-dev/rc-masonry:lint:     {
@crab-dev/rc-masonry:lint:       "changed": false,
@crab-dev/rc-masonry:lint:       "diagnostics": [],
@crab-dev/rc-masonry:lint:       "fixPasses": 0,
@crab-dev/rc-masonry:lint:       "path": "components/rc-masonry/src/index.ts",
@crab-dev/rc-masonry:lint:       "written": false
@crab-dev/rc-masonry:lint:     },
@crab-dev/rc-masonry:lint:     {
@crab-dev/rc-masonry:lint:       "changed": false,
@crab-dev/rc-masonry:lint:       "diagnostics": [],
@crab-dev/rc-masonry:lint:       "fixPasses": 0,
@crab-dev/rc-masonry:lint:       "path": "components/rc-masonry/src/masonry.tsx",
@crab-dev/rc-masonry:lint:       "written": false
@crab-dev/rc-masonry:lint:     },
@crab-dev/rc-masonry:lint:     {
@crab-dev/rc-masonry:lint:       "changed": false,
@crab-dev/rc-masonry:lint:       "diagnostics": [],
@crab-dev/rc-masonry:lint:       "fixPasses": 0,
@crab-dev/rc-masonry:lint:       "path": "components/rc-masonry/src/types.ts",
@crab-dev/rc-masonry:lint:       "written": false
@crab-dev/rc-masonry:lint:     }
@crab-dev/rc-masonry:lint:   ],
@crab-dev/rc-masonry:lint:   "warningCount": 0
@crab-dev/rc-masonry:lint: }
@crab-dev/rc-dialog:lint: {
@crab-dev/rc-dialog:lint:   "errorCount": 0,
@crab-dev/rc-dialog:lint:   "exitCode": 0,
@crab-dev/rc-dialog:lint:   "files": [
@crab-dev/rc-dialog:lint:     {
@crab-dev/rc-dialog:lint:       "changed": false,
@crab-dev/rc-dialog:lint:       "diagnostics": [],
@crab-dev/rc-dialog:lint:       "fixPasses": 0,
@crab-dev/rc-dialog:lint:       "path": "components/rc-dialog/docs/demos/base.demo.tsx",
@crab-dev/rc-dialog:lint:       "written": false
@crab-dev/rc-dialog:lint:     },
@crab-dev/rc-dialog:lint:     {
@crab-dev/rc-dialog:lint:       "changed": false,
@crab-dev/rc-dialog:lint:       "diagnostics": [],
@crab-dev/rc-dialog:lint:       "fixPasses": 0,
@crab-dev/rc-dialog:lint:       "path": "components/rc-dialog/docs/demos/formWithDatePicker.demo.tsx",
@crab-dev/rc-dialog:lint:       "written": false
@crab-dev/rc-dialog:lint:     },
@crab-dev/rc-dialog:lint:     {
@crab-dev/rc-dialog:lint:       "changed": false,
@crab-dev/rc-dialog:lint:       "diagnostics": [],
@crab-dev/rc-dialog:lint:       "fixPasses": 0,
@crab-dev/rc-dialog:lint:       "path": "components/rc-dialog/src/__tests__/dialog.test.tsx",
@crab-dev/rc-dialog:lint:       "written": false
@crab-dev/rc-dialog:lint:     },
@crab-dev/rc-dialog:lint:     {
@crab-dev/rc-dialog:lint:       "changed": false,
@crab-dev/rc-dialog:lint:       "diagnostics": [],
@crab-dev/rc-dialog:lint:       "fixPasses": 0,
@crab-dev/rc-dialog:lint:       "path": "components/rc-dialog/src/dialog.tsx",
@crab-dev/rc-dialog:lint:       "written": false
@crab-dev/rc-dialog:lint:     },
@crab-dev/rc-dialog:lint:     {
@crab-dev/rc-dialog:lint:       "changed": false,
@crab-dev/rc-dialog:lint:       "diagnostics": [],
@crab-dev/rc-dialog:lint:       "fixPasses": 0,
@crab-dev/rc-dialog:lint:       "path": "components/rc-dialog/src/hooks/useConfirm.tsx",
@crab-dev/rc-dialog:lint:       "written": false
@crab-dev/rc-dialog:lint:     },
@crab-dev/rc-dialog:lint:     {
@crab-dev/rc-dialog:lint:       "changed": false,
@crab-dev/rc-dialog:lint:       "diagnostics": [],
@crab-dev/rc-dialog:lint:       "fixPasses": 0,
@crab-dev/rc-dialog:lint:       "path": "components/rc-dialog/src/index.ts",
@crab-dev/rc-dialog:lint:       "written": false
@crab-dev/rc-dialog:lint:     }
@crab-dev/rc-dialog:lint:   ],
@crab-dev/rc-dialog:lint:   "warningCount": 0
@crab-dev/rc-dialog:lint: }
@crab-dev/rc-spin:lint: cache miss, executing 1f4d7a0ef2584c10
@crab-dev/rc-dropdown-container:lint: cache miss, executing 5b1d4dc2298630d1
@crab-dev/rc-form:lint: cache miss, executing b675f4d7d86b7593
@crab-dev/rc-tree:lint: cache miss, executing 40f3a93c8b97c7cf
@crab-dev/rc-hooks:lint: cache miss, executing bc6fe212357bdac8
@crab-dev/rc-badge:lint: cache miss, executing becdd87f4a03d4aa
@crab-dev/rc-divider:lint: cache miss, executing 5cf5994198bf519f
@crab-dev/rc-segmented:lint: cache miss, executing 6722bf574d09af5f
@crab-dev/rc-radio:lint: cache miss, executing 61468d4cfb6635b1
@crab-dev/rc-cron-picker:lint: cache miss, executing 8701b71ecfc47250
@crab-dev/rc-realm:lint: cache miss, executing 5d0e905c19227aea
@crab-dev/rc-line-edit:lint: cache miss, executing 682ad92c3d44466f
@crab-dev/rc-app-main-layout:lint: cache miss, executing c8dd67a62fadb75b
@crab-dev/rc-notification:lint: cache miss, executing 6b43b99fe65d3e17
@crab-dev/rc-button:lint: cache miss, executing 4160a84e250e1a91
@crab-dev/rc-date-picker:lint: cache miss, executing cdcf21247f38449b
@crab-dev/website#lint:  ERROR  command (C:\Users\zhang\Desktop\crab-dev\.website) C:\Users\zhang\AppData\Local\Temp\xfs-5b230620\yarn.cmd run lint exited (1)

 Tasks:    27 successful, 53 total
Cached:    0 cached, 53 total
  Time:    20.499s 
Failed:    @crab-dev/website#lint

 ERROR  run failed: command  exited (1)
